cid;enseigne;pays;secteur;taille;region;enseigne_signalee;avis;suppressions;premiere_suppression;derniere_suppression;habitude;afflux
3163466139043001754;Boutique The Boxer Club Dr Castelo;ES;Sport et bien-être;large;Europe;True;194;194;2026-08-13;2026-08-23;75 % ou moins;plus de 2 fois l'habitude
10346942689164695031;The Boxer Club;ES;Sport et bien-être;large;Europe;True;136;135;2026-08-12;2026-08-23;75 % ou moins;plus de 2 fois l'habitude
10746082602604012869;Insight Pest Solutions;US;Services à domicile;large;US;True;129;76;2026-08-12;2026-08-24;75 % ou moins;plus de 2 fois l'habitude
8592193049411979519;EcoShield Pest Solutions;US;Services à domicile;large;US;True;112;70;2026-08-13;2026-08-24;75 % ou moins;1 à 2 fois l'habitude
10505273405281271038;Cedar Park Overhead Doors;US;Services à domicile;small;US;False;137;59;2026-08-12;2026-08-23;75 % ou moins;plus de 2 fois l'habitude
817498439303474635;EcoShield Pest Solutions;US;Services à domicile;large;US;True;119;57;2026-08-12;2026-08-20;75 % ou moins;plus de 2 fois l'habitude
1697023132609060386;Ichiban Japanese Bistro;US;Restauration;small;US;False;81;47;2026-08-12;2026-08-24;75 % ou moins;1 à 2 fois l'habitude
758758450125883918;Bischoff Touristik KG Busreisen;DE;Voyage;mono;Europe;False;46;45;2026-08-15;2026-08-22;75 % ou moins;plus de 2 fois l'habitude
12242899512208579596;Insight Pest Solutions;US;Services à domicile;large;US;True;68;41;2026-08-12;2026-08-17;75 % ou moins;plus de 2 fois l'habitude
8256016555611678921;Solve Pest Pros;US;Services à domicile;small;US;False;57;40;2026-08-16;2026-08-24;plus de 75 %;plus de 2 fois l'habitude
2034461622997448093;Bulwark Exterminating;US;Services à domicile;large;US;True;83;38;2026-08-13;2026-08-23;plus de 75 %;1 à 2 fois l'habitude
3352767676680426036;Solve Pest Pros;US;Services à domicile;small;US;False;59;38;2026-08-17;2026-08-23;plus de 75 %;1 à 2 fois l'habitude
3862407046066641134;Overhead Door Co Of Norwich;US;Services à domicile;small;US;False;53;38;2026-08-12;2026-08-24;75 % ou moins;plus de 2 fois l'habitude
7478870134232076043;Rocky Mountain Balloon Adventures;US;Voyage;mono;US;False;60;38;2026-08-22;2026-08-24;75 % ou moins;plus de 2 fois l'habitude
4433090577107943247;EcoShield Pest Solutions;US;Services à domicile;large;US;True;105;30;2026-08-12;2026-08-24;75 % ou moins;1 à 2 fois l'habitude
178064072666686963;EcoShield Pest Solutions;US;Services à domicile;large;US;True;51;29;2026-08-12;2026-08-22;75 % ou moins;plus de 2 fois l'habitude
6979673743686913152;EcoShield Pest Solutions;US;Services à domicile;large;US;True;75;28;2026-08-12;2026-08-23;75 % ou moins;1 à 2 fois l'habitude
3595820309544267485;EcoShield Pest Solutions;US;Services à domicile;large;US;True;90;27;2026-08-12;2026-08-24;75 % ou moins;1 à 2 fois l'habitude
13454390046806476880;Hand and Stone Massage and Facial Spa;US;Sport et bien-être;mono;US;False;39;25;2026-08-16;2026-08-23;75 % ou moins;1 à 2 fois l'habitude
16248341169641882523;Insight Pest Solutions;US;Services à domicile;large;US;True;76;24;2026-08-12;2026-08-24;plus de 75 %;1 à 2 fois l'habitude
6832155753295535633;Insight Pest Solutions;US;Services à domicile;large;US;True;27;24;2026-08-12;2026-08-24;plus de 75 %;plus de 2 fois l'habitude
18135896731724490192;Coastal Heating and Cooling;US;Services à domicile;mono;US;False;24;23;2026-08-12;2026-08-24;plus de 75 %;plus de 2 fois l'habitude
6864222717854006596;Insight Pest Solutions;US;Services à domicile;large;US;True;42;23;2026-08-12;2026-08-24;plus de 75 %;plus de 2 fois l'habitude
9955525685526011894;Reno Massage Tree;US;Sport et bien-être;mono;US;False;37;23;2026-08-14;2026-08-22;plus de 75 %;plus de 2 fois l'habitude
10789067178806450248;Fitness First Griesheim;DE;Sport et bien-être;small;Europe;False;44;22;2026-08-14;2026-08-23;75 % ou moins;plus de 2 fois l'habitude
10896163602322254565;Mumbai Masala Playa Paraíso;ES;Restauration;mono;Europe;False;46;22;2026-08-16;2026-08-24;75 % ou moins;plus de 2 fois l'habitude
17251484945567213252;Globales Simar;ES;Hôtellerie;large;Europe;False;56;22;2026-08-17;2026-08-23;plus de 75 %;plus de 2 fois l'habitude
4350811955412203628;Streetside Classics;US;Automobile;small;US;False;29;22;2026-08-21;2026-08-23;plus de 75 %;plus de 2 fois l'habitude
4479702789086504102;MedVet Columbus;US;Santé;large;US;False;40;22;2026-08-20;2026-08-23;plus de 75 %;1 à 2 fois l'habitude
11183164932977516690;Insight Pest Solutions;US;Services à domicile;large;US;True;59;21;2026-08-12;2026-08-22;plus de 75 %;plus de 2 fois l'habitude
13357493140933391105;Insight Pest Solutions;US;Services à domicile;large;US;True;33;21;2026-08-12;2026-08-24;plus de 75 %;plus de 2 fois l'habitude
15030713588446975167;EcoShield Pest Solutions;US;Services à domicile;large;US;True;67;21;2026-08-13;2026-08-24;75 % ou moins;plus de 2 fois l'habitude
15702480480125668198;Fox Rent A Car;US;Automobile;large;US;False;34;21;2026-08-17;2026-08-24;75 % ou moins;plus de 2 fois l'habitude
11683972207017833004;Empire Today;US;Services à domicile;large;US;False;64;20;2026-08-12;2026-08-13;plus de 75 %;1 à 2 fois l'habitude
11882525582487875452;Northwest Exterminating;US;Services à domicile;small;US;False;34;20;2026-08-15;2026-08-23;plus de 75 %;plus de 2 fois l'habitude
12653609458785639661;Delta Sonic Car Wash;US;Automobile;large;US;False;44;20;2026-08-12;2026-08-24;plus de 75 %;plus de 2 fois l'habitude
6665036569245004844;EcoShield Pest Solutions;US;Services à domicile;large;US;True;61;20;2026-08-14;2026-08-23;75 % ou moins;1 à 2 fois l'habitude
8675258714044865202;Aqua Plumbing and Air;US;Services à domicile;small;US;False;34;20;2026-08-12;2026-08-22;plus de 75 %;plus de 2 fois l'habitude
11468972147098209639;Lash and Company Med Spa - Centennial;US;Sport et bien-être;large;US;False;19;18;2026-08-24;2026-08-24;plus de 75 %;plus de 2 fois l'habitude
12986326219479165233;Azur Service 06;FR;Services à domicile;small;Europe;False;32;18;2026-08-19;2026-08-23;plus de 75 %;plus de 2 fois l'habitude
2423693438449052039;Bulwark Exterminating;US;Services à domicile;large;US;True;28;18;2026-08-16;2026-08-22;plus de 75 %;1 à 2 fois l'habitude
8295483025098590212;Parker Cornea;US;Santé;mono;US;False;25;18;2026-08-12;2026-08-20;75 % ou moins;plus de 2 fois l'habitude
11527874769595828404;Pointe Pest Control;US;Services à domicile;large;US;True;23;17;2026-08-12;2026-08-21;plus de 75 %;plus de 2 fois l'habitude
16011688751403367255;Doral Toyota;US;Automobile;small;US;False;51;17;2026-08-14;2026-08-23;75 % ou moins;1 à 2 fois l'habitude
16932179925125573715;Pointe Pest Control;US;Services à domicile;large;US;True;28;17;2026-08-12;2026-08-24;plus de 75 %;1 à 2 fois l'habitude
1943990090783039974;United Air Temp;US;Services à domicile;large;US;False;24;17;2026-08-22;2026-08-24;plus de 75 %;plus de 2 fois l'habitude
7864325941761932328;Globales Maioris;ES;Hôtellerie;large;Europe;False;59;17;2026-08-15;2026-08-23;plus de 75 %;plus de 2 fois l'habitude
8303557791751296465;Insight Pest Solutions;US;Services à domicile;large;US;True;55;17;2026-08-12;2026-08-23;plus de 75 %;plus de 2 fois l'habitude
16201181649805957681;Heart and Vascular Care;US;Santé;large;US;False;43;16;2026-08-12;2026-08-24;75 % ou moins;plus de 2 fois l'habitude
4535259281716615882;EcoShield Pest Solutions;US;Services à domicile;large;US;True;28;16;2026-08-16;2026-08-23;75 % ou moins;pas plus que d'habitude
11752525017306549612;Insight Pest Solutions;US;Services à domicile;large;US;True;22;15;2026-08-12;2026-08-23;plus de 75 %;plus de 2 fois l'habitude
146333011060678538;Northwest Exterminating;US;Services à domicile;small;US;False;35;15;2026-08-12;2026-08-24;plus de 75 %;1 à 2 fois l'habitude
14933790454100186775;Pointe Pest Control;US;Services à domicile;large;US;True;17;15;2026-08-12;2026-08-24;plus de 75 %;plus de 2 fois l'habitude
15979917185231430356;A Plus Garage Door Repair;US;Services à domicile;large;US;False;19;15;2026-08-12;2026-08-23;plus de 75 %;plus de 2 fois l'habitude
6278096211291522244;Active Pest Control;US;Services à domicile;large;US;False;25;15;2026-08-16;2026-08-23;75 % ou moins;1 à 2 fois l'habitude
8115244571708845709;Cocoa Beach Catamaran;US;Voyage;mono;US;False;33;15;2026-08-12;2026-08-23;plus de 75 %;pas plus que d'habitude
11660062678522630526;Sierra Pacific Orthopedics;US;Santé;small;US;False;28;14;2026-08-12;2026-08-23;75 % ou moins;1 à 2 fois l'habitude
16549891742331617014;Abilene Dermatology and Skin;US;Santé;mono;US;False;25;14;2026-08-16;2026-08-22;75 % ou moins;plus de 2 fois l'habitude
16867174010602496547;Northwest Exterminating;US;Services à domicile;small;US;False;37;14;2026-08-12;2026-08-21;plus de 75 %;plus de 2 fois l'habitude
6229159286904412148;Stadio Unirii;RO;Restauration;small;Europe;False;141;14;2026-08-12;2026-08-17;75 % ou moins;plus de 2 fois l'habitude
8117786734318428670;Sunshine Ballooning;DE;Voyage;mono;Europe;False;46;14;2026-08-16;2026-08-23;75 % ou moins;plus de 2 fois l'habitude
14825598912279374964;Chatham Sports Medicine & Physical Therapy;US;Santé;small;US;False;25;13;2026-08-12;2026-08-22;plus de 75 %;1 à 2 fois l'habitude
2680144292534599937;HT Fitness;US;Sport et bien-être;small;US;False;41;13;2026-08-12;2026-08-24;75 % ou moins;1 à 2 fois l'habitude
2799040813008286606;Tipsy Tiki Fmb;US;Voyage;mono;US;False;18;13;2026-08-13;2026-08-23;plus de 75 %;plus de 2 fois l'habitude
5474549633975801069;OUTRIGGER Kauai Beach Resort & Spa;US;Hôtellerie;large;US;False;26;13;2026-08-15;2026-08-21;plus de 75 %;plus de 2 fois l'habitude
6099218902287832250;Ballenoil Albasanz;ES;Automobile;small;Europe;False;17;13;2026-08-14;2026-08-23;plus de 75 %;plus de 2 fois l'habitude
6289730490558979524;Bulwark Exterminating;US;Services à domicile;large;US;True;28;13;2026-08-14;2026-08-20;plus de 75 %;plus de 2 fois l'habitude
8282528182233977034;Cape Coral Boat Cruises;US;Voyage;mono;US;False;15;13;2026-08-12;2026-08-21;plus de 75 %;plus de 2 fois l'habitude
14727272453529875622;Active Pest Control;US;Services à domicile;large;US;False;13;12;2026-08-12;2026-08-23;75 % ou moins;plus de 2 fois l'habitude
15168756511886563707;Dermatology Affiliates;US;Santé;small;US;False;20;12;2026-08-20;2026-08-24;plus de 75 %;plus de 2 fois l'habitude
16894789784437684017;Delta Sonic Car Wash;US;Automobile;large;US;False;39;12;2026-08-16;2026-08-24;plus de 75 %;1 à 2 fois l'habitude
5050554609943149474;Samesun Hollywood;US;Hôtellerie;small;US;False;15;12;2026-08-13;2026-08-24;75 % ou moins;plus de 2 fois l'habitude
6622258630771505951;Bulwark Exterminating;US;Services à domicile;large;US;True;14;12;2026-08-19;2026-08-22;plus de 75 %;plus de 2 fois l'habitude
7626411052152447263;The Spa at Cedarbrook Lodge;US;Sport et bien-être;small;US;False;21;12;2026-08-12;2026-08-19;plus de 75 %;plus de 2 fois l'habitude
8272933981059498407;Heart and Vascular Care;US;Santé;large;US;False;21;12;2026-08-12;2026-08-24;75 % ou moins;plus de 2 fois l'habitude
9921186577906344541;A Plus Plumbing;US;Services à domicile;mono;US;False;17;12;2026-08-12;2026-08-24;plus de 75 %;plus de 2 fois l'habitude
11381632064786343361;Bobcat Wildlife & Pest Management;US;Services à domicile;mono;US;False;16;11;2026-08-16;2026-08-21;plus de 75 %;plus de 2 fois l'habitude
13462096640461798107;Precision Landscaping;US;Services à domicile;small;US;False;12;11;2026-08-16;2026-08-23;plus de 75 %;plus de 2 fois l'habitude
18087544658842131373;Pointe Pest Control;US;Services à domicile;large;US;True;21;11;2026-08-12;2026-08-24;plus de 75 %;plus de 2 fois l'habitude
18371253483526610359;Bulwark Exterminating;US;Services à domicile;large;US;True;22;11;2026-08-16;2026-08-24;plus de 75 %;plus de 2 fois l'habitude
3874911723232599474;ABC Home & Commercial Services;US;Services à domicile;large;US;False;12;11;2026-08-17;2026-08-24;plus de 75 %;plus de 2 fois l'habitude
5063341140303696786;Pointe Pest Control;US;Services à domicile;large;US;True;18;11;2026-08-12;2026-08-24;plus de 75 %;plus de 2 fois l'habitude
11001368659838863228;Pointe Pest Control;US;Services à domicile;large;US;True;14;10;2026-08-12;2026-08-24;plus de 75 %;1 à 2 fois l'habitude
118597015968253014;EcoShield Pest Solutions Chicago East;US;Services à domicile;large;US;False;44;10;2026-08-12;2026-08-17;75 % ou moins;1 à 2 fois l'habitude
12466888218085323989;MedVet Cleveland;US;Santé;large;US;False;25;10;2026-08-12;2026-08-17;plus de 75 %;1 à 2 fois l'habitude
12971538955295795353;West Shore Home;US;Services à domicile;large;US;False;15;10;2026-08-21;2026-08-23;plus de 75 %;1 à 2 fois l'habitude
13149966690726534760;Green Pest Services;US;Services à domicile;small;US;False;17;10;2026-08-12;2026-08-23;plus de 75 %;plus de 2 fois l'habitude
15928859670822937545;Pointe Pest Control;US;Services à domicile;large;US;True;16;10;2026-08-14;2026-08-24;plus de 75 %;1 à 2 fois l'habitude
17119033523327372186;AquaPools of Dallas-Fort Worth;US;Services à domicile;small;US;False;10;10;2026-08-17;2026-08-22;plus de 75 %;plus de 2 fois l'habitude
2699950723330237401;Tanner Clinic;US;Santé;small;US;False;22;10;2026-08-12;2026-08-20;plus de 75 %;1 à 2 fois l'habitude
3088388366389061829;Pointe Pest Control;US;Services à domicile;large;US;True;17;10;2026-08-16;2026-08-21;plus de 75 %;1 à 2 fois l'habitude
3274891443999828364;Elevate Fitness;US;Sport et bien-être;small;US;False;15;10;2026-08-21;2026-08-23;plus de 75 %;1 à 2 fois l'habitude
6220232788059998036;Heart and Vascular Care;US;Santé;large;US;False;26;10;2026-08-12;2026-08-21;75 % ou moins;1 à 2 fois l'habitude
12319304188118263291;Pizza Hut Debrecen Plaza;HU;Restauration;large;Europe;False;17;9;2026-08-23;2026-08-23;75 % ou moins;plus de 2 fois l'habitude
1320861146435177408;Fox Rent A Car Denver;US;Automobile;large;US;False;123;9;2026-08-12;2026-08-23;75 % ou moins;plus de 2 fois l'habitude
13815055003457289004;Hospital Veterinario San Antón;ES;Santé;small;Europe;False;11;9;2026-08-12;2026-08-23;plus de 75 %;plus de 2 fois l'habitude
14427685908678870929;float Hannover;DE;Sport et bien-être;small;Europe;False;9;9;2026-08-20;2026-08-23;plus de 75 %;plus de 2 fois l'habitude
15083526705897946018;Heart and Vascular Care;US;Santé;large;US;False;19;9;2026-08-16;2026-08-23;75 % ou moins;plus de 2 fois l'habitude
16469337811496657191;Pointe Pest Control;US;Services à domicile;large;US;True;13;9;2026-08-12;2026-08-20;plus de 75 %;pas plus que d'habitude
2220821433190157995;Alannia Salou;ES;Hôtellerie;small;Europe;False;80;9;2026-08-16;2026-08-24;75 % ou moins;plus de 2 fois l'habitude
3164305209948048623;Pointe Pest Control;US;Services à domicile;large;US;True;12;9;2026-08-16;2026-08-24;plus de 75 %;1 à 2 fois l'habitude
3203854443950401309;HT Fitness;US;Sport et bien-être;small;US;False;23;9;2026-08-12;2026-08-21;75 % ou moins;1 à 2 fois l'habitude
3808829296411201732;HDS Munich;DE;Services à domicile;small;Europe;False;9;9;2026-08-14;2026-08-24;75 % ou moins;plus de 2 fois l'habitude
3932259871970128515;Alaska Fracture and Orthopedic Clinic;US;Santé;small;US;False;24;9;2026-08-12;2026-08-23;plus de 75 %;1 à 2 fois l'habitude
5119810349067443765;Clarion Hotel The Hub;NO;Hôtellerie;large;Europe;False;19;9;2026-08-13;2026-08-20;plus de 75 %;1 à 2 fois l'habitude
718178259547467488;Pointe Pest Control;US;Services à domicile;large;US;True;14;9;2026-08-13;2026-08-23;plus de 75 %;pas plus que d'habitude
7645830286416566420;Pointe Pest Control;US;Services à domicile;large;US;True;12;9;2026-08-12;2026-08-22;plus de 75 %;1 à 2 fois l'habitude
8514033496595338463;Chatham Orthopaedic Associates;US;Santé;small;US;False;25;9;2026-08-12;2026-08-23;plus de 75 %;1 à 2 fois l'habitude
9284506857513497045;ABC Home & Commercial Services;US;Services à domicile;large;US;False;25;9;2026-08-15;2026-08-22;75 % ou moins;1 à 2 fois l'habitude
12924136556389994153;ABC Home & Commercial Services;US;Services à domicile;large;US;False;15;8;2026-08-13;2026-08-23;plus de 75 %;plus de 2 fois l'habitude
13197914448513377771;TKE veterinary clinic Elversberg;DE;Santé;small;Europe;False;30;8;2026-08-19;2026-08-19;plus de 75 %;plus de 2 fois l'habitude
15615984558165321771;Dermatology Affiliates (East Cobb);US;Santé;small;US;False;21;8;2026-08-12;2026-08-23;plus de 75 %;1 à 2 fois l'habitude
17461188179245106693;Bulwark Exterminating;US;Services à domicile;large;US;True;22;8;2026-08-12;2026-08-24;plus de 75 %;plus de 2 fois l'habitude
17855870789663755598;Fox Rent A Car San Diego;US;Automobile;large;US;False;17;8;2026-08-16;2026-08-17;75 % ou moins;1 à 2 fois l'habitude
3187607110245052706;Denali Park Zipline;US;Voyage;mono;US;False;13;8;2026-08-12;2026-08-20;75 % ou moins;plus de 2 fois l'habitude
6179693701913506861;citizenM Chicago Downtown;US;Hôtellerie;large;US;False;18;8;2026-08-12;2026-08-13;75 % ou moins;1 à 2 fois l'habitude
7651945305551643280;Chania Boat Tours;GR;Voyage;mono;Europe;False;13;8;2026-08-18;2026-08-22;75 % ou moins;plus de 2 fois l'habitude
8173690169693600909;Fox Rent A Car;US;Automobile;large;US;False;46;8;2026-08-12;2026-08-22;75 % ou moins;pas plus que d'habitude
10121891181019347598;Fox Rent A Car;US;Automobile;large;US;False;55;7;2026-08-16;2026-08-23;75 % ou moins;1 à 2 fois l'habitude
10647645013357446509;Pointe Pest Control;US;Services à domicile;large;US;True;10;7;2026-08-16;2026-08-19;plus de 75 %;pas plus que d'habitude
10907116412041709754;Pointe Pest Control;US;Services à domicile;large;US;True;11;7;2026-08-16;2026-08-20;plus de 75 %;1 à 2 fois l'habitude
13048717007599713286;Nu Car Rentals;US;Automobile;small;US;False;234;7;2026-08-12;2026-08-22;plus de 75 %;plus de 2 fois l'habitude
13609296054599897306;AmeriVu Inn & Suites - Chisago City;US;Hôtellerie;small;US;False;12;7;2026-08-16;2026-08-21;75 % ou moins;plus de 2 fois l'habitude
15705776624659968059;Fairway Lawns of Springdale;US;Services à domicile;small;US;False;19;7;2026-08-12;2026-08-24;plus de 75 %;plus de 2 fois l'habitude
17208676867430563363;Good Night John Boy;US;Restauration;small;US;False;46;7;2026-08-16;2026-08-20;plus de 75 %;plus de 2 fois l'habitude
2581892313902237641;EcoShield Pest Solutions New York;US;Services à domicile;large;US;False;67;7;2026-08-12;2026-08-13;75 % ou moins;1 à 2 fois l'habitude
3464619508278537951;Chatham Orthopaedic Associates;US;Santé;small;US;False;17;7;2026-08-12;2026-08-20;plus de 75 %;plus de 2 fois l'habitude
4272684922168596772;Bulwark Exterminating Corporate;US;Services à domicile;large;US;False;13;7;2026-08-17;2026-08-24;75 % ou moins;1 à 2 fois l'habitude
4397473550123468841;Adventure Dental, Vision and Orthodontics;US;Santé;large;US;False;16;7;2026-08-12;2026-08-17;plus de 75 %;1 à 2 fois l'habitude
7096371038011001168;Route 46 Chrysler Jeep Dodge;US;Automobile;mono;US;False;29;7;2026-08-13;2026-08-23;plus de 75 %;plus de 2 fois l'habitude
8323898039823195571;Pointe Pest Control;US;Services à domicile;large;US;True;14;7;2026-08-12;2026-08-23;plus de 75 %;pas plus que d'habitude
9026909565558195702;ABC Home & Commercial Services;US;Services à domicile;large;US;False;9;7;2026-08-23;2026-08-23;75 % ou moins;plus de 2 fois l'habitude
9654059427809994128;Carolina Ale House - Greenville-Woodruff;US;Restauration;large;US;False;14;7;2026-08-16;2026-08-23;plus de 75 %;pas plus que d'habitude
11031883745043768761;Els Prats Camping & Bungalow Park;ES;Hôtellerie;small;Europe;False;36;6;2026-08-13;2026-08-24;plus de 75 %;1 à 2 fois l'habitude
11253624861875245129;EcoShield Pest Solutions;US;Services à domicile;large;US;True;16;6;2026-08-15;2026-08-24;75 % ou moins;pas plus que d'habitude
13801744141903121032;citizenM Paris Charles de Gaulle Airport Hôtel;FR;Hôtellerie;large;Europe;False;20;6;2026-08-19;2026-08-24;75 % ou moins;1 à 2 fois l'habitude
14995606665142571545;ABC Home and Commercial Services;US;Services à domicile;large;US;False;14;6;2026-08-13;2026-08-24;plus de 75 %;1 à 2 fois l'habitude
15021678285380976596;Advanced Center for Cosmetic and Implant Dentistry;US;Santé;mono;US;False;6;6;2026-08-16;2026-08-18;75 % ou moins;plus de 2 fois l'habitude
5049402211849837299;Cuisine Plus Saint Nazaire;FR;Services à domicile;large;Europe;False;9;6;2026-08-17;2026-08-22;plus de 75 %;plus de 2 fois l'habitude
9773764681262796319;Fox Rent A Car Miami;US;Automobile;large;US;False;24;6;2026-08-12;2026-08-18;75 % ou moins;pas plus que d'habitude
10211842138860800782;Renault Saint-Etienne - Groupe Thivolle;FR;Automobile;small;Europe;False;11;5;2026-08-21;2026-08-23;plus de 75 %;1 à 2 fois l'habitude
11026334113574303649;Coast Fit Lab;PL;Sport et bien-être;mono;Europe;False;5;5;2026-08-13;2026-08-23;75 % ou moins;plus de 2 fois l'habitude
11746939377458501797;Green Pest Services;US;Services à domicile;small;US;False;11;5;2026-08-12;2026-08-24;plus de 75 %;1 à 2 fois l'habitude
12162999256610465653;Pointe Pest Control;US;Services à domicile;large;US;True;8;5;2026-08-16;2026-08-21;plus de 75 %;1 à 2 fois l'habitude
13228969405843925211;Pointe Pest Control;US;Services à domicile;large;US;True;11;5;2026-08-15;2026-08-21;plus de 75 %;pas plus que d'habitude
13919628842978940702;Masajes Eróticos Alicante Eternal Massage;ES;Sport et bien-être;mono;Europe;False;6;5;2026-08-16;2026-08-23;75 % ou moins;plus de 2 fois l'habitude
14651399241385512560;Insight Pest Solutions;US;Services à domicile;large;US;True;38;5;2026-08-16;2026-08-21;75 % ou moins;1 à 2 fois l'habitude
15924571821224028773;The Boxer Club Puerta del Sol;ES;Sport et bien-être;large;Europe;False;5;5;2026-08-23;2026-08-23;plus de 75 %;plus de 2 fois l'habitude
16054806172650950917;Abeauty Clinique Galati;RO;Sport et bien-être;small;Europe;False;9;5;2026-08-23;2026-08-24;plus de 75 %;1 à 2 fois l'habitude
16069512827606530358;Courtyard by Marriott Hanover Whippany;US;Hôtellerie;mono;US;False;9;5;2026-08-18;2026-08-18;75 % ou moins;plus de 2 fois l'habitude
17257425285318401586;Hipotels Barrosa Park;ES;Hôtellerie;large;Europe;False;16;5;2026-08-18;2026-08-23;plus de 75 %;1 à 2 fois l'habitude
2054732589707793641;Globales Cala'n Bosch;ES;Hôtellerie;large;Europe;False;19;5;2026-08-13;2026-08-24;plus de 75 %;plus de 2 fois l'habitude
4911298185241598109;Zimmermann Sanitäts- und Orthopädiehaus GmbH;DE;Santé;mono;Europe;False;6;5;2026-08-21;2026-08-21;plus de 75 %;plus de 2 fois l'habitude
5480379830228378813;Polo line - vacation rentals;HR;Voyage;mono;Europe;False;10;5;2026-08-20;2026-08-24;75 % ou moins;plus de 2 fois l'habitude
6360580975601342886;Carolina Ale House;US;Restauration;large;US;False;61;5;2026-08-16;2026-08-19;plus de 75 %;1 à 2 fois l'habitude
7542203160017780480;Eurodecars Automobielhandel;NL;Automobile;mono;Europe;False;5;5;2026-08-15;2026-08-24;plus de 75 %;1 à 2 fois l'habitude
8264250907553977852;Carolina Ale House;US;Restauration;large;US;False;77;5;2026-08-18;2026-08-23;plus de 75 %;1 à 2 fois l'habitude
8864246763002325033;Nu Car Rental;US;Automobile;small;US;False;67;5;2026-08-14;2026-08-20;plus de 75 %;plus de 2 fois l'habitude
8953367631311330150;Envi Adventures;US;Voyage;mono;US;False;11;5;2026-08-20;2026-08-20;plus de 75 %;1 à 2 fois l'habitude
10376466765804245271;Club Berlin Kreuzberg;DE;Sport et bien-être;large;Europe;False;69;4;2026-08-14;2026-08-23;75 % ou moins;pas plus que d'habitude
11121079175657752605;Ježevac Premium Camping Resort by Valamar;HR;Hôtellerie;large;Europe;False;39;4;2026-08-14;2026-08-22;plus de 75 %;plus de 2 fois l'habitude
1170749740403083425;WestVet Boise;US;Santé;large;US;False;29;4;2026-08-12;2026-08-23;plus de 75 %;plus de 2 fois l'habitude
12523973092132012183;EcoShield Pest Solutions;US;Services à domicile;large;US;True;32;4;2026-08-17;2026-08-23;75 % ou moins;pas plus que d'habitude
12701978682932507204;Viva Day Spa and Med Spa;US;Sport et bien-être;small;US;False;10;4;2026-08-12;2026-08-21;plus de 75 %;1 à 2 fois l'habitude
13142875894045715065;Green Pest Services;US;Services à domicile;small;US;False;13;4;2026-08-21;2026-08-22;plus de 75 %;1 à 2 fois l'habitude
13814955983323469740;Doug's Hyundai;US;Automobile;small;US;False;29;4;2026-08-17;2026-08-19;plus de 75 %;plus de 2 fois l'habitude
14298233888485556219;Club Berlin Prenzlauer Berg;DE;Sport et bien-être;large;Europe;False;62;4;2026-08-18;2026-08-23;75 % ou moins;1 à 2 fois l'habitude
15382424972418370974;Good Night John Boy;US;Restauration;small;US;False;84;4;2026-08-16;2026-08-23;plus de 75 %;plus de 2 fois l'habitude
15598913053706512115;Bedard Bros. Honda;US;Automobile;mono;US;False;21;4;2026-08-12;2026-08-20;75 % ou moins;1 à 2 fois l'habitude
16385710373382858530;DKamping Village;IT;Hôtellerie;mono;Europe;False;33;4;2026-08-16;2026-08-18;75 % ou moins;plus de 2 fois l'habitude
1695214525620865262;Adobe Day Spa and Chiropractics;US;Sport et bien-être;mono;US;False;5;4;2026-08-12;2026-08-23;plus de 75 %;plus de 2 fois l'habitude
2227356216214658119;Tjugo Bil AB;SE;Automobile;mono;Europe;False;5;4;2026-08-16;2026-08-21;75 % ou moins;1 à 2 fois l'habitude
3171881406442480015;Club Berlin Friedrichshain;DE;Sport et bien-être;large;Europe;False;75;4;2026-08-13;2026-08-23;75 % ou moins;1 à 2 fois l'habitude
3908824544135415884;Delta Sonic Car Wash;US;Automobile;large;US;False;14;4;2026-08-13;2026-08-24;plus de 75 %;pas plus que d'habitude
5618672426900878761;Petfolk Veterinary & Urgent Care - Altamonte Springs;US;Santé;large;US;False;13;4;2026-08-16;2026-08-22;75 % ou moins;plus de 2 fois l'habitude
6260582073994729904;Lanterna Premium Camping Resort;HR;Hôtellerie;large;Europe;False;123;4;2026-08-17;2026-08-22;plus de 75 %;plus de 2 fois l'habitude
8015064052260497255;Neoness;FR;Sport et bien-être;large;Europe;False;98;4;2026-08-12;2026-08-17;plus de 75 %;plus de 2 fois l'habitude
8357807472690442969;Green Pest Services;US;Services à domicile;small;US;False;11;4;2026-08-17;2026-08-23;plus de 75 %;1 à 2 fois l'habitude
845684297895448830;Globales Apartamentos Montemar;ES;Hôtellerie;large;Europe;False;27;4;2026-08-22;2026-08-23;75 % ou moins;plus de 2 fois l'habitude
915220753679008263;Fairway Lawns of Tulsa;US;Services à domicile;small;US;False;13;4;2026-08-20;2026-08-20;plus de 75 %;plus de 2 fois l'habitude
9330622820452187742;Club Erfurt;DE;Sport et bien-être;large;Europe;False;7;4;2026-08-12;2026-08-19;75 % ou moins;plus de 2 fois l'habitude
9491775241003131847;Nalu;GR;Restauration;small;Europe;False;52;4;2026-08-15;2026-08-19;75 % ou moins;plus de 2 fois l'habitude
10354265959518177368;Green Pest Services;US;Services à domicile;small;US;False;12;3;2026-08-16;2026-08-23;plus de 75 %;1 à 2 fois l'habitude
10866581757464278630;Club Essen Rüttenscheid;DE;Sport et bien-être;large;Europe;False;18;3;2026-08-13;2026-08-23;75 % ou moins;1 à 2 fois l'habitude
11244106783564826397;Club Kiel Altstadt;DE;Sport et bien-être;large;Europe;False;17;3;2026-08-13;2026-08-19;75 % ou moins;pas plus que d'habitude
11260237229921996949;Carolina Ale House;US;Restauration;large;US;False;101;3;2026-08-15;2026-08-23;plus de 75 %;1 à 2 fois l'habitude
11306931454900536039;Club Dortmund Gartenstadt;DE;Sport et bien-être;large;Europe;False;28;3;2026-08-17;2026-08-21;75 % ou moins;1 à 2 fois l'habitude
11713092955665814582;Fitnessfabrik Darmstadt Hauptbahnhof;DE;Sport et bien-être;small;Europe;False;9;3;2026-08-20;2026-08-23;75 % ou moins;pas plus que d'habitude
11979469692631411558;Cleys Waasmunster;BE;Services à domicile;mono;Europe;False;7;3;2026-08-12;2026-08-21;plus de 75 %;1 à 2 fois l'habitude
12035238193368484759;Centro Veterinario Villalba IF;ES;Santé;mono;Europe;False;9;3;2026-08-20;2026-08-22;plus de 75 %;plus de 2 fois l'habitude
12179770780704989290;Dojo Studio;US;Hôtellerie;small;US;False;17;3;2026-08-12;2026-08-23;75 % ou moins;1 à 2 fois l'habitude
13259321554512244271;Massage & Spa;US;Sport et bien-être;small;US;False;8;3;2026-08-12;2026-08-16;plus de 75 %;1 à 2 fois l'habitude
13438999848552992789;RISA Chicken;DE;Restauration;small;Europe;False;10;3;2026-08-12;2026-08-21;75 % ou moins;1 à 2 fois l'habitude
13897763736459627580;Pizza Hut Budapest Király;HU;Restauration;large;Europe;False;37;3;2026-08-14;2026-08-24;75 % ou moins;plus de 2 fois l'habitude
14216629449616423721;Brioni Sunny Camping by Valamar;HR;Hôtellerie;large;Europe;False;40;3;2026-08-16;2026-08-23;plus de 75 %;plus de 2 fois l'habitude
14480382855388711513;HT Fitness;US;Sport et bien-être;small;US;False;34;3;2026-08-18;2026-08-20;75 % ou moins;1 à 2 fois l'habitude
14595555071421856066;Krk Premium Camping Resort;HR;Hôtellerie;large;Europe;False;35;3;2026-08-13;2026-08-24;plus de 75 %;plus de 2 fois l'habitude
14696288889803762717;Auto Bierschneider;DE;Automobile;large;Europe;False;13;3;2026-08-19;2026-08-20;plus de 75 %;1 à 2 fois l'habitude
14735899687559181627;SuperGreen Irrigation;US;Services à domicile;small;US;False;11;3;2026-08-15;2026-08-22;plus de 75 %;1 à 2 fois l'habitude
14820991856221490337;Camping Les Pirons;FR;Hôtellerie;mono;Europe;False;103;3;2026-08-16;2026-08-18;plus de 75 %;plus de 2 fois l'habitude
16002063853041743938;Club Hamburg Wandsbek;DE;Sport et bien-être;large;Europe;False;34;3;2026-08-23;2026-08-23;75 % ou moins;pas plus que d'habitude
16292587188784289489;Crep'eat Ares;FR;Restauration;large;Europe;False;17;3;2026-08-13;2026-08-24;75 % ou moins;1 à 2 fois l'habitude
16880400502719876773;Pointe Pest Control;US;Services à domicile;large;US;True;11;3;2026-08-16;2026-08-24;plus de 75 %;pas plus que d'habitude
17091292904098231006;EcoShield Pest Solutions;US;Services à domicile;large;US;True;77;3;2026-08-15;2026-08-20;75 % ou moins;1 à 2 fois l'habitude
17160257379698395021;Michael R Martineau;US;Santé;small;US;False;10;3;2026-08-12;2026-08-20;plus de 75 %;plus de 2 fois l'habitude
17202679942767108315;ABC Home & Commercial Services;US;Services à domicile;large;US;False;9;3;2026-08-15;2026-08-16;plus de 75 %;plus de 2 fois l'habitude
1773776135407322067;Super Star Car Wash;US;Automobile;small;US;False;10;3;2026-08-20;2026-08-23;plus de 75 %;pas plus que d'habitude
2420138228954020213;Elite House Cleaning Mesa;US;Services à domicile;small;US;False;5;3;2026-08-13;2026-08-19;plus de 75 %;plus de 2 fois l'habitude
2951464077965952484;Margaritaville Beach Hotel;US;Hôtellerie;mono;US;False;15;3;2026-08-16;2026-08-23;plus de 75 %;1 à 2 fois l'habitude
3881615387971294091;Spa Zuiver;NL;Sport et bien-être;small;Europe;False;19;3;2026-08-15;2026-08-21;75 % ou moins;1 à 2 fois l'habitude
4051193014394832353;Speakeasy Fitness;US;Sport et bien-être;small;US;False;21;3;2026-08-14;2026-08-19;75 % ou moins;pas plus que d'habitude
424408639813763141;EcoShield Pest Solutions;US;Services à domicile;large;US;True;54;3;2026-08-14;2026-08-20;75 % ou moins;1 à 2 fois l'habitude
5686063649767011502;aBeauty Clinique Constanta;RO;Sport et bien-être;small;Europe;False;13;3;2026-08-14;2026-08-23;plus de 75 %;pas plus que d'habitude
5767747242108722390;AIRE Ancient Baths Chicago;US;Sport et bien-être;small;US;False;9;3;2026-08-14;2026-08-22;plus de 75 %;pas plus que d'habitude
6438193657888648583;Stadio;RO;Restauration;small;Europe;False;251;3;2026-08-15;2026-08-18;75 % ou moins;pas plus que d'habitude
6869486844088751364;Rosa Bonheur à l'Ouest;FR;Restauration;small;Europe;False;15;3;2026-08-13;2026-08-23;75 % ou moins;1 à 2 fois l'habitude
6877234864048972604;Club Erlangen;DE;Sport et bien-être;large;Europe;False;17;3;2026-08-15;2026-08-22;75 % ou moins;pas plus que d'habitude
7061804313833943685;ABC Home & Commercial Services;US;Services à domicile;large;US;False;9;3;2026-08-12;2026-08-24;plus de 75 %;1 à 2 fois l'habitude
7613905074252745810;EcoShield Pest Solutions;US;Services à domicile;large;US;True;22;3;2026-08-13;2026-08-16;75 % ou moins;pas plus que d'habitude
7662944855115365082;Insight Pest Solutions;US;Services à domicile;large;US;True;5;3;2026-08-12;2026-08-24;plus de 75 %;1 à 2 fois l'habitude
8514078042456021906;Premier Mountain Healthcare;US;Santé;mono;US;False;5;3;2026-08-13;2026-08-13;75 % ou moins;plus de 2 fois l'habitude
8602973240877742557;Stahl Bikers ONLY;AT;Automobile;small;Europe;False;16;3;2026-08-22;2026-08-22;plus de 75 %;1 à 2 fois l'habitude
9124825751290696378;Loogman Aalsmeer;NL;Automobile;small;Europe;False;11;3;2026-08-15;2026-08-17;75 % ou moins;1 à 2 fois l'habitude
10155296874289892028;Wash Hounds Express Car Wash;US;Automobile;small;US;False;38;2;2026-08-12;2026-08-14;plus de 75 %;plus de 2 fois l'habitude
10174734129288903543;Fairway Lawns of Augusta;US;Services à domicile;small;US;False;18;2;2026-08-17;2026-08-19;plus de 75 %;1 à 2 fois l'habitude
10203796165281790325;Campingplatz Stover Strand International Kloodt OHG;DE;Hôtellerie;small;Europe;False;31;2;2026-08-17;2026-08-23;plus de 75 %;plus de 2 fois l'habitude
10258162109096166464;Yelloh Village - Aluna Vacances;FR;Hôtellerie;small;Europe;False;72;2;2026-08-14;2026-08-15;75 % ou moins;plus de 2 fois l'habitude
10292122388209667085;Empire Today;US;Services à domicile;large;US;False;72;2;2026-08-13;2026-08-23;plus de 75 %;1 à 2 fois l'habitude
10330873477402384990;Delizie di Mare - All You Can Eat;IT;Restauration;mono;Europe;False;39;2;2026-08-13;2026-08-20;plus de 75 %;plus de 2 fois l'habitude
10432860078527617293;Speakeasy Fitness - Los Angeles;US;Sport et bien-être;small;US;False;12;2;2026-08-17;2026-08-21;75 % ou moins;pas plus que d'habitude
10470481505404483210;AutoCenters Nissan;US;Automobile;mono;US;False;21;2;2026-08-13;2026-08-16;plus de 75 %;1 à 2 fois l'habitude
10601184521827317877;Le Palme;IT;Hôtellerie;small;Europe;False;8;2;2026-08-14;2026-08-24;75 % ou moins;plus de 2 fois l'habitude
10774009074775530428;Club Berlin Gesundbrunnen;DE;Sport et bien-être;large;Europe;False;20;2;2026-08-22;2026-08-23;75 % ou moins;plus de 2 fois l'habitude
10815087328676588371;Delta Sonic Car Wash;US;Automobile;large;US;False;10;2;2026-08-16;2026-08-19;plus de 75 %;1 à 2 fois l'habitude
10921805046871428741;Compagnie des Déboucheurs;FR;Services à domicile;large;Europe;False;17;2;2026-08-15;2026-08-20;plus de 75 %;1 à 2 fois l'habitude
11004380532876327499;Embassy Suites Seattle Downtown-Pioneer Square;US;Hôtellerie;small;US;False;26;2;2026-08-16;2026-08-20;plus de 75 %;plus de 2 fois l'habitude
11056066570459298898;A Plus Garage Door Repair;US;Services à domicile;large;US;False;7;2;2026-08-12;2026-08-14;plus de 75 %;pas plus que d'habitude
11314860238417771327;Rodia Beach Bar;GR;Restauration;mono;Europe;False;44;2;2026-08-14;2026-08-24;plus de 75 %;plus de 2 fois l'habitude
11334857026754763198;Restaurant Destille Bernie's Keller;DE;Restauration;mono;Europe;False;8;2;2026-08-17;2026-08-24;75 % ou moins;plus de 2 fois l'habitude
11582395264457206340;Flying Frog Car Wash;US;Automobile;small;US;False;9;2;2026-08-16;2026-08-24;plus de 75 %;plus de 2 fois l'habitude
11638070547796619330;Signorvino;IT;Restauration;large;Europe;False;30;2;2026-08-19;2026-08-23;plus de 75 %;plus de 2 fois l'habitude
11730326832890411737;Devils Thumb Ranch Resort & Spa;US;Hôtellerie;small;US;False;7;2;2026-08-14;2026-08-16;75 % ou moins;pas plus que d'habitude
1200910740632037570;Ourisman Chrysler Dodge Jeep Ram of Bowie;US;Automobile;mono;US;False;44;2;2026-08-14;2026-08-15;plus de 75 %;1 à 2 fois l'habitude
12010469576073923096;Carolina Ale House;US;Restauration;large;US;False;29;2;2026-08-18;2026-08-19;plus de 75 %;pas plus que d'habitude
12106990848959314672;Hotel Arc-en-ciel;CH;Hôtellerie;mono;Europe;False;7;2;2026-08-12;2026-08-17;plus de 75 %;1 à 2 fois l'habitude
12129838380129254386;Nuvia Dental Implant Center;US;Santé;large;US;False;17;2;2026-08-14;2026-08-21;plus de 75 %;pas plus que d'habitude
12785457364507400376;ABC Home & Commercial Services;US;Services à domicile;large;US;False;6;2;2026-08-16;2026-08-19;plus de 75 %;plus de 2 fois l'habitude
12800242043118376364;Alternative Earthcare;US;Services à domicile;small;US;False;7;2;2026-08-18;2026-08-22;plus de 75 %;pas plus que d'habitude
13077092507426058584;Lake Travis Zipline Adventures;US;Voyage;mono;US;False;71;2;2026-08-19;2026-08-23;plus de 75 %;1 à 2 fois l'habitude
13186263684885640735;Fox Rent A Car Las Vegas;US;Automobile;large;US;False;39;2;2026-08-21;2026-08-24;75 % ou moins;1 à 2 fois l'habitude
13211158517900588610;Inacua Antonio Prieto;ES;Sport et bien-être;small;Europe;False;6;2;2026-08-16;2026-08-23;75 % ou moins;plus de 2 fois l'habitude
13282009709348196868;Camping la Breteche 3 stars;FR;Hôtellerie;small;Europe;False;19;2;2026-08-21;2026-08-23;75 % ou moins;plus de 2 fois l'habitude
13317878771786742836;Bludental - Perugia;IT;Santé;large;Europe;False;9;2;2026-08-15;2026-08-23;plus de 75 %;pas plus que d'habitude
13339477756742124017;Carolina Ale House;US;Restauration;large;US;False;112;2;2026-08-13;2026-08-15;plus de 75 %;1 à 2 fois l'habitude
13434656752698496878;Hotel Abba Huesca;ES;Hôtellerie;large;Europe;False;20;2;2026-08-13;2026-08-14;plus de 75 %;1 à 2 fois l'habitude
13463525768309466593;Tip Top Garage Doors;US;Services à domicile;small;US;False;12;2;2026-08-22;2026-08-23;plus de 75 %;plus de 2 fois l'habitude
13464631525318348002;AniCura Tierklinik Neandertal GmbH;DE;Santé;large;Europe;False;15;2;2026-08-15;2026-08-23;75 % ou moins;1 à 2 fois l'habitude
13508590893587478912;Sunny Smiles for Kids;US;Santé;small;US;False;15;2;2026-08-13;2026-08-16;75 % ou moins;1 à 2 fois l'habitude
13603563371674711960;Holiday Inn Club Vacations;US;Hôtellerie;large;US;False;32;2;2026-08-17;2026-08-18;plus de 75 %;1 à 2 fois l'habitude
13729045321029806005;Cervecería La Sureña;ES;Restauration;small;Europe;False;12;2;2026-08-16;2026-08-23;75 % ou moins;pas plus que d'habitude
13770724684770011594;Boyd Chevrolet;US;Automobile;small;US;False;14;2;2026-08-12;2026-08-22;plus de 75 %;1 à 2 fois l'habitude
13805956568530794072;Wellness Sport Club Lyon 7 Gambetta;FR;Sport et bien-être;small;Europe;False;14;2;2026-08-14;2026-08-16;75 % ou moins;plus de 2 fois l'habitude
13836410191197096365;Best Western Plus Plaza Almere;NL;Hôtellerie;large;Europe;False;6;2;2026-08-12;2026-08-22;plus de 75 %;pas plus que d'habitude
14026434177734694218;Ichiban Japanese Steakhouse;US;Restauration;small;US;False;69;2;2026-08-13;2026-08-19;75 % ou moins;1 à 2 fois l'habitude
140714329459600171;Bell Dental;US;Santé;mono;US;False;7;2;2026-08-24;2026-08-24;75 % ou moins;1 à 2 fois l'habitude
14112705270114144342;Camping Capfun Vlinderloo;NL;Hôtellerie;large;Europe;False;20;2;2026-08-13;2026-08-16;75 % ou moins;plus de 2 fois l'habitude
14205065794558665635;The Farmhouse Gambrills;US;Restauration;mono;US;False;18;2;2026-08-22;2026-08-23;plus de 75 %;pas plus que d'habitude
14237408272253303150;Carolina Ale House;US;Restauration;large;US;False;8;2;2026-08-21;2026-08-21;plus de 75 %;pas plus que d'habitude
14365492306530390455;Zefiro Experience Tour in Catamarano - Sardegna;IT;Voyage;mono;Europe;False;50;2;2026-08-14;2026-08-18;plus de 75 %;plus de 2 fois l'habitude
14382716570456292183;Dental Concepts & Orthodontics;US;Santé;small;US;False;16;2;2026-08-13;2026-08-18;75 % ou moins;1 à 2 fois l'habitude
1487794017584324211;Neoness;FR;Sport et bien-être;large;Europe;False;8;2;2026-08-14;2026-08-16;plus de 75 %;1 à 2 fois l'habitude
14891807288409730927;Marketplace Chevrolet;US;Automobile;mono;US;False;5;2;2026-08-12;2026-08-12;plus de 75 %;pas plus que d'habitude
14934949875132319907;Chickie's and Pete's;US;Restauration;large;US;False;20;2;2026-08-14;2026-08-15;75 % ou moins;1 à 2 fois l'habitude
15226702699962666432;Carolina Ale House - North Raleigh;US;Restauration;large;US;False;27;2;2026-08-15;2026-08-22;plus de 75 %;pas plus que d'habitude
15327492528373681610;Calicéo Perpignan;FR;Sport et bien-être;small;Europe;False;18;2;2026-08-22;2026-08-24;plus de 75 %;pas plus que d'habitude
15371519773348653797;Double R Ranch;US;Hôtellerie;mono;US;False;5;2;2026-08-23;2026-08-23;75 % ou moins;plus de 2 fois l'habitude
15608058152450039001;Automecanica Castro;ES;Automobile;mono;Europe;False;20;2;2026-08-23;2026-08-24;75 % ou moins;plus de 2 fois l'habitude
15632864641332749609;EcoShield Pest Solutions;US;Services à domicile;large;US;True;70;2;2026-08-14;2026-08-22;75 % ou moins;1 à 2 fois l'habitude
15708082090445471212;ABC Home & Commercial Services - Landscaping Department;US;Services à domicile;large;US;False;7;2;2026-08-16;2026-08-17;75 % ou moins;1 à 2 fois l'habitude
15961585317714102255;Fox Rent A Car;US;Automobile;large;US;False;8;2;2026-08-13;2026-08-13;75 % ou moins;1 à 2 fois l'habitude
16191346811025563423;Calicéo Strasbourg;FR;Sport et bien-être;small;Europe;False;30;2;2026-08-17;2026-08-18;plus de 75 %;1 à 2 fois l'habitude
1651633795632789163;EcoShield Pest Solutions Chicago Central;US;Services à domicile;large;US;False;52;2;2026-08-19;2026-08-22;75 % ou moins;1 à 2 fois l'habitude
17021217626669606631;Black Hills Helicopters;US;Voyage;mono;US;False;45;2;2026-08-12;2026-08-18;75 % ou moins;plus de 2 fois l'habitude
17281437621329588406;AniCura Recklinghausen - Tierärztliche Klinik für Kleintiere;DE;Santé;large;Europe;False;23;2;2026-08-12;2026-08-23;plus de 75 %;1 à 2 fois l'habitude
17297052927911918590;Hertz Autovermietung;AT;Automobile;small;Europe;False;11;2;2026-08-12;2026-08-19;plus de 75 %;plus de 2 fois l'habitude
17365787893692022098;Gîtes du Domaine des Bans;FR;Hôtellerie;small;Europe;False;51;2;2026-08-12;2026-08-17;75 % ou moins;plus de 2 fois l'habitude
17386340099974746385;Wyndham Grand Orlando Resort Bonnet Creek;US;Hôtellerie;small;US;False;20;2;2026-08-24;2026-08-24;75 % ou moins;1 à 2 fois l'habitude
17402978982963720629;San Jose Restaurante Mexicano;US;Restauration;large;US;False;6;2;2026-08-13;2026-08-23;75 % ou moins;plus de 2 fois l'habitude
17952594547969496880;Auto Bierschneider;DE;Automobile;large;Europe;False;5;2;2026-08-12;2026-08-19;plus de 75 %;pas plus que d'habitude
17974656075232027016;A Plus Garage Door Repair;US;Services à domicile;large;US;False;5;2;2026-08-12;2026-08-24;plus de 75 %;pas plus que d'habitude
18077385796420396658;RZbandenservice BV;NL;Automobile;mono;Europe;False;42;2;2026-08-15;2026-08-24;75 % ou moins;plus de 2 fois l'habitude
18114601915347633250;Lee M. Angioletti;US;Santé;mono;US;False;6;2;2026-08-17;2026-08-24;75 % ou moins;plus de 2 fois l'habitude
18143610989022699807;SkinSpirit Roslyn Heights;US;Sport et bien-être;large;US;False;5;2;2026-08-17;2026-08-20;75 % ou moins;pas plus que d'habitude
18160242326678368511;Northwest Motor Group;US;Automobile;mono;US;False;5;2;2026-08-12;2026-08-15;75 % ou moins;pas plus que d'habitude
1944574178176983755;Qargo Coffee;US;Restauration;small;US;False;12;2;2026-08-16;2026-08-17;plus de 75 %;1 à 2 fois l'habitude
2050503371808889696;Wellness Sport Club Villeurbanne;FR;Sport et bien-être;small;Europe;False;7;2;2026-08-17;2026-08-23;75 % ou moins;1 à 2 fois l'habitude
2071615184249883557;Nuvia Dental Implant Center;US;Santé;large;US;False;35;2;2026-08-23;2026-08-24;plus de 75 %;1 à 2 fois l'habitude
2096774497021291114;Play2;US;Restauration;large;US;False;13;2;2026-08-14;2026-08-19;75 % ou moins;pas plus que d'habitude
2195689790896904188;Fix-it 24/7 Plumbing, Heating, Air & Electric;US;Services à domicile;small;US;False;138;2;2026-08-19;2026-08-24;plus de 75 %;plus de 2 fois l'habitude
2428222000924479108;Nuvia Dental Implant Center;US;Santé;large;US;False;32;2;2026-08-19;2026-08-21;plus de 75 %;pas plus que d'habitude
2514272589170093395;Zrcę beach;HR;Restauration;mono;Europe;False;9;2;2026-08-14;2026-08-20;75 % ou moins;plus de 2 fois l'habitude
2549079542246731788;MXO Rooftop;FR;Restauration;mono;Europe;False;6;2;2026-08-18;2026-08-21;75 % ou moins;plus de 2 fois l'habitude
2678349505464412907;REEIS;US;Services à domicile;small;US;False;23;2;2026-08-15;2026-08-24;75 % ou moins;1 à 2 fois l'habitude
282006750775139757;Buena Vista Fitnessclub GmbH Lemgo;DE;Sport et bien-être;mono;Europe;False;11;2;2026-08-20;2026-08-23;plus de 75 %;pas plus que d'habitude
2889281563314976003;Adventure Dental;US;Santé;large;US;False;9;2;2026-08-13;2026-08-16;plus de 75 %;plus de 2 fois l'habitude
3029550321829057135;Neoness;FR;Sport et bien-être;large;Europe;False;18;2;2026-08-17;2026-08-23;plus de 75 %;plus de 2 fois l'habitude
316878406668790307;Adventure Dental;US;Santé;large;US;False;7;2;2026-08-18;2026-08-20;plus de 75 %;1 à 2 fois l'habitude
3200607506836993550;Toasted Mango Cafe;US;Restauration;small;US;False;8;2;2026-08-13;2026-08-24;75 % ou moins;1 à 2 fois l'habitude
3391263237472595352;MedVet Hilliard;US;Santé;large;US;False;13;2;2026-08-18;2026-08-19;plus de 75 %;1 à 2 fois l'habitude
3548043799334044547;Anchor Inn Lodge;US;Hôtellerie;mono;US;False;5;2;2026-08-12;2026-08-18;plus de 75 %;plus de 2 fois l'habitude
3600464801278446343;Flight Club Houston;US;Restauration;small;US;False;7;2;2026-08-12;2026-08-24;plus de 75 %;pas plus que d'habitude
3705572903770911909;Other Place;US;Restauration;large;US;False;7;2;2026-08-16;2026-08-17;75 % ou moins;plus de 2 fois l'habitude
381217988904044681;Chicago Motor Credit;US;Automobile;mono;US;False;16;2;2026-08-14;2026-08-14;75 % ou moins;1 à 2 fois l'habitude
4085625843546614708;Red Rocks Locksmith North Denver;US;Services à domicile;small;US;False;24;2;2026-08-18;2026-08-19;75 % ou moins;1 à 2 fois l'habitude
4577485901777502628;IPPA Cafe;CZ;Restauration;small;Europe;False;12;2;2026-08-12;2026-08-15;75 % ou moins;1 à 2 fois l'habitude
5422890961706407530;United Air Temp;US;Services à domicile;large;US;False;15;2;2026-08-12;2026-08-24;plus de 75 %;plus de 2 fois l'habitude
5451561497986218110;Idle Isle Cafe;US;Restauration;mono;US;False;14;2;2026-08-19;2026-08-23;75 % ou moins;plus de 2 fois l'habitude
5560357663866525473;Au Fût Angers;FR;Restauration;large;Europe;False;5;2;2026-08-24;2026-08-24;plus de 75 %;plus de 2 fois l'habitude
5644271922112783363;Vakantiepark Capfun - Het Winkel;NL;Hôtellerie;large;Europe;False;29;2;2026-08-13;2026-08-23;75 % ou moins;plus de 2 fois l'habitude
6168449182371789388;MedVet Cincinnati;US;Santé;large;US;False;32;2;2026-08-17;2026-08-24;plus de 75 %;1 à 2 fois l'habitude
6323770338399181453;Parque de Campismo Orbitur Angeiras;PT;Hôtellerie;large;Europe;False;32;2;2026-08-12;2026-08-16;75 % ou moins;plus de 2 fois l'habitude
6502573362355139479;Dr. Mojtaba Ordobazari Tierarztliche Praxis;DE;Santé;small;Europe;False;5;2;2026-08-13;2026-08-14;75 % ou moins;plus de 2 fois l'habitude
6553547423530933620;Velodrome Coffee Company;US;Restauration;small;US;False;5;2;2026-08-19;2026-08-20;75 % ou moins;plus de 2 fois l'habitude
6595076367186224579;Darty;FR;Services à domicile;small;Europe;False;15;2;2026-08-13;2026-08-20;plus de 75 %;1 à 2 fois l'habitude
6913754171499522012;Luminare Aesthetics & Wellness, LLC;US;Sport et bien-être;small;US;False;13;2;2026-08-23;2026-08-23;plus de 75 %;1 à 2 fois l'habitude
7017627982451711375;Homemade Taqueria Columbus;US;Restauration;large;US;False;10;2;2026-08-23;2026-08-24;75 % ou moins;1 à 2 fois l'habitude
7265758352712091926;Neoness;FR;Sport et bien-être;large;Europe;False;10;2;2026-08-13;2026-08-20;plus de 75 %;pas plus que d'habitude
7446569207813309645;Stadio Restaurants Herastrau;RO;Restauration;small;Europe;False;81;2;2026-08-13;2026-08-20;75 % ou moins;plus de 2 fois l'habitude
7505876094483552901;Grismer Tire & Auto Service Center;US;Automobile;large;US;False;18;2;2026-08-17;2026-08-23;75 % ou moins;plus de 2 fois l'habitude
761220842598467411;The Shine Shop;US;Automobile;mono;US;False;5;2;2026-08-21;2026-08-23;plus de 75 %;pas plus que d'habitude
7781055719402500178;Relaxia Lanzasur Club;ES;Hôtellerie;small;Europe;False;65;2;2026-08-15;2026-08-18;plus de 75 %;1 à 2 fois l'habitude
7868713708357852976;ScrubaDub Car Wash;US;Automobile;large;US;False;185;2;2026-08-13;2026-08-23;plus de 75 %;plus de 2 fois l'habitude
819899524517032922;Fox Rent A Car;US;Automobile;large;US;False;13;2;2026-08-17;2026-08-24;75 % ou moins;plus de 2 fois l'habitude
8299236336334780743;abba Sants Hotel;ES;Hôtellerie;large;Europe;False;20;2;2026-08-17;2026-08-24;plus de 75 %;1 à 2 fois l'habitude
8346608655513514854;Chickie's and Pete's;US;Restauration;large;US;False;9;2;2026-08-14;2026-08-24;75 % ou moins;pas plus que d'habitude
8436833237783297878;Ichiban Japanese Steakhouse Ann Arbor;US;Restauration;small;US;False;37;2;2026-08-13;2026-08-18;75 % ou moins;pas plus que d'habitude
8597504776508843677;Neoness;FR;Sport et bien-être;large;Europe;False;5;2;2026-08-16;2026-08-23;plus de 75 %;pas plus que d'habitude
9063424070959391537;Närakut Järva;SE;Santé;small;Europe;False;5;2;2026-08-19;2026-08-20;75 % ou moins;1 à 2 fois l'habitude
9134717088122580915;ISULA Croisières;FR;Voyage;mono;Europe;False;31;2;2026-08-20;2026-08-24;75 % ou moins;1 à 2 fois l'habitude
9152040258644601329;MedVet Salt Lake City;US;Santé;large;US;False;25;2;2026-08-13;2026-08-23;plus de 75 %;1 à 2 fois l'habitude
9166889712521968380;Advantage Rent A Car;US;Automobile;large;US;False;67;2;2026-08-18;2026-08-23;plus de 75 %;plus de 2 fois l'habitude
924386397864621995;Signorvino Milano;IT;Restauration;large;Europe;False;10;2;2026-08-14;2026-08-15;plus de 75 %;1 à 2 fois l'habitude
926727815049071482;sunshine cafe at Beebe;US;Santé;small;US;False;5;2;2026-08-12;2026-08-16;plus de 75 %;plus de 2 fois l'habitude
9411249691461597325;Saltic Resort & Spa Leba;PL;Hôtellerie;small;Europe;False;67;2;2026-08-18;2026-08-21;75 % ou moins;1 à 2 fois l'habitude
9539344236412584881;Club Moers;DE;Sport et bien-être;large;Europe;False;10;2;2026-08-13;2026-08-13;75 % ou moins;1 à 2 fois l'habitude
9608825716188167823;Crep'eat;FR;Restauration;large;Europe;False;6;2;2026-08-20;2026-08-24;plus de 75 %;pas plus que d'habitude
9644624167118109403;Neoness;FR;Sport et bien-être;large;Europe;False;12;2;2026-08-21;2026-08-23;plus de 75 %;pas plus que d'habitude
9754160596931808656;Ninkasi OL Vallée;FR;Restauration;large;Europe;False;18;2;2026-08-13;2026-08-22;plus de 75 %;pas plus que d'habitude
9757162359114863037;Brick House Tavern + Tap;US;Restauration;large;US;False;33;2;2026-08-13;2026-08-21;plus de 75 %;1 à 2 fois l'habitude
10090302202222272008;NordGlass;PL;Automobile;small;Europe;False;6;1;2026-08-17;2026-08-17;plus de 75 %;1 à 2 fois l'habitude
10095463888353501543;AniCura Fachtierärztliches Zentrum für Kleintiere;DE;Santé;large;Europe;False;6;1;2026-08-14;2026-08-14;plus de 75 %;plus de 2 fois l'habitude
10098697139125916530;Delta Sonic;US;Automobile;large;US;False;20;1;2026-08-20;2026-08-20;plus de 75 %;1 à 2 fois l'habitude
10118503994963762104;ThrIVe Drip Spa;US;Sport et bien-être;small;US;False;6;1;2026-08-17;2026-08-17;75 % ou moins;pas plus que d'habitude
10121015616025515704;Petfolk Veterinary & Urgent Care - Oviedo;US;Santé;large;US;False;7;1;2026-08-24;2026-08-24;plus de 75 %;pas plus que d'habitude
10147200891462325625;Restaurant Mythos;DE;Restauration;mono;Europe;False;5;1;2026-08-21;2026-08-21;75 % ou moins;1 à 2 fois l'habitude
10163231124370645567;Caressa Animal Hospital Rotterdam;NL;Santé;small;Europe;False;5;1;2026-08-20;2026-08-20;plus de 75 %;plus de 2 fois l'habitude
10204432935619217142;Liberty GYM Burnhaupt-le-bas;FR;Sport et bien-être;large;Europe;False;7;1;2026-08-15;2026-08-15;75 % ou moins;plus de 2 fois l'habitude
10305138318944906461;CitizenM Boston Back Bay;US;Hôtellerie;large;US;False;12;1;2026-08-24;2026-08-24;75 % ou moins;1 à 2 fois l'habitude
10339471870628534604;Empire Today® - Cleveland, OH;US;Services à domicile;large;US;False;34;1;2026-08-13;2026-08-13;plus de 75 %;pas plus que d'habitude
10392842969616344066;Quality Hotel Saga;NO;Hôtellerie;large;Europe;False;6;1;2026-08-12;2026-08-12;75 % ou moins;1 à 2 fois l'habitude
10442243421974187572;Camping Sandaya Etruria;IT;Hôtellerie;small;Europe;False;20;1;2026-08-16;2026-08-16;plus de 75 %;1 à 2 fois l'habitude
10452877589506309787;Best Western Plus Amedia Wien;AT;Hôtellerie;large;Europe;False;28;1;2026-08-23;2026-08-23;plus de 75 %;1 à 2 fois l'habitude
1049058162612560778;Speedfitness Wasserburg;DE;Sport et bien-être;small;Europe;False;6;1;2026-08-22;2026-08-22;plus de 75 %;pas plus que d'habitude
10525843652337503574;Hotel Carris Porto Ribeira;PT;Hôtellerie;small;Europe;False;11;1;2026-08-13;2026-08-13;plus de 75 %;1 à 2 fois l'habitude
10607350820941552036;Streetside Classics;US;Automobile;small;US;False;5;1;2026-08-15;2026-08-15;plus de 75 %;pas plus que d'habitude
10643486914898928431;Cosy Wash;DE;Automobile;large;Europe;False;7;1;2026-08-23;2026-08-23;75 % ou moins;1 à 2 fois l'habitude
10735142758438773042;Weiße Flotte Mülheim an der Ruhr (Ruhrschifffahrt);DE;Voyage;mono;Europe;False;10;1;2026-08-23;2026-08-23;75 % ou moins;plus de 2 fois l'habitude
10829236436560691235;ThrIVe Drip Spa;US;Sport et bien-être;small;US;False;5;1;2026-08-23;2026-08-23;75 % ou moins;1 à 2 fois l'habitude
10872351812526374649;O Feugo;IT;Restauration;mono;Europe;False;7;1;2026-08-15;2026-08-15;75 % ou moins;plus de 2 fois l'habitude
10874432993910371509;Al Ponte;IT;Hôtellerie;small;Europe;False;10;1;2026-08-17;2026-08-17;75 % ou moins;plus de 2 fois l'habitude
10923011767881632746;Cafe Vivaldi;DK;Restauration;large;Europe;False;8;1;2026-08-13;2026-08-13;75 % ou moins;plus de 2 fois l'habitude
10974924994085968348;Brick House Tavern + Tap;US;Restauration;large;US;False;49;1;2026-08-24;2026-08-24;plus de 75 %;plus de 2 fois l'habitude
10982350528940642497;Oak Heart Veterinary Hospital and Emergency at South Saunders;US;Santé;small;US;False;5;1;2026-08-19;2026-08-19;plus de 75 %;1 à 2 fois l'habitude
11063743009018562102;Bulwark Exterminating;US;Services à domicile;large;US;True;10;1;2026-08-12;2026-08-12;plus de 75 %;1 à 2 fois l'habitude
11093392041595438951;Neoness;FR;Sport et bien-être;large;Europe;False;11;1;2026-08-23;2026-08-23;plus de 75 %;pas plus que d'habitude
11098111536113255078;Hotel Alunis Health Spa;RO;Hôtellerie;small;Europe;False;7;1;2026-08-17;2026-08-17;75 % ou moins;plus de 2 fois l'habitude
11105772411890418354;Terme Dobrna;SI;Hôtellerie;small;Europe;False;5;1;2026-08-23;2026-08-23;75 % ou moins;pas plus que d'habitude
11133012813713719456;Globales Binimar;ES;Hôtellerie;large;Europe;False;12;1;2026-08-23;2026-08-23;75 % ou moins;1 à 2 fois l'habitude
11152419033877693945;Camping Campéole Le Coiroux;FR;Hôtellerie;large;Europe;False;12;1;2026-08-13;2026-08-13;plus de 75 %;plus de 2 fois l'habitude
11296537730684546364;Club Budapest;HU;Sport et bien-être;large;Europe;False;7;1;2026-08-17;2026-08-17;75 % ou moins;pas plus que d'habitude
11297439376762926367;Abba Granada Hotel;ES;Hôtellerie;large;Europe;False;24;1;2026-08-14;2026-08-14;plus de 75 %;1 à 2 fois l'habitude
11324424339153707942;abba Burgos;ES;Hôtellerie;large;Europe;False;16;1;2026-08-14;2026-08-14;plus de 75 %;1 à 2 fois l'habitude
11466047640980566323;Globales Condes de Alcudia;ES;Hôtellerie;large;Europe;False;14;1;2026-08-15;2026-08-15;75 % ou moins;plus de 2 fois l'habitude
11471904905926382094;Amalfi Lemon Experience;IT;Voyage;mono;Europe;False;5;1;2026-08-21;2026-08-21;75 % ou moins;1 à 2 fois l'habitude
11516114048315496084;AniCura Kleintiermedizinisches Zentrum Hüttig;DE;Santé;large;Europe;False;7;1;2026-08-15;2026-08-15;75 % ou moins;plus de 2 fois l'habitude
11569433775224823960;Neoness;FR;Sport et bien-être;large;Europe;False;19;1;2026-08-13;2026-08-13;plus de 75 %;pas plus que d'habitude
11591843857655085004;BEST WESTERN Plus Dockside Waterfront Inn;US;Hôtellerie;mono;US;False;14;1;2026-08-21;2026-08-21;plus de 75 %;plus de 2 fois l'habitude
11606668698898553446;Hyannis Whale Watcher Cruises;US;Voyage;mono;US;False;13;1;2026-08-12;2026-08-12;75 % ou moins;plus de 2 fois l'habitude
11625843009261400183;Alannia Guardamar;ES;Hôtellerie;small;Europe;False;25;1;2026-08-18;2026-08-18;plus de 75 %;1 à 2 fois l'habitude
11773003214402383331;Marco Beach Ocean Resort;US;Hôtellerie;small;US;False;10;1;2026-08-23;2026-08-23;75 % ou moins;plus de 2 fois l'habitude
11854687678587368722;SAPWASH;GR;Automobile;mono;Europe;False;6;1;2026-08-22;2026-08-22;75 % ou moins;plus de 2 fois l'habitude
11975822384362330441;Cafe Baeckerei Konditorei Kundlatsch;AT;Restauration;mono;Europe;False;5;1;2026-08-18;2026-08-18;75 % ou moins;plus de 2 fois l'habitude
12003685235290203188;Fox Rent A Car;US;Automobile;large;US;False;7;1;2026-08-22;2026-08-22;75 % ou moins;pas plus que d'habitude
12072883434872499497;FNAC Colombo;PT;Services à domicile;large;Europe;False;19;1;2026-08-20;2026-08-20;75 % ou moins;1 à 2 fois l'habitude
12121418554969116063;Bandana's Bar-B-Q;US;Restauration;large;US;False;8;1;2026-08-16;2026-08-16;plus de 75 %;plus de 2 fois l'habitude
12128138791430243883;Publica Pub;HR;Restauration;mono;Europe;False;18;1;2026-08-19;2026-08-19;75 % ou moins;plus de 2 fois l'habitude
12144090023864182723;Bulwark Exterminating;US;Services à domicile;large;US;True;22;1;2026-08-23;2026-08-23;plus de 75 %;pas plus que d'habitude
12183094189969790667;Ninkasi Rouen;FR;Restauration;large;Europe;False;5;1;2026-08-12;2026-08-12;plus de 75 %;pas plus que d'habitude
12257458818878449587;Carson's Ribs Prime Steaks & Famous Barbecue Chicago;US;Restauration;small;US;False;8;1;2026-08-18;2026-08-18;plus de 75 %;pas plus que d'habitude
12360096089404091512;elaya hotel kleve;DE;Hôtellerie;large;Europe;False;7;1;2026-08-23;2026-08-23;75 % ou moins;1 à 2 fois l'habitude
12399530594629968736;P.J. Whelihan's Pub and Restaurant;US;Restauration;large;US;False;11;1;2026-08-18;2026-08-18;plus de 75 %;1 à 2 fois l'habitude
12399650223478194238;Schön Klinik Hamburg Eilbek;DE;Santé;large;Europe;False;5;1;2026-08-13;2026-08-13;75 % ou moins;1 à 2 fois l'habitude
12533095787731249146;Tuscana Resort Orlando by Aston;US;Hôtellerie;mono;US;False;5;1;2026-08-17;2026-08-17;75 % ou moins;1 à 2 fois l'habitude
12540450234092660355;Azores Whale Watching TERRA AZUL;PT;Voyage;mono;Europe;False;46;1;2026-08-19;2026-08-19;75 % ou moins;1 à 2 fois l'habitude
12621991571583444125;SIXT rent a car LaGuardia airport;US;Automobile;large;US;False;30;1;2026-08-12;2026-08-12;plus de 75 %;1 à 2 fois l'habitude
1263474390517931461;CareVet of Middletown;US;Santé;large;US;False;6;1;2026-08-16;2026-08-16;plus de 75 %;plus de 2 fois l'habitude
12649368506004670127;Holiday Inn Club Vacations Cape Canaveral Beach Resort;US;Hôtellerie;large;US;False;20;1;2026-08-22;2026-08-22;plus de 75 %;1 à 2 fois l'habitude
12716184874737977211;Flirt Spa & Brow Bar;US;Sport et bien-être;mono;US;False;8;1;2026-08-17;2026-08-17;plus de 75 %;pas plus que d'habitude
12907668817430027304;Saturn Fitness Gorzów;PL;Sport et bien-être;small;Europe;False;7;1;2026-08-21;2026-08-21;plus de 75 %;1 à 2 fois l'habitude
12937939131301218020;Hipotels Playa de Palma Palace;ES;Hôtellerie;large;Europe;False;11;1;2026-08-15;2026-08-15;plus de 75 %;plus de 2 fois l'habitude
12965565989386284704;ITH Santa Barbara Beach Hostel;US;Hôtellerie;small;US;False;20;1;2026-08-23;2026-08-23;plus de 75 %;1 à 2 fois l'habitude
13006921476587108387;Autofficina Midas;IT;Automobile;large;Europe;False;6;1;2026-08-18;2026-08-18;plus de 75 %;plus de 2 fois l'habitude
130548770389221223;Azur Camping;DE;Hôtellerie;small;Europe;False;38;1;2026-08-16;2026-08-16;plus de 75 %;plus de 2 fois l'habitude
13055305431448601035;Blue rent;IT;Voyage;mono;Europe;False;24;1;2026-08-23;2026-08-23;75 % ou moins;plus de 2 fois l'habitude
13204862283283398368;Hipotels Bahía Cala Millor;ES;Hôtellerie;large;Europe;False;6;1;2026-08-18;2026-08-18;plus de 75 %;1 à 2 fois l'habitude
13241120391558682163;Globales Acuario;ES;Hôtellerie;large;Europe;False;8;1;2026-08-16;2026-08-16;plus de 75 %;1 à 2 fois l'habitude
13278239044570035358;Abaden Dentistas;ES;Santé;small;Europe;False;5;1;2026-08-23;2026-08-23;75 % ou moins;plus de 2 fois l'habitude
13280844261784593465;Elase Medical Spas;US;Sport et bien-être;large;US;False;10;1;2026-08-20;2026-08-20;plus de 75 %;plus de 2 fois l'habitude
13282373642949928571;Pinocchio mercadona;ES;Restauration;small;Europe;False;18;1;2026-08-13;2026-08-13;75 % ou moins;1 à 2 fois l'habitude
13300902881138438417;ウェスティン カアナパリ オーシャン リゾート ヴィラ / The Westin Ka'anapali Ocean Resort Villas;US;Hôtellerie;small;US;False;6;1;2026-08-23;2026-08-23;75 % ou moins;1 à 2 fois l'habitude
13301798434060981597;7 Days Family Dental - West Indy;US;Santé;small;US;False;11;1;2026-08-24;2026-08-24;plus de 75 %;plus de 2 fois l'habitude
13447210363258677756;Duryea's Lobster Deck & Seafood Market;US;Restauration;mono;US;False;22;1;2026-08-16;2026-08-16;75 % ou moins;plus de 2 fois l'habitude
13459854165498348271;Hill Country Vision Center;US;Santé;mono;US;False;5;1;2026-08-17;2026-08-17;plus de 75 %;1 à 2 fois l'habitude
13462368340818962632;Wellness Sport Club;FR;Sport et bien-être;small;Europe;False;10;1;2026-08-19;2026-08-19;plus de 75 %;1 à 2 fois l'habitude
13487146367475704628;Empire Today;US;Services à domicile;large;US;False;84;1;2026-08-20;2026-08-20;plus de 75 %;1 à 2 fois l'habitude
13498840883989830968;Carolina Ale House;US;Restauration;large;US;False;14;1;2026-08-21;2026-08-21;plus de 75 %;pas plus que d'habitude
13511795360329767787;Comfort Hotel Bergen;NO;Hôtellerie;large;Europe;False;11;1;2026-08-14;2026-08-14;75 % ou moins;plus de 2 fois l'habitude
1359708818504969356;Madeira Sea Emotions | Whale & Dolphin Watching and Boat Tours;PT;Voyage;mono;Europe;False;31;1;2026-08-23;2026-08-23;75 % ou moins;1 à 2 fois l'habitude
13798814135958642526;Bandana's Bar-B-Q;US;Restauration;large;US;False;31;1;2026-08-16;2026-08-16;plus de 75 %;plus de 2 fois l'habitude
13808215084690825864;Cheney Dental Care;US;Santé;mono;US;False;8;1;2026-08-23;2026-08-23;plus de 75 %;plus de 2 fois l'habitude
13861978089857267997;Pizza Hut Budapest Arany;HU;Restauration;large;Europe;False;60;1;2026-08-20;2026-08-20;75 % ou moins;plus de 2 fois l'habitude
13904055126061268440;Cold Beers & Cheeseburgers;US;Restauration;large;US;False;9;1;2026-08-16;2026-08-16;75 % ou moins;1 à 2 fois l'habitude
13906915783797995310;Cha Cha Matcha;US;Restauration;small;US;False;12;1;2026-08-18;2026-08-18;75 % ou moins;1 à 2 fois l'habitude
13914529929637769875;Homemade Taqueria;US;Restauration;large;US;False;14;1;2026-08-17;2026-08-17;75 % ou moins;plus de 2 fois l'habitude
13936940651558818084;Delta Sonic Car Wash and Oil Change;US;Automobile;large;US;False;39;1;2026-08-15;2026-08-15;plus de 75 %;1 à 2 fois l'habitude
14036412642878656107;Fitness First Darmstadt Eschollbrücker Straße;DE;Sport et bien-être;small;Europe;False;36;1;2026-08-12;2026-08-12;75 % ou moins;1 à 2 fois l'habitude
14054836830134044042;La Baia del Forte - Controvento;IT;Restauration;small;Europe;False;8;1;2026-08-16;2026-08-16;75 % ou moins;plus de 2 fois l'habitude
14073669801998149460;Bulwark Exterminating;US;Services à domicile;large;US;True;8;1;2026-08-12;2026-08-12;plus de 75 %;1 à 2 fois l'habitude
14164500804080551070;Adventure Dental and Vision;US;Santé;large;US;False;8;1;2026-08-12;2026-08-12;plus de 75 %;plus de 2 fois l'habitude
14182411241462880639;Auto Bierschneider;DE;Automobile;large;Europe;False;5;1;2026-08-21;2026-08-21;plus de 75 %;plus de 2 fois l'habitude
14362882724000770461;Cuisinella;FR;Services à domicile;large;Europe;False;10;1;2026-08-17;2026-08-17;plus de 75 %;plus de 2 fois l'habitude
14398824460040053889;Dermatology Affiliates;US;Santé;small;US;False;11;1;2026-08-12;2026-08-12;plus de 75 %;1 à 2 fois l'habitude
14451738291215002268;ProCare Collision;US;Automobile;large;US;False;17;1;2026-08-12;2026-08-12;plus de 75 %;plus de 2 fois l'habitude
14544498122515840038;Anami asiakitchen & bar;DE;Restauration;small;Europe;False;5;1;2026-08-23;2026-08-23;75 % ou moins;1 à 2 fois l'habitude
14576133356967569423;Carolina Ale House;US;Restauration;large;US;False;97;1;2026-08-18;2026-08-18;plus de 75 %;plus de 2 fois l'habitude
14605895092060332754;Petfolk Veterinary & Urgent Care - Allen;US;Santé;large;US;False;8;1;2026-08-19;2026-08-19;plus de 75 %;1 à 2 fois l'habitude
14628176107878290666;4Ever Young Med Spa & Wellness Center - Arvada;US;Sport et bien-être;mono;US;False;16;1;2026-08-22;2026-08-22;plus de 75 %;plus de 2 fois l'habitude
14666919333940096096;Adventure Dental, Vision, and Orthodontics;US;Santé;large;US;False;8;1;2026-08-12;2026-08-12;75 % ou moins;plus de 2 fois l'habitude
14669269514609492336;P.J. Whelihan's Pub + Restaurant;US;Restauration;large;US;False;24;1;2026-08-13;2026-08-13;plus de 75 %;1 à 2 fois l'habitude
14669771815910615986;Crêp'eat;FR;Restauration;large;Europe;False;19;1;2026-08-23;2026-08-23;75 % ou moins;1 à 2 fois l'habitude
14686510142922410898;Candelari's Italiano;US;Restauration;small;US;False;8;1;2026-08-12;2026-08-12;plus de 75 %;1 à 2 fois l'habitude
14708618175607022417;Au fût et à mesure;FR;Restauration;large;Europe;False;6;1;2026-08-12;2026-08-12;plus de 75 %;1 à 2 fois l'habitude
14733441156464536748;Vakantiepark Capfun - De Wâldsang;NL;Hôtellerie;large;Europe;False;9;1;2026-08-23;2026-08-23;75 % ou moins;plus de 2 fois l'habitude
14740593769376451592;citizenM Copenhagen Rådhuspladsen;DK;Hôtellerie;large;Europe;False;7;1;2026-08-13;2026-08-13;75 % ou moins;pas plus que d'habitude
14765576052158911779;Carson’s Ribs Prime Steaks & Famous Barbecue – Deerfield;US;Restauration;small;US;False;8;1;2026-08-22;2026-08-22;plus de 75 %;1 à 2 fois l'habitude
14786803112747547126;Hotel Botanico;ES;Sport et bien-être;small;Europe;False;19;1;2026-08-20;2026-08-20;plus de 75 %;plus de 2 fois l'habitude
14869656164423820253;Mamajuana Cafe;US;Restauration;mono;US;False;15;1;2026-08-17;2026-08-17;75 % ou moins;pas plus que d'habitude
14964631432010695731;EcoShield Pest Solutions Detroit East;US;Services à domicile;large;US;False;30;1;2026-08-20;2026-08-20;75 % ou moins;1 à 2 fois l'habitude
15010309103640463975;Lappland;DE;Automobile;small;Europe;False;9;1;2026-08-20;2026-08-20;75 % ou moins;plus de 2 fois l'habitude
15073455034300838331;Thalasso & Spa Algotherm;FR;Sport et bien-être;small;Europe;False;8;1;2026-08-23;2026-08-23;75 % ou moins;plus de 2 fois l'habitude
15136018977057130314;Tacos El Tio;US;Restauration;small;US;False;5;1;2026-08-18;2026-08-18;75 % ou moins;1 à 2 fois l'habitude
15338170984100166205;Planet Fitness;ES;Sport et bien-être;small;Europe;False;10;1;2026-08-20;2026-08-20;75 % ou moins;1 à 2 fois l'habitude
15404298441898724538;Manta Ray Dives of Hawaii;US;Voyage;mono;US;False;16;1;2026-08-14;2026-08-14;75 % ou moins;1 à 2 fois l'habitude
15428563441085278652;Relaxia Los Girasoles Bungalows;ES;Hôtellerie;small;Europe;False;6;1;2026-08-24;2026-08-24;plus de 75 %;1 à 2 fois l'habitude
15565833427326243791;Relaxia Olivina;ES;Hôtellerie;small;Europe;False;45;1;2026-08-21;2026-08-21;plus de 75 %;1 à 2 fois l'habitude
15663344649007062969;Bill Howe Plumbing, Heating & Air, Restoration & Flood Services;US;Services à domicile;small;US;False;74;1;2026-08-23;2026-08-23;plus de 75 %;1 à 2 fois l'habitude
15691485723016187399;The Inn at Death Valley;US;Hôtellerie;small;US;False;14;1;2026-08-16;2026-08-16;75 % ou moins;1 à 2 fois l'habitude
15713786149979891489;Club Bonn;DE;Sport et bien-être;large;Europe;False;14;1;2026-08-17;2026-08-17;75 % ou moins;pas plus que d'habitude
15729059731048819376;EcoShield Pest Solutions;US;Services à domicile;large;US;True;60;1;2026-08-24;2026-08-24;75 % ou moins;1 à 2 fois l'habitude
1588045585774572368;Istra Premium Camping Resort;HR;Hôtellerie;large;Europe;False;41;1;2026-08-13;2026-08-13;plus de 75 %;plus de 2 fois l'habitude
16049682387535495248;citizenM New York Times Square Hotel;US;Hôtellerie;large;US;False;11;1;2026-08-14;2026-08-14;75 % ou moins;1 à 2 fois l'habitude
16117159235674070955;Nuvia Dental Implant Center;US;Santé;large;US;False;36;1;2026-08-16;2026-08-16;plus de 75 %;1 à 2 fois l'habitude
16130034264863182789;The Grand Hotel;US;Hôtellerie;mono;US;False;9;1;2026-08-16;2026-08-16;75 % ou moins;1 à 2 fois l'habitude
16147212265871065321;Embassy Suites by Hilton San Antonio Landmark;US;Hôtellerie;small;US;False;8;1;2026-08-16;2026-08-16;plus de 75 %;1 à 2 fois l'habitude
1615736528235487924;Hipotels Barrosa Garden;ES;Hôtellerie;large;Europe;False;34;1;2026-08-12;2026-08-12;plus de 75 %;plus de 2 fois l'habitude
16218777667362387982;Arnaud's Richelieu Room;US;Restauration;small;US;False;5;1;2026-08-12;2026-08-12;75 % ou moins;pas plus que d'habitude
16239963990365261611;P.j. Whelihan's Pub + Restaurant - Lawrence Park;US;Restauration;large;US;False;69;1;2026-08-18;2026-08-18;plus de 75 %;1 à 2 fois l'habitude
16266683297039892102;Lake Express High-Speed Ferry;US;Voyage;mono;US;False;14;1;2026-08-18;2026-08-18;75 % ou moins;plus de 2 fois l'habitude
16301020427746212077;Cafe Vivaldi;DK;Restauration;large;Europe;False;6;1;2026-08-19;2026-08-19;75 % ou moins;plus de 2 fois l'habitude
16347352345389671430;Gutscheine Thai Massage Uhingen Online Shop;DE;Sport et bien-être;small;Europe;False;11;1;2026-08-20;2026-08-20;75 % ou moins;1 à 2 fois l'habitude
16451284815773184861;Nuvia Dental Implant Center;US;Santé;large;US;False;75;1;2026-08-15;2026-08-15;plus de 75 %;1 à 2 fois l'habitude
16455370445229869851;citizenM Los Angeles Downtown;US;Hôtellerie;large;US;False;17;1;2026-08-14;2026-08-14;75 % ou moins;1 à 2 fois l'habitude
16463535090029643023;Old Town Pour House (freedom Commons - Naperville);US;Restauration;small;US;False;14;1;2026-08-24;2026-08-24;75 % ou moins;pas plus que d'habitude
16483262064005269282;citizenM hotels;US;Hôtellerie;large;US;False;17;1;2026-08-20;2026-08-20;75 % ou moins;pas plus que d'habitude
16579715835844117368;Lochridge-Priest;US;Services à domicile;small;US;False;6;1;2026-08-18;2026-08-18;75 % ou moins;plus de 2 fois l'habitude
16597569586248484073;MedVet Silicon Valley;US;Santé;large;US;False;10;1;2026-08-23;2026-08-23;plus de 75 %;1 à 2 fois l'habitude
16606747006192265097;Dakota Tex Mex;ES;Restauration;small;Europe;False;91;1;2026-08-24;2026-08-24;75 % ou moins;plus de 2 fois l'habitude
16612385493823253879;A Plus Garage Door Repair;US;Services à domicile;large;US;False;9;1;2026-08-12;2026-08-12;plus de 75 %;1 à 2 fois l'habitude
16692376219688049070;AS Hoteles Porta de Barcelona;ES;Hôtellerie;mono;Europe;False;8;1;2026-08-23;2026-08-23;plus de 75 %;1 à 2 fois l'habitude
1676834876106372820;Stayokay Hostel Dordrecht;NL;Hôtellerie;large;Europe;False;25;1;2026-08-22;2026-08-22;75 % ou moins;plus de 2 fois l'habitude
1681769253964489367;Outrigger Reef Waikiki Resort;US;Hôtellerie;large;US;False;23;1;2026-08-13;2026-08-13;plus de 75 %;pas plus que d'habitude
16955557399246611985;Essence Of Serenity Massage Therapy and Wellness Center;US;Sport et bien-être;mono;US;False;5;1;2026-08-24;2026-08-24;plus de 75 %;plus de 2 fois l'habitude
17003363374396944320;Café Siboney;ES;Restauration;small;Europe;False;9;1;2026-08-17;2026-08-17;75 % ou moins;plus de 2 fois l'habitude
17027544060444986973;Hipotels Bahía Grande;ES;Hôtellerie;large;Europe;False;12;1;2026-08-20;2026-08-20;75 % ou moins;plus de 2 fois l'habitude
17028145619301499989;Camping Municipal;FR;Hôtellerie;small;Europe;False;8;1;2026-08-22;2026-08-22;75 % ou moins;plus de 2 fois l'habitude
17028935133395189849;Hotel Abba Euskalduna;ES;Hôtellerie;large;Europe;False;7;1;2026-08-18;2026-08-18;plus de 75 %;1 à 2 fois l'habitude
17033600657096423751;Nuvia Dental Implant Center;US;Santé;large;US;False;55;1;2026-08-14;2026-08-14;plus de 75 %;1 à 2 fois l'habitude
17101890136882260160;Hipotels Mercedes Aparthotel;ES;Hôtellerie;large;Europe;False;8;1;2026-08-23;2026-08-23;75 % ou moins;plus de 2 fois l'habitude
17135556189541672218;Nassau Shores Auto Repair;US;Automobile;small;US;False;7;1;2026-08-16;2026-08-16;plus de 75 %;plus de 2 fois l'habitude
17242247313955629242;Sunshine Pediatrics of Lutz;US;Santé;small;US;False;9;1;2026-08-19;2026-08-19;plus de 75 %;pas plus que d'habitude
1729168193937436412;Thermes d'Amelie-les-Bains;FR;Sport et bien-être;large;Europe;False;30;1;2026-08-12;2026-08-12;75 % ou moins;pas plus que d'habitude
1732419375017315913;Nu Car Rentals;US;Automobile;small;US;False;194;1;2026-08-12;2026-08-12;plus de 75 %;plus de 2 fois l'habitude
17325999670394372128;Mezze Krotoszyn;PL;Restauration;mono;Europe;False;9;1;2026-08-18;2026-08-18;75 % ou moins;plus de 2 fois l'habitude
1738085458446207751;L'Appart Fitness;FR;Sport et bien-être;large;Europe;False;6;1;2026-08-15;2026-08-15;plus de 75 %;pas plus que d'habitude
1738894063431073293;Wedo Massage Santa Catarina;PT;Sport et bien-être;small;Europe;False;5;1;2026-08-19;2026-08-19;plus de 75 %;1 à 2 fois l'habitude
17462277601822099590;Pizza Hut Budapest Üllői;HU;Restauration;large;Europe;False;10;1;2026-08-20;2026-08-20;75 % ou moins;1 à 2 fois l'habitude
17486864832999323178;Empire Today;US;Services à domicile;large;US;False;52;1;2026-08-22;2026-08-22;plus de 75 %;plus de 2 fois l'habitude
17508038941666529215;Crep'Eat Saint Genis 2;FR;Restauration;large;Europe;False;16;1;2026-08-23;2026-08-23;plus de 75 %;pas plus que d'habitude
17575909294763371635;Oli's Trolley Inc.;US;Voyage;mono;US;False;8;1;2026-08-17;2026-08-17;75 % ou moins;1 à 2 fois l'habitude
17650577117706558893;Dakota Tex Mex;ES;Restauration;small;Europe;False;24;1;2026-08-19;2026-08-19;75 % ou moins;1 à 2 fois l'habitude
17699857782641222447;Drive N-Motion Greeley;US;Automobile;small;US;False;13;1;2026-08-23;2026-08-23;75 % ou moins;1 à 2 fois l'habitude
17761153248899962136;Ron Lewis Chrysler Dodge Jeep Ram Fiat;US;Automobile;mono;US;False;13;1;2026-08-22;2026-08-22;plus de 75 %;pas plus que d'habitude
17811514628184275600;P.J. Whelihan's Pub + Restaurant [West Chester];US;Restauration;large;US;False;31;1;2026-08-18;2026-08-18;plus de 75 %;pas plus que d'habitude
17897632292626765009;AniCura Kleintierspezialisten Augsburg;DE;Santé;large;Europe;False;9;1;2026-08-20;2026-08-20;75 % ou moins;plus de 2 fois l'habitude
17904078022925828128;Camping Les Peupliers;FR;Hôtellerie;small;Europe;False;19;1;2026-08-12;2026-08-12;75 % ou moins;plus de 2 fois l'habitude
17927604918696817653;Holiday Inn Club Vacations Galveston Seaside Resort;US;Hôtellerie;large;US;False;5;1;2026-08-15;2026-08-15;plus de 75 %;1 à 2 fois l'habitude
17939577718812997884;Nuvia Dental Implant Center;US;Santé;large;US;False;13;1;2026-08-16;2026-08-16;plus de 75 %;pas plus que d'habitude
17967578011633900843;A Better Way Wholesale Autos;US;Automobile;mono;US;False;23;1;2026-08-22;2026-08-22;75 % ou moins;1 à 2 fois l'habitude
1802107282303698256;EcoShield Pest Solutions Seattle;US;Services à domicile;large;US;False;34;1;2026-08-17;2026-08-17;75 % ou moins;pas plus que d'habitude
18035350017249985181;Mt. Washington Auto Road;US;Voyage;mono;US;False;38;1;2026-08-23;2026-08-23;75 % ou moins;plus de 2 fois l'habitude
18039740134458108848;Busa;ES;Sport et bien-être;mono;Europe;False;12;1;2026-08-13;2026-08-13;75 % ou moins;plus de 2 fois l'habitude
18047376486297237360;Cafateria Sevillano;ES;Restauration;mono;Europe;False;8;1;2026-08-23;2026-08-23;75 % ou moins;1 à 2 fois l'habitude
18069456573096405919;Club Düsseldorf Bilk;DE;Sport et bien-être;large;Europe;False;14;1;2026-08-18;2026-08-18;75 % ou moins;plus de 2 fois l'habitude
18077090396345278971;Cold Beers & Cheeseburgers;US;Restauration;large;US;False;6;1;2026-08-17;2026-08-17;75 % ou moins;1 à 2 fois l'habitude
18161937216849651667;The Paw House Inn & Dog Friendly Cottages;US;Hôtellerie;mono;US;False;8;1;2026-08-18;2026-08-18;plus de 75 %;plus de 2 fois l'habitude
18178015682874024510;Bludental Clinique;IT;Santé;large;Europe;False;19;1;2026-08-13;2026-08-13;plus de 75 %;1 à 2 fois l'habitude
18217891276831513644;Parque de Campismo da Vagueira;PT;Hôtellerie;large;Europe;False;24;1;2026-08-16;2026-08-16;75 % ou moins;plus de 2 fois l'habitude
18250774199179914288;Slow Village Anduze;FR;Hôtellerie;small;Europe;False;18;1;2026-08-14;2026-08-14;plus de 75 %;plus de 2 fois l'habitude
18280747029407178942;Cleanline carwash;DE;Automobile;small;Europe;False;10;1;2026-08-13;2026-08-13;75 % ou moins;1 à 2 fois l'habitude
18289652224721845159;Slascicarna Renata;SI;Restauration;mono;Europe;False;5;1;2026-08-20;2026-08-20;75 % ou moins;plus de 2 fois l'habitude
18315521293115672019;South Cali Air Conditioning;US;Services à domicile;mono;US;False;6;1;2026-08-14;2026-08-14;75 % ou moins;plus de 2 fois l'habitude
18421299742805120774;Compagnie des Déboucheurs;FR;Services à domicile;large;Europe;False;17;1;2026-08-17;2026-08-17;plus de 75 %;1 à 2 fois l'habitude
1887028520810657678;Kekäle;FI;Hôtellerie;small;Europe;False;6;1;2026-08-24;2026-08-24;75 % ou moins;1 à 2 fois l'habitude
1900776265152923115;Nuvia Dental Implant Center;US;Santé;large;US;False;38;1;2026-08-19;2026-08-19;plus de 75 %;1 à 2 fois l'habitude
1941489334271517764;Izgrev Beach Bar;MK;Hôtellerie;small;Europe;False;19;1;2026-08-23;2026-08-23;75 % ou moins;plus de 2 fois l'habitude
194977520700950183;Mikel Coffee;GR;Restauration;large;Europe;False;7;1;2026-08-19;2026-08-19;75 % ou moins;1 à 2 fois l'habitude
1989773721390893729;Camping Alyzia;GR;Hôtellerie;mono;Europe;False;14;1;2026-08-22;2026-08-22;75 % ou moins;plus de 2 fois l'habitude
2087225695153470438;Live On Air Fallsview Balloon Ride;US;Voyage;mono;US;False;7;1;2026-08-12;2026-08-12;75 % ou moins;plus de 2 fois l'habitude
2103791752636805899;Alannia Resorts;ES;Hôtellerie;small;Europe;False;81;1;2026-08-24;2026-08-24;plus de 75 %;plus de 2 fois l'habitude
2145017321911180517;P.J. Whelihan's Pub and Restaurant - Downingtown;US;Restauration;large;US;False;7;1;2026-08-23;2026-08-23;plus de 75 %;pas plus que d'habitude
2145894648200160415;Cuisine Plus;FR;Services à domicile;large;Europe;False;7;1;2026-08-20;2026-08-20;plus de 75 %;1 à 2 fois l'habitude
2148947061455884883;CitizenM Geneva Centre;CH;Hôtellerie;large;Europe;False;14;1;2026-08-19;2026-08-19;75 % ou moins;plus de 2 fois l'habitude
2151571184973839025;MEDA Gute Küchen;DE;Services à domicile;small;Europe;False;5;1;2026-08-19;2026-08-19;plus de 75 %;pas plus que d'habitude
2167474835967081249;Tierärzte AniCura;DE;Santé;large;Europe;False;13;1;2026-08-12;2026-08-12;75 % ou moins;1 à 2 fois l'habitude
2190884604217322786;Soya Sos;RS;Restauration;small;Europe;False;11;1;2026-08-24;2026-08-24;75 % ou moins;pas plus que d'habitude
2196558163206998818;Grismer Tire & Auto Service Center;US;Automobile;large;US;False;10;1;2026-08-16;2026-08-16;75 % ou moins;1 à 2 fois l'habitude
2404577743341477507;Gustaggio Pizzathek Pastaria & Bar;DE;Restauration;small;Europe;False;10;1;2026-08-13;2026-08-13;75 % ou moins;pas plus que d'habitude
2419013027999807825;Trapp Family Lodge;US;Hôtellerie;small;US;False;13;1;2026-08-23;2026-08-23;75 % ou moins;pas plus que d'habitude
2465497108457602761;Parasailing Palm Beach;US;Voyage;mono;US;False;8;1;2026-08-15;2026-08-15;75 % ou moins;plus de 2 fois l'habitude
2616626309713222402;Empire Today - Indianapolis, IN;US;Services à domicile;large;US;False;36;1;2026-08-23;2026-08-23;plus de 75 %;1 à 2 fois l'habitude
2767401247684746011;Skywalker Roofing Company;US;Services à domicile;small;US;False;9;1;2026-08-19;2026-08-19;plus de 75 %;plus de 2 fois l'habitude
2786679854623584616;Burger Boutique Klagenfurt;AT;Restauration;small;Europe;False;11;1;2026-08-20;2026-08-20;75 % ou moins;plus de 2 fois l'habitude
2797183553179767293;Rocket Carwash;US;Automobile;large;US;False;19;1;2026-08-19;2026-08-19;plus de 75 %;plus de 2 fois l'habitude
2813968132102955850;Toledo Auto Care;US;Automobile;small;US;False;6;1;2026-08-21;2026-08-21;plus de 75 %;1 à 2 fois l'habitude
2817059610110232751;Green Pest Services;US;Services à domicile;small;US;False;11;1;2026-08-16;2026-08-16;plus de 75 %;1 à 2 fois l'habitude
2864865818992573904;Hermann Trolley Company;US;Voyage;mono;US;False;6;1;2026-08-16;2026-08-16;75 % ou moins;1 à 2 fois l'habitude
2888566319665528028;The Island Club at North Captiva;US;Hôtellerie;small;US;False;11;1;2026-08-22;2026-08-22;75 % ou moins;plus de 2 fois l'habitude
2982711827784274142;Trattoria Al Galo;IT;Restauration;mono;Europe;False;5;1;2026-08-15;2026-08-15;75 % ou moins;1 à 2 fois l'habitude
3007865082037888641;Neoness;FR;Sport et bien-être;large;Europe;False;22;1;2026-08-23;2026-08-23;plus de 75 %;1 à 2 fois l'habitude
3055526259022060684;Detailcar Aqua Multiespacio;ES;Automobile;large;Europe;False;5;1;2026-08-13;2026-08-13;plus de 75 %;plus de 2 fois l'habitude
319943520006464494;Speakeasy Fitness;US;Sport et bien-être;small;US;False;7;1;2026-08-17;2026-08-17;75 % ou moins;pas plus que d'habitude
320016790683646635;Coach's Corner;US;Restauration;small;US;False;8;1;2026-08-18;2026-08-18;plus de 75 %;plus de 2 fois l'habitude
3227109177096445431;Hotel Restaurante Malaga Airport;ES;Hôtellerie;mono;Europe;False;11;1;2026-08-14;2026-08-14;plus de 75 %;1 à 2 fois l'habitude
3231643024316986062;Grand Hotel Excelsior;MT;Sport et bien-être;small;Europe;False;26;1;2026-08-21;2026-08-21;75 % ou moins;1 à 2 fois l'habitude
3265130282588045633;UGI Heating, Cooling & Plumbing;US;Services à domicile;small;US;False;5;1;2026-08-15;2026-08-15;75 % ou moins;1 à 2 fois l'habitude
3304126301589097138;Guntersville State Park Campground;US;Hôtellerie;large;US;False;5;1;2026-08-17;2026-08-17;75 % ou moins;pas plus que d'habitude
3305787388704568490;Valhalla Gym Club Salou;ES;Sport et bien-être;mono;Europe;False;5;1;2026-08-18;2026-08-18;75 % ou moins;pas plus que d'habitude
3311011992907686127;Planet Fitness;ES;Sport et bien-être;small;Europe;False;6;1;2026-08-18;2026-08-18;75 % ou moins;pas plus que d'habitude
3375047587326764395;Rookies All American Pub & Grill;US;Restauration;large;US;False;5;1;2026-08-22;2026-08-22;plus de 75 %;1 à 2 fois l'habitude
3426933955263773467;Delta Sonic Car Wash;US;Automobile;large;US;False;7;1;2026-08-21;2026-08-21;plus de 75 %;plus de 2 fois l'habitude
3442119792439123312;P.J. Whelihan's Pub and Restaurant;US;Restauration;large;US;False;16;1;2026-08-23;2026-08-23;plus de 75 %;plus de 2 fois l'habitude
3478475095175863634;UNA Hotel Bologna;IT;Hôtellerie;large;Europe;False;10;1;2026-08-24;2026-08-24;plus de 75 %;1 à 2 fois l'habitude
357179753298412712;Camping Adriatico;IT;Hôtellerie;mono;Europe;False;10;1;2026-08-16;2026-08-16;75 % ou moins;plus de 2 fois l'habitude
3597932619057576281;Chickie's and Pete's Terminal D;US;Restauration;large;US;False;11;1;2026-08-18;2026-08-18;75 % ou moins;pas plus que d'habitude
3685830225093989329;P2O Hot Pilates & Fitness;US;Sport et bien-être;mono;US;False;6;1;2026-08-13;2026-08-13;75 % ou moins;plus de 2 fois l'habitude
3707646942252676787;Signature Smiles;US;Santé;mono;US;False;6;1;2026-08-12;2026-08-12;75 % ou moins;1 à 2 fois l'habitude
3755254770851909101;Fox Rent A Car;US;Automobile;large;US;False;16;1;2026-08-23;2026-08-23;75 % ou moins;1 à 2 fois l'habitude
3781294482129613031;Clinique Vétérinaire des Docteurs Glatard et Tabardel;FR;Santé;small;Europe;False;6;1;2026-08-16;2026-08-16;plus de 75 %;plus de 2 fois l'habitude
3792836982665205875;Camping Les Sirènes - Campéole;FR;Hôtellerie;large;Europe;False;48;1;2026-08-20;2026-08-20;plus de 75 %;plus de 2 fois l'habitude
3797434712829554023;Grand Hotel Vanvitelli;IT;Hôtellerie;small;Europe;False;24;1;2026-08-23;2026-08-23;75 % ou moins;plus de 2 fois l'habitude
3803180817498333342;Grismer Tire and Auto Service Center;US;Automobile;large;US;False;7;1;2026-08-16;2026-08-16;75 % ou moins;1 à 2 fois l'habitude
3831434267061934154;Delta Sonic Car Wash;US;Automobile;large;US;False;11;1;2026-08-12;2026-08-12;plus de 75 %;1 à 2 fois l'habitude
3883668363712470692;Vakantiepark Capfun - De Sprookjescamping;NL;Hôtellerie;large;Europe;False;20;1;2026-08-22;2026-08-22;75 % ou moins;plus de 2 fois l'habitude
3965610841936225020;Kai Kanani Sailing;US;Voyage;mono;US;False;7;1;2026-08-23;2026-08-23;plus de 75 %;plus de 2 fois l'habitude
4009596460761180782;Crep'eat;FR;Restauration;large;Europe;False;26;1;2026-08-18;2026-08-18;plus de 75 %;plus de 2 fois l'habitude
4023608679818748974;HT Fitness;US;Sport et bien-être;small;US;False;18;1;2026-08-17;2026-08-17;75 % ou moins;pas plus que d'habitude
408218802273117307;Stroud's;US;Restauration;small;US;False;10;1;2026-08-16;2026-08-16;75 % ou moins;1 à 2 fois l'habitude
4130567824211809390;Evancy Hardelot – Equihen;FR;Hôtellerie;small;Europe;False;5;1;2026-08-18;2026-08-18;75 % ou moins;plus de 2 fois l'habitude
4157712007825970173;MedVet Commerce;US;Santé;large;US;False;21;1;2026-08-16;2026-08-16;plus de 75 %;1 à 2 fois l'habitude
4172271927494145202;EcoShield Pest Solutions;US;Services à domicile;large;US;True;44;1;2026-08-13;2026-08-13;75 % ou moins;1 à 2 fois l'habitude
4197479918269694878;Carolina Ale House;US;Restauration;large;US;False;15;1;2026-08-17;2026-08-17;75 % ou moins;pas plus que d'habitude
4279075190424215586;AZUR Camping Altmühltal in Bayern;DE;Hôtellerie;small;Europe;False;31;1;2026-08-15;2026-08-15;plus de 75 %;plus de 2 fois l'habitude
431459973589343180;Les Thermes Du Soleil Lamalou Les Bains;FR;Sport et bien-être;large;Europe;False;38;1;2026-08-24;2026-08-24;75 % ou moins;1 à 2 fois l'habitude
4320666089103780640;Streetside Classics;US;Automobile;small;US;False;6;1;2026-08-12;2026-08-12;plus de 75 %;1 à 2 fois l'habitude
4568901441266442943;Comfort Hotel Union Brygge;NO;Hôtellerie;large;Europe;False;6;1;2026-08-12;2026-08-12;75 % ou moins;1 à 2 fois l'habitude
460286017766658749;Calicéo;FR;Sport et bien-être;small;Europe;False;67;1;2026-08-21;2026-08-21;plus de 75 %;pas plus que d'habitude
4646329026897735795;Fremont Hills Dental Centre;US;Santé;mono;US;False;7;1;2026-08-16;2026-08-16;plus de 75 %;pas plus que d'habitude
4646402734061821755;Kensington Inn & Suites;US;Hôtellerie;mono;US;False;9;1;2026-08-16;2026-08-16;plus de 75 %;1 à 2 fois l'habitude
4653529780579342274;Luminare Aesthetics & Wellness;US;Sport et bien-être;small;US;False;8;1;2026-08-15;2026-08-15;plus de 75 %;pas plus que d'habitude
4662568864035634645;Reizen Verhoeven;BE;Voyage;mono;Europe;False;11;1;2026-08-18;2026-08-18;75 % ou moins;1 à 2 fois l'habitude
4676377504118384266;University Radiology Group;US;Santé;small;US;False;6;1;2026-08-23;2026-08-23;plus de 75 %;1 à 2 fois l'habitude
4676833212319568761;Tacos El Tio;US;Restauration;small;US;False;6;1;2026-08-24;2026-08-24;75 % ou moins;1 à 2 fois l'habitude
4692572163226666906;La Finca Resort;ES;Hôtellerie;mono;Europe;False;9;1;2026-08-20;2026-08-20;plus de 75 %;plus de 2 fois l'habitude
471022147629183520;Insight Pest Solutions;US;Services à domicile;large;US;True;5;1;2026-08-12;2026-08-12;75 % ou moins;1 à 2 fois l'habitude
4811466056390068392;Seaside Sailing Excursions;US;Voyage;mono;US;False;7;1;2026-08-22;2026-08-22;plus de 75 %;plus de 2 fois l'habitude
4976669384732193579;Mon Reve Ecogreen Resort;IT;Hôtellerie;mono;Europe;False;9;1;2026-08-12;2026-08-12;75 % ou moins;1 à 2 fois l'habitude
5050221575652582467;elaya hotel regensburg city center;DE;Hôtellerie;large;Europe;False;7;1;2026-08-24;2026-08-24;75 % ou moins;1 à 2 fois l'habitude
5057368069402798167;Club Wien Schwedenplatz;AT;Sport et bien-être;large;Europe;False;6;1;2026-08-16;2026-08-16;75 % ou moins;pas plus que d'habitude
5088659347287832281;Elaya Hotel Stuttgart Boeblingen;DE;Hôtellerie;large;Europe;False;12;1;2026-08-14;2026-08-14;75 % ou moins;plus de 2 fois l'habitude
5101721788897113445;Nuvia Dental Implant Center;US;Santé;large;US;False;21;1;2026-08-23;2026-08-23;plus de 75 %;pas plus que d'habitude
5125248847484598159;Bludental - Lodi;IT;Santé;large;Europe;False;5;1;2026-08-19;2026-08-19;plus de 75 %;pas plus que d'habitude
5140064318616842970;Dove Family Dentistry;US;Santé;small;US;False;11;1;2026-08-12;2026-08-12;75 % ou moins;1 à 2 fois l'habitude
5225060487792937874;Austin Heli Tours;US;Voyage;mono;US;False;12;1;2026-08-23;2026-08-23;75 % ou moins;plus de 2 fois l'habitude
5240294148662776055;Pediatric Dental Group and Adventure Vision;US;Santé;large;US;False;8;1;2026-08-12;2026-08-12;plus de 75 %;1 à 2 fois l'habitude
5247971981139397931;Insight Pest Solutions;US;Services à domicile;large;US;True;9;1;2026-08-23;2026-08-23;75 % ou moins;plus de 2 fois l'habitude
5291096098763143504;Pizza Hut Express;HU;Restauration;large;Europe;False;27;1;2026-08-19;2026-08-19;75 % ou moins;1 à 2 fois l'habitude
5293349568823805641;Carolina Ale House;US;Restauration;large;US;False;18;1;2026-08-19;2026-08-19;plus de 75 %;pas plus que d'habitude
5322781895303092880;Bulwark Exterminating;US;Services à domicile;large;US;True;47;1;2026-08-20;2026-08-20;plus de 75 %;1 à 2 fois l'habitude
5394185019158796120;Pepenero;DE;Restauration;small;Europe;False;6;1;2026-08-15;2026-08-15;75 % ou moins;1 à 2 fois l'habitude
5433174784903405646;Demänová Rezort;SK;Restauration;small;Europe;False;26;1;2026-08-23;2026-08-23;75 % ou moins;1 à 2 fois l'habitude
5447155538553208852;Stars exterminator inc;US;Services à domicile;mono;US;False;5;1;2026-08-13;2026-08-13;plus de 75 %;plus de 2 fois l'habitude
5525824012557246585;A Plus Garage Door Repair;US;Services à domicile;large;US;False;9;1;2026-08-12;2026-08-12;plus de 75 %;pas plus que d'habitude
5568849727449827652;abba Madrid hotel ****S;ES;Hôtellerie;large;Europe;False;5;1;2026-08-18;2026-08-18;plus de 75 %;pas plus que d'habitude
564118306069899776;Cuisinella;FR;Services à domicile;large;Europe;False;5;1;2026-08-19;2026-08-19;plus de 75 %;1 à 2 fois l'habitude
5643395061886170817;Bludental Clinique;IT;Santé;large;Europe;False;10;1;2026-08-12;2026-08-12;plus de 75 %;pas plus que d'habitude
5687797684349236333;Grismer Tire and Auto Service Center;US;Automobile;large;US;False;7;1;2026-08-12;2026-08-12;75 % ou moins;1 à 2 fois l'habitude
5729483541915345558;Good Night John Boy;US;Restauration;small;US;False;9;1;2026-08-22;2026-08-22;plus de 75 %;pas plus que d'habitude
5790783632375840264;United Air Temp;US;Services à domicile;large;US;False;22;1;2026-08-24;2026-08-24;plus de 75 %;1 à 2 fois l'habitude
5840554387186856980;EcoShield Pest Solutions Los Angeles;US;Services à domicile;large;US;False;18;1;2026-08-18;2026-08-18;75 % ou moins;1 à 2 fois l'habitude
587102981669669421;Vakantiepark Capfun De Rotonde;NL;Hôtellerie;large;Europe;False;29;1;2026-08-14;2026-08-14;75 % ou moins;plus de 2 fois l'habitude
5924880961298011125;P.j. Whelihan's Pub + Restaurant - Oaks;US;Restauration;large;US;False;11;1;2026-08-16;2026-08-16;plus de 75 %;1 à 2 fois l'habitude
5999991654383813138;EcoShield Pest Solutions;US;Services à domicile;large;US;True;52;1;2026-08-19;2026-08-19;75 % ou moins;plus de 2 fois l'habitude
6105401712141282729;Elaya Hotel;DE;Hôtellerie;large;Europe;False;7;1;2026-08-21;2026-08-21;75 % ou moins;1 à 2 fois l'habitude
6121783115556617646;ICONA Diamond Beach;US;Hôtellerie;small;US;False;9;1;2026-08-24;2026-08-24;75 % ou moins;1 à 2 fois l'habitude
6190689382545763815;MedVet Akron;US;Santé;large;US;False;35;1;2026-08-13;2026-08-13;plus de 75 %;1 à 2 fois l'habitude
6208454101415437139;Cénica Porto Hotel, Curio Collection by Hilton;PT;Hôtellerie;small;Europe;False;7;1;2026-08-20;2026-08-20;plus de 75 %;1 à 2 fois l'habitude
6214115630196438065;Samesun Hotel;US;Hôtellerie;small;US;False;7;1;2026-08-23;2026-08-23;75 % ou moins;pas plus que d'habitude
6303796825523196064;P.j. Whelihan's Pub + Restaurant - Harrisburg;US;Restauration;large;US;False;7;1;2026-08-24;2026-08-24;plus de 75 %;pas plus que d'habitude
6320061476609597807;Nuvia Dental Implant Center;US;Santé;large;US;False;29;1;2026-08-19;2026-08-19;plus de 75 %;1 à 2 fois l'habitude
6361265290021000558;MedVet Northern Virginia;US;Santé;large;US;False;13;1;2026-08-22;2026-08-22;plus de 75 %;1 à 2 fois l'habitude
6453711745241527355;Premier Pest Control LLC;US;Services à domicile;mono;US;False;7;1;2026-08-21;2026-08-21;plus de 75 %;plus de 2 fois l'habitude
6535206328573237763;Bandanas BBQ;US;Restauration;large;US;False;32;1;2026-08-18;2026-08-18;plus de 75 %;plus de 2 fois l'habitude
6557818690522103227;Fnac Café;PT;Services à domicile;large;Europe;False;8;1;2026-08-20;2026-08-20;75 % ou moins;pas plus que d'habitude
6561628377451461140;Luminous Electric;US;Services à domicile;small;US;False;10;1;2026-08-15;2026-08-15;plus de 75 %;plus de 2 fois l'habitude
6571482370928614810;Tramway Touristique de l'Aisne;BE;Voyage;mono;Europe;False;8;1;2026-08-18;2026-08-18;plus de 75 %;plus de 2 fois l'habitude
669204166321054529;Camping Orsera;HR;Hôtellerie;large;Europe;False;22;1;2026-08-14;2026-08-14;plus de 75 %;plus de 2 fois l'habitude
6715074896337015651;Cosmo Gym;DE;Hôtellerie;small;Europe;False;6;1;2026-08-22;2026-08-22;plus de 75 %;1 à 2 fois l'habitude
6748788238520036681;Cabinet de Radiologie et d'Échographie du Marquenterre;FR;Santé;mono;Europe;False;22;1;2026-08-13;2026-08-13;75 % ou moins;plus de 2 fois l'habitude
6763361579864088286;Animal Care Hospital of Waterford;US;Santé;small;US;False;5;1;2026-08-13;2026-08-13;75 % ou moins;plus de 2 fois l'habitude
6766260821143777291;citizenM Boston North Station;US;Hôtellerie;large;US;False;14;1;2026-08-12;2026-08-12;75 % ou moins;plus de 2 fois l'habitude
6908130218029146384;First Chance Whale Watch;US;Voyage;mono;US;False;14;1;2026-08-13;2026-08-13;75 % ou moins;plus de 2 fois l'habitude
6944965026130965577;Fritz Berger Freizeitmarkt;DE;Services à domicile;small;Europe;False;8;1;2026-08-24;2026-08-24;75 % ou moins;plus de 2 fois l'habitude
6974005517924331668;"Бирария ""Do Re Mi""";BG;Restauration;small;Europe;False;7;1;2026-08-17;2026-08-17;75 % ou moins;1 à 2 fois l'habitude
7010609789026452809;Bandana's Bar-b-q Sunset Hills;US;Restauration;large;US;False;7;1;2026-08-20;2026-08-20;plus de 75 %;1 à 2 fois l'habitude
7033592660270605060;Fair Doctors - Zahnarzt in Oberhausen-Zentrum;DE;Santé;large;Europe;False;25;1;2026-08-14;2026-08-14;plus de 75 %;1 à 2 fois l'habitude
7053055614556611354;Club Düsseldorf Arcaden;DE;Sport et bien-être;large;Europe;False;5;1;2026-08-23;2026-08-23;75 % ou moins;pas plus que d'habitude
7071381681211698134;Grismer Tire and Auto Service Center;US;Automobile;large;US;False;9;1;2026-08-19;2026-08-19;75 % ou moins;1 à 2 fois l'habitude
7083299842212987279;Torches On The Hudson;US;Restauration;mono;US;False;7;1;2026-08-19;2026-08-19;75 % ou moins;pas plus que d'habitude
7096408937821973133;Elbgym;DE;Sport et bien-être;small;Europe;False;16;1;2026-08-23;2026-08-23;75 % ou moins;pas plus que d'habitude
7099990178297343095;Saturn Fitness;PL;Sport et bien-être;small;Europe;False;8;1;2026-08-22;2026-08-22;plus de 75 %;1 à 2 fois l'habitude
7124218797410307542;Dental Smiles 4 Kids;US;Santé;small;US;False;6;1;2026-08-19;2026-08-19;75 % ou moins;1 à 2 fois l'habitude
7139107833146033204;AniCura Kleintierzentrum Neckarwiesen;DE;Santé;large;Europe;False;6;1;2026-08-17;2026-08-17;plus de 75 %;plus de 2 fois l'habitude
715658166342483763;Camping Campéole Le Lac de Sanguinet;FR;Hôtellerie;large;Europe;False;11;1;2026-08-22;2026-08-22;plus de 75 %;plus de 2 fois l'habitude
7157732050058394363;Michael H. Freedland, MD;US;Sport et bien-être;mono;US;False;23;1;2026-08-19;2026-08-19;plus de 75 %;plus de 2 fois l'habitude
7162585244385326466;MedVet Dayton;US;Santé;large;US;False;20;1;2026-08-23;2026-08-23;plus de 75 %;1 à 2 fois l'habitude
7292039379952712442;The Pub;CZ;Restauration;small;Europe;False;15;1;2026-08-18;2026-08-18;75 % ou moins;1 à 2 fois l'habitude
730478242196086435;Jersey Shore Pirates;US;Voyage;mono;US;False;29;1;2026-08-17;2026-08-17;75 % ou moins;plus de 2 fois l'habitude
7323321349510347047;DKM Experts;FR;Services à domicile;mono;Europe;False;14;1;2026-08-19;2026-08-19;plus de 75 %;plus de 2 fois l'habitude
7448001248995661197;ITH Mission Beach Backpacker Hostel;US;Hôtellerie;small;US;False;5;1;2026-08-18;2026-08-18;plus de 75 %;plus de 2 fois l'habitude
747245578229163604;Ninkasi Part-Dieu;FR;Restauration;large;Europe;False;13;1;2026-08-12;2026-08-12;plus de 75 %;pas plus que d'habitude
750717149167132589;Moses Used Supercenter;US;Automobile;small;US;False;36;1;2026-08-14;2026-08-14;75 % ou moins;plus de 2 fois l'habitude
7545684560412136603;L di Leopoldo Infante;IT;Restauration;small;Europe;False;7;1;2026-08-23;2026-08-23;plus de 75 %;1 à 2 fois l'habitude
7546793041648082509;Pijalnia Czekolady i Kawy Mount Blanc;PL;Restauration;small;Europe;False;14;1;2026-08-17;2026-08-17;75 % ou moins;plus de 2 fois l'habitude
7571872526739045011;Hekkan Burger;NO;Restauration;small;Europe;False;11;1;2026-08-14;2026-08-14;plus de 75 %;1 à 2 fois l'habitude
7573674174256860664;Neoness;FR;Sport et bien-être;large;Europe;False;9;1;2026-08-15;2026-08-15;75 % ou moins;1 à 2 fois l'habitude
7624780555548074714;Les Chiens Fous;FR;Restauration;small;Europe;False;42;1;2026-08-21;2026-08-21;75 % ou moins;plus de 2 fois l'habitude
7653452920427533171;Outrigger Hotels and Resorts;US;Hôtellerie;large;US;False;17;1;2026-08-24;2026-08-24;plus de 75 %;1 à 2 fois l'habitude
7671213967669097928;Fox Rent A Car;US;Automobile;large;US;False;17;1;2026-08-17;2026-08-17;75 % ou moins;1 à 2 fois l'habitude
7752215322864100574;Akanthus | Athens;GR;Restauration;small;Europe;False;20;1;2026-08-15;2026-08-15;75 % ou moins;plus de 2 fois l'habitude
7763249281847596762;Nuvia Dental Implant Center;US;Santé;large;US;False;21;1;2026-08-16;2026-08-16;plus de 75 %;1 à 2 fois l'habitude
7793181114353132360;Dagwood's Deli & Sports Bar;US;Restauration;small;US;False;17;1;2026-08-17;2026-08-17;75 % ou moins;1 à 2 fois l'habitude
7842264924727576825;Los Barqueros;ES;Voyage;mono;Europe;False;20;1;2026-08-20;2026-08-20;75 % ou moins;plus de 2 fois l'habitude
7872771655149122629;Rosa Bonheur sur Seine;FR;Restauration;small;Europe;False;23;1;2026-08-21;2026-08-21;75 % ou moins;1 à 2 fois l'habitude
7903806739932122359;Bludental Clinique Prati Fiscali;IT;Santé;large;Europe;False;7;1;2026-08-23;2026-08-23;plus de 75 %;pas plus que d'habitude
791442415345605027;aBeauty clinique Brasov;RO;Sport et bien-être;small;Europe;False;12;1;2026-08-23;2026-08-23;plus de 75 %;pas plus que d'habitude
7993333670751914535;Speedfitness Bruckmühl;DE;Sport et bien-être;small;Europe;False;7;1;2026-08-24;2026-08-24;plus de 75 %;1 à 2 fois l'habitude
8028924830472516851;The Joint ...the chiropractic place;US;Santé;small;US;False;12;1;2026-08-13;2026-08-13;plus de 75 %;plus de 2 fois l'habitude
8073995387102752134;King Pub;IT;Restauration;small;Europe;False;5;1;2026-08-14;2026-08-14;plus de 75 %;plus de 2 fois l'habitude
8114128720382389588;Pizza Hut;HU;Restauration;large;Europe;False;7;1;2026-08-15;2026-08-15;75 % ou moins;1 à 2 fois l'habitude
8191249487892833403;Gene's Root Beer and Hot Dogs;US;Restauration;large;US;False;10;1;2026-08-23;2026-08-23;75 % ou moins;plus de 2 fois l'habitude
8225190830114929959;EcoShield Pest Solutions;US;Services à domicile;large;US;True;56;1;2026-08-24;2026-08-24;75 % ou moins;1 à 2 fois l'habitude
8225755834212532549;Costadoro Coffee Lab Diamond;IT;Restauration;small;Europe;False;6;1;2026-08-23;2026-08-23;plus de 75 %;1 à 2 fois l'habitude
8238249337582442116;Indiana Caverns;US;Voyage;mono;US;False;8;1;2026-08-22;2026-08-22;plus de 75 %;1 à 2 fois l'habitude
8240905713245591103;Carolina Ale House;US;Restauration;large;US;False;52;1;2026-08-15;2026-08-15;plus de 75 %;1 à 2 fois l'habitude
8280880334856818240;Flight Club Denver;US;Restauration;small;US;False;8;1;2026-08-12;2026-08-12;plus de 75 %;1 à 2 fois l'habitude
8319905239993359244;Ninkasi Besancon;FR;Restauration;large;Europe;False;5;1;2026-08-24;2026-08-24;plus de 75 %;pas plus que d'habitude
8354474672359197678;Itza La Pyramide;FR;Services à domicile;small;Europe;False;7;1;2026-08-20;2026-08-20;75 % ou moins;pas plus que d'habitude
8481046460283011703;Camping Orbitur de Valado;PT;Hôtellerie;large;Europe;False;16;1;2026-08-17;2026-08-17;75 % ou moins;plus de 2 fois l'habitude
8546087388068866027;EcoShield Pest Solutions Houston;US;Services à domicile;large;US;False;62;1;2026-08-13;2026-08-13;75 % ou moins;1 à 2 fois l'habitude
8659221931591230635;Camping La Foret;FR;Hôtellerie;large;Europe;False;11;1;2026-08-15;2026-08-15;75 % ou moins;plus de 2 fois l'habitude
8662000526093675280;Comfort Hotel Porsgrunn;NO;Hôtellerie;large;Europe;False;9;1;2026-08-19;2026-08-19;75 % ou moins;plus de 2 fois l'habitude
8847924381782242875;Chewy Vet Care;US;Santé;small;US;False;15;1;2026-08-12;2026-08-12;75 % ou moins;1 à 2 fois l'habitude
88709110733680511;Picciolo Etna Golf Resort & Spa, Curio Collection by Hilton;IT;Hôtellerie;small;Europe;False;23;1;2026-08-15;2026-08-15;plus de 75 %;plus de 2 fois l'habitude
8888669961514167325;Evolve Chiropractic of Schaumburg;US;Santé;large;US;False;5;1;2026-08-18;2026-08-18;plus de 75 %;1 à 2 fois l'habitude
905780091127160689;Windmillhopper;NL;Voyage;mono;Europe;False;5;1;2026-08-14;2026-08-14;plus de 75 %;pas plus que d'habitude
9064400892948543053;Drive N-Motion;US;Automobile;small;US;False;7;1;2026-08-14;2026-08-14;75 % ou moins;1 à 2 fois l'habitude
9064466342793657553;Adventure Dental and Vision;US;Santé;large;US;False;12;1;2026-08-16;2026-08-16;plus de 75 %;plus de 2 fois l'habitude
9077023294044024003;Good Night John Boy;US;Restauration;small;US;False;20;1;2026-08-14;2026-08-14;plus de 75 %;plus de 2 fois l'habitude
9161561140106192134;Cardinale Volkswagen;US;Automobile;mono;US;False;15;1;2026-08-13;2026-08-13;plus de 75 %;plus de 2 fois l'habitude
9172721348159210314;Children Dental World;US;Santé;small;US;False;25;1;2026-08-21;2026-08-21;75 % ou moins;plus de 2 fois l'habitude
9202959950480882588;AIRE Ancient Baths;US;Sport et bien-être;small;US;False;7;1;2026-08-20;2026-08-20;plus de 75 %;pas plus que d'habitude
9232548444713997534;FNAC Mar Shopping;PT;Services à domicile;large;Europe;False;36;1;2026-08-20;2026-08-20;75 % ou moins;plus de 2 fois l'habitude
9342912905018133048;EcoShield Pest Solutions NJ;US;Services à domicile;large;US;False;44;1;2026-08-17;2026-08-17;75 % ou moins;1 à 2 fois l'habitude
936014774141576560;WestVet Meridian;US;Santé;large;US;False;11;1;2026-08-14;2026-08-14;plus de 75 %;1 à 2 fois l'habitude
9372246548237268326;Mr. Clean Erfurt;DE;Automobile;small;Europe;False;7;1;2026-08-23;2026-08-23;75 % ou moins;plus de 2 fois l'habitude
9372823467771251065;Jalilo;FR;Voyage;mono;Europe;False;17;1;2026-08-17;2026-08-17;plus de 75 %;plus de 2 fois l'habitude
9400441828486763598;Brick House Tavern and Tap;US;Restauration;large;US;False;75;1;2026-08-13;2026-08-13;plus de 75 %;1 à 2 fois l'habitude
9451547408821148495;Honey Moon Coffee Newburgh;US;Restauration;small;US;False;6;1;2026-08-16;2026-08-16;75 % ou moins;plus de 2 fois l'habitude
9494375248531743916;P.J. Whelihan's Pub and Restaurant;US;Restauration;large;US;False;12;1;2026-08-23;2026-08-23;plus de 75 %;pas plus que d'habitude
9520786090647944355;Seehotel Antrifttal;DE;Hôtellerie;mono;Europe;False;7;1;2026-08-17;2026-08-17;75 % ou moins;plus de 2 fois l'habitude
9555804487296852186;Homemade Taqueria Meeker Ave;US;Restauration;large;US;False;8;1;2026-08-20;2026-08-20;75 % ou moins;plus de 2 fois l'habitude
9565863715263679472;Ninkasi;FR;Restauration;large;Europe;False;6;1;2026-08-21;2026-08-21;plus de 75 %;1 à 2 fois l'habitude
9592296944037946224;Bludental Clinique;IT;Santé;large;Europe;False;5;1;2026-08-16;2026-08-16;plus de 75 %;pas plus que d'habitude
967864936141351090;Holiday Inn Club Vacations Smoky Mountain Resort;US;Hôtellerie;large;US;False;13;1;2026-08-21;2026-08-21;plus de 75 %;1 à 2 fois l'habitude
9720659306086328370;El Charrito Mexican Grill;US;Restauration;small;US;False;6;1;2026-08-14;2026-08-14;75 % ou moins;1 à 2 fois l'habitude
9772198828953950708;Gourmet Food Parlour Santry;IE;Restauration;small;Europe;False;13;1;2026-08-17;2026-08-17;plus de 75 %;plus de 2 fois l'habitude
9804255581007149837;Irri Pros;FR;Services à domicile;small;Europe;False;10;1;2026-08-15;2026-08-15;plus de 75 %;plus de 2 fois l'habitude
9863064808548665356;Auto Bierschneider;DE;Automobile;large;Europe;False;5;1;2026-08-20;2026-08-20;plus de 75 %;1 à 2 fois l'habitude
9889982127312659581;Covewood - Mission Bay Resort;US;Hôtellerie;small;US;False;5;1;2026-08-12;2026-08-12;75 % ou moins;plus de 2 fois l'habitude
9895781671385058057;Delta Sonic Car Wash;US;Automobile;large;US;False;6;1;2026-08-14;2026-08-14;plus de 75 %;pas plus que d'habitude
9939370976766380597;Rosa Bonheur;FR;Restauration;small;Europe;False;22;1;2026-08-18;2026-08-18;75 % ou moins;plus de 2 fois l'habitude
9951250439450898048;Abba San Sebastian;ES;Hôtellerie;large;Europe;False;9;1;2026-08-17;2026-08-17;plus de 75 %;plus de 2 fois l'habitude
