taille_detail;habitude;reponse;cid;enseigne;region;enseigne_signalee;suppressions;jours_de_suppression
large;75 % ou moins;1 jour;6278096211291522244;Active Pest Control;US;False;13;2026-08-16, 2026-08-17, 2026-08-19, 2026-08-20, 2026-08-23
large;75 % ou moins;1 jour;14727272453529875622;Active Pest Control;US;False;11;2026-08-12, 2026-08-13, 2026-08-16, 2026-08-18, 2026-08-22
large;75 % ou moins;1 jour;2581892313902237641;EcoShield Pest Solutions New York;US;False;4;2026-08-13
large;75 % ou moins;1 jour;12523973092132012183;EcoShield Pest Solutions;US;True;3;2026-08-17, 2026-08-23
large;75 % ou moins;1 jour;178064072666686963;EcoShield Pest Solutions;US;True;2;2026-08-12, 2026-08-19
large;75 % ou moins;1 jour;6979673743686913152;EcoShield Pest Solutions;US;True;2;2026-08-16, 2026-08-22
large;75 % ou moins;1 jour;11133012813713719456;Globales Binimar;Europe;False;1;2026-08-23
large;75 % ou moins;1 jour;11253624861875245129;EcoShield Pest Solutions;US;True;1;2026-08-24
large;75 % ou moins;1 jour;11466047640980566323;Globales Condes de Alcudia;Europe;False;1;2026-08-15
large;75 % ou moins;1 jour;12360096089404091512;elaya hotel kleve;Europe;False;1;2026-08-23
large;75 % ou moins;1 jour;13464631525318348002;AniCura Tierklinik Neandertal GmbH;Europe;False;1;2026-08-15
large;75 % ou moins;1 jour;13682614441707672579;Active Pest Control;US;False;1;2026-08-12
large;75 % ou moins;1 jour;13897763736459627580;Pizza Hut Budapest Király;Europe;False;1;2026-08-14
large;75 % ou moins;1 jour;14112705270114144342;Camping Capfun Vlinderloo;Europe;False;1;2026-08-13
large;75 % ou moins;1 jour;15713786149979891489;Club Bonn;Europe;False;1;2026-08-17
large;75 % ou moins;1 jour;17462277601822099590;Pizza Hut Budapest Üllői;Europe;False;1;2026-08-20
large;75 % ou moins;1 jour;18143610989022699807;SkinSpirit Roslyn Heights;US;False;1;2026-08-17
large;75 % ou moins;1 jour;3163466139043001754;Boutique The Boxer Club Dr Castelo;Europe;True;1;2026-08-16
large;75 % ou moins;1 jour;4433090577107943247;EcoShield Pest Solutions;US;True;1;2026-08-19
large;75 % ou moins;1 jour;6877234864048972604;Club Erlangen;Europe;False;1;2026-08-18
large;75 % ou moins;1 jour;7613905074252745810;EcoShield Pest Solutions;US;True;1;2026-08-13
large;75 % ou moins;1 jour;817498439303474635;EcoShield Pest Solutions;US;True;1;2026-08-19
large;75 % ou moins;1 jour;8346608655513514854;Chickie's and Pete's;US;False;1;2026-08-14
large;75 % ou moins;1 jour;8592193049411979519;EcoShield Pest Solutions;US;True;1;2026-08-20
large;75 % ou moins;1 jour;8659221931591230635;Camping La Foret;Europe;False;1;2026-08-15
large;75 % ou moins;1 jour;874651835356138210;Au Fût et à Mesure;Europe;False;1;2026-08-16
large;75 % ou moins;1 jour;9284506857513497045;ABC Home & Commercial Services;US;False;1;2026-08-15
large;75 % ou moins;2 jours;845684297895448830;Globales Apartamentos Montemar;Europe;False;2;2026-08-23
large;75 % ou moins;2 jours;10346942689164695031;The Boxer Club;Europe;True;1;2026-08-12
large;75 % ou moins;2 jours;12242899512208579596;Insight Pest Solutions;US;True;1;2026-08-12
large;75 % ou moins;2 jours;14727272453529875622;Active Pest Control;US;False;1;2026-08-23
large;75 % ou moins;2 jours;18217891276831513644;Parque de Campismo da Vagueira;Europe;False;1;2026-08-16
large;75 % ou moins;2 jours;2581892313902237641;EcoShield Pest Solutions New York;US;False;1;2026-08-12
large;75 % ou moins;2 jours;3163466139043001754;Boutique The Boxer Club Dr Castelo;Europe;True;1;2026-08-23
large;75 % ou moins;2 jours;6105401712141282729;Elaya Hotel;Europe;False;1;2026-08-21
large;75 % ou moins;2 jours;7613905074252745810;EcoShield Pest Solutions;US;True;1;2026-08-16
large;75 % ou moins;3 jours et plus;3163466139043001754;Boutique The Boxer Club Dr Castelo;Europe;True;120;2026-08-13, 2026-08-15, 2026-08-16, 2026-08-17, 2026-08-22, 2026-08-23
large;75 % ou moins;3 jours et plus;10346942689164695031;The Boxer Club;Europe;True;103;2026-08-12, 2026-08-17, 2026-08-18, 2026-08-22, 2026-08-23
large;75 % ou moins;3 jours et plus;12242899512208579596;Insight Pest Solutions;US;True;4;2026-08-12, 2026-08-17
large;75 % ou moins;3 jours et plus;11244106783564826397;Club Kiel Altstadt;Europe;False;3;2026-08-13, 2026-08-15, 2026-08-19
large;75 % ou moins;3 jours et plus;10376466765804245271;Club Berlin Kreuzberg;Europe;False;2;2026-08-14, 2026-08-19
large;75 % ou moins;3 jours et plus;14298233888485556219;Club Berlin Prenzlauer Berg;Europe;False;2;2026-08-21, 2026-08-23
large;75 % ou moins;3 jours et plus;16292587188784289489;Crep'eat Ares;Europe;False;2;2026-08-13, 2026-08-24
large;75 % ou moins;3 jours et plus;6278096211291522244;Active Pest Control;US;False;2;2026-08-17, 2026-08-18
large;75 % ou moins;3 jours et plus;845684297895448830;Globales Apartamentos Montemar;Europe;False;2;2026-08-22
large;75 % ou moins;3 jours et plus;10035115190962299601;Bright Star Automotive;US;False;1;2026-08-18
large;75 % ou moins;3 jours et plus;10923011767881632746;Cafe Vivaldi;Europe;False;1;2026-08-13
large;75 % ou moins;3 jours et plus;11516114048315496084;AniCura Kleintiermedizinisches Zentrum Hüttig;Europe;False;1;2026-08-15
large;75 % ou moins;3 jours et plus;16002063853041743938;Club Hamburg Wandsbek;Europe;False;1;2026-08-23
large;75 % ou moins;3 jours et plus;17027544060444986973;Hipotels Bahía Grande;Europe;False;1;2026-08-20
large;75 % ou moins;3 jours et plus;178064072666686963;EcoShield Pest Solutions;US;True;1;2026-08-15
large;75 % ou moins;3 jours et plus;18143610989022699807;SkinSpirit Roslyn Heights;US;False;1;2026-08-20
large;75 % ou moins;3 jours et plus;2096774497021291114;Play2;US;False;1;2026-08-14
large;75 % ou moins;3 jours et plus;3041101590869767932;Carolina Ale House - Fort Mill;US;False;1;2026-08-18
large;75 % ou moins;3 jours et plus;3171881406442480015;Club Berlin Friedrichshain;Europe;False;1;2026-08-13
large;75 % ou moins;3 jours et plus;4197479918269694878;Carolina Ale House;US;False;1;2026-08-17
large;75 % ou moins;3 jours et plus;5465932794113661925;O'Fallon YMCA - Illinois;US;False;1;2026-08-13
large;75 % ou moins;3 jours et plus;6766260821143777291;citizenM Boston North Station;US;False;1;2026-08-12
large;75 % ou moins;3 jours et plus;6877234864048972604;Club Erlangen;Europe;False;1;2026-08-22
large;75 % ou moins;3 jours et plus;7053055614556611354;Club Düsseldorf Arcaden;Europe;False;1;2026-08-23
large;75 % ou moins;3 jours et plus;7573674174256860664;Neoness;Europe;False;1;2026-08-15
large;75 % ou moins;3 jours et plus;817498439303474635;EcoShield Pest Solutions;US;True;1;2026-08-20
large;75 % ou moins;3 jours et plus;836560503657555797;Aus The Rilano Hotel wird in Kürze elaya hotel hamburg finkenwerder;Europe;False;1;2026-08-19
large;75 % ou moins;3 jours et plus;8481046460283011703;Camping Orbitur de Valado;Europe;False;1;2026-08-17
large;75 % ou moins;3 jours et plus;864933244105337590;Fitness 1440;US;False;1;2026-08-21
large;75 % ou moins;3 jours et plus;9284506857513497045;ABC Home & Commercial Services;US;False;1;2026-08-18
large;75 % ou moins;3 jours et plus;9427028362298009358;Pfitzenmeier Resorts & Clubs;Europe;False;1;2026-08-13
large;75 % ou moins;3 jours et plus;9556031260730438136;Joey's Pizza Berlin Mariendorf;Europe;False;1;2026-08-21
large;75 % ou moins;jour même;12319304188118263291;Pizza Hut Debrecen Plaza;Europe;False;2;2026-08-23
large;75 % ou moins;jour même;14934949875132319907;Chickie's and Pete's;US;False;2;2026-08-14, 2026-08-15
large;75 % ou moins;jour même;2581892313902237641;EcoShield Pest Solutions New York;US;False;2;2026-08-12, 2026-08-13
large;75 % ou moins;jour même;6979673743686913152;EcoShield Pest Solutions;US;True;2;2026-08-16, 2026-08-17
large;75 % ou moins;jour même;10305138318944906461;CitizenM Boston Back Bay;US;False;1;2026-08-24
large;75 % ou moins;jour même;11253624861875245129;EcoShield Pest Solutions;US;True;1;2026-08-15
large;75 % ou moins;jour même;1170032933570706895;Fitness 1440;US;False;1;2026-08-12
large;75 % ou moins;jour même;12523973092132012183;EcoShield Pest Solutions;US;True;1;2026-08-17
large;75 % ou moins;jour même;13186263684885640735;Fox Rent A Car Las Vegas;US;False;1;2026-08-24
large;75 % ou moins;jour même;13464631525318348002;AniCura Tierklinik Neandertal GmbH;Europe;False;1;2026-08-23
large;75 % ou moins;jour même;13476102255471701997;Clean Car Autowaschanlagen;Europe;False;1;2026-08-15
large;75 % ou moins;jour même;14651399241385512560;Insight Pest Solutions;US;True;1;2026-08-16
large;75 % ou moins;jour même;15702480480125668198;Fox Rent A Car;US;False;1;2026-08-17
large;75 % ou moins;jour même;15961585317714102255;Fox Rent A Car;US;False;1;2026-08-13
large;75 % ou moins;jour même;1802107282303698256;EcoShield Pest Solutions Seattle;US;False;1;2026-08-17
large;75 % ou moins;jour même;3061989190889588715;Pizza Hut;Europe;False;1;2026-08-13
large;75 % ou moins;jour même;3755254770851909101;Fox Rent A Car;US;False;1;2026-08-23
large;75 % ou moins;jour même;424408639813763141;EcoShield Pest Solutions;US;True;1;2026-08-20
large;75 % ou moins;jour même;4433090577107943247;EcoShield Pest Solutions;US;True;1;2026-08-22
large;75 % ou moins;jour même;7613905074252745810;EcoShield Pest Solutions;US;True;1;2026-08-16
large;75 % ou moins;jour même;8114128720382389588;Pizza Hut;Europe;False;1;2026-08-15
large;75 % ou moins;jour même;819899524517032922;Fox Rent A Car;US;False;1;2026-08-24
large;75 % ou moins;jour même;8589248173624104920;JET Waschstraße;Europe;False;1;2026-08-17
large;75 % ou moins;jour même;8592193049411979519;EcoShield Pest Solutions;US;True;1;2026-08-24
large;75 % ou moins;jour même;9232548444713997534;FNAC Mar Shopping;Europe;False;1;2026-08-20
large;75 % ou moins;jour même;9555804487296852186;Homemade Taqueria Meeker Ave;US;False;1;2026-08-20
large;75 % ou moins;pas encore de réponse;10746082602604012869;Insight Pest Solutions;US;True;76;2026-08-12, 2026-08-13, 2026-08-15, 2026-08-16, 2026-08-17, 2026-08-18, 2026-08-19, 2026-08-20, 2026-08-21, 2026-08-22, 2026-08-23, 2026-08-24
large;75 % ou moins;pas encore de réponse;3163466139043001754;Boutique The Boxer Club Dr Castelo;Europe;True;72;2026-08-16
large;75 % ou moins;pas encore de réponse;8592193049411979519;EcoShield Pest Solutions;US;True;68;2026-08-13, 2026-08-16, 2026-08-17, 2026-08-18, 2026-08-19, 2026-08-20, 2026-08-21, 2026-08-22, 2026-08-23
large;75 % ou moins;pas encore de réponse;817498439303474635;EcoShield Pest Solutions;US;True;55;2026-08-12, 2026-08-13, 2026-08-14, 2026-08-16, 2026-08-17, 2026-08-18, 2026-08-19
large;75 % ou moins;pas encore de réponse;12242899512208579596;Insight Pest Solutions;US;True;36;2026-08-12, 2026-08-13, 2026-08-16
large;75 % ou moins;pas encore de réponse;10346942689164695031;The Boxer Club;Europe;True;31;2026-08-12, 2026-08-13, 2026-08-14, 2026-08-22
large;75 % ou moins;pas encore de réponse;4433090577107943247;EcoShield Pest Solutions;US;True;28;2026-08-12, 2026-08-15, 2026-08-16, 2026-08-17, 2026-08-19, 2026-08-21, 2026-08-23, 2026-08-24
large;75 % ou moins;pas encore de réponse;3595820309544267485;EcoShield Pest Solutions;US;True;27;2026-08-12, 2026-08-13, 2026-08-16, 2026-08-17, 2026-08-18, 2026-08-19, 2026-08-20, 2026-08-21, 2026-08-23, 2026-08-24
large;75 % ou moins;pas encore de réponse;178064072666686963;EcoShield Pest Solutions;US;True;26;2026-08-12, 2026-08-13, 2026-08-14, 2026-08-15, 2026-08-16, 2026-08-17, 2026-08-18, 2026-08-20, 2026-08-21, 2026-08-22
large;75 % ou moins;pas encore de réponse;6979673743686913152;EcoShield Pest Solutions;US;True;24;2026-08-12, 2026-08-13, 2026-08-14, 2026-08-16, 2026-08-18, 2026-08-19, 2026-08-21, 2026-08-22, 2026-08-23
large;75 % ou moins;pas encore de réponse;15030713588446975167;EcoShield Pest Solutions;US;True;21;2026-08-13, 2026-08-16, 2026-08-17, 2026-08-19, 2026-08-20, 2026-08-21, 2026-08-23, 2026-08-24
large;75 % ou moins;pas encore de réponse;15702480480125668198;Fox Rent A Car;US;False;20;2026-08-23, 2026-08-24
large;75 % ou moins;pas encore de réponse;6665036569245004844;EcoShield Pest Solutions;US;True;20;2026-08-14, 2026-08-15, 2026-08-16, 2026-08-17, 2026-08-19, 2026-08-20, 2026-08-21, 2026-08-23
large;75 % ou moins;pas encore de réponse;16201181649805957681;Heart and Vascular Care;US;False;16;2026-08-12, 2026-08-13, 2026-08-16, 2026-08-17, 2026-08-19, 2026-08-20, 2026-08-23, 2026-08-24
large;75 % ou moins;pas encore de réponse;4535259281716615882;EcoShield Pest Solutions;US;True;16;2026-08-16, 2026-08-17, 2026-08-19, 2026-08-21, 2026-08-23
large;75 % ou moins;pas encore de réponse;8272933981059498407;Heart and Vascular Care;US;False;12;2026-08-12, 2026-08-16, 2026-08-19, 2026-08-20, 2026-08-21, 2026-08-22, 2026-08-23, 2026-08-24
large;75 % ou moins;pas encore de réponse;118597015968253014;EcoShield Pest Solutions Chicago East;US;False;10;2026-08-12, 2026-08-16, 2026-08-17
large;75 % ou moins;pas encore de réponse;6220232788059998036;Heart and Vascular Care;US;False;10;2026-08-12, 2026-08-16, 2026-08-19, 2026-08-20, 2026-08-21
large;75 % ou moins;pas encore de réponse;1320861146435177408;Fox Rent A Car Denver;US;False;9;2026-08-12, 2026-08-13, 2026-08-16, 2026-08-17, 2026-08-22, 2026-08-23
large;75 % ou moins;pas encore de réponse;15083526705897946018;Heart and Vascular Care;US;False;9;2026-08-16, 2026-08-17, 2026-08-23
large;75 % ou moins;pas encore de réponse;17855870789663755598;Fox Rent A Car San Diego;US;False;8;2026-08-16, 2026-08-17
large;75 % ou moins;pas encore de réponse;6179693701913506861;citizenM Chicago Downtown;US;False;8;2026-08-12, 2026-08-13
large;75 % ou moins;pas encore de réponse;8173690169693600909;Fox Rent A Car;US;False;8;2026-08-12, 2026-08-13, 2026-08-15, 2026-08-18, 2026-08-19, 2026-08-20, 2026-08-21, 2026-08-22
large;75 % ou moins;pas encore de réponse;10121891181019347598;Fox Rent A Car;US;False;7;2026-08-16, 2026-08-17, 2026-08-20, 2026-08-23
large;75 % ou moins;pas encore de réponse;12319304188118263291;Pizza Hut Debrecen Plaza;Europe;False;7;2026-08-23
large;75 % ou moins;pas encore de réponse;4272684922168596772;Bulwark Exterminating Corporate;US;False;7;2026-08-17, 2026-08-22, 2026-08-24
large;75 % ou moins;pas encore de réponse;9026909565558195702;ABC Home & Commercial Services;US;False;7;2026-08-23
large;75 % ou moins;pas encore de réponse;9284506857513497045;ABC Home & Commercial Services;US;False;7;2026-08-15, 2026-08-16, 2026-08-21, 2026-08-22
large;75 % ou moins;pas encore de réponse;13801744141903121032;citizenM Paris Charles de Gaulle Airport Hôtel;Europe;False;6;2026-08-19, 2026-08-21, 2026-08-23, 2026-08-24
large;75 % ou moins;pas encore de réponse;9773764681262796319;Fox Rent A Car Miami;US;False;6;2026-08-12, 2026-08-16, 2026-08-17, 2026-08-18
large;75 % ou moins;pas encore de réponse;11253624861875245129;EcoShield Pest Solutions;US;True;4;2026-08-17, 2026-08-18, 2026-08-19, 2026-08-24
large;75 % ou moins;pas encore de réponse;14651399241385512560;Insight Pest Solutions;US;True;4;2026-08-16, 2026-08-19, 2026-08-20, 2026-08-21
large;75 % ou moins;pas encore de réponse;5618672426900878761;Petfolk Veterinary & Urgent Care - Altamonte Springs;US;False;4;2026-08-16, 2026-08-18, 2026-08-22
large;75 % ou moins;pas encore de réponse;9330622820452187742;Club Erfurt;Europe;False;4;2026-08-12, 2026-08-17, 2026-08-19
large;75 % ou moins;pas encore de réponse;10866581757464278630;Club Essen Rüttenscheid;Europe;False;3;2026-08-13, 2026-08-19, 2026-08-23
large;75 % ou moins;pas encore de réponse;11306931454900536039;Club Dortmund Gartenstadt;Europe;False;3;2026-08-17, 2026-08-19, 2026-08-21
large;75 % ou moins;pas encore de réponse;17091292904098231006;EcoShield Pest Solutions;US;True;3;2026-08-15, 2026-08-19, 2026-08-20
large;75 % ou moins;pas encore de réponse;3171881406442480015;Club Berlin Friedrichshain;Europe;False;3;2026-08-13, 2026-08-14, 2026-08-23
large;75 % ou moins;pas encore de réponse;10376466765804245271;Club Berlin Kreuzberg;Europe;False;2;2026-08-17, 2026-08-23
large;75 % ou moins;pas encore de réponse;10774009074775530428;Club Berlin Gesundbrunnen;Europe;False;2;2026-08-22, 2026-08-23
large;75 % ou moins;pas encore de réponse;1174481771535392160;Fitness 1440 Burnet;US;False;2;2026-08-20
large;75 % ou moins;pas encore de réponse;13897763736459627580;Pizza Hut Budapest Király;Europe;False;2;2026-08-23, 2026-08-24
large;75 % ou moins;pas encore de réponse;14298233888485556219;Club Berlin Prenzlauer Berg;Europe;False;2;2026-08-18, 2026-08-21
large;75 % ou moins;pas encore de réponse;15632864641332749609;EcoShield Pest Solutions;US;True;2;2026-08-14, 2026-08-22
large;75 % ou moins;pas encore de réponse;15708082090445471212;ABC Home & Commercial Services - Landscaping Department;US;False;2;2026-08-16, 2026-08-17
large;75 % ou moins;pas encore de réponse;16002063853041743938;Club Hamburg Wandsbek;Europe;False;2;2026-08-23
large;75 % ou moins;pas encore de réponse;1651633795632789163;EcoShield Pest Solutions Chicago Central;US;False;2;2026-08-19, 2026-08-22
large;75 % ou moins;pas encore de réponse;17402978982963720629;San Jose Restaurante Mexicano;US;False;2;2026-08-13, 2026-08-23
large;75 % ou moins;pas encore de réponse;3705572903770911909;Other Place;US;False;2;2026-08-16, 2026-08-17
large;75 % ou moins;pas encore de réponse;3856632261014919795;Keyless Shop Locksmith;US;False;2;2026-08-12, 2026-08-16
large;75 % ou moins;pas encore de réponse;424408639813763141;EcoShield Pest Solutions;US;True;2;2026-08-14, 2026-08-17
large;75 % ou moins;pas encore de réponse;5644271922112783363;Vakantiepark Capfun - Het Winkel;Europe;False;2;2026-08-13, 2026-08-23
large;75 % ou moins;pas encore de réponse;6323770338399181453;Parque de Campismo Orbitur Angeiras;Europe;False;2;2026-08-12, 2026-08-16
large;75 % ou moins;pas encore de réponse;7017627982451711375;Homemade Taqueria Columbus;US;False;2;2026-08-23, 2026-08-24
large;75 % ou moins;pas encore de réponse;7505876094483552901;Grismer Tire & Auto Service Center;US;False;2;2026-08-17, 2026-08-23
large;75 % ou moins;pas encore de réponse;9539344236412584881;Club Moers;Europe;False;2;2026-08-13
large;75 % ou moins;pas encore de réponse;10204432935619217142;Liberty GYM Burnhaupt-le-bas;Europe;False;1;2026-08-15
large;75 % ou moins;pas encore de réponse;10392842969616344066;Quality Hotel Saga;Europe;False;1;2026-08-12
large;75 % ou moins;pas encore de réponse;10535711495689713124;SkinSpirit Del Mar;US;False;1;2026-08-15
large;75 % ou moins;pas encore de réponse;10573647741397493330;Insight Pest Solutions;US;True;1;2026-08-17
large;75 % ou moins;pas encore de réponse;10643486914898928431;Cosy Wash;Europe;False;1;2026-08-23
large;75 % ou moins;pas encore de réponse;10688219440227213170;The Old Irish Pub - Aalborg;Europe;False;1;2026-08-16
large;75 % ou moins;pas encore de réponse;11296537730684546364;Club Budapest;Europe;False;1;2026-08-17
large;75 % ou moins;pas encore de réponse;11829339363939885381;Alfred Coffee;US;False;1;2026-08-12
large;75 % ou moins;pas encore de réponse;12003685235290203188;Fox Rent A Car;US;False;1;2026-08-22
large;75 % ou moins;pas encore de réponse;12072883434872499497;FNAC Colombo;Europe;False;1;2026-08-20
large;75 % ou moins;pas encore de réponse;12092417588761243506;Footy rooty Edinburg;US;False;1;2026-08-17
large;75 % ou moins;pas encore de réponse;12093002348209467436;Au Fût Reims;Europe;False;1;2026-08-24
large;75 % ou moins;pas encore de réponse;12279583943591546375;Columbus Greek's Pizzeria;US;False;1;2026-08-13
large;75 % ou moins;pas encore de réponse;12287327330982192880;Hesehotelli;Europe;False;1;2026-08-23
large;75 % ou moins;pas encore de réponse;12399650223478194238;Schön Klinik Hamburg Eilbek;Europe;False;1;2026-08-13
large;75 % ou moins;pas encore de réponse;12407120102480777634;Cosy-Wasch;Europe;False;1;2026-08-24
large;75 % ou moins;pas encore de réponse;12439938034061373012;Maggiore Rent;Europe;False;1;2026-08-12
large;75 % ou moins;pas encore de réponse;12505969464702670930;Eléphant Bleu;Europe;False;1;2026-08-12
large;75 % ou moins;pas encore de réponse;12787269538340339712;Bandanas Bar-B-Q and Catering;US;False;1;2026-08-12
large;75 % ou moins;pas encore de réponse;13186263684885640735;Fox Rent A Car Las Vegas;US;False;1;2026-08-21
large;75 % ou moins;pas encore de réponse;13434608474928032585;Fórum Fnac;Europe;False;1;2026-08-20
large;75 % ou moins;pas encore de réponse;13511795360329767787;Comfort Hotel Bergen;Europe;False;1;2026-08-14
large;75 % ou moins;pas encore de réponse;13543269502103500420;Mehul Bhatt, M.d.;US;False;1;2026-08-23
large;75 % ou moins;pas encore de réponse;13861978089857267997;Pizza Hut Budapest Arany;Europe;False;1;2026-08-20
large;75 % ou moins;pas encore de réponse;13904055126061268440;Cold Beers & Cheeseburgers;US;False;1;2026-08-16
large;75 % ou moins;pas encore de réponse;13914529929637769875;Homemade Taqueria;US;False;1;2026-08-17
large;75 % ou moins;pas encore de réponse;13977611835152300454;Clean Car Autowaschanlagen;Europe;False;1;2026-08-24
large;75 % ou moins;pas encore de réponse;14059617457634966398;Hesburger Pori Toripaviljonki;Europe;False;1;2026-08-14
large;75 % ou moins;pas encore de réponse;14112705270114144342;Camping Capfun Vlinderloo;Europe;False;1;2026-08-16
large;75 % ou moins;pas encore de réponse;14202470221152348851;Sun Life Resort;US;False;1;2026-08-15
large;75 % ou moins;pas encore de réponse;14268662735815633789;Proxiserve;Europe;False;1;2026-08-21
large;75 % ou moins;pas encore de réponse;14289986138709808039;Camping Campeole ABAYA;Europe;False;1;2026-08-12
large;75 % ou moins;pas encore de réponse;1463384179203564129;Club Linz;Europe;False;1;2026-08-20
large;75 % ou moins;pas encore de réponse;14647467035876047205;Cold Beers & Cheeseburgers;US;False;1;2026-08-23
large;75 % ou moins;pas encore de réponse;14666919333940096096;Adventure Dental, Vision, and Orthodontics;US;False;1;2026-08-12
large;75 % ou moins;pas encore de réponse;14669771815910615986;Crêp'eat;Europe;False;1;2026-08-23
large;75 % ou moins;pas encore de réponse;14733441156464536748;Vakantiepark Capfun - De Wâldsang;Europe;False;1;2026-08-23
large;75 % ou moins;pas encore de réponse;14740593769376451592;citizenM Copenhagen Rådhuspladsen;Europe;False;1;2026-08-13
large;75 % ou moins;pas encore de réponse;14924962764878924571;Cafe Vivaldi;Europe;False;1;2026-08-14
large;75 % ou moins;pas encore de réponse;14964631432010695731;EcoShield Pest Solutions Detroit East;US;False;1;2026-08-20
large;75 % ou moins;pas encore de réponse;15124454518798082809;Mulligans Irish Pub;Europe;False;1;2026-08-18
large;75 % ou moins;pas encore de réponse;15603650297179665473;Cold Beers & Cheeseburgers;US;False;1;2026-08-19
large;75 % ou moins;pas encore de réponse;15651446065378702938;Pizza Hut;Europe;False;1;2026-08-14
large;75 % ou moins;pas encore de réponse;15725841142473937872;Fitness Park Verwaltungs GmbH;Europe;False;1;2026-08-24
large;75 % ou moins;pas encore de réponse;15729059731048819376;EcoShield Pest Solutions;US;True;1;2026-08-24
large;75 % ou moins;pas encore de réponse;15893895699001056648;SkinSpirit Scottsdale;US;False;1;2026-08-18
large;75 % ou moins;pas encore de réponse;15961585317714102255;Fox Rent A Car;US;False;1;2026-08-13
large;75 % ou moins;pas encore de réponse;16049682387535495248;citizenM New York Times Square Hotel;US;False;1;2026-08-14
large;75 % ou moins;pas encore de réponse;16292587188784289489;Crep'eat Ares;Europe;False;1;2026-08-18
large;75 % ou moins;pas encore de réponse;16301020427746212077;Cafe Vivaldi;Europe;False;1;2026-08-19
large;75 % ou moins;pas encore de réponse;16320278636443987827;Proxiserve;Europe;False;1;2026-08-17
large;75 % ou moins;pas encore de réponse;16455370445229869851;citizenM Los Angeles Downtown;US;False;1;2026-08-14
large;75 % ou moins;pas encore de réponse;16483262064005269282;citizenM hotels;US;False;1;2026-08-20
large;75 % ou moins;pas encore de réponse;1676834876106372820;Stayokay Hostel Dordrecht;Europe;False;1;2026-08-22
large;75 % ou moins;pas encore de réponse;17101890136882260160;Hipotels Mercedes Aparthotel;Europe;False;1;2026-08-23
large;75 % ou moins;pas encore de réponse;1729168193937436412;Thermes d'Amelie-les-Bains;Europe;False;1;2026-08-12
large;75 % ou moins;pas encore de réponse;17651668101977090673;AniCura Tiergesundheitszentrum Monchengladbach-Venn;Europe;False;1;2026-08-18
large;75 % ou moins;pas encore de réponse;17688968957770593213;Laco sportcentrum Zierikzee;Europe;False;1;2026-08-19
large;75 % ou moins;pas encore de réponse;17897632292626765009;AniCura Kleintierspezialisten Augsburg;Europe;False;1;2026-08-20
large;75 % ou moins;pas encore de réponse;18069456573096405919;Club Düsseldorf Bilk;Europe;False;1;2026-08-18
large;75 % ou moins;pas encore de réponse;18077090396345278971;Cold Beers & Cheeseburgers;US;False;1;2026-08-17
large;75 % ou moins;pas encore de réponse;194977520700950183;Mikel Coffee;Europe;False;1;2026-08-19
large;75 % ou moins;pas encore de réponse;2096774497021291114;Play2;US;False;1;2026-08-19
large;75 % ou moins;pas encore de réponse;2148947061455884883;CitizenM Geneva Centre;Europe;False;1;2026-08-19
large;75 % ou moins;pas encore de réponse;2167474835967081249;Tierärzte AniCura;Europe;False;1;2026-08-12
large;75 % ou moins;pas encore de réponse;2196558163206998818;Grismer Tire & Auto Service Center;US;False;1;2026-08-16
large;75 % ou moins;pas encore de réponse;2526396418332727959;Far Horizons RV Park & Resort;US;False;1;2026-08-19
large;75 % ou moins;pas encore de réponse;2995976657785069834;AniCura Kongsvinger Veterinærklinikk;Europe;False;1;2026-08-14
large;75 % ou moins;pas encore de réponse;3041101590869767932;Carolina Ale House - Fort Mill;US;False;1;2026-08-16
large;75 % ou moins;pas encore de réponse;3304126301589097138;Guntersville State Park Campground;US;False;1;2026-08-17
large;75 % ou moins;pas encore de réponse;3564314697758526529;Au Fut et a Mesure;Europe;False;1;2026-08-15
large;75 % ou moins;pas encore de réponse;3597932619057576281;Chickie's and Pete's Terminal D;US;False;1;2026-08-18
large;75 % ou moins;pas encore de réponse;3803180817498333342;Grismer Tire and Auto Service Center;US;False;1;2026-08-16
large;75 % ou moins;pas encore de réponse;3883668363712470692;Vakantiepark Capfun - De Sprookjescamping;Europe;False;1;2026-08-22
large;75 % ou moins;pas encore de réponse;404595490627409683;Aus KUHOTEL by Rilano wird in Kürze elaya hotel steinplatte;Europe;False;1;2026-08-13
large;75 % ou moins;pas encore de réponse;4172271927494145202;EcoShield Pest Solutions;US;True;1;2026-08-13
large;75 % ou moins;pas encore de réponse;431459973589343180;Les Thermes Du Soleil Lamalou Les Bains;Europe;False;1;2026-08-24
large;75 % ou moins;pas encore de réponse;4568901441266442943;Comfort Hotel Union Brygge;Europe;False;1;2026-08-12
large;75 % ou moins;pas encore de réponse;471022147629183520;Insight Pest Solutions;US;True;1;2026-08-12
large;75 % ou moins;pas encore de réponse;5050221575652582467;elaya hotel regensburg city center;Europe;False;1;2026-08-24
large;75 % ou moins;pas encore de réponse;5057368069402798167;Club Wien Schwedenplatz;Europe;False;1;2026-08-16
large;75 % ou moins;pas encore de réponse;5088659347287832281;Elaya Hotel Stuttgart Boeblingen;Europe;False;1;2026-08-14
large;75 % ou moins;pas encore de réponse;5247971981139397931;Insight Pest Solutions;US;True;1;2026-08-23
large;75 % ou moins;pas encore de réponse;5291096098763143504;Pizza Hut Express;Europe;False;1;2026-08-19
large;75 % ou moins;pas encore de réponse;5674656290239513056;Grismer Tire & Auto Service Center;US;False;1;2026-08-16
large;75 % ou moins;pas encore de réponse;5687797684349236333;Grismer Tire and Auto Service Center;US;False;1;2026-08-12
large;75 % ou moins;pas encore de réponse;5840554387186856980;EcoShield Pest Solutions Los Angeles;US;False;1;2026-08-18
large;75 % ou moins;pas encore de réponse;587102981669669421;Vakantiepark Capfun De Rotonde;Europe;False;1;2026-08-14
large;75 % ou moins;pas encore de réponse;5999991654383813138;EcoShield Pest Solutions;US;True;1;2026-08-19
large;75 % ou moins;pas encore de réponse;6034258015735098842;Pitcher's;Europe;False;1;2026-08-17
large;75 % ou moins;pas encore de réponse;6382124139232483673;SkinSpirit Plano;US;False;1;2026-08-16
large;75 % ou moins;pas encore de réponse;6502091583801106713;AniCura Kiel;Europe;False;1;2026-08-13
large;75 % ou moins;pas encore de réponse;6557818690522103227;Fnac Café;Europe;False;1;2026-08-20
large;75 % ou moins;pas encore de réponse;6877234864048972604;Club Erlangen;Europe;False;1;2026-08-15
large;75 % ou moins;pas encore de réponse;7071381681211698134;Grismer Tire and Auto Service Center;US;False;1;2026-08-19
large;75 % ou moins;pas encore de réponse;7671213967669097928;Fox Rent A Car;US;False;1;2026-08-17
large;75 % ou moins;pas encore de réponse;7934834538760571162;Elase Med Spa formerly known as Images Med Spa;US;False;1;2026-08-16
large;75 % ou moins;pas encore de réponse;7996364090361877751;SkinSpirit Seattle;US;False;1;2026-08-18
large;75 % ou moins;pas encore de réponse;807610703900891584;Au Fût et à mesure;Europe;False;1;2026-08-12
large;75 % ou moins;pas encore de réponse;8191249487892833403;Gene's Root Beer and Hot Dogs;US;False;1;2026-08-23
large;75 % ou moins;pas encore de réponse;819899524517032922;Fox Rent A Car;US;False;1;2026-08-17
large;75 % ou moins;pas encore de réponse;8207646310130583427;Orthodontic Specialists of Florida: North Tampa Location;US;False;1;2026-08-23
large;75 % ou moins;pas encore de réponse;8225190830114929959;EcoShield Pest Solutions;US;True;1;2026-08-24
large;75 % ou moins;pas encore de réponse;8346608655513514854;Chickie's and Pete's;US;False;1;2026-08-24
large;75 % ou moins;pas encore de réponse;8546087388068866027;EcoShield Pest Solutions Houston;US;False;1;2026-08-13
large;75 % ou moins;pas encore de réponse;8588931149129225123;Fox Rent A Car;US;False;1;2026-08-12
large;75 % ou moins;pas encore de réponse;8662000526093675280;Comfort Hotel Porsgrunn;Europe;False;1;2026-08-19
large;75 % ou moins;pas encore de réponse;8714266543487608550;Cafe Vivaldi;Europe;False;1;2026-08-14
large;75 % ou moins;pas encore de réponse;9342912905018133048;EcoShield Pest Solutions NJ;US;False;1;2026-08-17
large;75 % ou moins;pas encore de réponse;9449540729407393753;Clean Car;Europe;False;1;2026-08-17
large;75 % ou moins;pas encore de réponse;9671646188137500976;Fitness1440;US;False;1;2026-08-19
large;75 % ou moins;pas encore de réponse;9680210707368849928;E-Z Rent A Car;US;False;1;2026-08-17
large;75 % ou moins;pas encore de réponse;9724660860275016826;Chickie's & Pete's;US;False;1;2026-08-19
large;plus de 75 %;1 jour;4479702789086504102;MedVet Columbus;US;False;16;2026-08-20, 2026-08-23
large;plus de 75 %;1 jour;17251484945567213252;Globales Simar;Europe;False;9;2026-08-17, 2026-08-19, 2026-08-22, 2026-08-23
large;plus de 75 %;1 jour;11683972207017833004;Empire Today;US;False;7;2026-08-12, 2026-08-13
large;plus de 75 %;1 jour;7864325941761932328;Globales Maioris;Europe;False;6;2026-08-21, 2026-08-22
large;plus de 75 %;1 jour;12653609458785639661;Delta Sonic Car Wash;US;False;5;2026-08-12, 2026-08-13, 2026-08-18, 2026-08-23, 2026-08-24
large;plus de 75 %;1 jour;16248341169641882523;Insight Pest Solutions;US;True;5;2026-08-12, 2026-08-16, 2026-08-24
large;plus de 75 %;1 jour;5474549633975801069;OUTRIGGER Kauai Beach Resort & Spa;US;False;5;2026-08-17
large;plus de 75 %;1 jour;8303557791751296465;Insight Pest Solutions;US;True;5;2026-08-13, 2026-08-15, 2026-08-19, 2026-08-20
large;plus de 75 %;1 jour;16894789784437684017;Delta Sonic Car Wash;US;False;4;2026-08-16, 2026-08-17, 2026-08-18, 2026-08-24
large;plus de 75 %;1 jour;5119810349067443765;Clarion Hotel The Hub;Europe;False;4;2026-08-13, 2026-08-20
large;plus de 75 %;1 jour;6832155753295535633;Insight Pest Solutions;US;True;4;2026-08-12, 2026-08-13, 2026-08-16, 2026-08-18
large;plus de 75 %;1 jour;11183164932977516690;Insight Pest Solutions;US;True;3;2026-08-13, 2026-08-19
large;plus de 75 %;1 jour;13357493140933391105;Insight Pest Solutions;US;True;3;2026-08-12, 2026-08-13
large;plus de 75 %;1 jour;1943990090783039974;United Air Temp;US;False;3;2026-08-22, 2026-08-24
large;plus de 75 %;1 jour;6360580975601342886;Carolina Ale House;US;False;3;2026-08-16, 2026-08-19
large;plus de 75 %;1 jour;6622258630771505951;Bulwark Exterminating;US;True;3;2026-08-21
large;plus de 75 %;1 jour;7645830286416566420;Pointe Pest Control;US;True;3;2026-08-16, 2026-08-21
large;plus de 75 %;1 jour;10907116412041709754;Pointe Pest Control;US;True;2;2026-08-18, 2026-08-20
large;plus de 75 %;1 jour;11121079175657752605;Ježevac Premium Camping Resort by Valamar;Europe;False;2;2026-08-21, 2026-08-22
large;plus de 75 %;1 jour;11527874769595828404;Pointe Pest Control;US;True;2;2026-08-12, 2026-08-16
large;plus de 75 %;1 jour;11752525017306549612;Insight Pest Solutions;US;True;2;2026-08-13
large;plus de 75 %;1 jour;12010469576073923096;Carolina Ale House;US;False;2;2026-08-18, 2026-08-19
large;plus de 75 %;1 jour;12924136556389994153;ABC Home & Commercial Services;US;False;2;2026-08-13, 2026-08-23
large;plus de 75 %;1 jour;15924571821224028773;The Boxer Club Puerta del Sol;Europe;False;2;2026-08-23
large;plus de 75 %;1 jour;16458086470741173423;Mg Motors;Europe;False;2;2026-08-15, 2026-08-22
large;plus de 75 %;1 jour;16932179925125573715;Pointe Pest Control;US;True;2;2026-08-17, 2026-08-24
large;plus de 75 %;1 jour;18371253483526610359;Bulwark Exterminating;US;True;2;2026-08-17, 2026-08-19
large;plus de 75 %;1 jour;2034461622997448093;Bulwark Exterminating;US;True;2;2026-08-16, 2026-08-17
large;plus de 75 %;1 jour;2054732589707793641;Globales Cala'n Bosch;Europe;False;2;2026-08-23, 2026-08-24
large;plus de 75 %;1 jour;3908824544135415884;Delta Sonic Car Wash;US;False;2;2026-08-15, 2026-08-24
large;plus de 75 %;1 jour;6289730490558979524;Bulwark Exterminating;US;True;2;2026-08-20
large;plus de 75 %;1 jour;6864222717854006596;Insight Pest Solutions;US;True;2;2026-08-12
large;plus de 75 %;1 jour;10098697139125916530;Delta Sonic;US;False;1;2026-08-20
large;plus de 75 %;1 jour;10339471870628534604;Empire Today® - Cleveland, OH;US;False;1;2026-08-13
large;plus de 75 %;1 jour;10743272237481243364;Delta Sonic Car Wash & Oil Change;US;False;1;2026-08-18
large;plus de 75 %;1 jour;11096077419411289172;Ninkasi;Europe;False;1;2026-08-17
large;plus de 75 %;1 jour;1170749740403083425;WestVet Boise;US;False;1;2026-08-12
large;plus de 75 %;1 jour;12121418554969116063;Bandana's Bar-B-Q;US;False;1;2026-08-16
large;plus de 75 %;1 jour;12162999256610465653;Pointe Pest Control;US;True;1;2026-08-17
large;plus de 75 %;1 jour;12649368506004670127;Holiday Inn Club Vacations Cape Canaveral Beach Resort;US;False;1;2026-08-22
large;plus de 75 %;1 jour;12971538955295795353;West Shore Home;US;False;1;2026-08-22
large;plus de 75 %;1 jour;13228969405843925211;Pointe Pest Control;US;True;1;2026-08-18
large;plus de 75 %;1 jour;13317878771786742836;Bludental - Perugia;Europe;False;1;2026-08-15
large;plus de 75 %;1 jour;13487146367475704628;Empire Today;US;False;1;2026-08-20
large;plus de 75 %;1 jour;13498840883989830968;Carolina Ale House;US;False;1;2026-08-21
large;plus de 75 %;1 jour;13603563371674711960;Holiday Inn Club Vacations;US;False;1;2026-08-18
large;plus de 75 %;1 jour;13798814135958642526;Bandana's Bar-B-Q;US;False;1;2026-08-16
large;plus de 75 %;1 jour;13936940651558818084;Delta Sonic Car Wash and Oil Change;US;False;1;2026-08-15
large;plus de 75 %;1 jour;14164500804080551070;Adventure Dental and Vision;US;False;1;2026-08-12
large;plus de 75 %;1 jour;14237408272253303150;Carolina Ale House;US;False;1;2026-08-21
large;plus de 75 %;1 jour;14299127777839665974;Neoness;Europe;False;1;2026-08-23
large;plus de 75 %;1 jour;14451738291215002268;ProCare Collision;US;False;1;2026-08-12
large;plus de 75 %;1 jour;14595555071421856066;Krk Premium Camping Resort;Europe;False;1;2026-08-13
large;plus de 75 %;1 jour;14696288889803762717;Auto Bierschneider;Europe;False;1;2026-08-19
large;plus de 75 %;1 jour;14995606665142571545;ABC Home and Commercial Services;US;False;1;2026-08-15
large;plus de 75 %;1 jour;1615736528235487924;Hipotels Barrosa Garden;Europe;False;1;2026-08-12
large;plus de 75 %;1 jour;16239963990365261611;P.j. Whelihan's Pub + Restaurant - Lawrence Park;US;False;1;2026-08-18
large;plus de 75 %;1 jour;1681769253964489367;Outrigger Reef Waikiki Resort;US;False;1;2026-08-13
large;plus de 75 %;1 jour;17243573377530694208;Bludental - Biella;Europe;False;1;2026-08-24
large;plus de 75 %;1 jour;17355573133068136270;Lash and Company - Johnstown;US;False;1;2026-08-12
large;plus de 75 %;1 jour;1738085458446207751;L'Appart Fitness;Europe;False;1;2026-08-15
large;plus de 75 %;1 jour;17730348332042478384;Bludental Clinique;Europe;False;1;2026-08-22
large;plus de 75 %;1 jour;17819397083452796343;Delta Sonic Car Wash;US;False;1;2026-08-23
large;plus de 75 %;1 jour;17952594547969496880;Auto Bierschneider;Europe;False;1;2026-08-12
large;plus de 75 %;1 jour;18087544658842131373;Pointe Pest Control;US;True;1;2026-08-15
large;plus de 75 %;1 jour;2071615184249883557;Nuvia Dental Implant Center;US;False;1;2026-08-24
large;plus de 75 %;1 jour;2279558210597417466;Institutos Odontológicos;Europe;False;1;2026-08-23
large;plus de 75 %;1 jour;2423693438449052039;Bulwark Exterminating;US;True;1;2026-08-20
large;plus de 75 %;1 jour;2428222000924479108;Nuvia Dental Implant Center;US;False;1;2026-08-19
large;plus de 75 %;1 jour;2616626309713222402;Empire Today - Indianapolis, IN;US;False;1;2026-08-23
large;plus de 75 %;1 jour;3164305209948048623;Pointe Pest Control;US;True;1;2026-08-21
large;plus de 75 %;1 jour;3375047587326764395;Rookies All American Pub & Grill;US;False;1;2026-08-22
large;plus de 75 %;1 jour;3442119792439123312;P.J. Whelihan's Pub and Restaurant;US;False;1;2026-08-23
large;plus de 75 %;1 jour;3687551337655777490;Instituts Odontològics - Clínica Dental Gavà;Europe;False;1;2026-08-22
large;plus de 75 %;1 jour;5049402211849837299;Cuisine Plus Saint Nazaire;Europe;False;1;2026-08-17
large;plus de 75 %;1 jour;5422890961706407530;United Air Temp;US;False;1;2026-08-24
large;plus de 75 %;1 jour;5924880961298011125;P.j. Whelihan's Pub + Restaurant - Oaks;US;False;1;2026-08-16
large;plus de 75 %;1 jour;6260582073994729904;Lanterna Premium Camping Resort;Europe;False;1;2026-08-17
large;plus de 75 %;1 jour;670647489125116674;Neoness;Europe;False;1;2026-08-15
large;plus de 75 %;1 jour;7010609789026452809;Bandana's Bar-b-q Sunset Hills;US;False;1;2026-08-20
large;plus de 75 %;1 jour;7033592660270605060;Fair Doctors - Zahnarzt in Oberhausen-Zentrum;Europe;False;1;2026-08-14
large;plus de 75 %;1 jour;7061804313833943685;ABC Home & Commercial Services;US;False;1;2026-08-24
large;plus de 75 %;1 jour;7763249281847596762;Nuvia Dental Implant Center;US;False;1;2026-08-16
large;plus de 75 %;1 jour;8264250907553977852;Carolina Ale House;US;False;1;2026-08-23
large;plus de 75 %;1 jour;8299236336334780743;abba Sants Hotel;Europe;False;1;2026-08-24
large;plus de 75 %;1 jour;8323898039823195571;Pointe Pest Control;US;True;1;2026-08-23
large;plus de 75 %;1 jour;8993735432049328833;Bludental Clinique;Europe;False;1;2026-08-18
large;plus de 75 %;1 jour;9152040258644601329;MedVet Salt Lake City;US;False;1;2026-08-13
large;plus de 75 %;1 jour;9172816922749453230;Podoactiva Salamanca;Europe;False;1;2026-08-23
large;plus de 75 %;1 jour;9400441828486763598;Brick House Tavern and Tap;US;False;1;2026-08-13
large;plus de 75 %;1 jour;9654059427809994128;Carolina Ale House - Greenville-Woodruff;US;False;1;2026-08-23
large;plus de 75 %;1 jour;9951250439450898048;Abba San Sebastian;Europe;False;1;2026-08-17
large;plus de 75 %;2 jours;17251484945567213252;Globales Simar;Europe;False;4;2026-08-18, 2026-08-23
large;plus de 75 %;2 jours;11260237229921996949;Carolina Ale House;US;False;2;2026-08-15, 2026-08-23
large;plus de 75 %;2 jours;11683972207017833004;Empire Today;US;False;2;2026-08-12
large;plus de 75 %;2 jours;12653609458785639661;Delta Sonic Car Wash;US;False;2;2026-08-17, 2026-08-23
large;plus de 75 %;2 jours;12971538955295795353;West Shore Home;US;False;2;2026-08-21, 2026-08-22
large;plus de 75 %;2 jours;5049402211849837299;Cuisine Plus Saint Nazaire;Europe;False;2;2026-08-19, 2026-08-22
large;plus de 75 %;2 jours;5474549633975801069;OUTRIGGER Kauai Beach Resort & Spa;US;False;2;2026-08-15, 2026-08-17
large;plus de 75 %;2 jours;8264250907553977852;Carolina Ale House;US;False;2;2026-08-18
large;plus de 75 %;2 jours;8323898039823195571;Pointe Pest Control;US;True;2;2026-08-12, 2026-08-13
large;plus de 75 %;2 jours;924386397864621995;Signorvino Milano;Europe;False;2;2026-08-14, 2026-08-15
large;plus de 75 %;2 jours;10095463888353501543;AniCura Fachtierärztliches Zentrum für Kleintiere;Europe;False;1;2026-08-14
large;plus de 75 %;2 jours;11093392041595438951;Neoness;Europe;False;1;2026-08-23
large;plus de 75 %;2 jours;11324424339153707942;abba Burgos;Europe;False;1;2026-08-14
large;plus de 75 %;2 jours;11502022073018421447;Hurricane Express Wash;US;False;1;2026-08-18
large;plus de 75 %;2 jours;12329402290032231320;Crêp'Eat Mérignac;Europe;False;1;2026-08-23
large;plus de 75 %;2 jours;12399530594629968736;P.J. Whelihan's Pub and Restaurant;US;False;1;2026-08-18
large;plus de 75 %;2 jours;12466888218085323989;MedVet Cleveland;US;False;1;2026-08-16
large;plus de 75 %;2 jours;12785457364507400376;ABC Home & Commercial Services;US;False;1;2026-08-19
large;plus de 75 %;2 jours;12937939131301218020;Hipotels Playa de Palma Palace;Europe;False;1;2026-08-15
large;plus de 75 %;2 jours;1371867670939055296;Pole Moto Passion;Europe;False;1;2026-08-18
large;plus de 75 %;2 jours;14595555071421856066;Krk Premium Camping Resort;Europe;False;1;2026-08-24
large;plus de 75 %;2 jours;14995606665142571545;ABC Home and Commercial Services;US;False;1;2026-08-14
large;plus de 75 %;2 jours;15226702699962666432;Carolina Ale House - North Raleigh;US;False;1;2026-08-15
large;plus de 75 %;2 jours;15924571821224028773;The Boxer Club Puerta del Sol;Europe;False;1;2026-08-23
large;plus de 75 %;2 jours;16117159235674070955;Nuvia Dental Implant Center;US;False;1;2026-08-16
large;plus de 75 %;2 jours;16894789784437684017;Delta Sonic Car Wash;US;False;1;2026-08-16
large;plus de 75 %;2 jours;17028935133395189849;Hotel Abba Euskalduna;Europe;False;1;2026-08-18
large;plus de 75 %;2 jours;17819397083452796343;Delta Sonic Car Wash;US;False;1;2026-08-24
large;plus de 75 %;2 jours;18111772053869063472;Bludental Clinique;Europe;False;1;2026-08-23
large;plus de 75 %;2 jours;18371253483526610359;Bulwark Exterminating;US;True;1;2026-08-16
large;plus de 75 %;2 jours;2054732589707793641;Globales Cala'n Bosch;Europe;False;1;2026-08-23
large;plus de 75 %;2 jours;2145017321911180517;P.J. Whelihan's Pub and Restaurant - Downingtown;US;False;1;2026-08-23
large;plus de 75 %;2 jours;2464840997052464046;Ninkasi;Europe;False;1;2026-08-20
large;plus de 75 %;2 jours;3007865082037888641;Neoness;Europe;False;1;2026-08-23
large;plus de 75 %;2 jours;3370426944289089570;Home2 Suites by Hilton Ankeny;US;False;1;2026-08-12
large;plus de 75 %;2 jours;3391263237472595352;MedVet Hilliard;US;False;1;2026-08-19
large;plus de 75 %;2 jours;3874911723232599474;ABC Home & Commercial Services;US;False;1;2026-08-18
large;plus de 75 %;2 jours;4479702789086504102;MedVet Columbus;US;False;1;2026-08-20
large;plus de 75 %;2 jours;5119810349067443765;Clarion Hotel The Hub;Europe;False;1;2026-08-13
large;plus de 75 %;2 jours;5293349568823805641;Carolina Ale House;US;False;1;2026-08-19
large;plus de 75 %;2 jours;5462438059738924151;Home2 Suites by Hilton Charlotte I-77 South;US;False;1;2026-08-17
large;plus de 75 %;2 jours;6186680504068610079;P.J. Whelihan's Pub + Restaurant;US;False;1;2026-08-17
large;plus de 75 %;2 jours;6360580975601342886;Carolina Ale House;US;False;1;2026-08-16
large;plus de 75 %;2 jours;7653452920427533171;Outrigger Hotels and Resorts;US;False;1;2026-08-24
large;plus de 75 %;2 jours;7864325941761932328;Globales Maioris;Europe;False;1;2026-08-21
large;plus de 75 %;2 jours;7868713708357852976;ScrubaDub Car Wash;US;False;1;2026-08-23
large;plus de 75 %;2 jours;8597504776508843677;Neoness;Europe;False;1;2026-08-16
large;plus de 75 %;2 jours;9152040258644601329;MedVet Salt Lake City;US;False;1;2026-08-23
large;plus de 75 %;2 jours;9654059427809994128;Carolina Ale House - Greenville-Woodruff;US;False;1;2026-08-23
large;plus de 75 %;2 jours;967864936141351090;Holiday Inn Club Vacations Smoky Mountain Resort;US;False;1;2026-08-21
large;plus de 75 %;2 jours;9754160596931808656;Ninkasi OL Vallée;Europe;False;1;2026-08-22
large;plus de 75 %;2 jours;9757162359114863037;Brick House Tavern + Tap;US;False;1;2026-08-13
large;plus de 75 %;3 jours et plus;11468972147098209639;Lash and Company Med Spa - Centennial;US;False;11;2026-08-24
large;plus de 75 %;3 jours et plus;3874911723232599474;ABC Home & Commercial Services;US;False;6;2026-08-18, 2026-08-19, 2026-08-20, 2026-08-24
large;plus de 75 %;3 jours et plus;5474549633975801069;OUTRIGGER Kauai Beach Resort & Spa;US;False;4;2026-08-17, 2026-08-20
large;plus de 75 %;3 jours et plus;14933790454100186775;Pointe Pest Control;US;True;3;2026-08-23
large;plus de 75 %;3 jours et plus;4479702789086504102;MedVet Columbus;US;False;3;2026-08-20
large;plus de 75 %;3 jours et plus;7864325941761932328;Globales Maioris;Europe;False;3;2026-08-21, 2026-08-22
large;plus de 75 %;3 jours et plus;10815087328676588371;Delta Sonic Car Wash;US;False;2;2026-08-16, 2026-08-19
large;plus de 75 %;3 jours et plus;11121079175657752605;Ježevac Premium Camping Resort by Valamar;Europe;False;2;2026-08-14, 2026-08-19
large;plus de 75 %;3 jours et plus;11527874769595828404;Pointe Pest Control;US;True;2;2026-08-13, 2026-08-18
large;plus de 75 %;3 jours et plus;13339477756742124017;Carolina Ale House;US;False;2;2026-08-13, 2026-08-15
large;plus de 75 %;3 jours et plus;14995606665142571545;ABC Home and Commercial Services;US;False;2;2026-08-13
large;plus de 75 %;3 jours et plus;15924571821224028773;The Boxer Club Puerta del Sol;Europe;False;2;2026-08-23
large;plus de 75 %;3 jours et plus;16132763487693899415;Ninkasi Brignais;Europe;False;2;2026-08-13, 2026-08-22
large;plus de 75 %;3 jours et plus;17281437621329588406;AniCura Recklinghausen - Tierärztliche Klinik für Kleintiere;Europe;False;2;2026-08-12, 2026-08-23
large;plus de 75 %;3 jours et plus;3079766421690498907;Instituts Odontològics - Clínica Dental Vilanova i la Geltrú;Europe;False;2;2026-08-16, 2026-08-21
large;plus de 75 %;3 jours et plus;316781490911675520;Hurricane Express Wash;US;False;2;2026-08-18, 2026-08-23
large;plus de 75 %;3 jours et plus;7265758352712091926;Neoness;Europe;False;2;2026-08-13, 2026-08-20
large;plus de 75 %;3 jours et plus;8015064052260497255;Neoness;Europe;False;2;2026-08-13, 2026-08-17
large;plus de 75 %;3 jours et plus;8264250907553977852;Carolina Ale House;US;False;2;2026-08-22
large;plus de 75 %;3 jours et plus;9654059427809994128;Carolina Ale House - Greenville-Woodruff;US;False;2;2026-08-16, 2026-08-23
large;plus de 75 %;3 jours et plus;10610742591992367926;Bludental - Brescia;Europe;False;1;2026-08-17
large;plus de 75 %;3 jours et plus;11183164932977516690;Insight Pest Solutions;US;True;1;2026-08-20
large;plus de 75 %;3 jours et plus;11297439376762926367;Abba Granada Hotel;Europe;False;1;2026-08-14
large;plus de 75 %;3 jours et plus;11683972207017833004;Empire Today;US;False;1;2026-08-13
large;plus de 75 %;3 jours et plus;1170749740403083425;WestVet Boise;US;False;1;2026-08-23
large;plus de 75 %;3 jours et plus;11728769904081077174;Venice Beach;Europe;False;1;2026-08-19
large;plus de 75 %;3 jours et plus;12162999256610465653;Pointe Pest Control;US;True;1;2026-08-21
large;plus de 75 %;3 jours et plus;12183094189969790667;Ninkasi Rouen;Europe;False;1;2026-08-12
large;plus de 75 %;3 jours et plus;12466888218085323989;MedVet Cleveland;US;False;1;2026-08-17
large;plus de 75 %;3 jours et plus;12653609458785639661;Delta Sonic Car Wash;US;False;1;2026-08-13
large;plus de 75 %;3 jours et plus;13241120391558682163;Globales Acuario;Europe;False;1;2026-08-16
large;plus de 75 %;3 jours et plus;13288029802825955964;Shine Shop Carwash;US;False;1;2026-08-22
large;plus de 75 %;3 jours et plus;14216629449616423721;Brioni Sunny Camping by Valamar;Europe;False;1;2026-08-16
large;plus de 75 %;3 jours et plus;14595555071421856066;Krk Premium Camping Resort;Europe;False;1;2026-08-13
large;plus de 75 %;3 jours et plus;14708618175607022417;Au fût et à mesure;Europe;False;1;2026-08-12
large;plus de 75 %;3 jours et plus;14739322314113568853;Auto Bierschneider;Europe;False;1;2026-08-17
large;plus de 75 %;3 jours et plus;15226702699962666432;Carolina Ale House - North Raleigh;US;False;1;2026-08-22
large;plus de 75 %;3 jours et plus;16248341169641882523;Insight Pest Solutions;US;True;1;2026-08-15
large;plus de 75 %;3 jours et plus;16597569586248484073;MedVet Silicon Valley;US;False;1;2026-08-23
large;plus de 75 %;3 jours et plus;16880400502719876773;Pointe Pest Control;US;True;1;2026-08-23
large;plus de 75 %;3 jours et plus;16894789784437684017;Delta Sonic Car Wash;US;False;1;2026-08-17
large;plus de 75 %;3 jours et plus;16932179925125573715;Pointe Pest Control;US;True;1;2026-08-13
large;plus de 75 %;3 jours et plus;17251484945567213252;Globales Simar;Europe;False;1;2026-08-20
large;plus de 75 %;3 jours et plus;17268827580324391692;Detailcar Larios;Europe;False;1;2026-08-20
large;plus de 75 %;3 jours et plus;17508038941666529215;Crep'Eat Saint Genis 2;Europe;False;1;2026-08-23
large;plus de 75 %;3 jours et plus;17730348332042478384;Bludental Clinique;Europe;False;1;2026-08-16
large;plus de 75 %;3 jours et plus;17871838900794276242;Bludental - Parma;Europe;False;1;2026-08-24
large;plus de 75 %;3 jours et plus;17984169706982631363;Auto Bierschneider;Europe;False;1;2026-08-15
large;plus de 75 %;3 jours et plus;18087544658842131373;Pointe Pest Control;US;True;1;2026-08-13
large;plus de 75 %;3 jours et plus;18421299742805120774;Compagnie des Déboucheurs;Europe;False;1;2026-08-17
large;plus de 75 %;3 jours et plus;1900776265152923115;Nuvia Dental Implant Center;US;False;1;2026-08-19
large;plus de 75 %;3 jours et plus;2098649648037438573;Auto Bierschneider AUDI;Europe;False;1;2026-08-13
large;plus de 75 %;3 jours et plus;2145894648200160415;Cuisine Plus;Europe;False;1;2026-08-20
large;plus de 75 %;3 jours et plus;3029550321829057135;Neoness;Europe;False;1;2026-08-23
large;plus de 75 %;3 jours et plus;3391263237472595352;MedVet Hilliard;US;False;1;2026-08-18
large;plus de 75 %;3 jours et plus;3674267807340965646;Crêp'eat;Europe;False;1;2026-08-21
large;plus de 75 %;3 jours et plus;3805872669926247170;AniCura Kleintierklinik Hannover;Europe;False;1;2026-08-12
large;plus de 75 %;3 jours et plus;4157712007825970173;MedVet Commerce;US;False;1;2026-08-16
large;plus de 75 %;3 jours et plus;4248327517826526110;Rocket Carwash;US;False;1;2026-08-23
large;plus de 75 %;3 jours et plus;5049402211849837299;Cuisine Plus Saint Nazaire;Europe;False;1;2026-08-22
large;plus de 75 %;3 jours et plus;5125248847484598159;Bludental - Lodi;Europe;False;1;2026-08-19
large;plus de 75 %;3 jours et plus;5568849727449827652;abba Madrid hotel ****S;Europe;False;1;2026-08-18
large;plus de 75 %;3 jours et plus;564118306069899776;Cuisinella;Europe;False;1;2026-08-19
large;plus de 75 %;3 jours et plus;5643395061886170817;Bludental Clinique;Europe;False;1;2026-08-12
large;plus de 75 %;3 jours et plus;6260582073994729904;Lanterna Premium Camping Resort;Europe;False;1;2026-08-22
large;plus de 75 %;3 jours et plus;6622258630771505951;Bulwark Exterminating;US;True;1;2026-08-22
large;plus de 75 %;3 jours et plus;6864222717854006596;Insight Pest Solutions;US;True;1;2026-08-23
large;plus de 75 %;3 jours et plus;7162585244385326466;MedVet Dayton;US;False;1;2026-08-23
large;plus de 75 %;3 jours et plus;7218355136947220732;AniCura Dyreklinikken Telemark;Europe;False;1;2026-08-19
large;plus de 75 %;3 jours et plus;747245578229163604;Ninkasi Part-Dieu;Europe;False;1;2026-08-12
large;plus de 75 %;3 jours et plus;7645830286416566420;Pointe Pest Control;US;True;1;2026-08-22
large;plus de 75 %;3 jours et plus;7763412697711365280;Hurricane Express Wash;US;False;1;2026-08-20
large;plus de 75 %;3 jours et plus;7944598435763541384;NonStop Gym;Europe;False;1;2026-08-24
large;plus de 75 %;3 jours et plus;794812571197040040;Ninkasi Gorge De Loup;Europe;False;1;2026-08-22
large;plus de 75 %;3 jours et plus;8299236336334780743;abba Sants Hotel;Europe;False;1;2026-08-17
large;plus de 75 %;3 jours et plus;9592296944037946224;Bludental Clinique;Europe;False;1;2026-08-16
large;plus de 75 %;3 jours et plus;9754160596931808656;Ninkasi OL Vallée;Europe;False;1;2026-08-13
large;plus de 75 %;3 jours et plus;9916397676889190567;Petfolk;US;False;1;2026-08-16
large;plus de 75 %;jour même;2034461622997448093;Bulwark Exterminating;US;True;32;2026-08-13, 2026-08-16, 2026-08-17, 2026-08-18, 2026-08-19, 2026-08-21, 2026-08-23
large;plus de 75 %;jour même;6832155753295535633;Insight Pest Solutions;US;True;20;2026-08-12, 2026-08-15, 2026-08-16, 2026-08-17, 2026-08-18, 2026-08-19, 2026-08-20, 2026-08-22, 2026-08-24
large;plus de 75 %;jour même;6864222717854006596;Insight Pest Solutions;US;True;20;2026-08-12, 2026-08-16, 2026-08-17, 2026-08-18, 2026-08-19, 2026-08-22, 2026-08-24
large;plus de 75 %;jour même;13357493140933391105;Insight Pest Solutions;US;True;18;2026-08-12, 2026-08-15, 2026-08-16, 2026-08-17, 2026-08-18, 2026-08-19, 2026-08-23, 2026-08-24
large;plus de 75 %;jour même;16248341169641882523;Insight Pest Solutions;US;True;18;2026-08-12, 2026-08-15, 2026-08-16, 2026-08-17, 2026-08-19, 2026-08-21, 2026-08-23, 2026-08-24
large;plus de 75 %;jour même;2423693438449052039;Bulwark Exterminating;US;True;17;2026-08-16, 2026-08-17, 2026-08-19, 2026-08-20, 2026-08-22
large;plus de 75 %;jour même;11183164932977516690;Insight Pest Solutions;US;True;16;2026-08-12, 2026-08-13, 2026-08-15, 2026-08-16, 2026-08-17, 2026-08-20, 2026-08-22
large;plus de 75 %;jour même;15979917185231430356;A Plus Garage Door Repair;US;False;14;2026-08-12, 2026-08-16, 2026-08-17
large;plus de 75 %;jour même;16932179925125573715;Pointe Pest Control;US;True;14;2026-08-12, 2026-08-16, 2026-08-17, 2026-08-19, 2026-08-20, 2026-08-21, 2026-08-24
large;plus de 75 %;jour même;1943990090783039974;United Air Temp;US;False;14;2026-08-22, 2026-08-23
large;plus de 75 %;jour même;11527874769595828404;Pointe Pest Control;US;True;13;2026-08-12, 2026-08-16, 2026-08-17, 2026-08-19, 2026-08-20, 2026-08-21
large;plus de 75 %;jour même;11752525017306549612;Insight Pest Solutions;US;True;13;2026-08-12, 2026-08-16, 2026-08-18, 2026-08-19, 2026-08-23
large;plus de 75 %;jour même;14933790454100186775;Pointe Pest Control;US;True;12;2026-08-12, 2026-08-13, 2026-08-16, 2026-08-17, 2026-08-19, 2026-08-21, 2026-08-24
large;plus de 75 %;jour même;8303557791751296465;Insight Pest Solutions;US;True;12;2026-08-12, 2026-08-15, 2026-08-16, 2026-08-17, 2026-08-19, 2026-08-20, 2026-08-23
large;plus de 75 %;jour même;5063341140303696786;Pointe Pest Control;US;True;11;2026-08-12, 2026-08-17, 2026-08-19, 2026-08-20, 2026-08-21, 2026-08-24
large;plus de 75 %;jour même;6289730490558979524;Bulwark Exterminating;US;True;11;2026-08-14, 2026-08-19, 2026-08-20
large;plus de 75 %;jour même;11001368659838863228;Pointe Pest Control;US;True;10;2026-08-12, 2026-08-16, 2026-08-18, 2026-08-19, 2026-08-20, 2026-08-23, 2026-08-24
large;plus de 75 %;jour même;15928859670822937545;Pointe Pest Control;US;True;10;2026-08-14, 2026-08-16, 2026-08-17, 2026-08-23, 2026-08-24
large;plus de 75 %;jour même;3088388366389061829;Pointe Pest Control;US;True;10;2026-08-16, 2026-08-17, 2026-08-19, 2026-08-20, 2026-08-21
large;plus de 75 %;jour même;16469337811496657191;Pointe Pest Control;US;True;9;2026-08-12, 2026-08-16, 2026-08-17, 2026-08-20
large;plus de 75 %;jour même;18087544658842131373;Pointe Pest Control;US;True;9;2026-08-12, 2026-08-17, 2026-08-19, 2026-08-21, 2026-08-24
large;plus de 75 %;jour même;718178259547467488;Pointe Pest Control;US;True;9;2026-08-13, 2026-08-16, 2026-08-17, 2026-08-19, 2026-08-21, 2026-08-23
large;plus de 75 %;jour même;17461188179245106693;Bulwark Exterminating;US;True;8;2026-08-12, 2026-08-17, 2026-08-24
large;plus de 75 %;jour même;18371253483526610359;Bulwark Exterminating;US;True;8;2026-08-16, 2026-08-17, 2026-08-21, 2026-08-24
large;plus de 75 %;jour même;3164305209948048623;Pointe Pest Control;US;True;8;2026-08-16, 2026-08-17, 2026-08-21, 2026-08-24
large;plus de 75 %;jour même;6622258630771505951;Bulwark Exterminating;US;True;8;2026-08-19, 2026-08-22
large;plus de 75 %;jour même;10647645013357446509;Pointe Pest Control;US;True;7;2026-08-16, 2026-08-17, 2026-08-18, 2026-08-19
large;plus de 75 %;jour même;12971538955295795353;West Shore Home;US;False;7;2026-08-21, 2026-08-22, 2026-08-23
large;plus de 75 %;jour même;4397473550123468841;Adventure Dental, Vision and Orthodontics;US;False;7;2026-08-12, 2026-08-13, 2026-08-14, 2026-08-16, 2026-08-17
large;plus de 75 %;jour même;11683972207017833004;Empire Today;US;False;6;2026-08-12
large;plus de 75 %;jour même;16894789784437684017;Delta Sonic Car Wash;US;False;6;2026-08-16, 2026-08-17
large;plus de 75 %;jour même;10907116412041709754;Pointe Pest Control;US;True;5;2026-08-16, 2026-08-19, 2026-08-20
large;plus de 75 %;jour même;12653609458785639661;Delta Sonic Car Wash;US;False;5;2026-08-12, 2026-08-15, 2026-08-23, 2026-08-24
large;plus de 75 %;jour même;7645830286416566420;Pointe Pest Control;US;True;5;2026-08-12, 2026-08-16, 2026-08-17, 2026-08-19, 2026-08-20
large;plus de 75 %;jour même;13228969405843925211;Pointe Pest Control;US;True;4;2026-08-15, 2026-08-17, 2026-08-20, 2026-08-21
large;plus de 75 %;jour même;8323898039823195571;Pointe Pest Control;US;True;4;2026-08-13, 2026-08-15, 2026-08-16, 2026-08-20
large;plus de 75 %;jour même;12162999256610465653;Pointe Pest Control;US;True;3;2026-08-16, 2026-08-17, 2026-08-18
large;plus de 75 %;jour même;12924136556389994153;ABC Home & Commercial Services;US;False;3;2026-08-13, 2026-08-17
large;plus de 75 %;jour même;7662944855115365082;Insight Pest Solutions;US;True;3;2026-08-12, 2026-08-16, 2026-08-24
large;plus de 75 %;jour même;12129838380129254386;Nuvia Dental Implant Center;US;False;2;2026-08-14, 2026-08-21
large;plus de 75 %;jour même;16880400502719876773;Pointe Pest Control;US;True;2;2026-08-16, 2026-08-24
large;plus de 75 %;jour même;17974656075232027016;A Plus Garage Door Repair;US;False;2;2026-08-12, 2026-08-24
large;plus de 75 %;jour même;316878406668790307;Adventure Dental;US;False;2;2026-08-18, 2026-08-20
large;plus de 75 %;jour même;3874911723232599474;ABC Home & Commercial Services;US;False;2;2026-08-19, 2026-08-23
large;plus de 75 %;jour même;3908824544135415884;Delta Sonic Car Wash;US;False;2;2026-08-13, 2026-08-15
large;plus de 75 %;jour même;4479702789086504102;MedVet Columbus;US;False;2;2026-08-23
large;plus de 75 %;jour même;5049402211849837299;Cuisine Plus Saint Nazaire;Europe;False;2;2026-08-22
large;plus de 75 %;jour même;5474549633975801069;OUTRIGGER Kauai Beach Resort & Spa;US;False;2;2026-08-17, 2026-08-21
large;plus de 75 %;jour même;10292122388209667085;Empire Today;US;False;1;2026-08-23
large;plus de 75 %;jour même;10921805046871428741;Compagnie des Déboucheurs;Europe;False;1;2026-08-20
large;plus de 75 %;jour même;11056066570459298898;A Plus Garage Door Repair;US;False;1;2026-08-12
large;plus de 75 %;jour même;11063743009018562102;Bulwark Exterminating;US;True;1;2026-08-12
large;plus de 75 %;jour même;11351218021712746143;Fitness 1440 Mount Vernon;US;False;1;2026-08-18
large;plus de 75 %;jour même;11468972147098209639;Lash and Company Med Spa - Centennial;US;False;1;2026-08-24
large;plus de 75 %;jour même;11502022073018421447;Hurricane Express Wash;US;False;1;2026-08-18
large;plus de 75 %;jour même;11638070547796619330;Signorvino;Europe;False;1;2026-08-19
large;plus de 75 %;jour même;12466888218085323989;MedVet Cleveland;US;False;1;2026-08-17
large;plus de 75 %;jour même;12621991571583444125;SIXT rent a car LaGuardia airport;US;False;1;2026-08-12
large;plus de 75 %;jour même;12785457364507400376;ABC Home & Commercial Services;US;False;1;2026-08-16
large;plus de 75 %;jour même;13006921476587108387;Autofficina Midas;Europe;False;1;2026-08-18
large;plus de 75 %;jour même;13280844261784593465;Elase Medical Spas;US;False;1;2026-08-20
large;plus de 75 %;jour même;13317878771786742836;Bludental - Perugia;Europe;False;1;2026-08-23
large;plus de 75 %;jour même;1371867670939055296;Pole Moto Passion;Europe;False;1;2026-08-18
large;plus de 75 %;jour même;14073669801998149460;Bulwark Exterminating;US;True;1;2026-08-12
large;plus de 75 %;jour même;14299127777839665974;Neoness;Europe;False;1;2026-08-21
large;plus de 75 %;jour même;14373532843473146773;A Plus Garage Door Repair;US;False;1;2026-08-12
large;plus de 75 %;jour même;14576133356967569423;Carolina Ale House;US;False;1;2026-08-18
large;plus de 75 %;jour même;14605895092060332754;Petfolk Veterinary & Urgent Care - Allen;US;False;1;2026-08-19
large;plus de 75 %;jour même;14995606665142571545;ABC Home and Commercial Services;US;False;1;2026-08-24
large;plus de 75 %;jour même;15808728659304495954;Neoness;Europe;False;1;2026-08-17
large;plus de 75 %;jour même;16511757976482632060;Autofficina Midas;Europe;False;1;2026-08-22
large;plus de 75 %;jour même;16612385493823253879;A Plus Garage Door Repair;US;False;1;2026-08-12
large;plus de 75 %;jour même;16789604954258963923;Hurricane Express Wash - Greenville SC;US;False;1;2026-08-21
large;plus de 75 %;jour même;16822713850870195837;Bludental - San Giuliano Milanese;Europe;False;1;2026-08-23
large;plus de 75 %;jour même;17033600657096423751;Nuvia Dental Implant Center;US;False;1;2026-08-14
large;plus de 75 %;jour même;17052975678767082784;Detailcar Heron City;Europe;False;1;2026-08-16
large;plus de 75 %;jour même;17210907821777811496;Éléphant Bleu Saumur;Europe;False;1;2026-08-17
large;plus de 75 %;jour même;17243573377530694208;Bludental - Biella;Europe;False;1;2026-08-23
large;plus de 75 %;jour même;17251484945567213252;Globales Simar;Europe;False;1;2026-08-23
large;plus de 75 %;jour même;17486864832999323178;Empire Today;US;False;1;2026-08-22
large;plus de 75 %;jour même;17490925605189208367;Fair Doctors - Zahnarzt in Porz I Zahnersatz ohne Zuzahlung*;Europe;False;1;2026-08-17
large;plus de 75 %;jour même;17935632477872338134;A Plus Garage Door Repair;US;False;1;2026-08-24
large;plus de 75 %;jour même;17939577718812997884;Nuvia Dental Implant Center;US;False;1;2026-08-16
large;plus de 75 %;jour même;18178015682874024510;Bludental Clinique;Europe;False;1;2026-08-13
large;plus de 75 %;jour même;2071615184249883557;Nuvia Dental Implant Center;US;False;1;2026-08-23
large;plus de 75 %;jour même;2352750165935623369;Kids Dental Place & Teen Dental Place;US;False;1;2026-08-14
large;plus de 75 %;jour même;2428222000924479108;Nuvia Dental Implant Center;US;False;1;2026-08-21
large;plus de 75 %;jour même;2516556951462324810;Cuisinella Troyes;Europe;False;1;2026-08-23
large;plus de 75 %;jour même;2889281563314976003;Adventure Dental;US;False;1;2026-08-16
large;plus de 75 %;jour même;3055526259022060684;Detailcar Aqua Multiespacio;Europe;False;1;2026-08-13
large;plus de 75 %;jour même;3426933955263773467;Delta Sonic Car Wash;US;False;1;2026-08-21
large;plus de 75 %;jour même;3478475095175863634;UNA Hotel Bologna;Europe;False;1;2026-08-24
large;plus de 75 %;jour même;3831434267061934154;Delta Sonic Car Wash;US;False;1;2026-08-12
large;plus de 75 %;jour même;49335103477407846;Delta Sonic Car Wash;US;False;1;2026-08-13
large;plus de 75 %;jour même;5101721788897113445;Nuvia Dental Implant Center;US;False;1;2026-08-23
large;plus de 75 %;jour même;5240294148662776055;Pediatric Dental Group and Adventure Vision;US;False;1;2026-08-12
large;plus de 75 %;jour même;5422890961706407530;United Air Temp;US;False;1;2026-08-12
large;plus de 75 %;jour même;5525824012557246585;A Plus Garage Door Repair;US;False;1;2026-08-12
large;plus de 75 %;jour même;6260582073994729904;Lanterna Premium Camping Resort;Europe;False;1;2026-08-20
large;plus de 75 %;jour même;6303796825523196064;P.j. Whelihan's Pub + Restaurant - Harrisburg;US;False;1;2026-08-24
large;plus de 75 %;jour même;6320061476609597807;Nuvia Dental Implant Center;US;False;1;2026-08-19
large;plus de 75 %;jour même;6360580975601342886;Carolina Ale House;US;False;1;2026-08-19
large;plus de 75 %;jour même;669204166321054529;Camping Orsera;Europe;False;1;2026-08-14
large;plus de 75 %;jour même;7061804313833943685;ABC Home & Commercial Services;US;False;1;2026-08-23
large;plus de 75 %;jour même;7495503299708694320;Orthodontic Specialists of Florida;US;False;1;2026-08-13
large;plus de 75 %;jour même;7903806739932122359;Bludental Clinique Prati Fiscali;Europe;False;1;2026-08-23
large;plus de 75 %;jour même;8015064052260497255;Neoness;Europe;False;1;2026-08-12
large;plus de 75 %;jour même;8319905239993359244;Ninkasi Besancon;Europe;False;1;2026-08-24
large;plus de 75 %;jour même;9064466342793657553;Adventure Dental and Vision;US;False;1;2026-08-16
large;plus de 75 %;jour même;9166889712521968380;Advantage Rent A Car;US;False;1;2026-08-23
large;plus de 75 %;jour même;936014774141576560;WestVet Meridian;US;False;1;2026-08-14
large;plus de 75 %;jour même;9494375248531743916;P.J. Whelihan's Pub and Restaurant;US;False;1;2026-08-23
large;plus de 75 %;jour même;9608825716188167823;Crep'eat;Europe;False;1;2026-08-20
large;plus de 75 %;jour même;9644624167118109403;Neoness;Europe;False;1;2026-08-21
large;plus de 75 %;jour même;9757162359114863037;Brick House Tavern + Tap;US;False;1;2026-08-21
large;plus de 75 %;pas encore de réponse;12466888218085323989;MedVet Cleveland;US;False;7;2026-08-12, 2026-08-16, 2026-08-17
large;plus de 75 %;pas encore de réponse;12653609458785639661;Delta Sonic Car Wash;US;False;7;2026-08-13, 2026-08-21, 2026-08-23, 2026-08-24
large;plus de 75 %;pas encore de réponse;17251484945567213252;Globales Simar;Europe;False;7;2026-08-18, 2026-08-21, 2026-08-22, 2026-08-23
large;plus de 75 %;pas encore de réponse;7864325941761932328;Globales Maioris;Europe;False;7;2026-08-15, 2026-08-21, 2026-08-22, 2026-08-23
large;plus de 75 %;pas encore de réponse;11468972147098209639;Lash and Company Med Spa - Centennial;US;False;6;2026-08-24
large;plus de 75 %;pas encore de réponse;17257425285318401586;Hipotels Barrosa Park;Europe;False;5;2026-08-18, 2026-08-19, 2026-08-20, 2026-08-23
large;plus de 75 %;pas encore de réponse;11683972207017833004;Empire Today;US;False;4;2026-08-12, 2026-08-13
large;plus de 75 %;pas encore de réponse;2034461622997448093;Bulwark Exterminating;US;True;4;2026-08-13
large;plus de 75 %;pas encore de réponse;5119810349067443765;Clarion Hotel The Hub;Europe;False;4;2026-08-13
large;plus de 75 %;pas encore de réponse;12924136556389994153;ABC Home & Commercial Services;US;False;3;2026-08-13, 2026-08-16, 2026-08-23
large;plus de 75 %;pas encore de réponse;17202679942767108315;ABC Home & Commercial Services;US;False;3;2026-08-15, 2026-08-16
large;plus de 75 %;pas encore de réponse;9654059427809994128;Carolina Ale House - Greenville-Woodruff;US;False;3;2026-08-20, 2026-08-22, 2026-08-23
large;plus de 75 %;pas encore de réponse;1170749740403083425;WestVet Boise;US;False;2;2026-08-16, 2026-08-19
large;plus de 75 %;pas encore de réponse;13434656752698496878;Hotel Abba Huesca;Europe;False;2;2026-08-13, 2026-08-14
large;plus de 75 %;pas encore de réponse;13836410191197096365;Best Western Plus Plaza Almere;Europe;False;2;2026-08-12, 2026-08-22
large;plus de 75 %;pas encore de réponse;14216629449616423721;Brioni Sunny Camping by Valamar;Europe;False;2;2026-08-21, 2026-08-23
large;plus de 75 %;pas encore de réponse;14696288889803762717;Auto Bierschneider;Europe;False;2;2026-08-19, 2026-08-20
large;plus de 75 %;pas encore de réponse;1487794017584324211;Neoness;Europe;False;2;2026-08-14, 2026-08-16
large;plus de 75 %;pas encore de réponse;17311311762887750557;Home2 Suites by Hilton;US;False;2;2026-08-16, 2026-08-19
large;plus de 75 %;pas encore de réponse;2054732589707793641;Globales Cala'n Bosch;Europe;False;2;2026-08-13, 2026-08-23
large;plus de 75 %;pas encore de réponse;3874911723232599474;ABC Home & Commercial Services;US;False;2;2026-08-17, 2026-08-18
large;plus de 75 %;pas encore de réponse;5560357663866525473;Au Fût Angers;Europe;False;2;2026-08-24
large;plus de 75 %;pas encore de réponse;6168449182371789388;MedVet Cincinnati;US;False;2;2026-08-17, 2026-08-24
large;plus de 75 %;pas encore de réponse;8879650042478005279;Evolve Chiropractic of Naperville;US;False;2;2026-08-13, 2026-08-16
large;plus de 75 %;pas encore de réponse;10121015616025515704;Petfolk Veterinary & Urgent Care - Oviedo;US;False;1;2026-08-24
large;plus de 75 %;pas encore de réponse;10292122388209667085;Empire Today;US;False;1;2026-08-13
large;plus de 75 %;pas encore de réponse;10452877589506309787;Best Western Plus Amedia Wien;Europe;False;1;2026-08-23
large;plus de 75 %;pas encore de réponse;10921805046871428741;Compagnie des Déboucheurs;Europe;False;1;2026-08-15
large;plus de 75 %;pas encore de réponse;10974924994085968348;Brick House Tavern + Tap;US;False;1;2026-08-24
large;plus de 75 %;pas encore de réponse;11056066570459298898;A Plus Garage Door Repair;US;False;1;2026-08-14
large;plus de 75 %;pas encore de réponse;11152419033877693945;Camping Campéole Le Coiroux;Europe;False;1;2026-08-13
large;plus de 75 %;pas encore de réponse;11183164932977516690;Insight Pest Solutions;US;True;1;2026-08-18
large;plus de 75 %;pas encore de réponse;11260237229921996949;Carolina Ale House;US;False;1;2026-08-20
large;plus de 75 %;pas encore de réponse;11549800624603289795;Evolve Chiropractic of Barrington;US;False;1;2026-08-22
large;plus de 75 %;pas encore de réponse;11569433775224823960;Neoness;Europe;False;1;2026-08-13
large;plus de 75 %;pas encore de réponse;11638070547796619330;Signorvino;Europe;False;1;2026-08-23
large;plus de 75 %;pas encore de réponse;11728769904081077174;Venice Beach;Europe;False;1;2026-08-24
large;plus de 75 %;pas encore de réponse;12144090023864182723;Bulwark Exterminating;US;True;1;2026-08-23
large;plus de 75 %;pas encore de réponse;12392642934376244703;Ninkasi La Doua;Europe;False;1;2026-08-22
large;plus de 75 %;pas encore de réponse;12462631854475696824;Rocket Carwash;US;False;1;2026-08-24
large;plus de 75 %;pas encore de réponse;1263474390517931461;CareVet of Middletown;US;False;1;2026-08-16
large;plus de 75 %;pas encore de réponse;12713512789525496119;SkinSpirit;US;False;1;2026-08-14
large;plus de 75 %;pas encore de réponse;13151071491813197060;Technitoit Villefranche-sur-Saône;Europe;False;1;2026-08-16
large;plus de 75 %;pas encore de réponse;13204862283283398368;Hipotels Bahía Cala Millor;Europe;False;1;2026-08-18
large;plus de 75 %;pas encore de réponse;13288029802825955964;Shine Shop Carwash;US;False;1;2026-08-21
large;plus de 75 %;pas encore de réponse;13583841941305225320;Instituts Odontològics - Clínica Dental Barcelona Paral·lel;Europe;False;1;2026-08-12
large;plus de 75 %;pas encore de réponse;13603563371674711960;Holiday Inn Club Vacations;US;False;1;2026-08-17
large;plus de 75 %;pas encore de réponse;13861628403113673991;Auto Bierschneider;Europe;False;1;2026-08-23
large;plus de 75 %;pas encore de réponse;13931524316971114860;PLAZA INN Köln Pulheim;Europe;False;1;2026-08-19
large;plus de 75 %;pas encore de réponse;14182411241462880639;Auto Bierschneider;Europe;False;1;2026-08-21
large;plus de 75 %;pas encore de réponse;14218517157212957384;Technitoit Montpellier;Europe;False;1;2026-08-23
large;plus de 75 %;pas encore de réponse;14237408272253303150;Carolina Ale House;US;False;1;2026-08-21
large;plus de 75 %;pas encore de réponse;14255030001293211796;Auto Bierschneider;Europe;False;1;2026-08-15
large;plus de 75 %;pas encore de réponse;14362882724000770461;Cuisinella;Europe;False;1;2026-08-17
large;plus de 75 %;pas encore de réponse;1443313011051351793;Home2 Suites by Hilton Pittsburgh McCandless;US;False;1;2026-08-14
large;plus de 75 %;pas encore de réponse;14669269514609492336;P.J. Whelihan's Pub + Restaurant;US;False;1;2026-08-13
large;plus de 75 %;pas encore de réponse;14995606665142571545;ABC Home and Commercial Services;US;False;1;2026-08-24
large;plus de 75 %;pas encore de réponse;15782623238310293347;AniCura Bergisch Gladbach;Europe;False;1;2026-08-19
large;plus de 75 %;pas encore de réponse;15808728659304495954;Neoness;Europe;False;1;2026-08-19
large;plus de 75 %;pas encore de réponse;15855620533885071362;Auto Bierschneider;Europe;False;1;2026-08-12
large;plus de 75 %;pas encore de réponse;1588045585774572368;Istra Premium Camping Resort;Europe;False;1;2026-08-13
large;plus de 75 %;pas encore de réponse;15979917185231430356;A Plus Garage Door Repair;US;False;1;2026-08-23
large;plus de 75 %;pas encore de réponse;16451284815773184861;Nuvia Dental Implant Center;US;False;1;2026-08-15
large;plus de 75 %;pas encore de réponse;16567215776036419118;James Sammarco, MD;US;False;1;2026-08-16
large;plus de 75 %;pas encore de réponse;17727242929228764255;Hurricane Express Wash;US;False;1;2026-08-14
large;plus de 75 %;pas encore de réponse;17811514628184275600;P.J. Whelihan's Pub + Restaurant [West Chester];US;False;1;2026-08-18
large;plus de 75 %;pas encore de réponse;17927604918696817653;Holiday Inn Club Vacations Galveston Seaside Resort;US;False;1;2026-08-15
large;plus de 75 %;pas encore de réponse;17952594547969496880;Auto Bierschneider;Europe;False;1;2026-08-19
large;plus de 75 %;pas encore de réponse;18323170558696445774;Le Fut'Rax;Europe;False;1;2026-08-18
large;plus de 75 %;pas encore de réponse;1897020662891729578;Neoness;Europe;False;1;2026-08-23
large;plus de 75 %;pas encore de réponse;2098649648037438573;Auto Bierschneider AUDI;Europe;False;1;2026-08-23
large;plus de 75 %;pas encore de réponse;2281360171323098495;CareVet of Shoreline;US;False;1;2026-08-17
large;plus de 75 %;pas encore de réponse;2797183553179767293;Rocket Carwash;US;False;1;2026-08-19
large;plus de 75 %;pas encore de réponse;2853549249527884064;Auto Bierschneider;Europe;False;1;2026-08-21
large;plus de 75 %;pas encore de réponse;2889281563314976003;Adventure Dental;US;False;1;2026-08-13
large;plus de 75 %;pas encore de réponse;3029550321829057135;Neoness;Europe;False;1;2026-08-17
large;plus de 75 %;pas encore de réponse;3204333037205289385;Cuisinella Val d'Europe;Europe;False;1;2026-08-14
large;plus de 75 %;pas encore de réponse;3600405071299124452;Shine Shop Carwash;US;False;1;2026-08-14
large;plus de 75 %;pas encore de réponse;3669525193384852337;Wash N' Roll Car Wash;US;False;1;2026-08-20
large;plus de 75 %;pas encore de réponse;3792836982665205875;Camping Les Sirènes - Campéole;Europe;False;1;2026-08-20
large;plus de 75 %;pas encore de réponse;3930435424217269455;PROCARE COLLISION -SW MILITARY;US;False;1;2026-08-24
large;plus de 75 %;pas encore de réponse;3987147869902447434;Technitoit Saumur;Europe;False;1;2026-08-14
large;plus de 75 %;pas encore de réponse;4009596460761180782;Crep'eat;Europe;False;1;2026-08-18
large;plus de 75 %;pas encore de réponse;4420554553755657709;Hipotels Barrosa Palace;Europe;False;1;2026-08-18
large;plus de 75 %;pas encore de réponse;4971514679483864592;AniCura Københavns Dyrehospital;Europe;False;1;2026-08-19
large;plus de 75 %;pas encore de réponse;5322781895303092880;Bulwark Exterminating;US;True;1;2026-08-20
large;plus de 75 %;pas encore de réponse;5790783632375840264;United Air Temp;US;False;1;2026-08-24
large;plus de 75 %;pas encore de réponse;5805416220287070965;Cavallari Motorbike;Europe;False;1;2026-08-22
large;plus de 75 %;pas encore de réponse;6064403375455709139;Cuisinella;Europe;False;1;2026-08-21
large;plus de 75 %;pas encore de réponse;6190689382545763815;MedVet Akron;US;False;1;2026-08-13
large;plus de 75 %;pas encore de réponse;6260582073994729904;Lanterna Premium Camping Resort;Europe;False;1;2026-08-20
large;plus de 75 %;pas encore de réponse;6307277307821183025;Fitnessstudio Pfitzenmeier Premium Club Heidelberg;Europe;False;1;2026-08-15
large;plus de 75 %;pas encore de réponse;6361265290021000558;MedVet Northern Virginia;US;False;1;2026-08-22
large;plus de 75 %;pas encore de réponse;6535206328573237763;Bandanas BBQ;US;False;1;2026-08-18
large;plus de 75 %;pas encore de réponse;7061804313833943685;ABC Home & Commercial Services;US;False;1;2026-08-12
large;plus de 75 %;pas encore de réponse;7139107833146033204;AniCura Kleintierzentrum Neckarwiesen;Europe;False;1;2026-08-17
large;plus de 75 %;pas encore de réponse;715658166342483763;Camping Campéole Le Lac de Sanguinet;Europe;False;1;2026-08-22
large;plus de 75 %;pas encore de réponse;7312547938884058354;Technitoit Tours;Europe;False;1;2026-08-12
large;plus de 75 %;pas encore de réponse;7868713708357852976;ScrubaDub Car Wash;US;False;1;2026-08-13
large;plus de 75 %;pas encore de réponse;8015064052260497255;Neoness;Europe;False;1;2026-08-14
large;plus de 75 %;pas encore de réponse;8240905713245591103;Carolina Ale House;US;False;1;2026-08-15
large;plus de 75 %;pas encore de réponse;8597504776508843677;Neoness;Europe;False;1;2026-08-23
large;plus de 75 %;pas encore de réponse;86492137560361025;Home2 Suites by Hilton;US;False;1;2026-08-20
large;plus de 75 %;pas encore de réponse;8888669961514167325;Evolve Chiropractic of Schaumburg;US;False;1;2026-08-18
large;plus de 75 %;pas encore de réponse;9166889712521968380;Advantage Rent A Car;US;False;1;2026-08-18
large;plus de 75 %;pas encore de réponse;9370556788236650702;ABC Home & Commercial Services;US;False;1;2026-08-23
large;plus de 75 %;pas encore de réponse;9565863715263679472;Ninkasi;Europe;False;1;2026-08-21
large;plus de 75 %;pas encore de réponse;9608825716188167823;Crep'eat;Europe;False;1;2026-08-24
large;plus de 75 %;pas encore de réponse;9644624167118109403;Neoness;Europe;False;1;2026-08-23
large;plus de 75 %;pas encore de réponse;9863064808548665356;Auto Bierschneider;Europe;False;1;2026-08-20
large;plus de 75 %;pas encore de réponse;9895781671385058057;Delta Sonic Car Wash;US;False;1;2026-08-14
mono;75 % ou moins;1 jour;13454390046806476880;Hand and Stone Massage and Facial Spa;US;False;7;2026-08-16, 2026-08-17, 2026-08-23
mono;75 % ou moins;1 jour;11069659097637049598;Ressia & Compiani Pneumatici e Autofficina;Europe;False;1;2026-08-13
mono;75 % ou moins;1 jour;11854687678587368722;SAPWASH;Europe;False;1;2026-08-22
mono;75 % ou moins;1 jour;12533095787731249146;Tuscana Resort Orlando by Aston;US;False;1;2026-08-17
mono;75 % ou moins;1 jour;15404298441898724538;Manta Ray Dives of Hawaii;US;False;1;2026-08-14
mono;75 % ou moins;1 jour;16069512827606530358;Courtyard by Marriott Hanover Whippany;US;False;1;2026-08-18
mono;75 % ou moins;1 jour;3072672056637097147;Hand & Stone;US;False;1;2026-08-17
mono;75 % ou moins;2 jours;13454390046806476880;Hand and Stone Massage and Facial Spa;US;False;2;2026-08-16, 2026-08-17
mono;75 % ou moins;2 jours;16069512827606530358;Courtyard by Marriott Hanover Whippany;US;False;1;2026-08-18
mono;75 % ou moins;2 jours;2087225695153470438;Live On Air Fallsview Balloon Ride;US;False;1;2026-08-12
mono;75 % ou moins;2 jours;5451561497986218110;Idle Isle Cafe;US;False;1;2026-08-23
mono;75 % ou moins;3 jours et plus;13454390046806476880;Hand and Stone Massage and Facial Spa;US;False;8;2026-08-17, 2026-08-18, 2026-08-23
mono;75 % ou moins;3 jours et plus;10872351812526374649;O Feugo;Europe;False;1;2026-08-15
mono;75 % ou moins;3 jours et plus;11405315049972903980;We Mount Things;US;False;1;2026-08-23
mono;75 % ou moins;3 jours et plus;11488857673888033204;Blue Planet Tours;US;False;1;2026-08-14
mono;75 % ou moins;3 jours et plus;12540450234092660355;Azores Whale Watching TERRA AZUL;Europe;False;1;2026-08-19
mono;75 % ou moins;3 jours et plus;17150089404530335850;Snack Tour & Taxis;Europe;False;1;2026-08-13
mono;75 % ou moins;3 jours et plus;18260155493222478427;Sachi Massage and Wellness;US;False;1;2026-08-19
mono;75 % ou moins;3 jours et plus;3958096962742277224;Moxie Wood Fire Grill;US;False;1;2026-08-13
mono;75 % ou moins;3 jours et plus;5225060487792937874;Austin Heli Tours;US;False;1;2026-08-23
mono;75 % ou moins;3 jours et plus;5779496948809287184;Maryville Small Animal Medical Center;US;False;1;2026-08-21
mono;75 % ou moins;3 jours et plus;5848415706627196772;Black Bear Inn;US;False;1;2026-08-17
mono;75 % ou moins;3 jours et plus;7695101475524646881;BEST WESTERN Plus Glen Allen Inn;US;False;1;2026-08-23
mono;75 % ou moins;3 jours et plus;9134717088122580915;ISULA Croisières;Europe;False;1;2026-08-24
mono;75 % ou moins;jour même;13055305431448601035;Blue rent;Europe;False;1;2026-08-23
mono;75 % ou moins;jour même;13454390046806476880;Hand and Stone Massage and Facial Spa;US;False;1;2026-08-17
mono;75 % ou moins;jour même;14748447432990314806;The Springs Car Wash;US;False;1;2026-08-14
mono;75 % ou moins;jour même;16170338589303360167;The Bend RV Park;US;False;1;2026-08-19
mono;75 % ou moins;jour même;17325999670394372128;Mezze Krotoszyn;Europe;False;1;2026-08-18
mono;75 % ou moins;jour même;7083299842212987279;Torches On The Hudson;US;False;1;2026-08-19
mono;75 % ou moins;pas encore de réponse;758758450125883918;Bischoff Touristik KG Busreisen;Europe;False;45;2026-08-15, 2026-08-16, 2026-08-19, 2026-08-22
mono;75 % ou moins;pas encore de réponse;7478870134232076043;Rocky Mountain Balloon Adventures;US;False;38;2026-08-22, 2026-08-23, 2026-08-24
mono;75 % ou moins;pas encore de réponse;10896163602322254565;Mumbai Masala Playa Paraíso;Europe;False;22;2026-08-16, 2026-08-17, 2026-08-18, 2026-08-19, 2026-08-20, 2026-08-21, 2026-08-22, 2026-08-23, 2026-08-24
mono;75 % ou moins;pas encore de réponse;8295483025098590212;Parker Cornea;US;False;18;2026-08-12, 2026-08-13, 2026-08-16, 2026-08-19, 2026-08-20
mono;75 % ou moins;pas encore de réponse;16549891742331617014;Abilene Dermatology and Skin;US;False;14;2026-08-16, 2026-08-17, 2026-08-20, 2026-08-21, 2026-08-22
mono;75 % ou moins;pas encore de réponse;8117786734318428670;Sunshine Ballooning;Europe;False;14;2026-08-16, 2026-08-17, 2026-08-18, 2026-08-21, 2026-08-23
mono;75 % ou moins;pas encore de réponse;3187607110245052706;Denali Park Zipline;US;False;8;2026-08-12, 2026-08-15, 2026-08-17, 2026-08-18, 2026-08-20
mono;75 % ou moins;pas encore de réponse;7651945305551643280;Chania Boat Tours;Europe;False;8;2026-08-18, 2026-08-21, 2026-08-22
mono;75 % ou moins;pas encore de réponse;13454390046806476880;Hand and Stone Massage and Facial Spa;US;False;7;2026-08-16, 2026-08-17
mono;75 % ou moins;pas encore de réponse;15021678285380976596;Advanced Center for Cosmetic and Implant Dentistry;US;False;6;2026-08-16, 2026-08-17, 2026-08-18
mono;75 % ou moins;pas encore de réponse;11026334113574303649;Coast Fit Lab;Europe;False;5;2026-08-13, 2026-08-15, 2026-08-20, 2026-08-21, 2026-08-23
mono;75 % ou moins;pas encore de réponse;13919628842978940702;Masajes Eróticos Alicante Eternal Massage;Europe;False;5;2026-08-16, 2026-08-17, 2026-08-22, 2026-08-23
mono;75 % ou moins;pas encore de réponse;5480379830228378813;Polo line - vacation rentals;Europe;False;5;2026-08-20, 2026-08-21, 2026-08-23, 2026-08-24
mono;75 % ou moins;pas encore de réponse;15598913053706512115;Bedard Bros. Honda;US;False;4;2026-08-12, 2026-08-17, 2026-08-20
mono;75 % ou moins;pas encore de réponse;16385710373382858530;DKamping Village;Europe;False;4;2026-08-16, 2026-08-18
mono;75 % ou moins;pas encore de réponse;2227356216214658119;Tjugo Bil AB;Europe;False;4;2026-08-16, 2026-08-19, 2026-08-20, 2026-08-21
mono;75 % ou moins;pas encore de réponse;15988802449719167788;Gloobo Paseos y Publicidad en Globo;Europe;False;3;2026-08-22, 2026-08-23
mono;75 % ou moins;pas encore de réponse;16069512827606530358;Courtyard by Marriott Hanover Whippany;US;False;3;2026-08-18
mono;75 % ou moins;pas encore de réponse;8514078042456021906;Premier Mountain Healthcare;US;False;3;2026-08-13
mono;75 % ou moins;pas encore de réponse;11334857026754763198;Restaurant Destille Bernie's Keller;Europe;False;2;2026-08-17, 2026-08-24
mono;75 % ou moins;pas encore de réponse;11593746449727099110;Premier Eyecare;US;False;2;2026-08-16, 2026-08-24
mono;75 % ou moins;pas encore de réponse;13435872703723637457;Thai London Therapy;Europe;False;2;2026-08-12, 2026-08-19
mono;75 % ou moins;pas encore de réponse;140714329459600171;Bell Dental;US;False;2;2026-08-24
mono;75 % ou moins;pas encore de réponse;15371519773348653797;Double R Ranch;US;False;2;2026-08-23
mono;75 % ou moins;pas encore de réponse;15608058152450039001;Automecanica Castro;Europe;False;2;2026-08-23, 2026-08-24
mono;75 % ou moins;pas encore de réponse;17021217626669606631;Black Hills Helicopters;US;False;2;2026-08-12, 2026-08-18
mono;75 % ou moins;pas encore de réponse;18077385796420396658;RZbandenservice BV;Europe;False;2;2026-08-15, 2026-08-24
mono;75 % ou moins;pas encore de réponse;18114601915347633250;Lee M. Angioletti;US;False;2;2026-08-17, 2026-08-24
mono;75 % ou moins;pas encore de réponse;18160242326678368511;Northwest Motor Group;US;False;2;2026-08-12, 2026-08-15
mono;75 % ou moins;pas encore de réponse;2514272589170093395;Zrcę beach;Europe;False;2;2026-08-14, 2026-08-20
mono;75 % ou moins;pas encore de réponse;2549079542246731788;MXO Rooftop;Europe;False;2;2026-08-18, 2026-08-21
mono;75 % ou moins;pas encore de réponse;381217988904044681;Chicago Motor Credit;US;False;2;2026-08-14
mono;75 % ou moins;pas encore de réponse;3958881143206645279;Eagle Bay Airboat Rides;US;False;2;2026-08-14, 2026-08-17
mono;75 % ou moins;pas encore de réponse;10147200891462325625;Restaurant Mythos;Europe;False;1;2026-08-21
mono;75 % ou moins;pas encore de réponse;10358734888114183766;Ostello Campo Imperatore;Europe;False;1;2026-08-23
mono;75 % ou moins;pas encore de réponse;10735142758438773042;Weiße Flotte Mülheim an der Ruhr (Ruhrschifffahrt);Europe;False;1;2026-08-23
mono;75 % ou moins;pas encore de réponse;11374265226309701088;La Baita Boario;Europe;False;1;2026-08-23
mono;75 % ou moins;pas encore de réponse;11471904905926382094;Amalfi Lemon Experience;Europe;False;1;2026-08-21
mono;75 % ou moins;pas encore de réponse;11606668698898553446;Hyannis Whale Watcher Cruises;US;False;1;2026-08-12
mono;75 % ou moins;pas encore de réponse;11704494948758527677;Tip Top Roofing and Construction;US;False;1;2026-08-17
mono;75 % ou moins;pas encore de réponse;11893719273052722747;Tretze;Europe;False;1;2026-08-24
mono;75 % ou moins;pas encore de réponse;11975822384362330441;Cafe Baeckerei Konditorei Kundlatsch;Europe;False;1;2026-08-18
mono;75 % ou moins;pas encore de réponse;12083688140463453093;Certus CrossFit;US;False;1;2026-08-17
mono;75 % ou moins;pas encore de réponse;12128138791430243883;Publica Pub;Europe;False;1;2026-08-19
mono;75 % ou moins;pas encore de réponse;12201393894709934481;Avalon Transportation;US;False;1;2026-08-12
mono;75 % ou moins;pas encore de réponse;12361951514241394946;DAD's Appliance Repair;US;False;1;2026-08-12
mono;75 % ou moins;pas encore de réponse;12626378853423357754;Fitin Easy 24h;Europe;False;1;2026-08-22
mono;75 % ou moins;pas encore de réponse;13105129105573193120;Truck’s Place Restaurant Birnamwood;US;False;1;2026-08-16
mono;75 % ou moins;pas encore de réponse;13447210363258677756;Duryea's Lobster Deck & Seafood Market;US;False;1;2026-08-16
mono;75 % ou moins;pas encore de réponse;1359708818504969356;Madeira Sea Emotions | Whale & Dolphin Watching and Boat Tours;Europe;False;1;2026-08-23
mono;75 % ou moins;pas encore de réponse;13632416721289889370;Tiergesundheitszentrum Südharz;Europe;False;1;2026-08-21
mono;75 % ou moins;pas encore de réponse;14038201235633057679;Jackrabbit Java;US;False;1;2026-08-23
mono;75 % ou moins;pas encore de réponse;1409912745468724404;Spa by Sothys;Europe;False;1;2026-08-12
mono;75 % ou moins;pas encore de réponse;14437350526528134386;Claremont Motor Lodge;US;False;1;2026-08-16
mono;75 % ou moins;pas encore de réponse;14810856172621276659;SABA Soluzioni Casa;Europe;False;1;2026-08-13
mono;75 % ou moins;pas encore de réponse;14850105745282876897;Garage Autoflex;Europe;False;1;2026-08-19
mono;75 % ou moins;pas encore de réponse;14869656164423820253;Mamajuana Cafe;US;False;1;2026-08-17
mono;75 % ou moins;pas encore de réponse;15284962400732825067;De Drie Linden;Europe;False;1;2026-08-12
mono;75 % ou moins;pas encore de réponse;15615883863625534210;Freibad Mylau;Europe;False;1;2026-08-19
mono;75 % ou moins;pas encore de réponse;15856364606369874768;Nakyoung Ju DDS;US;False;1;2026-08-23
mono;75 % ou moins;pas encore de réponse;16130034264863182789;The Grand Hotel;US;False;1;2026-08-16
mono;75 % ou moins;pas encore de réponse;1622875543510795915;Pizza Mood;US;False;1;2026-08-16
mono;75 % ou moins;pas encore de réponse;16266683297039892102;Lake Express High-Speed Ferry;US;False;1;2026-08-18
mono;75 % ou moins;pas encore de réponse;16491711330372966734;Mavericks Pizza Hangar;US;False;1;2026-08-16
mono;75 % ou moins;pas encore de réponse;16724483756607174172;Khải Hoàn Restaurant;US;False;1;2026-08-18
mono;75 % ou moins;pas encore de réponse;17131730794815694602;Ćićko Komerc;Europe;False;1;2026-08-16
mono;75 % ou moins;pas encore de réponse;17150089404530335850;Snack Tour & Taxis;Europe;False;1;2026-08-12
mono;75 % ou moins;pas encore de réponse;17512054584336487391;River Auto Sales;US;False;1;2026-08-24
mono;75 % ou moins;pas encore de réponse;17575909294763371635;Oli's Trolley Inc.;US;False;1;2026-08-17
mono;75 % ou moins;pas encore de réponse;17967578011633900843;A Better Way Wholesale Autos;US;False;1;2026-08-22
mono;75 % ou moins;pas encore de réponse;17975141348738603870;Tacos Don Chente;US;False;1;2026-08-22
mono;75 % ou moins;pas encore de réponse;18035350017249985181;Mt. Washington Auto Road;US;False;1;2026-08-23
mono;75 % ou moins;pas encore de réponse;18039740134458108848;Busa;Europe;False;1;2026-08-13
mono;75 % ou moins;pas encore de réponse;18047376486297237360;Cafateria Sevillano;Europe;False;1;2026-08-23
mono;75 % ou moins;pas encore de réponse;18289652224721845159;Slascicarna Renata;Europe;False;1;2026-08-20
mono;75 % ou moins;pas encore de réponse;1831097215118000235;Blankert Shortlease;Europe;False;1;2026-08-20
mono;75 % ou moins;pas encore de réponse;18315521293115672019;South Cali Air Conditioning;US;False;1;2026-08-14
mono;75 % ou moins;pas encore de réponse;1989773721390893729;Camping Alyzia;Europe;False;1;2026-08-22
mono;75 % ou moins;pas encore de réponse;2018339838192695918;Gasthof zur Post;Europe;False;1;2026-08-14
mono;75 % ou moins;pas encore de réponse;2101867464756467004;Curry Chevrolet;US;False;1;2026-08-21
mono;75 % ou moins;pas encore de réponse;2184337760624006761;Miners Saloon;US;False;1;2026-08-23
mono;75 % ou moins;pas encore de réponse;2284071252006715424;Muddy Jake's Sports Grill & Pub;US;False;1;2026-08-20
mono;75 % ou moins;pas encore de réponse;2465497108457602761;Parasailing Palm Beach;US;False;1;2026-08-15
mono;75 % ou moins;pas encore de réponse;2474325862983293399;The Center for Animal Health & Welfare;US;False;1;2026-08-21
mono;75 % ou moins;pas encore de réponse;261260947259387073;Saxapahaw General Store;US;False;1;2026-08-23
mono;75 % ou moins;pas encore de réponse;2745747141372267109;Royal Charters Mallorca;Europe;False;1;2026-08-18
mono;75 % ou moins;pas encore de réponse;281176211676243797;Satanic Salem Walking Tours;US;False;1;2026-08-16
mono;75 % ou moins;pas encore de réponse;2864865818992573904;Hermann Trolley Company;US;False;1;2026-08-16
mono;75 % ou moins;pas encore de réponse;2982711827784274142;Trattoria Al Galo;Europe;False;1;2026-08-15
mono;75 % ou moins;pas encore de réponse;3081825511282559189;Divano Rent-A-Car;US;False;1;2026-08-14
mono;75 % ou moins;pas encore de réponse;3305787388704568490;Valhalla Gym Club Salou;Europe;False;1;2026-08-18
mono;75 % ou moins;pas encore de réponse;3425246382128922758;Merle Stone Chevrolet - Porterville;US;False;1;2026-08-14
mono;75 % ou moins;pas encore de réponse;3556969407373473621;Autonoleggio e autolavaggio Minerva;Europe;False;1;2026-08-18
mono;75 % ou moins;pas encore de réponse;357179753298412712;Camping Adriatico;Europe;False;1;2026-08-16
mono;75 % ou moins;pas encore de réponse;3582780430809955282;Centrevet C.B.;Europe;False;1;2026-08-20
mono;75 % ou moins;pas encore de réponse;3591533907263292081;Theraqua.Med. Institut für Gesundheitssport Institut für Gesundheit;Europe;False;1;2026-08-13
mono;75 % ou moins;pas encore de réponse;3685830225093989329;P2O Hot Pilates & Fitness;US;False;1;2026-08-13
mono;75 % ou moins;pas encore de réponse;3707646942252676787;Signature Smiles;US;False;1;2026-08-12
mono;75 % ou moins;pas encore de réponse;3935784562336305544;Shelby Urgent Care;US;False;1;2026-08-18
mono;75 % ou moins;pas encore de réponse;4026416103943347065;Pupusas Express y Mexican Food;US;False;1;2026-08-15
mono;75 % ou moins;pas encore de réponse;4497820484044388484;Fedelos Pizza;US;False;1;2026-08-23
mono;75 % ou moins;pas encore de réponse;4560227971909703988;China Dynasty;US;False;1;2026-08-23
mono;75 % ou moins;pas encore de réponse;458083596771664228;Salomo - Schlüssel und Sicherheitstechnik;Europe;False;1;2026-08-12
mono;75 % ou moins;pas encore de réponse;4662568864035634645;Reizen Verhoeven;Europe;False;1;2026-08-18
mono;75 % ou moins;pas encore de réponse;4695493560929371813;Quecke Reisen;Europe;False;1;2026-08-23
mono;75 % ou moins;pas encore de réponse;4963556190372573154;Chéri;Europe;False;1;2026-08-15
mono;75 % ou moins;pas encore de réponse;4976669384732193579;Mon Reve Ecogreen Resort;Europe;False;1;2026-08-12
mono;75 % ou moins;pas encore de réponse;507991477414169147;E Star Motors;US;False;1;2026-08-18
mono;75 % ou moins;pas encore de réponse;5224596813594616689;HOTWORX - La Verne, CA;US;False;1;2026-08-18
mono;75 % ou moins;pas encore de réponse;5451561497986218110;Idle Isle Cafe;US;False;1;2026-08-19
mono;75 % ou moins;pas encore de réponse;5493948664261571918;Minicamping en Theeschenkerij De Brinkhoeve;Europe;False;1;2026-08-18
mono;75 % ou moins;pas encore de réponse;5728129625601524626;PalestraEnergy Club;Europe;False;1;2026-08-24
mono;75 % ou moins;pas encore de réponse;5817340592590404967;Smith Motor Sales;US;False;1;2026-08-20
mono;75 % ou moins;pas encore de réponse;6633947282601259631;Autolavaggio Car Wash Bova;Europe;False;1;2026-08-13
mono;75 % ou moins;pas encore de réponse;6652535382562740070;Life Maid Simple;US;False;1;2026-08-12
mono;75 % ou moins;pas encore de réponse;6662112894837013400;Cabinet vétérinaire Daoudia;Europe;False;1;2026-08-15
mono;75 % ou moins;pas encore de réponse;6748788238520036681;Cabinet de Radiologie et d'Échographie du Marquenterre;Europe;False;1;2026-08-13
mono;75 % ou moins;pas encore de réponse;6775686681748713330;Pastelaria Delícia;Europe;False;1;2026-08-18
mono;75 % ou moins;pas encore de réponse;689819550752917157;Beautyfluff;US;False;1;2026-08-14
mono;75 % ou moins;pas encore de réponse;6908130218029146384;First Chance Whale Watch;US;False;1;2026-08-13
mono;75 % ou moins;pas encore de réponse;6945583259616515523;Embarcadère des Écluses de Bazoin;Europe;False;1;2026-08-15
mono;75 % ou moins;pas encore de réponse;7228734889084239000;Pho Voorhees;US;False;1;2026-08-18
mono;75 % ou moins;pas encore de réponse;730478242196086435;Jersey Shore Pirates;US;False;1;2026-08-17
mono;75 % ou moins;pas encore de réponse;7511492220568495848;Bonjour Tagungshotel Stuttgart Gerlingen;Europe;False;1;2026-08-21
mono;75 % ou moins;pas encore de réponse;7695101475524646881;BEST WESTERN Plus Glen Allen Inn;US;False;1;2026-08-21
mono;75 % ou moins;pas encore de réponse;7842264924727576825;Los Barqueros;Europe;False;1;2026-08-20
mono;75 % ou moins;pas encore de réponse;8163064894124539750;The: Memphian Hotel;US;False;1;2026-08-14
mono;75 % ou moins;pas encore de réponse;8299681493187640332;Piscine L'isle D'abeau;Europe;False;1;2026-08-16
mono;75 % ou moins;pas encore de réponse;9101075212922912460;Taconic Dental;US;False;1;2026-08-16
mono;75 % ou moins;pas encore de réponse;9134717088122580915;ISULA Croisières;Europe;False;1;2026-08-20
mono;75 % ou moins;pas encore de réponse;9152198512112707;TLC Automotive Repair;US;False;1;2026-08-24
mono;75 % ou moins;pas encore de réponse;9508112934780419728;Pickles Cafe;US;False;1;2026-08-14
mono;75 % ou moins;pas encore de réponse;9520786090647944355;Seehotel Antrifttal;Europe;False;1;2026-08-17
mono;plus de 75 %;1 jour;9955525685526011894;Reno Massage Tree;US;False;11;2026-08-14, 2026-08-16, 2026-08-17
mono;plus de 75 %;1 jour;8115244571708845709;Cocoa Beach Catamaran;US;False;6;2026-08-12, 2026-08-16, 2026-08-17, 2026-08-20, 2026-08-23
mono;plus de 75 %;1 jour;7096371038011001168;Route 46 Chrysler Jeep Dodge;US;False;4;2026-08-13, 2026-08-18, 2026-08-23
mono;plus de 75 %;1 jour;11381632064786343361;Bobcat Wildlife & Pest Management;US;False;2;2026-08-17, 2026-08-21
mono;plus de 75 %;1 jour;14205065794558665635;The Farmhouse Gambrills;US;False;2;2026-08-22, 2026-08-23
mono;plus de 75 %;1 jour;18135896731724490192;Coastal Heating and Cooling;US;False;2;2026-08-13
mono;plus de 75 %;1 jour;1124577886776068436;Four Seasons Heating & Cooling;US;False;1;2026-08-17
mono;plus de 75 %;1 jour;11314860238417771327;Rodia Beach Bar;Europe;False;1;2026-08-14
mono;plus de 75 %;1 jour;11361708813600866105;1050 Lenox Park Gym;US;False;1;2026-08-14
mono;plus de 75 %;1 jour;11738508805505749845;The Aesthetic Journey;US;False;1;2026-08-18
mono;plus de 75 %;1 jour;12035238193368484759;Centro Veterinario Villalba IF;Europe;False;1;2026-08-20
mono;plus de 75 %;1 jour;12289068231535832524;Advance Appliance;US;False;1;2026-08-18
mono;plus de 75 %;1 jour;12460969889495485623;VCA Westside Animal Hospital;US;False;1;2026-08-17
mono;plus de 75 %;1 jour;13808215084690825864;Cheney Dental Care;US;False;1;2026-08-23
mono;plus de 75 %;1 jour;1473687679119913481;SureStay by Best Western Charlotte Matthews;US;False;1;2026-08-23
mono;plus de 75 %;1 jour;14891807288409730927;Marketplace Chevrolet;US;False;1;2026-08-12
mono;plus de 75 %;1 jour;15313130771735760417;Fabrizio Telesca - FT Studio;Europe;False;1;2026-08-24
mono;plus de 75 %;1 jour;16058706799977626558;Maison Prana, Spécialiste De La Peau, Accompagnement Déséquilibre De Peau, Concept Store,;Europe;False;1;2026-08-22
mono;plus de 75 %;1 jour;16955557399246611985;Essence Of Serenity Massage Therapy and Wellness Center;US;False;1;2026-08-24
mono;plus de 75 %;1 jour;1760347079156995407;Fahrzeug Paul;Europe;False;1;2026-08-23
mono;plus de 75 %;1 jour;18161937216849651667;The Paw House Inn & Dog Friendly Cottages;US;False;1;2026-08-18
mono;plus de 75 %;1 jour;1903647878387178313;Foster Plumbing & Heating;US;False;1;2026-08-16
mono;plus de 75 %;1 jour;282006750775139757;Buena Vista Fitnessclub GmbH Lemgo;Europe;False;1;2026-08-20
mono;plus de 75 %;1 jour;2880542490723954951;Ciocca Chrysler Jeep Dodge Ram of Flemington;US;False;1;2026-08-12
mono;plus de 75 %;1 jour;4646329026897735795;Fremont Hills Dental Centre;US;False;1;2026-08-16
mono;plus de 75 %;1 jour;4881404450257233945;Antler Log Cabins - Brown County Cabins Nashville Cabin Rentals;US;False;1;2026-08-14
mono;plus de 75 %;1 jour;6453711745241527355;Premier Pest Control LLC;US;False;1;2026-08-21
mono;plus de 75 %;1 jour;7542203160017780480;Eurodecars Automobielhandel;Europe;False;1;2026-08-24
mono;plus de 75 %;1 jour;7943168066293718086;Mariam's Aesthetic Clinic;US;False;1;2026-08-13
mono;plus de 75 %;2 jours;18135896731724490192;Coastal Heating and Cooling;US;False;2;2026-08-13
mono;plus de 75 %;2 jours;9955525685526011894;Reno Massage Tree;US;False;2;2026-08-15
mono;plus de 75 %;2 jours;11509551004547941596;Green Elite Pompy Ciepła;Europe;False;1;2026-08-20
mono;plus de 75 %;2 jours;12106990848959314672;Hotel Arc-en-ciel;Europe;False;1;2026-08-17
mono;plus de 75 %;2 jours;14365492306530390455;Zefiro Experience Tour in Catamarano - Sardegna;Europe;False;1;2026-08-18
mono;plus de 75 %;2 jours;15382954967615195662;Willowbend Fitness Center;US;False;1;2026-08-23
mono;plus de 75 %;2 jours;2049285413475066406;Top Quality Roofing & Siding;US;False;1;2026-08-13
mono;plus de 75 %;2 jours;9921186577906344541;A Plus Plumbing;US;False;1;2026-08-12
mono;plus de 75 %;3 jours et plus;18135896731724490192;Coastal Heating and Cooling;US;False;13;2026-08-12, 2026-08-13, 2026-08-19
mono;plus de 75 %;3 jours et plus;9921186577906344541;A Plus Plumbing;US;False;7;2026-08-12, 2026-08-13
mono;plus de 75 %;3 jours et plus;2799040813008286606;Tipsy Tiki Fmb;US;False;6;2026-08-13, 2026-08-16
mono;plus de 75 %;3 jours et plus;8953367631311330150;Envi Adventures;US;False;4;2026-08-20
mono;plus de 75 %;3 jours et plus;9955525685526011894;Reno Massage Tree;US;False;3;2026-08-16, 2026-08-17
mono;plus de 75 %;3 jours et plus;10271238275484232155;MNK Motorsports;US;False;1;2026-08-22
mono;plus de 75 %;3 jours et plus;10470481505404483210;AutoCenters Nissan;US;False;1;2026-08-16
mono;plus de 75 %;3 jours et plus;11979469692631411558;Cleys Waasmunster;Europe;False;1;2026-08-19
mono;plus de 75 %;3 jours et plus;12005420889664569147;Efficient Power & Light, LLC;US;False;1;2026-08-18
mono;plus de 75 %;3 jours et plus;1200910740632037570;Ourisman Chrysler Dodge Jeep Ram of Bowie;US;False;1;2026-08-15
mono;plus de 75 %;3 jours et plus;12082981569990362805;Zen Addict;Europe;False;1;2026-08-24
mono;plus de 75 %;3 jours et plus;12106990848959314672;Hotel Arc-en-ciel;Europe;False;1;2026-08-12
mono;plus de 75 %;3 jours et plus;13169096102099484082;Veterinario Guadalix;Europe;False;1;2026-08-14
mono;plus de 75 %;3 jours et plus;13459854165498348271;Hill Country Vision Center;US;False;1;2026-08-17
mono;plus de 75 %;3 jours et plus;14069807742613630837;Carlyle Place;US;False;1;2026-08-23
mono;plus de 75 %;3 jours et plus;14365492306530390455;Zefiro Experience Tour in Catamarano - Sardegna;Europe;False;1;2026-08-14
mono;plus de 75 %;3 jours et plus;14628176107878290666;4Ever Young Med Spa & Wellness Center - Arvada;US;False;1;2026-08-22
mono;plus de 75 %;3 jours et plus;14891807288409730927;Marketplace Chevrolet;US;False;1;2026-08-12
mono;plus de 75 %;3 jours et plus;17382208186886361273;Allen Pools & Spas;US;False;1;2026-08-22
mono;plus de 75 %;3 jours et plus;3548043799334044547;Anchor Inn Lodge;US;False;1;2026-08-12
mono;plus de 75 %;3 jours et plus;3965610841936225020;Kai Kanani Sailing;US;False;1;2026-08-23
mono;plus de 75 %;3 jours et plus;4233872452273245087;Chattanooga Tongue Tie Center;US;False;1;2026-08-18
mono;plus de 75 %;3 jours et plus;5955189577133552937;Randall Orchard Crossing Animal Hospital;US;False;1;2026-08-20
mono;plus de 75 %;3 jours et plus;6571482370928614810;Tramway Touristique de l'Aisne;Europe;False;1;2026-08-18
mono;plus de 75 %;3 jours et plus;7157732050058394363;Michael H. Freedland, MD;US;False;1;2026-08-19
mono;plus de 75 %;3 jours et plus;749970780307098360;DLV Roofing Systems, Inc.;US;False;1;2026-08-17
mono;plus de 75 %;3 jours et plus;8115244571708845709;Cocoa Beach Catamaran;US;False;1;2026-08-17
mono;plus de 75 %;3 jours et plus;8238249337582442116;Indiana Caverns;US;False;1;2026-08-22
mono;plus de 75 %;3 jours et plus;905780091127160689;Windmillhopper;Europe;False;1;2026-08-14
mono;plus de 75 %;jour même;8282528182233977034;Cape Coral Boat Cruises;US;False;13;2026-08-12, 2026-08-13, 2026-08-16, 2026-08-21
mono;plus de 75 %;jour même;11381632064786343361;Bobcat Wildlife & Pest Management;US;False;9;2026-08-16, 2026-08-17, 2026-08-18
mono;plus de 75 %;jour même;8115244571708845709;Cocoa Beach Catamaran;US;False;7;2026-08-12, 2026-08-13, 2026-08-16, 2026-08-19, 2026-08-20, 2026-08-23
mono;plus de 75 %;jour même;9955525685526011894;Reno Massage Tree;US;False;6;2026-08-17, 2026-08-19
mono;plus de 75 %;jour même;18135896731724490192;Coastal Heating and Cooling;US;False;4;2026-08-12, 2026-08-13, 2026-08-16, 2026-08-24
mono;plus de 75 %;jour même;7096371038011001168;Route 46 Chrysler Jeep Dodge;US;False;3;2026-08-19, 2026-08-20, 2026-08-21
mono;plus de 75 %;jour même;10330873477402384990;Delizie di Mare - All You Can Eat;Europe;False;1;2026-08-13
mono;plus de 75 %;jour même;11314860238417771327;Rodia Beach Bar;Europe;False;1;2026-08-24
mono;plus de 75 %;jour même;11786499344004685203;Italy and Wine by Italy and Tour Sas;Europe;False;1;2026-08-22
mono;plus de 75 %;jour même;1200910740632037570;Ourisman Chrysler Dodge Jeep Ram of Bowie;US;False;1;2026-08-14
mono;plus de 75 %;jour même;12035238193368484759;Centro Veterinario Villalba IF;Europe;False;1;2026-08-22
mono;plus de 75 %;jour même;14199043116086778118;Tankersley Chiropractic;US;False;1;2026-08-24
mono;plus de 75 %;jour même;14820991856221490337;Camping Les Pirons;Europe;False;1;2026-08-17
mono;plus de 75 %;jour même;17010130968138613098;Optique Chemier;Europe;False;1;2026-08-14
mono;plus de 75 %;jour même;17382208186886361273;Allen Pools & Spas;US;False;1;2026-08-16
mono;plus de 75 %;jour même;17761153248899962136;Ron Lewis Chrysler Dodge Jeep Ram Fiat;US;False;1;2026-08-22
mono;plus de 75 %;jour même;18132941267052248039;Just Refreshed Aesthetics;US;False;1;2026-08-18
mono;plus de 75 %;jour même;3548043799334044547;Anchor Inn Lodge;US;False;1;2026-08-18
mono;plus de 75 %;jour même;4320438721787508549;Clinica Miramar;Europe;False;1;2026-08-23
mono;plus de 75 %;jour même;4646402734061821755;Kensington Inn & Suites;US;False;1;2026-08-16
mono;plus de 75 %;jour même;4811466056390068392;Seaside Sailing Excursions;US;False;1;2026-08-22
mono;plus de 75 %;jour même;6981109676280185119;BEST WESTERN Plus Sugar Land Houston;US;False;1;2026-08-23
mono;plus de 75 %;jour même;7193688789019529895;Body Sculpting Spa LLC;US;False;1;2026-08-13
mono;plus de 75 %;jour même;7323321349510347047;DKM Experts;Europe;False;1;2026-08-19
mono;plus de 75 %;jour même;8953367631311330150;Envi Adventures;US;False;1;2026-08-20
mono;plus de 75 %;jour même;9161561140106192134;Cardinale Volkswagen;US;False;1;2026-08-13
mono;plus de 75 %;jour même;918105391657341436;Isonor fermetures;Europe;False;1;2026-08-18
mono;plus de 75 %;jour même;9372823467771251065;Jalilo;Europe;False;1;2026-08-17
mono;plus de 75 %;pas encore de réponse;2799040813008286606;Tipsy Tiki Fmb;US;False;7;2026-08-16, 2026-08-21, 2026-08-22, 2026-08-23
mono;plus de 75 %;pas encore de réponse;4911298185241598109;Zimmermann Sanitäts- und Orthopädiehaus GmbH;Europe;False;5;2026-08-21
mono;plus de 75 %;pas encore de réponse;1695214525620865262;Adobe Day Spa and Chiropractics;US;False;4;2026-08-12, 2026-08-22, 2026-08-23
mono;plus de 75 %;pas encore de réponse;7542203160017780480;Eurodecars Automobielhandel;Europe;False;4;2026-08-15, 2026-08-17, 2026-08-18, 2026-08-24
mono;plus de 75 %;pas encore de réponse;9921186577906344541;A Plus Plumbing;US;False;4;2026-08-19, 2026-08-20, 2026-08-24
mono;plus de 75 %;pas encore de réponse;2951464077965952484;Margaritaville Beach Hotel;US;False;3;2026-08-16, 2026-08-20, 2026-08-23
mono;plus de 75 %;pas encore de réponse;11979469692631411558;Cleys Waasmunster;Europe;False;2;2026-08-12, 2026-08-21
mono;plus de 75 %;pas encore de réponse;13077092507426058584;Lake Travis Zipline Adventures;US;False;2;2026-08-19, 2026-08-23
mono;plus de 75 %;pas encore de réponse;14820991856221490337;Camping Les Pirons;Europe;False;2;2026-08-16, 2026-08-18
mono;plus de 75 %;pas encore de réponse;18135896731724490192;Coastal Heating and Cooling;US;False;2;2026-08-12, 2026-08-24
mono;plus de 75 %;pas encore de réponse;761220842598467411;The Shine Shop;US;False;2;2026-08-21, 2026-08-23
mono;plus de 75 %;pas encore de réponse;10330873477402384990;Delizie di Mare - All You Can Eat;Europe;False;1;2026-08-20
mono;plus de 75 %;pas encore de réponse;10470481505404483210;AutoCenters Nissan;US;False;1;2026-08-13
mono;plus de 75 %;pas encore de réponse;11192771364794238147;Banfield Pet Hospital;US;False;1;2026-08-24
mono;plus de 75 %;pas encore de réponse;11591843857655085004;BEST WESTERN Plus Dockside Waterfront Inn;US;False;1;2026-08-21
mono;plus de 75 %;pas encore de réponse;11786499344004685203;Italy and Wine by Italy and Tour Sas;Europe;False;1;2026-08-23
mono;plus de 75 %;pas encore de réponse;12035238193368484759;Centro Veterinario Villalba IF;Europe;False;1;2026-08-20
mono;plus de 75 %;pas encore de réponse;1261411849858659924;Radiance Medspa;US;False;1;2026-08-18
mono;plus de 75 %;pas encore de réponse;1270148597319251867;Natural Pet Tooth Fairy;US;False;1;2026-08-24
mono;plus de 75 %;pas encore de réponse;12716184874737977211;Flirt Spa & Brow Bar;US;False;1;2026-08-17
mono;plus de 75 %;pas encore de réponse;12947348675490493632;Honda Of Serramonte;US;False;1;2026-08-18
mono;plus de 75 %;pas encore de réponse;16484461952669653467;Isotop 44;Europe;False;1;2026-08-24
mono;plus de 75 %;pas encore de réponse;16692376219688049070;AS Hoteles Porta de Barcelona;Europe;False;1;2026-08-23
mono;plus de 75 %;pas encore de réponse;1903647878387178313;Foster Plumbing & Heating;US;False;1;2026-08-20
mono;plus de 75 %;pas encore de réponse;282006750775139757;Buena Vista Fitnessclub GmbH Lemgo;Europe;False;1;2026-08-23
mono;plus de 75 %;pas encore de réponse;3227109177096445431;Hotel Restaurante Malaga Airport;Europe;False;1;2026-08-14
mono;plus de 75 %;pas encore de réponse;3620816783102209583;Rocket Wash Express;US;False;1;2026-08-23
mono;plus de 75 %;pas encore de réponse;4692572163226666906;La Finca Resort;Europe;False;1;2026-08-20
mono;plus de 75 %;pas encore de réponse;5447155538553208852;Stars exterminator inc;US;False;1;2026-08-13
mono;plus de 75 %;pas encore de réponse;8115244571708845709;Cocoa Beach Catamaran;US;False;1;2026-08-16
mono;plus de 75 %;pas encore de réponse;9218178370182715723;Homewood Suites by Hilton Bel Air;US;False;1;2026-08-23
mono;plus de 75 %;pas encore de réponse;977748999230243294;Texas State Optical;US;False;1;2026-08-14
mono;plus de 75 %;pas encore de réponse;9955525685526011894;Reno Massage Tree;US;False;1;2026-08-22
small;75 % ou moins;1 jour;10505273405281271038;Cedar Park Overhead Doors;US;False;8;2026-08-12, 2026-08-13, 2026-08-17, 2026-08-18, 2026-08-19, 2026-08-20
small;75 % ou moins;1 jour;10789067178806450248;Fitness First Griesheim;Europe;False;7;2026-08-16, 2026-08-17, 2026-08-19
small;75 % ou moins;1 jour;9411249691461597325;Saltic Resort & Spa Leba;Europe;False;2;2026-08-18, 2026-08-21
small;75 % ou moins;1 jour;13211158517900588610;Inacua Antonio Prieto;Europe;False;1;2026-08-23
small;75 % ou moins;1 jour;13519662305736008278;Aisha's salon;US;False;1;2026-08-18
small;75 % ou moins;1 jour;13805956568530794072;Wellness Sport Club Lyon 7 Gambetta;Europe;False;1;2026-08-14
small;75 % ou moins;1 jour;18129991329867595516;RHG Bau & Garten Wurzen;Europe;False;1;2026-08-23
small;75 % ou moins;1 jour;3096229344236711706;Planet Fitness;Europe;False;1;2026-08-22
small;75 % ou moins;1 jour;3311011992907686127;Planet Fitness;Europe;False;1;2026-08-18
small;75 % ou moins;1 jour;4130567824211809390;Evancy Hardelot – Equihen;Europe;False;1;2026-08-18
small;75 % ou moins;1 jour;5433174784903405646;Demänová Rezort;Europe;False;1;2026-08-23
small;75 % ou moins;1 jour;6455848504406053103;Axiom Fitness;US;False;1;2026-08-15
small;75 % ou moins;1 jour;6913340128184882994;Wellness Sport Club;Europe;False;1;2026-08-18
small;75 % ou moins;1 jour;6974005517924331668;"Бирария ""Do Re Mi""";Europe;False;1;2026-08-17
small;75 % ou moins;1 jour;7292039379952712442;The Pub;Europe;False;1;2026-08-18
small;75 % ou moins;2 jours;10789067178806450248;Fitness First Griesheim;Europe;False;3;2026-08-17, 2026-08-21
small;75 % ou moins;2 jours;11713092955665814582;Fitnessfabrik Darmstadt Hauptbahnhof;Europe;False;1;2026-08-21
small;75 % ou moins;2 jours;16606747006192265097;Dakota Tex Mex;Europe;False;1;2026-08-24
small;75 % ou moins;2 jours;2050503371808889696;Wellness Sport Club Villeurbanne;Europe;False;1;2026-08-23
small;75 % ou moins;2 jours;3797434712829554023;Grand Hotel Vanvitelli;Europe;False;1;2026-08-23
small;75 % ou moins;3 jours et plus;10789067178806450248;Fitness First Griesheim;Europe;False;6;2026-08-14, 2026-08-23
small;75 % ou moins;3 jours et plus;5050554609943149474;Samesun Hollywood;US;False;6;2026-08-13, 2026-08-16, 2026-08-17
small;75 % ou moins;3 jours et plus;10505273405281271038;Cedar Park Overhead Doors;US;False;1;2026-08-22
small;75 % ou moins;3 jours et plus;11730326832890411737;Devils Thumb Ranch Resort & Spa;US;False;1;2026-08-14
small;75 % ou moins;3 jours et plus;12433788782142605324;The Pierpont Inn;US;False;1;2026-08-18
small;75 % ou moins;3 jours et plus;13211158517900588610;Inacua Antonio Prieto;Europe;False;1;2026-08-16
small;75 % ou moins;3 jours et plus;13278239044570035358;Abaden Dentistas;Europe;False;1;2026-08-23
small;75 % ou moins;3 jours et plus;14036412642878656107;Fitness First Darmstadt Eschollbrücker Straße;Europe;False;1;2026-08-12
small;75 % ou moins;3 jours et plus;14239226703344219233;Elbgym;Europe;False;1;2026-08-20
small;75 % ou moins;3 jours et plus;15691485723016187399;The Inn at Death Valley;US;False;1;2026-08-16
small;75 % ou moins;3 jours et plus;1697023132609060386;Ichiban Japanese Bistro;US;False;1;2026-08-20
small;75 % ou moins;3 jours et plus;17699857782641222447;Drive N-Motion Greeley;US;False;1;2026-08-23
small;75 % ou moins;3 jours et plus;3881615387971294091;Spa Zuiver;Europe;False;1;2026-08-21
small;75 % ou moins;3 jours et plus;5248041387924962342;040FIT Geldrop;Europe;False;1;2026-08-19
small;75 % ou moins;3 jours et plus;6913340128184882994;Wellness Sport Club;Europe;False;1;2026-08-14
small;75 % ou moins;3 jours et plus;6944965026130965577;Fritz Berger Freizeitmarkt;Europe;False;1;2026-08-24
small;75 % ou moins;3 jours et plus;8354474672359197678;Itza La Pyramide;Europe;False;1;2026-08-20
small;75 % ou moins;3 jours et plus;8704217641975570674;Krave Gym West Des Moines;US;False;1;2026-08-24
small;75 % ou moins;3 jours et plus;9889982127312659581;Covewood - Mission Bay Resort;US;False;1;2026-08-12
small;75 % ou moins;jour même;10505273405281271038;Cedar Park Overhead Doors;US;False;46;2026-08-12, 2026-08-13, 2026-08-15, 2026-08-16, 2026-08-17, 2026-08-18, 2026-08-19, 2026-08-21, 2026-08-22, 2026-08-23
small;75 % ou moins;jour même;10789067178806450248;Fitness First Griesheim;Europe;False;2;2026-08-17
small;75 % ou moins;jour même;12253063653387947833;Key West Car Wash;US;False;1;2026-08-20
small;75 % ou moins;jour même;13805956568530794072;Wellness Sport Club Lyon 7 Gambetta;Europe;False;1;2026-08-16
small;75 % ou moins;jour même;246095253791495383;Halbite;Europe;False;1;2026-08-17
small;75 % ou moins;jour même;3171834702734452882;Noli's Pizzeria;US;False;1;2026-08-16
small;75 % ou moins;jour même;4841352581887204568;El Patio Vertical;Europe;False;1;2026-08-22
small;75 % ou moins;jour même;4924676720586514423;Mr. Clean Autopflege;Europe;False;1;2026-08-19
small;75 % ou moins;jour même;6763361579864088286;Animal Care Hospital of Waterford;US;False;1;2026-08-13
small;75 % ou moins;jour même;9451547408821148495;Honey Moon Coffee Newburgh;US;False;1;2026-08-16
small;75 % ou moins;pas encore de réponse;1697023132609060386;Ichiban Japanese Bistro;US;False;46;2026-08-12, 2026-08-13, 2026-08-14, 2026-08-15, 2026-08-16, 2026-08-17, 2026-08-18, 2026-08-19, 2026-08-20, 2026-08-21, 2026-08-22, 2026-08-23, 2026-08-24
small;75 % ou moins;pas encore de réponse;3862407046066641134;Overhead Door Co Of Norwich;US;False;38;2026-08-12, 2026-08-13, 2026-08-17, 2026-08-18, 2026-08-21, 2026-08-24
small;75 % ou moins;pas encore de réponse;16011688751403367255;Doral Toyota;US;False;17;2026-08-14, 2026-08-16, 2026-08-18, 2026-08-19, 2026-08-20, 2026-08-21, 2026-08-22, 2026-08-23
small;75 % ou moins;pas encore de réponse;11660062678522630526;Sierra Pacific Orthopedics;US;False;14;2026-08-12, 2026-08-15, 2026-08-16, 2026-08-17, 2026-08-18, 2026-08-19, 2026-08-20, 2026-08-23
small;75 % ou moins;pas encore de réponse;6229159286904412148;Stadio Unirii;Europe;False;14;2026-08-12, 2026-08-15, 2026-08-17
small;75 % ou moins;pas encore de réponse;2680144292534599937;HT Fitness;US;False;13;2026-08-12, 2026-08-13, 2026-08-17, 2026-08-19, 2026-08-21, 2026-08-23, 2026-08-24
small;75 % ou moins;pas encore de réponse;2220821433190157995;Alannia Salou;Europe;False;9;2026-08-16, 2026-08-24
small;75 % ou moins;pas encore de réponse;3203854443950401309;HT Fitness;US;False;9;2026-08-12, 2026-08-16, 2026-08-17, 2026-08-19, 2026-08-21
small;75 % ou moins;pas encore de réponse;3808829296411201732;HDS Munich;Europe;False;9;2026-08-14, 2026-08-16, 2026-08-17, 2026-08-18, 2026-08-19, 2026-08-24
small;75 % ou moins;pas encore de réponse;13609296054599897306;AmeriVu Inn & Suites - Chisago City;US;False;7;2026-08-16, 2026-08-18, 2026-08-19, 2026-08-20, 2026-08-21
small;75 % ou moins;pas encore de réponse;5050554609943149474;Samesun Hollywood;US;False;6;2026-08-13, 2026-08-15, 2026-08-16, 2026-08-17, 2026-08-24
small;75 % ou moins;pas encore de réponse;10505273405281271038;Cedar Park Overhead Doors;US;False;4;2026-08-13, 2026-08-15, 2026-08-19
small;75 % ou moins;pas encore de réponse;10789067178806450248;Fitness First Griesheim;Europe;False;4;2026-08-21, 2026-08-23
small;75 % ou moins;pas encore de réponse;9491775241003131847;Nalu;Europe;False;4;2026-08-15, 2026-08-16, 2026-08-19
small;75 % ou moins;pas encore de réponse;12179770780704989290;Dojo Studio;US;False;3;2026-08-12, 2026-08-13, 2026-08-23
small;75 % ou moins;pas encore de réponse;13438999848552992789;RISA Chicken;Europe;False;3;2026-08-12, 2026-08-17, 2026-08-21
small;75 % ou moins;pas encore de réponse;14480382855388711513;HT Fitness;US;False;3;2026-08-18, 2026-08-19, 2026-08-20
small;75 % ou moins;pas encore de réponse;4051193014394832353;Speakeasy Fitness;US;False;3;2026-08-14, 2026-08-18, 2026-08-19
small;75 % ou moins;pas encore de réponse;6438193657888648583;Stadio;Europe;False;3;2026-08-15, 2026-08-18
small;75 % ou moins;pas encore de réponse;6822388799238660285;autop;Europe;False;3;2026-08-12, 2026-08-19, 2026-08-20
small;75 % ou moins;pas encore de réponse;6869486844088751364;Rosa Bonheur à l'Ouest;Europe;False;3;2026-08-13, 2026-08-19, 2026-08-23
small;75 % ou moins;pas encore de réponse;9124825751290696378;Loogman Aalsmeer;Europe;False;3;2026-08-15, 2026-08-16, 2026-08-17
small;75 % ou moins;pas encore de réponse;10258162109096166464;Yelloh Village - Aluna Vacances;Europe;False;2;2026-08-14, 2026-08-15
small;75 % ou moins;pas encore de réponse;10432860078527617293;Speakeasy Fitness - Los Angeles;US;False;2;2026-08-17, 2026-08-21
small;75 % ou moins;pas encore de réponse;10601184521827317877;Le Palme;Europe;False;2;2026-08-14, 2026-08-24
small;75 % ou moins;pas encore de réponse;11713092955665814582;Fitnessfabrik Darmstadt Hauptbahnhof;Europe;False;2;2026-08-20, 2026-08-23
small;75 % ou moins;pas encore de réponse;13033190431525139747;Habaneros Mexican Grill;US;False;2;2026-08-13, 2026-08-20
small;75 % ou moins;pas encore de réponse;13282009709348196868;Camping la Breteche 3 stars;Europe;False;2;2026-08-21, 2026-08-23
small;75 % ou moins;pas encore de réponse;13508590893587478912;Sunny Smiles for Kids;US;False;2;2026-08-13, 2026-08-16
small;75 % ou moins;pas encore de réponse;13729045321029806005;Cervecería La Sureña;Europe;False;2;2026-08-16, 2026-08-23
small;75 % ou moins;pas encore de réponse;14026434177734694218;Ichiban Japanese Steakhouse;US;False;2;2026-08-13, 2026-08-19
small;75 % ou moins;pas encore de réponse;14382716570456292183;Dental Concepts & Orthodontics;US;False;2;2026-08-13, 2026-08-18
small;75 % ou moins;pas encore de réponse;17365787893692022098;Gîtes du Domaine des Bans;Europe;False;2;2026-08-12, 2026-08-17
small;75 % ou moins;pas encore de réponse;17386340099974746385;Wyndham Grand Orlando Resort Bonnet Creek;US;False;2;2026-08-24
small;75 % ou moins;pas encore de réponse;1775229174281721407;Clinica Reina Victoria;Europe;False;2;2026-08-15, 2026-08-19
small;75 % ou moins;pas encore de réponse;2678349505464412907;REEIS;US;False;2;2026-08-15, 2026-08-24
small;75 % ou moins;pas encore de réponse;3200607506836993550;Toasted Mango Cafe;US;False;2;2026-08-13, 2026-08-24
small;75 % ou moins;pas encore de réponse;3881615387971294091;Spa Zuiver;Europe;False;2;2026-08-15, 2026-08-16
small;75 % ou moins;pas encore de réponse;4085625843546614708;Red Rocks Locksmith North Denver;US;False;2;2026-08-18, 2026-08-19
small;75 % ou moins;pas encore de réponse;4577485901777502628;IPPA Cafe;Europe;False;2;2026-08-12, 2026-08-15
small;75 % ou moins;pas encore de réponse;6502573362355139479;Dr. Mojtaba Ordobazari Tierarztliche Praxis;Europe;False;2;2026-08-13, 2026-08-14
small;75 % ou moins;pas encore de réponse;6553547423530933620;Velodrome Coffee Company;US;False;2;2026-08-19, 2026-08-20
small;75 % ou moins;pas encore de réponse;7446569207813309645;Stadio Restaurants Herastrau;Europe;False;2;2026-08-13, 2026-08-20
small;75 % ou moins;pas encore de réponse;8436833237783297878;Ichiban Japanese Steakhouse Ann Arbor;US;False;2;2026-08-13, 2026-08-18
small;75 % ou moins;pas encore de réponse;9063424070959391537;Närakut Järva;Europe;False;2;2026-08-19, 2026-08-20
small;75 % ou moins;pas encore de réponse;10081583770705785734;Fresh Off The Grill;US;False;1;2026-08-22
small;75 % ou moins;pas encore de réponse;10082256209585519209;Imperial Fitness;Europe;False;1;2026-08-12
small;75 % ou moins;pas encore de réponse;10118503994963762104;ThrIVe Drip Spa;US;False;1;2026-08-17
small;75 % ou moins;pas encore de réponse;10306301904391170961;A+ Foot Massage;US;False;1;2026-08-15
small;75 % ou moins;pas encore de réponse;10632515952226228914;Ristorante al Castagneto;Europe;False;1;2026-08-19
small;75 % ou moins;pas encore de réponse;10829236436560691235;ThrIVe Drip Spa;US;False;1;2026-08-23
small;75 % ou moins;pas encore de réponse;10874432993910371509;Al Ponte;Europe;False;1;2026-08-17
small;75 % ou moins;pas encore de réponse;10978343027584020696;"Camping naturiste ""domaine des Lauzons""";Europe;False;1;2026-08-24
small;75 % ou moins;pas encore de réponse;11098111536113255078;Hotel Alunis Health Spa;Europe;False;1;2026-08-17
small;75 % ou moins;pas encore de réponse;11105772411890418354;Terme Dobrna;Europe;False;1;2026-08-23
small;75 % ou moins;pas encore de réponse;11413258866408713441;Royal Canin;Europe;False;1;2026-08-22
small;75 % ou moins;pas encore de réponse;11730326832890411737;Devils Thumb Ranch Resort & Spa;US;False;1;2026-08-16
small;75 % ou moins;pas encore de réponse;11773003214402383331;Marco Beach Ocean Resort;US;False;1;2026-08-23
small;75 % ou moins;pas encore de réponse;11777366497671958007;Subaru of Port Richey;US;False;1;2026-08-17
small;75 % ou moins;pas encore de réponse;1238166857023340846;The PUB Praha 6;Europe;False;1;2026-08-23
small;75 % ou moins;pas encore de réponse;12545422317082935589;Land Rover Houston Central;US;False;1;2026-08-24
small;75 % ou moins;pas encore de réponse;1261762196134063715;Otto Fitness Center;US;False;1;2026-08-14
small;75 % ou moins;pas encore de réponse;12826556167678669456;Case Study Coffee;US;False;1;2026-08-24
small;75 % ou moins;pas encore de réponse;1314428225741617041;Studentist Utrecht;Europe;False;1;2026-08-18
small;75 % ou moins;pas encore de réponse;13184537269468624364;Pastimes Pub and Grill;US;False;1;2026-08-13
small;75 % ou moins;pas encore de réponse;13282373642949928571;Pinocchio mercadona;Europe;False;1;2026-08-13
small;75 % ou moins;pas encore de réponse;13300902881138438417;ウェスティン カアナパリ オーシャン リゾート ヴィラ / The Westin Ka'anapali Ocean Resort Villas;US;False;1;2026-08-23
small;75 % ou moins;pas encore de réponse;13413315273970795152;It's Maid Day;US;False;1;2026-08-12
small;75 % ou moins;pas encore de réponse;13906915783797995310;Cha Cha Matcha;US;False;1;2026-08-18
small;75 % ou moins;pas encore de réponse;14015924314379694185;Cafe Paris;US;False;1;2026-08-23
small;75 % ou moins;pas encore de réponse;14054836830134044042;La Baia del Forte - Controvento;Europe;False;1;2026-08-16
small;75 % ou moins;pas encore de réponse;14169535171968066423;SNAP Animal Clinic;US;False;1;2026-08-14
small;75 % ou moins;pas encore de réponse;14360101802950269377;Krave Gym - Ankeny;US;False;1;2026-08-12
small;75 % ou moins;pas encore de réponse;14410256140217573657;Sushi Lin Park Slope;US;False;1;2026-08-14
small;75 % ou moins;pas encore de réponse;14544498122515840038;Anami asiakitchen & bar;Europe;False;1;2026-08-23
small;75 % ou moins;pas encore de réponse;14629049545530944872;Leopoldo Infante;Europe;False;1;2026-08-17
small;75 % ou moins;pas encore de réponse;14678428010353749194;Kohler Waters Spa in Kohler, Wisconsin;US;False;1;2026-08-14
small;75 % ou moins;pas encore de réponse;14735279916841429950;Ranger Motel;US;False;1;2026-08-24
small;75 % ou moins;pas encore de réponse;14948262723337606818;Downtown Hartford YMCA;US;False;1;2026-08-23
small;75 % ou moins;pas encore de réponse;15010309103640463975;Lappland;Europe;False;1;2026-08-20
small;75 % ou moins;pas encore de réponse;15073455034300838331;Thalasso & Spa Algotherm;Europe;False;1;2026-08-23
small;75 % ou moins;pas encore de réponse;15136018977057130314;Tacos El Tio;US;False;1;2026-08-18
small;75 % ou moins;pas encore de réponse;15338170984100166205;Planet Fitness;Europe;False;1;2026-08-20
small;75 % ou moins;pas encore de réponse;15507122002556281649;Fitness 360 Palm Harbor;US;False;1;2026-08-23
small;75 % ou moins;pas encore de réponse;15866195064919816330;euro-optizins;Europe;False;1;2026-08-21
small;75 % ou moins;pas encore de réponse;16218777667362387982;Arnaud's Richelieu Room;US;False;1;2026-08-12
small;75 % ou moins;pas encore de réponse;16347352345389671430;Gutscheine Thai Massage Uhingen Online Shop;Europe;False;1;2026-08-20
small;75 % ou moins;pas encore de réponse;16451904208120598483;Speedfitness Gunzenhausen;Europe;False;1;2026-08-23
small;75 % ou moins;pas encore de réponse;16463535090029643023;Old Town Pour House (freedom Commons - Naperville);US;False;1;2026-08-24
small;75 % ou moins;pas encore de réponse;16579715835844117368;Lochridge-Priest;US;False;1;2026-08-18
small;75 % ou moins;pas encore de réponse;16661712967835282541;SNAP Spay-Neuter and Animal Wellness Clinic;US;False;1;2026-08-22
small;75 % ou moins;pas encore de réponse;16662765184504364729;Gezer Spa;Europe;False;1;2026-08-19
small;75 % ou moins;pas encore de réponse;16808764777660977617;Top Nails;US;False;1;2026-08-21
small;75 % ou moins;pas encore de réponse;16872091162442899415;BOLT Schlüsseldienst Essen;Europe;False;1;2026-08-23
small;75 % ou moins;pas encore de réponse;17003363374396944320;Café Siboney;Europe;False;1;2026-08-17
small;75 % ou moins;pas encore de réponse;17028145619301499989;Camping Municipal;Europe;False;1;2026-08-22
small;75 % ou moins;pas encore de réponse;17137637734641962384;Cervecería La Sureña;Europe;False;1;2026-08-21
small;75 % ou moins;pas encore de réponse;17194856329662937823;Hotel Rural Carlos I;Europe;False;1;2026-08-19
small;75 % ou moins;pas encore de réponse;17256331860806033159;Happy Head Foot Reflexology and Massage;US;False;1;2026-08-22
small;75 % ou moins;pas encore de réponse;17364030290527801415;Blauer Elefant;Europe;False;1;2026-08-20
small;75 % ou moins;pas encore de réponse;17385656714480159927;Pilates by Mandy;Europe;False;1;2026-08-20
small;75 % ou moins;pas encore de réponse;17595879448310686439;Spritzzeria Bari;Europe;False;1;2026-08-13
small;75 % ou moins;pas encore de réponse;17650577117706558893;Dakota Tex Mex;Europe;False;1;2026-08-19
small;75 % ou moins;pas encore de réponse;17904078022925828128;Camping Les Peupliers;Europe;False;1;2026-08-12
small;75 % ou moins;pas encore de réponse;18280747029407178942;Cleanline carwash;Europe;False;1;2026-08-13
small;75 % ou moins;pas encore de réponse;18340982624306046373;Eni Service Station;Europe;False;1;2026-08-15
small;75 % ou moins;pas encore de réponse;1887028520810657678;Kekäle;Europe;False;1;2026-08-24
small;75 % ou moins;pas encore de réponse;1939506920007129822;Peoples Organic Southdale;US;False;1;2026-08-13
small;75 % ou moins;pas encore de réponse;1941489334271517764;Izgrev Beach Bar;Europe;False;1;2026-08-23
small;75 % ou moins;pas encore de réponse;2029618969272605655;Loogman Carwash Heerhugowaard;Europe;False;1;2026-08-22
small;75 % ou moins;pas encore de réponse;2050503371808889696;Wellness Sport Club Villeurbanne;Europe;False;1;2026-08-17
small;75 % ou moins;pas encore de réponse;2190884604217322786;Soya Sos;Europe;False;1;2026-08-24
small;75 % ou moins;pas encore de réponse;2369939285766060498;MedAix Training;Europe;False;1;2026-08-21
small;75 % ou moins;pas encore de réponse;2404577743341477507;Gustaggio Pizzathek Pastaria & Bar;Europe;False;1;2026-08-13
small;75 % ou moins;pas encore de réponse;2419013027999807825;Trapp Family Lodge;US;False;1;2026-08-23
small;75 % ou moins;pas encore de réponse;246095253791495383;Halbite;Europe;False;1;2026-08-16
small;75 % ou moins;pas encore de réponse;2570404804359852659;La maison du Tui Na;Europe;False;1;2026-08-17
small;75 % ou moins;pas encore de réponse;2786679854623584616;Burger Boutique Klagenfurt;Europe;False;1;2026-08-20
small;75 % ou moins;pas encore de réponse;2888566319665528028;The Island Club at North Captiva;US;False;1;2026-08-22
small;75 % ou moins;pas encore de réponse;2990659711825723039;Shoshone Inn;US;False;1;2026-08-15
small;75 % ou moins;pas encore de réponse;3159209838688456546;Gustaggio;Europe;False;1;2026-08-24
small;75 % ou moins;pas encore de réponse;319943520006464494;Speakeasy Fitness;US;False;1;2026-08-17
small;75 % ou moins;pas encore de réponse;3231643024316986062;Grand Hotel Excelsior;Europe;False;1;2026-08-21
small;75 % ou moins;pas encore de réponse;3265130282588045633;UGI Heating, Cooling & Plumbing;US;False;1;2026-08-15
small;75 % ou moins;pas encore de réponse;3534878001363428326;CAFFEINE;Europe;False;1;2026-08-20
small;75 % ou moins;pas encore de réponse;3718110983974901570;My Dierenkliniek The mare;Europe;False;1;2026-08-14
small;75 % ou moins;pas encore de réponse;3929894296930998003;Sushi Lin SoHo;US;False;1;2026-08-22
small;75 % ou moins;pas encore de réponse;4003329394276788825;Strength Beyond Fitness Center;US;False;1;2026-08-19
small;75 % ou moins;pas encore de réponse;4023608679818748974;HT Fitness;US;False;1;2026-08-17
small;75 % ou moins;pas encore de réponse;408218802273117307;Stroud's;US;False;1;2026-08-16
small;75 % ou moins;pas encore de réponse;4266925857548968341;ThrIVe Drip Spa;US;False;1;2026-08-22
small;75 % ou moins;pas encore de réponse;4484120574160799166;DJH Jugendherberge Reken;Europe;False;1;2026-08-12
small;75 % ou moins;pas encore de réponse;4616919215009787604;Memorial Park Recreation Center;US;False;1;2026-08-24
small;75 % ou moins;pas encore de réponse;4676833212319568761;Tacos El Tio;US;False;1;2026-08-24
small;75 % ou moins;pas encore de réponse;4848607176587772545;Moses Auto Group;US;False;1;2026-08-14
small;75 % ou moins;pas encore de réponse;489576400896043366;Gym&Fitness Maximus;Europe;False;1;2026-08-22
small;75 % ou moins;pas encore de réponse;5085368858202557426;ÖGK Mein Zahngesundheitszentrum Hernals - Österreichische Gesundheitskasse;Europe;False;1;2026-08-20
small;75 % ou moins;pas encore de réponse;5140064318616842970;Dove Family Dentistry;US;False;1;2026-08-12
small;75 % ou moins;pas encore de réponse;5387366906694249516;Honey Moon Coffee Co.;US;False;1;2026-08-18
small;75 % ou moins;pas encore de réponse;5394185019158796120;Pepenero;Europe;False;1;2026-08-15
small;75 % ou moins;pas encore de réponse;5415164241542570052;ThrIVe Drip Spa;US;False;1;2026-08-12
small;75 % ou moins;pas encore de réponse;5742159335084979264;Vladimir Dubiley;Europe;False;1;2026-08-13
small;75 % ou moins;pas encore de réponse;6112980651961861144;Nervous Dog Coffee Bar;US;False;1;2026-08-13
small;75 % ou moins;pas encore de réponse;6121783115556617646;ICONA Diamond Beach;US;False;1;2026-08-24
small;75 % ou moins;pas encore de réponse;6190954925495582344;Windy City Hand Car Wash;US;False;1;2026-08-18
small;75 % ou moins;pas encore de réponse;6214115630196438065;Samesun Hotel;US;False;1;2026-08-23
small;75 % ou moins;pas encore de réponse;6399448762395193625;Samesun Venice Beach;US;False;1;2026-08-13
small;75 % ou moins;pas encore de réponse;6827549996080040989;ABADEN Dentistas;Europe;False;1;2026-08-22
small;75 % ou moins;pas encore de réponse;7020058017617539217;Nervous Dog Coffee Bar;US;False;1;2026-08-18
small;75 % ou moins;pas encore de réponse;7096408937821973133;Elbgym;Europe;False;1;2026-08-23
small;75 % ou moins;pas encore de réponse;7115184936098988369;Fitness Level Freigericht;Europe;False;1;2026-08-23
small;75 % ou moins;pas encore de réponse;7124218797410307542;Dental Smiles 4 Kids;US;False;1;2026-08-19
small;75 % ou moins;pas encore de réponse;7286580375977899583;Point Chaud;Europe;False;1;2026-08-21
small;75 % ou moins;pas encore de réponse;750717149167132589;Moses Used Supercenter;US;False;1;2026-08-14
small;75 % ou moins;pas encore de réponse;7546793041648082509;Pijalnia Czekolady i Kawy Mount Blanc;Europe;False;1;2026-08-17
small;75 % ou moins;pas encore de réponse;7624780555548074714;Les Chiens Fous;Europe;False;1;2026-08-21
small;75 % ou moins;pas encore de réponse;7752215322864100574;Akanthus | Athens;Europe;False;1;2026-08-15
small;75 % ou moins;pas encore de réponse;7793181114353132360;Dagwood's Deli & Sports Bar;US;False;1;2026-08-17
small;75 % ou moins;pas encore de réponse;7872771655149122629;Rosa Bonheur sur Seine;Europe;False;1;2026-08-21
small;75 % ou moins;pas encore de réponse;8115674382268336175;The Graham Georgetown;US;False;1;2026-08-21
small;75 % ou moins;pas encore de réponse;8215848001234932583;Noot Restaurant;Europe;False;1;2026-08-24
small;75 % ou moins;pas encore de réponse;8353698062989577308;Mijn Dierenkliniek - Leiden;Europe;False;1;2026-08-14
small;75 % ou moins;pas encore de réponse;8398405776683759573;Bronx Pizza;US;False;1;2026-08-19
small;75 % ou moins;pas encore de réponse;8750706693526348157;Schlüsseldienst Open4u;Europe;False;1;2026-08-14
small;75 % ou moins;pas encore de réponse;8847924381782242875;Chewy Vet Care;US;False;1;2026-08-12
small;75 % ou moins;pas encore de réponse;8952225727425921152;East Naples Physical Therapy;US;False;1;2026-08-17
small;75 % ou moins;pas encore de réponse;8971033815978686634;Autop Volketswil;Europe;False;1;2026-08-21
small;75 % ou moins;pas encore de réponse;9064400892948543053;Drive N-Motion;US;False;1;2026-08-14
small;75 % ou moins;pas encore de réponse;9172721348159210314;Children Dental World;US;False;1;2026-08-21
small;75 % ou moins;pas encore de réponse;9372246548237268326;Mr. Clean Erfurt;Europe;False;1;2026-08-23
small;75 % ou moins;pas encore de réponse;9553501110632647704;Children Dental World;US;False;1;2026-08-18
small;75 % ou moins;pas encore de réponse;9720659306086328370;El Charrito Mexican Grill;US;False;1;2026-08-14
small;75 % ou moins;pas encore de réponse;9939370976766380597;Rosa Bonheur;Europe;False;1;2026-08-18
small;plus de 75 %;1 jour;3352767676680426036;Solve Pest Pros;US;False;13;2026-08-21, 2026-08-22
small;plus de 75 %;1 jour;11882525582487875452;Northwest Exterminating;US;False;9;2026-08-15, 2026-08-16, 2026-08-17, 2026-08-23
small;plus de 75 %;1 jour;146333011060678538;Northwest Exterminating;US;False;7;2026-08-12, 2026-08-13, 2026-08-17, 2026-08-24
small;plus de 75 %;1 jour;8675258714044865202;Aqua Plumbing and Air;US;False;7;2026-08-12, 2026-08-13, 2026-08-16, 2026-08-17
small;plus de 75 %;1 jour;16054806172650950917;Abeauty Clinique Galati;Europe;False;5;2026-08-23, 2026-08-24
small;plus de 75 %;1 jour;6099218902287832250;Ballenoil Albasanz;Europe;False;5;2026-08-14, 2026-08-16, 2026-08-20, 2026-08-22
small;plus de 75 %;1 jour;8256016555611678921;Solve Pest Pros;US;False;5;2026-08-17, 2026-08-18, 2026-08-20, 2026-08-24
small;plus de 75 %;1 jour;12701978682932507204;Viva Day Spa and Med Spa;US;False;3;2026-08-12, 2026-08-21
small;plus de 75 %;1 jour;7626411052152447263;The Spa at Cedarbrook Lodge;US;False;3;2026-08-12, 2026-08-19
small;plus de 75 %;1 jour;11031883745043768761;Els Prats Camping & Bungalow Park;Europe;False;2;2026-08-13, 2026-08-24
small;plus de 75 %;1 jour;15615984558165321771;Dermatology Affiliates (East Cobb);US;False;2;2026-08-16, 2026-08-23
small;plus de 75 %;1 jour;17208676867430563363;Good Night John Boy;US;False;2;2026-08-18, 2026-08-19
small;plus de 75 %;1 jour;2699950723330237401;Tanner Clinic;US;False;2;2026-08-17
small;plus de 75 %;1 jour;3932259871970128515;Alaska Fracture and Orthopedic Clinic;US;False;2;2026-08-16, 2026-08-18
small;plus de 75 %;1 jour;4350811955412203628;Streetside Classics;US;False;2;2026-08-22, 2026-08-23
small;plus de 75 %;1 jour;6595076367186224579;Darty;Europe;False;2;2026-08-13, 2026-08-20
small;plus de 75 %;1 jour;915220753679008263;Fairway Lawns of Tulsa;US;False;2;2026-08-20
small;plus de 75 %;1 jour;926727815049071482;sunshine cafe at Beebe;US;False;2;2026-08-12, 2026-08-16
small;plus de 75 %;1 jour;12233598995435142344;Talia Espresso West Jefferson;US;False;1;2026-08-23
small;plus de 75 %;1 jour;13462096640461798107;Precision Landscaping;US;False;1;2026-08-17
small;plus de 75 %;1 jour;14743315629607473753;Aqua Plumbing & Air - Downtown Sarasota;US;False;1;2026-08-19
small;plus de 75 %;1 jour;15168756511886563707;Dermatology Affiliates;US;False;1;2026-08-20
small;plus de 75 %;1 jour;15565833427326243791;Relaxia Olivina;Europe;False;1;2026-08-21
small;plus de 75 %;1 jour;15663344649007062969;Bill Howe Plumbing, Heating & Air, Restoration & Flood Services;US;False;1;2026-08-23
small;plus de 75 %;1 jour;15705776624659968059;Fairway Lawns of Springdale;US;False;1;2026-08-18
small;plus de 75 %;1 jour;16058781222542913209;Bayberry RV Park;US;False;1;2026-08-23
small;plus de 75 %;1 jour;1663944832379959118;University Radiology;US;False;1;2026-08-21
small;plus de 75 %;1 jour;16981937125636253650;Best Beach Getaways - Anna Maria Island;US;False;1;2026-08-23
small;plus de 75 %;1 jour;17169926741801059984;Olympic Hot Tub;US;False;1;2026-08-14
small;plus de 75 %;1 jour;17297052927911918590;Hertz Autovermietung;Europe;False;1;2026-08-19
small;plus de 75 %;1 jour;1773776135407322067;Super Star Car Wash;US;False;1;2026-08-23
small;plus de 75 %;1 jour;197807462411575023;Roe Motors;US;False;1;2026-08-23
small;plus de 75 %;1 jour;3179300554938801732;ITH Hostels;US;False;1;2026-08-18
small;plus de 75 %;1 jour;3600464801278446343;Flight Club Houston;US;False;1;2026-08-12
small;plus de 75 %;1 jour;3781294482129613031;Clinique Vétérinaire des Docteurs Glatard et Tabardel;Europe;False;1;2026-08-16
small;plus de 75 %;1 jour;4676377504118384266;University Radiology Group;US;False;1;2026-08-23
small;plus de 75 %;1 jour;4745430838459722324;Air Pros Hollywood;US;False;1;2026-08-15
small;plus de 75 %;1 jour;5767747242108722390;AIRE Ancient Baths Chicago;US;False;1;2026-08-14
small;plus de 75 %;1 jour;7571872526739045011;Hekkan Burger;Europe;False;1;2026-08-14
small;plus de 75 %;1 jour;7781055719402500178;Relaxia Lanzasur Club;Europe;False;1;2026-08-15
small;plus de 75 %;1 jour;88709110733680511;Picciolo Etna Golf Resort & Spa, Curio Collection by Hilton;Europe;False;1;2026-08-15
small;plus de 75 %;1 jour;9077023294044024003;Good Night John Boy;US;False;1;2026-08-14
small;plus de 75 %;1 jour;9804255581007149837;Irri Pros;Europe;False;1;2026-08-15
small;plus de 75 %;2 jours;8675258714044865202;Aqua Plumbing and Air;US;False;3;2026-08-12
small;plus de 75 %;2 jours;3274891443999828364;Elevate Fitness;US;False;2;2026-08-23
small;plus de 75 %;2 jours;3932259871970128515;Alaska Fracture and Orthopedic Clinic;US;False;2;2026-08-15, 2026-08-17
small;plus de 75 %;2 jours;8256016555611678921;Solve Pest Pros;US;False;2;2026-08-17, 2026-08-24
small;plus de 75 %;2 jours;10211842138860800782;Renault Saint-Etienne - Groupe Thivolle;Europe;False;1;2026-08-23
small;plus de 75 %;2 jours;1049058162612560778;Speedfitness Wasserburg;Europe;False;1;2026-08-22
small;plus de 75 %;2 jours;11004380532876327499;Embassy Suites Seattle Downtown-Pioneer Square;US;False;1;2026-08-20
small;plus de 75 %;2 jours;1160519290315754365;Medima Giulesti;Europe;False;1;2026-08-18
small;plus de 75 %;2 jours;13462096640461798107;Precision Landscaping;US;False;1;2026-08-23
small;plus de 75 %;2 jours;13815055003457289004;Hospital Veterinario San Antón;Europe;False;1;2026-08-12
small;plus de 75 %;2 jours;146333011060678538;Northwest Exterminating;US;False;1;2026-08-16
small;plus de 75 %;2 jours;16147212265871065321;Embassy Suites by Hilton San Antonio Landmark;US;False;1;2026-08-16
small;plus de 75 %;2 jours;16867174010602496547;Northwest Exterminating;US;False;1;2026-08-16
small;plus de 75 %;2 jours;16887612499912329160;Embassy Suites by Hilton Charlotte Uptown;US;False;1;2026-08-16
small;plus de 75 %;2 jours;4708620187305511000;Cryotera Pôle de Cryothérapie Nice;Europe;False;1;2026-08-22
small;plus de 75 %;2 jours;5686063649767011502;aBeauty Clinique Constanta;Europe;False;1;2026-08-23
small;plus de 75 %;2 jours;5904289552713349285;Sunrise Tire & Auto Center - Seaford;US;False;1;2026-08-21
small;plus de 75 %;2 jours;6099218902287832250;Ballenoil Albasanz;Europe;False;1;2026-08-23
small;plus de 75 %;2 jours;6561628377451461140;Luminous Electric;US;False;1;2026-08-15
small;plus de 75 %;2 jours;7626411052152447263;The Spa at Cedarbrook Lodge;US;False;1;2026-08-16
small;plus de 75 %;2 jours;8028924830472516851;The Joint ...the chiropractic place;US;False;1;2026-08-13
small;plus de 75 %;2 jours;9733546717104311646;Annexx;Europe;False;1;2026-08-12
small;plus de 75 %;3 jours et plus;8256016555611678921;Solve Pest Pros;US;False;11;2026-08-16, 2026-08-17, 2026-08-18, 2026-08-19, 2026-08-20, 2026-08-24
small;plus de 75 %;3 jours et plus;17119033523327372186;AquaPools of Dallas-Fort Worth;US;False;5;2026-08-17
small;plus de 75 %;3 jours et plus;3932259871970128515;Alaska Fracture and Orthopedic Clinic;US;False;4;2026-08-12, 2026-08-18, 2026-08-21, 2026-08-23
small;plus de 75 %;3 jours et plus;13814955983323469740;Doug's Hyundai;US;False;3;2026-08-17, 2026-08-19
small;plus de 75 %;3 jours et plus;14825598912279374964;Chatham Sports Medicine & Physical Therapy;US;False;3;2026-08-12, 2026-08-17
small;plus de 75 %;3 jours et plus;16867174010602496547;Northwest Exterminating;US;False;3;2026-08-12, 2026-08-16, 2026-08-17
small;plus de 75 %;3 jours et plus;2699950723330237401;Tanner Clinic;US;False;3;2026-08-12, 2026-08-16, 2026-08-17
small;plus de 75 %;3 jours et plus;8514033496595338463;Chatham Orthopaedic Associates;US;False;3;2026-08-12, 2026-08-17
small;plus de 75 %;3 jours et plus;10211842138860800782;Renault Saint-Etienne - Groupe Thivolle;Europe;False;2;2026-08-23
small;plus de 75 %;3 jours et plus;11582395264457206340;Flying Frog Car Wash;US;False;2;2026-08-16, 2026-08-24
small;plus de 75 %;3 jours et plus;11882525582487875452;Northwest Exterminating;US;False;2;2026-08-17, 2026-08-19
small;plus de 75 %;3 jours et plus;6099218902287832250;Ballenoil Albasanz;Europe;False;2;2026-08-17, 2026-08-22
small;plus de 75 %;3 jours et plus;6913754171499522012;Luminare Aesthetics & Wellness, LLC;US;False;2;2026-08-23
small;plus de 75 %;3 jours et plus;7626411052152447263;The Spa at Cedarbrook Lodge;US;False;2;2026-08-16, 2026-08-17
small;plus de 75 %;3 jours et plus;10090302202222272008;NordGlass;Europe;False;1;2026-08-17
small;plus de 75 %;3 jours et plus;1054649421321753927;Altitude 38 Vienne - BMW;Europe;False;1;2026-08-23
small;plus de 75 %;3 jours et plus;10565763688966098166;Chiropraktiker München | Chiropraktik Christian Waier;Europe;False;1;2026-08-22
small;plus de 75 %;3 jours et plus;11031883745043768761;Els Prats Camping & Bungalow Park;Europe;False;1;2026-08-18
small;plus de 75 %;3 jours et plus;1160519290315754365;Medima Giulesti;Europe;False;1;2026-08-17
small;plus de 75 %;3 jours et plus;11625843009261400183;Alannia Guardamar;Europe;False;1;2026-08-18
small;plus de 75 %;3 jours et plus;12800242043118376364;Alternative Earthcare;US;False;1;2026-08-18
small;plus de 75 %;3 jours et plus;12986326219479165233;Azur Service 06;Europe;False;1;2026-08-20
small;plus de 75 %;3 jours et plus;130548770389221223;Azur Camping;Europe;False;1;2026-08-16
small;plus de 75 %;3 jours et plus;13390657133885207607;Somos Psicología y Formación;Europe;False;1;2026-08-15
small;plus de 75 %;3 jours et plus;13462096640461798107;Precision Landscaping;US;False;1;2026-08-17
small;plus de 75 %;3 jours et plus;14686510142922410898;Candelari's Italiano;US;False;1;2026-08-12
small;plus de 75 %;3 jours et plus;14794450140898776208;Newman Veterinary Center;US;False;1;2026-08-18
small;plus de 75 %;3 jours et plus;1532293880861691251;Clínica DaVinci By Dr Merlo - Centro Médico Estético;Europe;False;1;2026-08-13
small;plus de 75 %;3 jours et plus;15428563441085278652;Relaxia Los Girasoles Bungalows;Europe;False;1;2026-08-24
small;plus de 75 %;3 jours et plus;15733955887172986694;Heidjer Vets Hermannsburg;Europe;False;1;2026-08-23
small;plus de 75 %;3 jours et plus;17169926741801059984;Olympic Hot Tub;US;False;1;2026-08-12
small;plus de 75 %;3 jours et plus;1738894063431073293;Wedo Massage Santa Catarina;Europe;False;1;2026-08-19
small;plus de 75 %;3 jours et plus;18132451258111688327;RYOGA Trastevere;Europe;False;1;2026-08-14
small;plus de 75 %;3 jours et plus;1944574178176983755;Qargo Coffee;US;False;1;2026-08-16
small;plus de 75 %;3 jours et plus;2151571184973839025;MEDA Gute Küchen;Europe;False;1;2026-08-19
small;plus de 75 %;3 jours et plus;2813968132102955850;Toledo Auto Care;US;False;1;2026-08-21
small;plus de 75 %;3 jours et plus;3352767676680426036;Solve Pest Pros;US;False;1;2026-08-23
small;plus de 75 %;3 jours et plus;4279075190424215586;AZUR Camping Altmühltal in Bayern;Europe;False;1;2026-08-15
small;plus de 75 %;3 jours et plus;4653529780579342274;Luminare Aesthetics & Wellness;US;False;1;2026-08-15
small;plus de 75 %;3 jours et plus;5767747242108722390;AIRE Ancient Baths Chicago;US;False;1;2026-08-22
small;plus de 75 %;3 jours et plus;7993333670751914535;Speedfitness Bruckmühl;Europe;False;1;2026-08-24
small;plus de 75 %;3 jours et plus;8280880334856818240;Flight Club Denver;US;False;1;2026-08-12
small;plus de 75 %;3 jours et plus;8440563413016325413;Active Family Chiropractic & Acupuncture;US;False;1;2026-08-13
small;plus de 75 %;3 jours et plus;8675258714044865202;Aqua Plumbing and Air;US;False;1;2026-08-13
small;plus de 75 %;3 jours et plus;9772198828953950708;Gourmet Food Parlour Santry;Europe;False;1;2026-08-17
small;plus de 75 %;jour même;3352767676680426036;Solve Pest Pros;US;False;24;2026-08-17, 2026-08-21, 2026-08-22, 2026-08-23
small;plus de 75 %;jour même;4350811955412203628;Streetside Classics;US;False;20;2026-08-21, 2026-08-22, 2026-08-23
small;plus de 75 %;jour même;8256016555611678921;Solve Pest Pros;US;False;14;2026-08-16, 2026-08-18, 2026-08-20, 2026-08-21, 2026-08-23
small;plus de 75 %;jour même;13149966690726534760;Green Pest Services;US;False;10;2026-08-12, 2026-08-15, 2026-08-16, 2026-08-21, 2026-08-22, 2026-08-23
small;plus de 75 %;jour même;15168756511886563707;Dermatology Affiliates;US;False;10;2026-08-20, 2026-08-21, 2026-08-24
small;plus de 75 %;jour même;11882525582487875452;Northwest Exterminating;US;False;9;2026-08-16, 2026-08-17, 2026-08-19, 2026-08-22, 2026-08-23
small;plus de 75 %;jour même;8675258714044865202;Aqua Plumbing and Air;US;False;9;2026-08-12, 2026-08-15, 2026-08-16, 2026-08-19, 2026-08-22
small;plus de 75 %;jour même;13462096640461798107;Precision Landscaping;US;False;6;2026-08-17, 2026-08-23
small;plus de 75 %;jour même;15705776624659968059;Fairway Lawns of Springdale;US;False;6;2026-08-12, 2026-08-18, 2026-08-19, 2026-08-23, 2026-08-24
small;plus de 75 %;jour même;11746939377458501797;Green Pest Services;US;False;5;2026-08-12, 2026-08-16, 2026-08-20, 2026-08-22, 2026-08-24
small;plus de 75 %;jour même;13048717007599713286;Nu Car Rentals;US;False;5;2026-08-12, 2026-08-18, 2026-08-19, 2026-08-22
small;plus de 75 %;jour même;15615984558165321771;Dermatology Affiliates (East Cobb);US;False;5;2026-08-15, 2026-08-16, 2026-08-17, 2026-08-23
small;plus de 75 %;jour même;8864246763002325033;Nu Car Rental;US;False;5;2026-08-14, 2026-08-20
small;plus de 75 %;jour même;13142875894045715065;Green Pest Services;US;False;4;2026-08-21, 2026-08-22
small;plus de 75 %;jour même;146333011060678538;Northwest Exterminating;US;False;4;2026-08-12, 2026-08-17, 2026-08-18, 2026-08-21
small;plus de 75 %;jour même;8357807472690442969;Green Pest Services;US;False;4;2026-08-17, 2026-08-21, 2026-08-23
small;plus de 75 %;jour même;13815055003457289004;Hospital Veterinario San Antón;Europe;False;3;2026-08-22
small;plus de 75 %;jour même;10155296874289892028;Wash Hounds Express Car Wash;US;False;2;2026-08-12, 2026-08-14
small;plus de 75 %;jour même;10174734129288903543;Fairway Lawns of Augusta;US;False;2;2026-08-17, 2026-08-19
small;plus de 75 %;jour même;10211842138860800782;Renault Saint-Etienne - Groupe Thivolle;Europe;False;2;2026-08-21, 2026-08-23
small;plus de 75 %;jour même;13463525768309466593;Tip Top Garage Doors;US;False;2;2026-08-22, 2026-08-23
small;plus de 75 %;jour même;14735899687559181627;SuperGreen Irrigation;US;False;2;2026-08-15, 2026-08-16
small;plus de 75 %;jour même;17119033523327372186;AquaPools of Dallas-Fort Worth;US;False;2;2026-08-17
small;plus de 75 %;jour même;1773776135407322067;Super Star Car Wash;US;False;2;2026-08-20, 2026-08-21
small;plus de 75 %;jour même;2699950723330237401;Tanner Clinic;US;False;2;2026-08-15, 2026-08-16
small;plus de 75 %;jour même;7626411052152447263;The Spa at Cedarbrook Lodge;US;False;2;2026-08-12, 2026-08-17
small;plus de 75 %;jour même;10354265959518177368;Green Pest Services;US;False;1;2026-08-16
small;plus de 75 %;jour même;10899184166182999210;Oasis Tires & Wheels;US;False;1;2026-08-23
small;plus de 75 %;jour même;11004380532876327499;Embassy Suites Seattle Downtown-Pioneer Square;US;False;1;2026-08-16
small;plus de 75 %;jour même;11031883745043768761;Els Prats Camping & Bungalow Park;Europe;False;1;2026-08-16
small;plus de 75 %;jour même;12028540047674361624;Works Plumbing Repair & Drain Cleaning;US;False;1;2026-08-12
small;plus de 75 %;jour même;12701978682932507204;Viva Day Spa and Med Spa;US;False;1;2026-08-16
small;plus de 75 %;jour même;12912559252555801808;Jaguar Land Rover Houston Central;US;False;1;2026-08-24
small;plus de 75 %;jour même;12965565989386284704;ITH Santa Barbara Beach Hostel;US;False;1;2026-08-23
small;plus de 75 %;jour même;12986326219479165233;Azur Service 06;Europe;False;1;2026-08-19
small;plus de 75 %;jour même;13770724684770011594;Boyd Chevrolet;US;False;1;2026-08-22
small;plus de 75 %;jour même;13814955983323469740;Doug's Hyundai;US;False;1;2026-08-17
small;plus de 75 %;jour même;13938028850807525668;Super Star Car Wash;US;False;1;2026-08-23
small;plus de 75 %;jour même;1454729067356532695;Studio Three Austin;US;False;1;2026-08-12
small;plus de 75 %;jour même;15296863453028544260;Babe's Plumbing, Inc. & Fire Sprinklers;US;False;1;2026-08-20
small;plus de 75 %;jour même;15327492528373681610;Calicéo Perpignan;Europe;False;1;2026-08-24
small;plus de 75 %;jour même;15382424972418370974;Good Night John Boy;US;False;1;2026-08-18
small;plus de 75 %;jour même;17135556189541672218;Nassau Shores Auto Repair;US;False;1;2026-08-16
small;plus de 75 %;jour même;17160257379698395021;Michael R Martineau;US;False;1;2026-08-20
small;plus de 75 %;jour même;17242247313955629242;Sunshine Pediatrics of Lutz;US;False;1;2026-08-19
small;plus de 75 %;jour même;1921821934002155074;Résoconfort Effica service;Europe;False;1;2026-08-22
small;plus de 75 %;jour même;1944574178176983755;Qargo Coffee;US;False;1;2026-08-17
small;plus de 75 %;jour même;2817059610110232751;Green Pest Services;US;False;1;2026-08-16
small;plus de 75 %;jour même;2923549611307654467;The Hot Tub Store;US;False;1;2026-08-23
small;plus de 75 %;jour même;3274891443999828364;Elevate Fitness;US;False;1;2026-08-22
small;plus de 75 %;jour même;4320666089103780640;Streetside Classics;US;False;1;2026-08-12
small;plus de 75 %;jour même;460286017766658749;Calicéo;Europe;False;1;2026-08-21
small;plus de 75 %;jour même;5367362995804318404;Ban Thai Massage - Prachatice;Europe;False;1;2026-08-14
small;plus de 75 %;jour même;5686063649767011502;aBeauty Clinique Constanta;Europe;False;1;2026-08-14
small;plus de 75 %;jour même;6342423208082412811;Cryotera Grenoble;Europe;False;1;2026-08-14
small;plus de 75 %;jour même;7781055719402500178;Relaxia Lanzasur Club;Europe;False;1;2026-08-18
small;plus de 75 %;jour même;791442415345605027;aBeauty clinique Brasov;Europe;False;1;2026-08-23
small;plus de 75 %;jour même;8207176407898555793;Advantage Roofing Company;US;False;1;2026-08-23
small;plus de 75 %;jour même;915220753679008263;Fairway Lawns of Tulsa;US;False;1;2026-08-20
small;plus de 75 %;jour même;9191966140153997266;Air Max HVAC, Inc.;US;False;1;2026-08-13
small;plus de 75 %;jour même;9890293348465219611;Uptown Medispa Arrowhead;US;False;1;2026-08-12
small;plus de 75 %;pas encore de réponse;12986326219479165233;Azur Service 06;Europe;False;16;2026-08-20, 2026-08-21, 2026-08-22, 2026-08-23
small;plus de 75 %;pas encore de réponse;14825598912279374964;Chatham Sports Medicine & Physical Therapy;US;False;10;2026-08-13, 2026-08-15, 2026-08-16, 2026-08-17, 2026-08-18, 2026-08-21, 2026-08-22
small;plus de 75 %;pas encore de réponse;16867174010602496547;Northwest Exterminating;US;False;10;2026-08-12, 2026-08-13, 2026-08-16, 2026-08-17, 2026-08-20, 2026-08-21
small;plus de 75 %;pas encore de réponse;14427685908678870929;float Hannover;Europe;False;9;2026-08-20, 2026-08-23
small;plus de 75 %;pas encore de réponse;13197914448513377771;TKE veterinary clinic Elversberg;Europe;False;8;2026-08-19
small;plus de 75 %;pas encore de réponse;8256016555611678921;Solve Pest Pros;US;False;8;2026-08-16, 2026-08-17, 2026-08-18, 2026-08-19, 2026-08-24
small;plus de 75 %;pas encore de réponse;3274891443999828364;Elevate Fitness;US;False;7;2026-08-21, 2026-08-22, 2026-08-23
small;plus de 75 %;pas encore de réponse;3464619508278537951;Chatham Orthopaedic Associates;US;False;7;2026-08-12, 2026-08-17, 2026-08-18, 2026-08-19, 2026-08-20
small;plus de 75 %;pas encore de réponse;8514033496595338463;Chatham Orthopaedic Associates;US;False;6;2026-08-16, 2026-08-17, 2026-08-19, 2026-08-20, 2026-08-21, 2026-08-23
small;plus de 75 %;pas encore de réponse;13815055003457289004;Hospital Veterinario San Antón;Europe;False;5;2026-08-22, 2026-08-23
small;plus de 75 %;pas encore de réponse;17208676867430563363;Good Night John Boy;US;False;5;2026-08-16, 2026-08-20
small;plus de 75 %;pas encore de réponse;6099218902287832250;Ballenoil Albasanz;Europe;False;5;2026-08-17, 2026-08-18, 2026-08-19, 2026-08-21
small;plus de 75 %;pas encore de réponse;7626411052152447263;The Spa at Cedarbrook Lodge;US;False;4;2026-08-13, 2026-08-15, 2026-08-16, 2026-08-17
small;plus de 75 %;pas encore de réponse;13259321554512244271;Massage & Spa;US;False;3;2026-08-12, 2026-08-16
small;plus de 75 %;pas encore de réponse;146333011060678538;Northwest Exterminating;US;False;3;2026-08-21, 2026-08-23
small;plus de 75 %;pas encore de réponse;15382424972418370974;Good Night John Boy;US;False;3;2026-08-16, 2026-08-23
small;plus de 75 %;pas encore de réponse;17119033523327372186;AquaPools of Dallas-Fort Worth;US;False;3;2026-08-17, 2026-08-22
small;plus de 75 %;pas encore de réponse;2420138228954020213;Elite House Cleaning Mesa;US;False;3;2026-08-13, 2026-08-19
small;plus de 75 %;pas encore de réponse;2699950723330237401;Tanner Clinic;US;False;3;2026-08-19, 2026-08-20
small;plus de 75 %;pas encore de réponse;8602973240877742557;Stahl Bikers ONLY;Europe;False;3;2026-08-22
small;plus de 75 %;pas encore de réponse;10203796165281790325;Campingplatz Stover Strand International Kloodt OHG;Europe;False;2;2026-08-17, 2026-08-23
small;plus de 75 %;pas encore de réponse;10354265959518177368;Green Pest Services;US;False;2;2026-08-17, 2026-08-23
small;plus de 75 %;pas encore de réponse;11031883745043768761;Els Prats Camping & Bungalow Park;Europe;False;2;2026-08-19, 2026-08-24
small;plus de 75 %;pas encore de réponse;11621061264450053739;Lyons Roofing;US;False;2;2026-08-15, 2026-08-24
small;plus de 75 %;pas encore de réponse;13048717007599713286;Nu Car Rentals;US;False;2;2026-08-20, 2026-08-22
small;plus de 75 %;pas encore de réponse;13462096640461798107;Precision Landscaping;US;False;2;2026-08-16
small;plus de 75 %;pas encore de réponse;14810369328871258033;Body Minute;Europe;False;2;2026-08-13, 2026-08-14
small;plus de 75 %;pas encore de réponse;16191346811025563423;Calicéo Strasbourg;Europe;False;2;2026-08-17, 2026-08-18
small;plus de 75 %;pas encore de réponse;17160257379698395021;Michael R Martineau;US;False;2;2026-08-12, 2026-08-20
small;plus de 75 %;pas encore de réponse;2195689790896904188;Fix-it 24/7 Plumbing, Heating, Air & Electric;US;False;2;2026-08-19, 2026-08-24
small;plus de 75 %;pas encore de réponse;4820723791081994989;Makisu - Bailli;Europe;False;2;2026-08-22, 2026-08-23
small;plus de 75 %;pas encore de réponse;10163231124370645567;Caressa Animal Hospital Rotterdam;Europe;False;1;2026-08-20
small;plus de 75 %;pas encore de réponse;10442243421974187572;Camping Sandaya Etruria;Europe;False;1;2026-08-16
small;plus de 75 %;pas encore de réponse;10525843652337503574;Hotel Carris Porto Ribeira;Europe;False;1;2026-08-13
small;plus de 75 %;pas encore de réponse;10607350820941552036;Streetside Classics;US;False;1;2026-08-15
small;plus de 75 %;pas encore de réponse;10982350528940642497;Oak Heart Veterinary Hospital and Emergency at South Saunders;US;False;1;2026-08-19
small;plus de 75 %;pas encore de réponse;11149779472677540868;Mister Toiture Brest;Europe;False;1;2026-08-15
small;plus de 75 %;pas encore de réponse;12257458818878449587;Carson's Ribs Prime Steaks & Famous Barbecue Chicago;US;False;1;2026-08-18
small;plus de 75 %;pas encore de réponse;12276315552963217293;Newman Vets of Deltona;US;False;1;2026-08-23
small;plus de 75 %;pas encore de réponse;12754412867706599016;Excellence Appliance Repair;US;False;1;2026-08-17
small;plus de 75 %;pas encore de réponse;12800242043118376364;Alternative Earthcare;US;False;1;2026-08-22
small;plus de 75 %;pas encore de réponse;12876310868528497676;Pizanos Pizza;US;False;1;2026-08-24
small;plus de 75 %;pas encore de réponse;12907668817430027304;Saturn Fitness Gorzów;Europe;False;1;2026-08-21
small;plus de 75 %;pas encore de réponse;13301798434060981597;7 Days Family Dental - West Indy;US;False;1;2026-08-24
small;plus de 75 %;pas encore de réponse;13372451385583380082;Leopoldo Infante S.r.l.;Europe;False;1;2026-08-12
small;plus de 75 %;pas encore de réponse;13462368340818962632;Wellness Sport Club;Europe;False;1;2026-08-19
small;plus de 75 %;pas encore de réponse;13770724684770011594;Boyd Chevrolet;US;False;1;2026-08-12
small;plus de 75 %;pas encore de réponse;13981867267989257638;DuchaYa;Europe;False;1;2026-08-12
small;plus de 75 %;pas encore de réponse;14398824460040053889;Dermatology Affiliates;US;False;1;2026-08-12
small;plus de 75 %;pas encore de réponse;14735899687559181627;SuperGreen Irrigation;US;False;1;2026-08-22
small;plus de 75 %;pas encore de réponse;14765576052158911779;Carson’s Ribs Prime Steaks & Famous Barbecue – Deerfield;US;False;1;2026-08-22
small;plus de 75 %;pas encore de réponse;14786803112747547126;Hotel Botanico;Europe;False;1;2026-08-20
small;plus de 75 %;pas encore de réponse;15168756511886563707;Dermatology Affiliates;US;False;1;2026-08-22
small;plus de 75 %;pas encore de réponse;15327492528373681610;Calicéo Perpignan;Europe;False;1;2026-08-22
small;plus de 75 %;pas encore de réponse;1535885035567443531;Fit Athletic Club;US;False;1;2026-08-20
small;plus de 75 %;pas encore de réponse;15425978298257012661;Body' Minute;Europe;False;1;2026-08-14
small;plus de 75 %;pas encore de réponse;15552382323828754024;Valley Plumbing;US;False;1;2026-08-14
small;plus de 75 %;pas encore de réponse;15615984558165321771;Dermatology Affiliates (East Cobb);US;False;1;2026-08-12
small;plus de 75 %;pas encore de réponse;17297052927911918590;Hertz Autovermietung;Europe;False;1;2026-08-12
small;plus de 75 %;pas encore de réponse;1732419375017315913;Nu Car Rentals;US;False;1;2026-08-12
small;plus de 75 %;pas encore de réponse;1781454226384216608;Garage BMW Mercedes Smart - Mannes;Europe;False;1;2026-08-19
small;plus de 75 %;pas encore de réponse;18250774199179914288;Slow Village Anduze;Europe;False;1;2026-08-14
small;plus de 75 %;pas encore de réponse;2103791752636805899;Alannia Resorts;Europe;False;1;2026-08-24
small;plus de 75 %;pas encore de réponse;2767401247684746011;Skywalker Roofing Company;US;False;1;2026-08-19
small;plus de 75 %;pas encore de réponse;3197582918768233544;Feu Vert;Europe;False;1;2026-08-20
small;plus de 75 %;pas encore de réponse;320016790683646635;Coach's Corner;US;False;1;2026-08-18
small;plus de 75 %;pas encore de réponse;3537112620024730260;B-Quik;US;False;1;2026-08-18
small;plus de 75 %;pas encore de réponse;3600464801278446343;Flight Club Houston;US;False;1;2026-08-24
small;plus de 75 %;pas encore de réponse;3932259871970128515;Alaska Fracture and Orthopedic Clinic;US;False;1;2026-08-20
small;plus de 75 %;pas encore de réponse;414002601942774895;Elite House Cleaning Scottsdale;US;False;1;2026-08-18
small;plus de 75 %;pas encore de réponse;5314570406455836078;Freedom Wash;US;False;1;2026-08-20
small;plus de 75 %;pas encore de réponse;5686063649767011502;aBeauty Clinique Constanta;Europe;False;1;2026-08-15
small;plus de 75 %;pas encore de réponse;5707920414338393652;PetVax Complete Care Centers Midtown;US;False;1;2026-08-18
small;plus de 75 %;pas encore de réponse;5729483541915345558;Good Night John Boy;US;False;1;2026-08-22
small;plus de 75 %;pas encore de réponse;5767747242108722390;AIRE Ancient Baths Chicago;US;False;1;2026-08-19
small;plus de 75 %;pas encore de réponse;6068247606938754741;Luzi Chinese massage parlor;Europe;False;1;2026-08-23
small;plus de 75 %;pas encore de réponse;608597126478737294;Batmaid Lugano;Europe;False;1;2026-08-13
small;plus de 75 %;pas encore de réponse;6208454101415437139;Cénica Porto Hotel, Curio Collection by Hilton;Europe;False;1;2026-08-20
small;plus de 75 %;pas encore de réponse;6391557302667666156;Babe's Plumbing, Inc. & Fire Sprinklers;US;False;1;2026-08-23
small;plus de 75 %;pas encore de réponse;6522414807157321984;Aquamarine Pools of San Antonio;US;False;1;2026-08-22
small;plus de 75 %;pas encore de réponse;6715074896337015651;Cosmo Gym;Europe;False;1;2026-08-22
small;plus de 75 %;pas encore de réponse;6742960250329742702;Iatropolis Athinon S.A.;Europe;False;1;2026-08-22
small;plus de 75 %;pas encore de réponse;6838478785680970845;Art Renov;Europe;False;1;2026-08-12
small;plus de 75 %;pas encore de réponse;7099990178297343095;Saturn Fitness;Europe;False;1;2026-08-22
small;plus de 75 %;pas encore de réponse;7448001248995661197;ITH Mission Beach Backpacker Hostel;US;False;1;2026-08-18
small;plus de 75 %;pas encore de réponse;7535706878802591319;BUGCO Pest Control Houston;US;False;1;2026-08-21
small;plus de 75 %;pas encore de réponse;7545684560412136603;L di Leopoldo Infante;Europe;False;1;2026-08-23
small;plus de 75 %;pas encore de réponse;8073995387102752134;King Pub;Europe;False;1;2026-08-14
small;plus de 75 %;pas encore de réponse;8225755834212532549;Costadoro Coffee Lab Diamond;Europe;False;1;2026-08-23
small;plus de 75 %;pas encore de réponse;8275042971823519159;Cadillac Express Car Wash Bingle Rd.;US;False;1;2026-08-15
small;plus de 75 %;pas encore de réponse;8701247524360116112;Mister Toiture Vendée;Europe;False;1;2026-08-13
small;plus de 75 %;pas encore de réponse;915220753679008263;Fairway Lawns of Tulsa;US;False;1;2026-08-20
small;plus de 75 %;pas encore de réponse;9157194467013171449;Mr. Pickwick Pub Zug;Europe;False;1;2026-08-24
small;plus de 75 %;pas encore de réponse;9202959950480882588;AIRE Ancient Baths;US;False;1;2026-08-20
small;plus de 75 %;pas encore de réponse;9524431339926513192;BodyConcept Saldanha;Europe;False;1;2026-08-13
