fichier;ligne;mesure;valeur_03B;valeur_axel;ecart;change
2_3_note;1 étoile(s) | sans_enseignes;ensemble_avis;2361;2710;349,0;oui
2_3_note;1 étoile(s) | sans_enseignes;ensemble_fiches_touchees;97;287;190,0;oui
2_3_note;1 étoile(s) | sans_enseignes;ensemble_pour_10000;648;1852;1204,0;oui
2_3_note;1 étoile(s) | sans_enseignes;ensemble_suppressions;153;502;349,0;oui
2_3_note;1 étoile(s) | sans_enseignes;europe_avis;1283;1468;185,0;oui
2_3_note;1 étoile(s) | sans_enseignes;europe_fiches_touchees;54;151;97,0;oui
2_3_note;1 étoile(s) | sans_enseignes;europe_pour_10000;514;1710;1196,0;oui
2_3_note;1 étoile(s) | sans_enseignes;europe_suppressions;66;251;185,0;oui
2_3_note;1 étoile(s) | sans_enseignes;us_avis;1078;1242;164,0;oui
2_3_note;1 étoile(s) | sans_enseignes;us_fiches_touchees;43;136;93,0;oui
2_3_note;1 étoile(s) | sans_enseignes;us_pour_10000;807;2021;1214,0;oui
2_3_note;1 étoile(s) | sans_enseignes;us_suppressions;87;251;164,0;oui
2_3_note;1 étoile(s) | tous;ensemble_avis;2487;3148;661,0;oui
2_3_note;1 étoile(s) | tous;ensemble_fiches_touchees;105;300;195,0;oui
2_3_note;1 étoile(s) | tous;ensemble_pour_10000;732;2678;1946,0;oui
2_3_note;1 étoile(s) | tous;ensemble_suppressions;182;843;661,0;oui
2_3_note;1 étoile(s) | tous;europe_avis;1300;1786;486,0;oui
2_3_note;1 étoile(s) | tous;europe_fiches_touchees;56;153;97,0;oui
2_3_note;1 étoile(s) | tous;europe_pour_10000;631;3180;2549,0;oui
2_3_note;1 étoile(s) | tous;europe_suppressions;82;568;486,0;oui
2_3_note;1 étoile(s) | tous;us_avis;1187;1362;175,0;oui
2_3_note;1 étoile(s) | tous;us_fiches_touchees;49;147;98,0;oui
2_3_note;1 étoile(s) | tous;us_pour_10000;842;2019;1177,0;oui
2_3_note;1 étoile(s) | tous;us_suppressions;100;275;175,0;oui
2_3_note;2 étoile(s) | sans_enseignes;ensemble_avis;864;938;74,0;oui
2_3_note;2 étoile(s) | sans_enseignes;ensemble_fiches_touchees;22;87;65,0;oui
2_3_note;2 étoile(s) | sans_enseignes;ensemble_pour_10000;278;1045;767,0;oui
2_3_note;2 étoile(s) | sans_enseignes;ensemble_suppressions;24;98;74,0;oui
2_3_note;2 étoile(s) | sans_enseignes;europe_avis;579;618;39,0;oui
2_3_note;2 étoile(s) | sans_enseignes;europe_fiches_touchees;11;46;35,0;oui
2_3_note;2 étoile(s) | sans_enseignes;europe_pour_10000;207;825;618,0;oui
2_3_note;2 étoile(s) | sans_enseignes;europe_suppressions;12;51;39,0;oui
2_3_note;2 étoile(s) | sans_enseignes;us_avis;285;320;35,0;oui
2_3_note;2 étoile(s) | sans_enseignes;us_fiches_touchees;11;41;30,0;oui
2_3_note;2 étoile(s) | sans_enseignes;us_pour_10000;421;1469;1048,0;oui
2_3_note;2 étoile(s) | sans_enseignes;us_suppressions;12;47;35,0;oui
2_3_note;2 étoile(s) | tous;ensemble_avis;879;956;77,0;oui
2_3_note;2 étoile(s) | tous;ensemble_fiches_touchees;24;90;66,0;oui
2_3_note;2 étoile(s) | tous;ensemble_pour_10000;364;1140;776,0;oui
2_3_note;2 étoile(s) | tous;ensemble_suppressions;32;109;77,0;oui
2_3_note;2 étoile(s) | tous;europe_avis;586;628;42,0;oui
2_3_note;2 étoile(s) | tous;europe_fiches_touchees;12;48;36,0;oui
2_3_note;2 étoile(s) | tous;europe_pour_10000;324;971;647,0;oui
2_3_note;2 étoile(s) | tous;europe_suppressions;19;61;42,0;oui
2_3_note;2 étoile(s) | tous;us_avis;293;328;35,0;oui
2_3_note;2 étoile(s) | tous;us_fiches_touchees;12;42;30,0;oui
2_3_note;2 étoile(s) | tous;us_pour_10000;444;1463;1019,0;oui
2_3_note;2 étoile(s) | tous;us_suppressions;13;48;35,0;oui
2_3_note;3 étoile(s) | sans_enseignes;ensemble_avis;1180;1264;84,0;oui
2_3_note;3 étoile(s) | sans_enseignes;ensemble_fiches_touchees;11;86;75,0;oui
2_3_note;3 étoile(s) | sans_enseignes;ensemble_pour_10000;93;752;659,0;oui
2_3_note;3 étoile(s) | sans_enseignes;ensemble_suppressions;11;95;84,0;oui
2_3_note;3 étoile(s) | sans_enseignes;europe_avis;828;875;47,0;oui
2_3_note;3 étoile(s) | sans_enseignes;europe_fiches_touchees;6;46;40,0;oui
2_3_note;3 étoile(s) | sans_enseignes;europe_pour_10000;72;606;534,0;oui
2_3_note;3 étoile(s) | sans_enseignes;europe_suppressions;6;53;47,0;oui
2_3_note;3 étoile(s) | sans_enseignes;us_avis;352;389;37,0;oui
2_3_note;3 étoile(s) | sans_enseignes;us_fiches_touchees;5;40;35,0;oui
2_3_note;3 étoile(s) | sans_enseignes;us_pour_10000;142;1080;938,0;oui
2_3_note;3 étoile(s) | sans_enseignes;us_suppressions;5;42;37,0;oui
2_3_note;3 étoile(s) | tous;ensemble_avis;1194;1278;84,0;oui
2_3_note;3 étoile(s) | tous;ensemble_fiches_touchees;12;87;75,0;oui
2_3_note;3 étoile(s) | tous;ensemble_pour_10000;101;751;650,0;oui
2_3_note;3 étoile(s) | tous;ensemble_suppressions;12;96;84,0;oui
2_3_note;3 étoile(s) | tous;europe_avis;828;875;47,0;oui
2_3_note;3 étoile(s) | tous;europe_fiches_touchees;6;46;40,0;oui
2_3_note;3 étoile(s) | tous;europe_pour_10000;72;606;534,0;oui
2_3_note;3 étoile(s) | tous;europe_suppressions;6;53;47,0;oui
2_3_note;3 étoile(s) | tous;us_avis;366;403;37,0;oui
2_3_note;3 étoile(s) | tous;us_fiches_touchees;6;41;35,0;oui
2_3_note;3 étoile(s) | tous;us_pour_10000;164;1067;903,0;oui
2_3_note;3 étoile(s) | tous;us_suppressions;6;43;37,0;oui
2_3_note;4 étoile(s) | sans_enseignes;ensemble_avis;3004;3114;110,0;oui
2_3_note;4 étoile(s) | sans_enseignes;ensemble_fiches_touchees;28;122;94,0;oui
2_3_note;4 étoile(s) | sans_enseignes;ensemble_pour_10000;113;462;349,0;oui
2_3_note;4 étoile(s) | sans_enseignes;ensemble_suppressions;34;144;110,0;oui
2_3_note;4 étoile(s) | sans_enseignes;europe_avis;2039;2104;65,0;oui
2_3_note;4 étoile(s) | sans_enseignes;europe_fiches_touchees;13;70;57,0;oui
2_3_note;4 étoile(s) | sans_enseignes;europe_pour_10000;88;394;306,0;oui
2_3_note;4 étoile(s) | sans_enseignes;europe_suppressions;18;83;65,0;oui
2_3_note;4 étoile(s) | sans_enseignes;us_avis;965;1010;45,0;oui
2_3_note;4 étoile(s) | sans_enseignes;us_fiches_touchees;15;52;37,0;oui
2_3_note;4 étoile(s) | sans_enseignes;us_pour_10000;166;604;438,0;oui
2_3_note;4 étoile(s) | sans_enseignes;us_suppressions;16;61;45,0;oui
2_3_note;4 étoile(s) | tous;ensemble_avis;3079;3194;115,0;oui
2_3_note;4 étoile(s) | tous;ensemble_fiches_touchees;38;135;97,0;oui
2_3_note;4 étoile(s) | tous;ensemble_pour_10000;156;510;354,0;oui
2_3_note;4 étoile(s) | tous;ensemble_suppressions;48;163;115,0;oui
2_3_note;4 étoile(s) | tous;europe_avis;2039;2104;65,0;oui
2_3_note;4 étoile(s) | tous;europe_fiches_touchees;13;70;57,0;oui
2_3_note;4 étoile(s) | tous;europe_pour_10000;88;394;306,0;oui
2_3_note;4 étoile(s) | tous;europe_suppressions;18;83;65,0;oui
2_3_note;4 étoile(s) | tous;us_avis;1040;1090;50,0;oui
2_3_note;4 étoile(s) | tous;us_fiches_touchees;25;65;40,0;oui
2_3_note;4 étoile(s) | tous;us_pour_10000;288;734;446,0;oui
2_3_note;4 étoile(s) | tous;us_suppressions;30;80;50,0;oui
2_3_note;5 étoile(s) | sans_enseignes;ensemble_avis;26015;27352;1337,0;oui
2_3_note;5 étoile(s) | sans_enseignes;ensemble_fiches_touchees;171;744;573,0;oui
2_3_note;5 étoile(s) | sans_enseignes;ensemble_pour_10000;253;729;476,0;oui
2_3_note;5 étoile(s) | sans_enseignes;ensemble_suppressions;658;1995;1337,0;oui
2_3_note;5 étoile(s) | sans_enseignes;europe_avis;11070;11443;373,0;oui
2_3_note;5 étoile(s) | sans_enseignes;europe_fiches_touchees;55;316;261,0;oui
2_3_note;5 étoile(s) | sans_enseignes;europe_pour_10000;163;483;320,0;oui
2_3_note;5 étoile(s) | sans_enseignes;europe_suppressions;180;553;373,0;oui
2_3_note;5 étoile(s) | sans_enseignes;us_avis;14945;15909;964,0;oui
2_3_note;5 étoile(s) | sans_enseignes;us_fiches_touchees;116;428;312,0;oui
2_3_note;5 étoile(s) | sans_enseignes;us_pour_10000;320;906;586,0;oui
2_3_note;5 étoile(s) | sans_enseignes;us_suppressions;478;1442;964,0;oui
2_3_note;5 étoile(s) | tous;ensemble_avis;28112;29855;1743,0;oui
2_3_note;5 étoile(s) | tous;ensemble_fiches_touchees;216;803;587,0;oui
2_3_note;5 étoile(s) | tous;ensemble_pour_10000;385;946;561,0;oui
2_3_note;5 étoile(s) | tous;ensemble_suppressions;1081;2824;1743,0;oui
2_3_note;5 étoile(s) | tous;europe_avis;11070;11445;375,0;oui
2_3_note;5 étoile(s) | tous;europe_fiches_touchees;55;317;262,0;oui
2_3_note;5 étoile(s) | tous;europe_pour_10000;163;485;322,0;oui
2_3_note;5 étoile(s) | tous;europe_suppressions;180;555;375,0;oui
2_3_note;5 étoile(s) | tous;us_avis;17042;18410;1368,0;oui
2_3_note;5 étoile(s) | tous;us_fiches_touchees;161;486;325,0;oui
2_3_note;5 étoile(s) | tous;us_pour_10000;529;1232;703,0;oui
2_3_note;5 étoile(s) | tous;us_suppressions;901;2269;1368,0;oui
2_3_texte;avec texte | sans_enseignes;ensemble_avis;24508;26018;1510,0;oui
2_3_texte;avec texte | sans_enseignes;ensemble_fiches_touchees;266;929;663,0;oui
2_3_texte;avec texte | sans_enseignes;ensemble_pour_10000;287;851;564,0;oui
2_3_texte;avec texte | sans_enseignes;ensemble_suppressions;703;2213;1510,0;oui
2_3_texte;avec texte | sans_enseignes;europe_avis;10897;11393;496,0;oui
2_3_texte;avec texte | sans_enseignes;europe_fiches_touchees;109;414;305,0;oui
2_3_texte;avec texte | sans_enseignes;europe_pour_10000;211;637;426,0;oui
2_3_texte;avec texte | sans_enseignes;europe_suppressions;230;726;496,0;oui
2_3_texte;avec texte | sans_enseignes;us_avis;13611;14625;1014,0;oui
2_3_texte;avec texte | sans_enseignes;us_fiches_touchees;157;515;358,0;oui
2_3_texte;avec texte | sans_enseignes;us_pour_10000;348;1017;669,0;oui
2_3_texte;avec texte | sans_enseignes;us_suppressions;473;1487;1014,0;oui
2_3_texte;avec texte | tous;ensemble_avis;26168;28083;1915,0;oui
2_3_texte;avec texte | tous;ensemble_fiches_touchees;314;989;675,0;oui
2_3_texte;avec texte | tous;ensemble_pour_10000;390;1045;655,0;oui
2_3_texte;avec texte | tous;ensemble_suppressions;1021;2936;1915,0;oui
2_3_texte;avec texte | tous;europe_avis;10904;11495;591,0;oui
2_3_texte;avec texte | tous;europe_fiches_touchees;110;416;306,0;oui
2_3_texte;avec texte | tous;europe_pour_10000;216;719;503,0;oui
2_3_texte;avec texte | tous;europe_suppressions;236;827;591,0;oui
2_3_texte;avec texte | tous;us_avis;15264;16588;1324,0;oui
2_3_texte;avec texte | tous;us_fiches_touchees;204;573;369,0;oui
2_3_texte;avec texte | tous;us_pour_10000;514;1271;757,0;oui
2_3_texte;avec texte | tous;us_suppressions;785;2109;1324,0;oui
2_3_texte;sans texte | sans_enseignes;ensemble_avis;8916;9360;444,0;oui
2_3_texte;sans texte | sans_enseignes;ensemble_fiches_touchees;87;384;297,0;oui
2_3_texte;sans texte | sans_enseignes;ensemble_pour_10000;199;663;464,0;oui
2_3_texte;sans texte | sans_enseignes;ensemble_suppressions;177;621;444,0;oui
2_3_texte;sans texte | sans_enseignes;europe_avis;4902;5115;213,0;oui
2_3_texte;sans texte | sans_enseignes;europe_fiches_touchees;28;194;166,0;oui
2_3_texte;sans texte | sans_enseignes;europe_pour_10000;106;518;412,0;oui
2_3_texte;sans texte | sans_enseignes;europe_suppressions;52;265;213,0;oui
2_3_texte;sans texte | sans_enseignes;us_avis;4014;4245;231,0;oui
2_3_texte;sans texte | sans_enseignes;us_fiches_touchees;59;190;131,0;oui
2_3_texte;sans texte | sans_enseignes;us_pour_10000;311;839;528,0;oui
2_3_texte;sans texte | sans_enseignes;us_suppressions;125;356;231,0;oui
2_3_texte;sans texte | tous;ensemble_avis;9583;10348;765,0;oui
2_3_texte;sans texte | tous;ensemble_fiches_touchees;125;429;304,0;oui
2_3_texte;sans texte | tous;ensemble_pour_10000;349;1062;713,0;oui
2_3_texte;sans texte | tous;ensemble_suppressions;334;1099;765,0;oui
2_3_texte;sans texte | tous;europe_avis;4919;5343;424,0;oui
2_3_texte;sans texte | tous;europe_fiches_touchees;30;196;166,0;oui
2_3_texte;sans texte | tous;europe_pour_10000;140;923;783,0;oui
2_3_texte;sans texte | tous;europe_suppressions;69;493;424,0;oui
2_3_texte;sans texte | tous;us_avis;4664;5005;341,0;oui
2_3_texte;sans texte | tous;us_fiches_touchees;95;233;138,0;oui
2_3_texte;sans texte | tous;us_pour_10000;568;1211;643,0;oui
2_3_texte;sans texte | tous;us_suppressions;265;606;341,0;oui
2_3_longueur_texte;1 à 50 caractères | sans_enseignes;ensemble_avis;4794;5057;263,0;oui
2_3_longueur_texte;1 à 50 caractères | sans_enseignes;ensemble_fiches_touchees;80;229;149,0;oui
2_3_longueur_texte;1 à 50 caractères | sans_enseignes;ensemble_pour_10000;267;773;506,0;oui
2_3_longueur_texte;1 à 50 caractères | sans_enseignes;ensemble_suppressions;128;391;263,0;oui
2_3_longueur_texte;1 à 50 caractères | sans_enseignes;europe_avis;1941;2028;87,0;oui
2_3_longueur_texte;1 à 50 caractères | sans_enseignes;europe_fiches_touchees;22;92;70,0;oui
2_3_longueur_texte;1 à 50 caractères | sans_enseignes;europe_pour_10000;175;597;422,0;oui
2_3_longueur_texte;1 à 50 caractères | sans_enseignes;europe_suppressions;34;121;87,0;oui
2_3_longueur_texte;1 à 50 caractères | sans_enseignes;us_avis;2853;3029;176,0;oui
2_3_longueur_texte;1 à 50 caractères | sans_enseignes;us_fiches_touchees;58;137;79,0;oui
2_3_longueur_texte;1 à 50 caractères | sans_enseignes;us_pour_10000;329;891;562,0;oui
2_3_longueur_texte;1 à 50 caractères | sans_enseignes;us_suppressions;94;270;176,0;oui
2_3_longueur_texte;1 à 50 caractères | tous;ensemble_avis;5138;5544;406,0;oui
2_3_longueur_texte;1 à 50 caractères | tous;ensemble_fiches_touchees;114;276;162,0;oui
2_3_longueur_texte;1 à 50 caractères | tous;ensemble_pour_10000;391;1095;704,0;oui
2_3_longueur_texte;1 à 50 caractères | tous;ensemble_suppressions;201;607;406,0;oui
2_3_longueur_texte;1 à 50 caractères | tous;europe_avis;1944;2078;134,0;oui
2_3_longueur_texte;1 à 50 caractères | tous;europe_fiches_touchees;23;94;71,0;oui
2_3_longueur_texte;1 à 50 caractères | tous;europe_pour_10000;185;818;633,0;oui
2_3_longueur_texte;1 à 50 caractères | tous;europe_suppressions;36;170;134,0;oui
2_3_longueur_texte;1 à 50 caractères | tous;us_avis;3194;3466;272,0;oui
2_3_longueur_texte;1 à 50 caractères | tous;us_fiches_touchees;91;182;91,0;oui
2_3_longueur_texte;1 à 50 caractères | tous;us_pour_10000;517;1261;744,0;oui
2_3_longueur_texte;1 à 50 caractères | tous;us_suppressions;165;437;272,0;oui
2_3_longueur_texte;51 à 200 caractères | sans_enseignes;ensemble_avis;10535;11194;659,0;oui
2_3_longueur_texte;51 à 200 caractères | sans_enseignes;ensemble_fiches_touchees;115;450;335,0;oui
2_3_longueur_texte;51 à 200 caractères | sans_enseignes;ensemble_pour_10000;270;842;572,0;oui
2_3_longueur_texte;51 à 200 caractères | sans_enseignes;ensemble_suppressions;284;943;659,0;oui
2_3_longueur_texte;51 à 200 caractères | sans_enseignes;europe_avis;4164;4366;202,0;oui
2_3_longueur_texte;51 à 200 caractères | sans_enseignes;europe_fiches_touchees;38;189;151,0;oui
2_3_longueur_texte;51 à 200 caractères | sans_enseignes;europe_pour_10000;197;650;453,0;oui
2_3_longueur_texte;51 à 200 caractères | sans_enseignes;europe_suppressions;82;284;202,0;oui
2_3_longueur_texte;51 à 200 caractères | sans_enseignes;us_avis;6371;6828;457,0;oui
2_3_longueur_texte;51 à 200 caractères | sans_enseignes;us_fiches_touchees;77;261;184,0;oui
2_3_longueur_texte;51 à 200 caractères | sans_enseignes;us_pour_10000;317;965;648,0;oui
2_3_longueur_texte;51 à 200 caractères | sans_enseignes;us_suppressions;202;659;457,0;oui
2_3_longueur_texte;51 à 200 caractères | tous;ensemble_avis;11394;12266;872,0;oui
2_3_longueur_texte;51 à 200 caractères | tous;ensemble_fiches_touchees;154;499;345,0;oui
2_3_longueur_texte;51 à 200 caractères | tous;ensemble_pour_10000;393;1076;683,0;oui
2_3_longueur_texte;51 à 200 caractères | tous;ensemble_suppressions;448;1320;872,0;oui
2_3_longueur_texte;51 à 200 caractères | tous;europe_avis;4167;4414;247,0;oui
2_3_longueur_texte;51 à 200 caractères | tous;europe_fiches_touchees;39;191;152,0;oui
2_3_longueur_texte;51 à 200 caractères | tous;europe_pour_10000;204;752;548,0;oui
2_3_longueur_texte;51 à 200 caractères | tous;europe_suppressions;85;332;247,0;oui
2_3_longueur_texte;51 à 200 caractères | tous;us_avis;7227;7852;625,0;oui
2_3_longueur_texte;51 à 200 caractères | tous;us_fiches_touchees;115;308;193,0;oui
2_3_longueur_texte;51 à 200 caractères | tous;us_pour_10000;502;1258;756,0;oui
2_3_longueur_texte;51 à 200 caractères | tous;us_suppressions;363;988;625,0;oui
2_3_longueur_texte;plus de 200 caractères | sans_enseignes;ensemble_avis;9179;9767;588,0;oui
2_3_longueur_texte;plus de 200 caractères | sans_enseignes;ensemble_fiches_touchees;170;514;344,0;oui
2_3_longueur_texte;plus de 200 caractères | sans_enseignes;ensemble_pour_10000;317;900;583,0;oui
2_3_longueur_texte;plus de 200 caractères | sans_enseignes;ensemble_suppressions;291;879;588,0;oui
2_3_longueur_texte;plus de 200 caractères | sans_enseignes;europe_avis;4792;4999;207,0;oui
2_3_longueur_texte;plus de 200 caractères | sans_enseignes;europe_fiches_touchees;72;214;142,0;oui
2_3_longueur_texte;plus de 200 caractères | sans_enseignes;europe_pour_10000;238;642;404,0;oui
2_3_longueur_texte;plus de 200 caractères | sans_enseignes;europe_suppressions;114;321;207,0;oui
2_3_longueur_texte;plus de 200 caractères | sans_enseignes;us_avis;4387;4768;381,0;oui
2_3_longueur_texte;plus de 200 caractères | sans_enseignes;us_fiches_touchees;98;300;202,0;oui
2_3_longueur_texte;plus de 200 caractères | sans_enseignes;us_pour_10000;403;1170;767,0;oui
2_3_longueur_texte;plus de 200 caractères | sans_enseignes;us_suppressions;177;558;381,0;oui
2_3_longueur_texte;plus de 200 caractères | tous;ensemble_avis;9636;10273;637,0;oui
2_3_longueur_texte;plus de 200 caractères | tous;ensemble_fiches_touchees;203;558;355,0;oui
2_3_longueur_texte;plus de 200 caractères | tous;ensemble_pour_10000;386;982;596,0;oui
2_3_longueur_texte;plus de 200 caractères | tous;ensemble_suppressions;372;1009;637,0;oui
2_3_longueur_texte;plus de 200 caractères | tous;europe_avis;4793;5003;210,0;oui
2_3_longueur_texte;plus de 200 caractères | tous;europe_fiches_touchees;73;216;143,0;oui
2_3_longueur_texte;plus de 200 caractères | tous;europe_pour_10000;240;650;410,0;oui
2_3_longueur_texte;plus de 200 caractères | tous;europe_suppressions;115;325;210,0;oui
2_3_longueur_texte;plus de 200 caractères | tous;us_avis;4843;5270;427,0;oui
2_3_longueur_texte;plus de 200 caractères | tous;us_fiches_touchees;130;342;212,0;oui
2_3_longueur_texte;plus de 200 caractères | tous;us_pour_10000;531;1298;767,0;oui
2_3_longueur_texte;plus de 200 caractères | tous;us_suppressions;257;684;427,0;oui
2_3_longueur_texte;sans texte | sans_enseignes;ensemble_avis;8916;9360;444,0;oui
2_3_longueur_texte;sans texte | sans_enseignes;ensemble_fiches_touchees;87;384;297,0;oui
2_3_longueur_texte;sans texte | sans_enseignes;ensemble_pour_10000;199;663;464,0;oui
2_3_longueur_texte;sans texte | sans_enseignes;ensemble_suppressions;177;621;444,0;oui
2_3_longueur_texte;sans texte | sans_enseignes;europe_avis;4902;5115;213,0;oui
2_3_longueur_texte;sans texte | sans_enseignes;europe_fiches_touchees;28;194;166,0;oui
2_3_longueur_texte;sans texte | sans_enseignes;europe_pour_10000;106;518;412,0;oui
2_3_longueur_texte;sans texte | sans_enseignes;europe_suppressions;52;265;213,0;oui
2_3_longueur_texte;sans texte | sans_enseignes;us_avis;4014;4245;231,0;oui
2_3_longueur_texte;sans texte | sans_enseignes;us_fiches_touchees;59;190;131,0;oui
2_3_longueur_texte;sans texte | sans_enseignes;us_pour_10000;311;839;528,0;oui
2_3_longueur_texte;sans texte | sans_enseignes;us_suppressions;125;356;231,0;oui
2_3_longueur_texte;sans texte | tous;ensemble_avis;9583;10348;765,0;oui
2_3_longueur_texte;sans texte | tous;ensemble_fiches_touchees;125;429;304,0;oui
2_3_longueur_texte;sans texte | tous;ensemble_pour_10000;349;1062;713,0;oui
2_3_longueur_texte;sans texte | tous;ensemble_suppressions;334;1099;765,0;oui
2_3_longueur_texte;sans texte | tous;europe_avis;4919;5343;424,0;oui
2_3_longueur_texte;sans texte | tous;europe_fiches_touchees;30;196;166,0;oui
2_3_longueur_texte;sans texte | tous;europe_pour_10000;140;923;783,0;oui
2_3_longueur_texte;sans texte | tous;europe_suppressions;69;493;424,0;oui
2_3_longueur_texte;sans texte | tous;us_avis;4664;5005;341,0;oui
2_3_longueur_texte;sans texte | tous;us_fiches_touchees;95;233;138,0;oui
2_3_longueur_texte;sans texte | tous;us_pour_10000;568;1211;643,0;oui
2_3_longueur_texte;sans texte | tous;us_suppressions;265;606;341,0;oui
2_3_photo_jointe;avec photo | sans_enseignes;ensemble_avis;3136;3263;127,0;oui
2_3_photo_jointe;avec photo | sans_enseignes;ensemble_fiches_touchees;47;139;92,0;oui
2_3_photo_jointe;avec photo | sans_enseignes;ensemble_pour_10000;223;604;381,0;oui
2_3_photo_jointe;avec photo | sans_enseignes;ensemble_suppressions;70;197;127,0;oui
2_3_photo_jointe;avec photo | sans_enseignes;europe_avis;1663;1699;36,0;oui
2_3_photo_jointe;avec photo | sans_enseignes;europe_fiches_touchees;20;52;32,0;oui
2_3_photo_jointe;avec photo | sans_enseignes;europe_pour_10000;186;394;208,0;oui
2_3_photo_jointe;avec photo | sans_enseignes;europe_suppressions;31;67;36,0;oui
2_3_photo_jointe;avec photo | sans_enseignes;us_avis;1473;1564;91,0;oui
2_3_photo_jointe;avec photo | sans_enseignes;us_fiches_touchees;27;87;60,0;oui
2_3_photo_jointe;avec photo | sans_enseignes;us_pour_10000;265;831;566,0;oui
2_3_photo_jointe;avec photo | sans_enseignes;us_suppressions;39;130;91,0;oui
2_3_photo_jointe;avec photo | tous;ensemble_avis;3162;3297;135,0;oui
2_3_photo_jointe;avec photo | tous;ensemble_fiches_touchees;50;147;97,0;oui
2_3_photo_jointe;avec photo | tous;ensemble_pour_10000;231;631;400,0;oui
2_3_photo_jointe;avec photo | tous;ensemble_suppressions;73;208;135,0;oui
2_3_photo_jointe;avec photo | tous;europe_avis;1663;1703;40,0;oui
2_3_photo_jointe;avec photo | tous;europe_fiches_touchees;20;53;33,0;oui
2_3_photo_jointe;avec photo | tous;europe_pour_10000;186;417;231,0;oui
2_3_photo_jointe;avec photo | tous;europe_suppressions;31;71;40,0;oui
2_3_photo_jointe;avec photo | tous;us_avis;1499;1594;95,0;oui
2_3_photo_jointe;avec photo | tous;us_fiches_touchees;30;94;64,0;oui
2_3_photo_jointe;avec photo | tous;us_pour_10000;280;859;579,0;oui
2_3_photo_jointe;avec photo | tous;us_suppressions;42;137;95,0;oui
2_3_photo_jointe;sans photo | sans_enseignes;ensemble_avis;30288;32115;1827,0;oui
2_3_photo_jointe;sans photo | sans_enseignes;ensemble_fiches_touchees;279;1089;810,0;oui
2_3_photo_jointe;sans photo | sans_enseignes;ensemble_pour_10000;267;821;554,0;oui
2_3_photo_jointe;sans photo | sans_enseignes;ensemble_suppressions;810;2637;1827,0;oui
2_3_photo_jointe;sans photo | sans_enseignes;europe_avis;14136;14809;673,0;oui
2_3_photo_jointe;sans photo | sans_enseignes;europe_fiches_touchees;115;516;401,0;oui
2_3_photo_jointe;sans photo | sans_enseignes;europe_pour_10000;178;624;446,0;oui
2_3_photo_jointe;sans photo | sans_enseignes;europe_suppressions;251;924;673,0;oui
2_3_photo_jointe;sans photo | sans_enseignes;us_avis;16152;17306;1154,0;oui
2_3_photo_jointe;sans photo | sans_enseignes;us_fiches_touchees;164;573;409,0;oui
2_3_photo_jointe;sans photo | sans_enseignes;us_pour_10000;346;990;644,0;oui
2_3_photo_jointe;sans photo | sans_enseignes;us_suppressions;559;1713;1154,0;oui
2_3_photo_jointe;sans photo | tous;ensemble_avis;32589;35134;2545,0;oui
2_3_photo_jointe;sans photo | tous;ensemble_fiches_touchees;329;1152;823,0;oui
2_3_photo_jointe;sans photo | tous;ensemble_pour_10000;393;1089;696,0;oui
2_3_photo_jointe;sans photo | tous;ensemble_suppressions;1282;3827;2545,0;oui
2_3_photo_jointe;sans photo | tous;europe_avis;14160;15135;975,0;oui
2_3_photo_jointe;sans photo | tous;europe_fiches_touchees;117;518;401,0;oui
2_3_photo_jointe;sans photo | tous;europe_pour_10000;194;825;631,0;oui
2_3_photo_jointe;sans photo | tous;europe_suppressions;274;1249;975,0;oui
2_3_photo_jointe;sans photo | tous;us_avis;18429;19999;1570,0;oui
2_3_photo_jointe;sans photo | tous;us_fiches_touchees;212;634;422,0;oui
2_3_photo_jointe;sans photo | tous;us_pour_10000;547;1289;742,0;oui
2_3_photo_jointe;sans photo | tous;us_suppressions;1008;2578;1570,0;oui
2_3_local_guide;niveau 1 à 4 | sans_enseignes;ensemble_avis;22870;24392;1522,0;oui
2_3_local_guide;niveau 1 à 4 | sans_enseignes;ensemble_fiches_touchees;230;867;637,0;oui
2_3_local_guide;niveau 1 à 4 | sans_enseignes;ensemble_pour_10000;274;881;607,0;oui
2_3_local_guide;niveau 1 à 4 | sans_enseignes;ensemble_suppressions;627;2149;1522,0;oui
2_3_local_guide;niveau 1 à 4 | sans_enseignes;europe_avis;10059;10554;495,0;oui
2_3_local_guide;niveau 1 à 4 | sans_enseignes;europe_fiches_touchees;97;400;303,0;oui
2_3_local_guide;niveau 1 à 4 | sans_enseignes;europe_pour_10000;177;638;461,0;oui
2_3_local_guide;niveau 1 à 4 | sans_enseignes;europe_suppressions;178;673;495,0;oui
2_3_local_guide;niveau 1 à 4 | sans_enseignes;us_avis;12811;13838;1027,0;oui
2_3_local_guide;niveau 1 à 4 | sans_enseignes;us_fiches_touchees;133;467;334,0;oui
2_3_local_guide;niveau 1 à 4 | sans_enseignes;us_pour_10000;350;1067;717,0;oui
2_3_local_guide;niveau 1 à 4 | sans_enseignes;us_suppressions;449;1476;1027,0;oui
2_3_local_guide;niveau 1 à 4 | tous;ensemble_avis;24835;26952;2117,0;oui
2_3_local_guide;niveau 1 à 4 | tous;ensemble_fiches_touchees;280;931;651,0;oui
2_3_local_guide;niveau 1 à 4 | tous;ensemble_pour_10000;416;1169;753,0;oui
2_3_local_guide;niveau 1 à 4 | tous;ensemble_suppressions;1034;3151;2117,0;oui
2_3_local_guide;niveau 1 à 4 | tous;europe_avis;10075;10787;712,0;oui
2_3_local_guide;niveau 1 à 4 | tous;europe_fiches_touchees;99;402;303,0;oui
2_3_local_guide;niveau 1 à 4 | tous;europe_pour_10000;192;839;647,0;oui
2_3_local_guide;niveau 1 à 4 | tous;europe_suppressions;193;905;712,0;oui
2_3_local_guide;niveau 1 à 4 | tous;us_avis;14760;16165;1405,0;oui
2_3_local_guide;niveau 1 à 4 | tous;us_fiches_touchees;181;529;348,0;oui
2_3_local_guide;niveau 1 à 4 | tous;us_pour_10000;570;1389;819,0;oui
2_3_local_guide;niveau 1 à 4 | tous;us_suppressions;841;2246;1405,0;oui
2_3_local_guide;niveau 5 et plus | sans_enseignes;ensemble_avis;7789;8144;355,0;oui
2_3_local_guide;niveau 5 et plus | sans_enseignes;ensemble_fiches_touchees;73;366;293,0;oui
2_3_local_guide;niveau 5 et plus | sans_enseignes;ensemble_pour_10000;112;543;431,0;oui
2_3_local_guide;niveau 5 et plus | sans_enseignes;ensemble_suppressions;87;442;355,0;oui
2_3_local_guide;niveau 5 et plus | sans_enseignes;europe_avis;4632;4814;182,0;oui
2_3_local_guide;niveau 5 et plus | sans_enseignes;europe_fiches_touchees;35;185;150,0;oui
2_3_local_guide;niveau 5 et plus | sans_enseignes;europe_pour_10000;93;467;374,0;oui
2_3_local_guide;niveau 5 et plus | sans_enseignes;europe_suppressions;43;225;182,0;oui
2_3_local_guide;niveau 5 et plus | sans_enseignes;us_avis;3157;3330;173,0;oui
2_3_local_guide;niveau 5 et plus | sans_enseignes;us_fiches_touchees;38;181;143,0;oui
2_3_local_guide;niveau 5 et plus | sans_enseignes;us_pour_10000;139;652;513,0;oui
2_3_local_guide;niveau 5 et plus | sans_enseignes;us_suppressions;44;217;173,0;oui
2_3_local_guide;niveau 5 et plus | tous;ensemble_avis;7961;8357;396,0;oui
2_3_local_guide;niveau 5 et plus | tous;ensemble_fiches_touchees;84;391;307,0;oui
2_3_local_guide;niveau 5 et plus | tous;ensemble_pour_10000;139;607;468,0;oui
2_3_local_guide;niveau 5 et plus | tous;ensemble_suppressions;111;507;396,0;oui
2_3_local_guide;niveau 5 et plus | tous;europe_avis;4634;4832;198,0;oui
2_3_local_guide;niveau 5 et plus | tous;europe_fiches_touchees;36;187;151,0;oui
2_3_local_guide;niveau 5 et plus | tous;europe_pour_10000;97;503;406,0;oui
2_3_local_guide;niveau 5 et plus | tous;europe_suppressions;45;243;198,0;oui
2_3_local_guide;niveau 5 et plus | tous;us_avis;3327;3525;198,0;oui
2_3_local_guide;niveau 5 et plus | tous;us_fiches_touchees;48;204;156,0;oui
2_3_local_guide;niveau 5 et plus | tous;us_pour_10000;198;749;551,0;oui
2_3_local_guide;niveau 5 et plus | tous;us_suppressions;66;264;198,0;oui
2_3_local_guide;sans niveau | sans_enseignes;ensemble_avis;2765;2842;77,0;oui
2_3_local_guide;sans niveau | sans_enseignes;ensemble_fiches_touchees;80;130;50,0;oui
2_3_local_guide;sans niveau | sans_enseignes;ensemble_pour_10000;600;855;255,0;oui
2_3_local_guide;sans niveau | sans_enseignes;ensemble_suppressions;166;243;77,0;oui
2_3_local_guide;sans niveau | sans_enseignes;europe_avis;1108;1140;32,0;oui
2_3_local_guide;sans niveau | sans_enseignes;europe_fiches_touchees;19;38;19,0;oui
2_3_local_guide;sans niveau | sans_enseignes;europe_pour_10000;551;816;265,0;oui
2_3_local_guide;sans niveau | sans_enseignes;europe_suppressions;61;93;32,0;oui
2_3_local_guide;sans niveau | sans_enseignes;us_avis;1657;1702;45,0;oui
2_3_local_guide;sans niveau | sans_enseignes;us_fiches_touchees;61;92;31,0;oui
2_3_local_guide;sans niveau | sans_enseignes;us_pour_10000;634;881;247,0;oui
2_3_local_guide;sans niveau | sans_enseignes;us_suppressions;105;150;45,0;oui
2_3_local_guide;sans niveau | tous;ensemble_avis;2955;3122;167,0;oui
2_3_local_guide;sans niveau | tous;ensemble_fiches_touchees;99;157;58,0;oui
2_3_local_guide;sans niveau | tous;ensemble_pour_10000;711;1208;497,0;oui
2_3_local_guide;sans niveau | tous;ensemble_suppressions;210;377;167,0;oui
2_3_local_guide;sans niveau | tous;europe_avis;1114;1219;105,0;oui
2_3_local_guide;sans niveau | tous;europe_fiches_touchees;20;40;20,0;oui
2_3_local_guide;sans niveau | tous;europe_pour_10000;601;1411;810,0;oui
2_3_local_guide;sans niveau | tous;europe_suppressions;67;172;105,0;oui
2_3_local_guide;sans niveau | tous;us_avis;1841;1903;62,0;oui
2_3_local_guide;sans niveau | tous;us_fiches_touchees;79;117;38,0;oui
2_3_local_guide;sans niveau | tous;us_pour_10000;777;1077;300,0;oui
2_3_local_guide;sans niveau | tous;us_suppressions;143;205;62,0;oui
2_3_photos_auteur;0 photo | sans_enseignes;ensemble_avis;19208;20450;1242,0;oui
2_3_photos_auteur;0 photo | sans_enseignes;ensemble_fiches_touchees;224;778;554,0;oui
2_3_photos_auteur;0 photo | sans_enseignes;ensemble_pour_10000;319;907;588,0;oui
2_3_photos_auteur;0 photo | sans_enseignes;ensemble_suppressions;612;1854;1242,0;oui
2_3_photos_auteur;0 photo | sans_enseignes;europe_avis;8137;8552;415,0;oui
2_3_photos_auteur;0 photo | sans_enseignes;europe_fiches_touchees;79;347;268,0;oui
2_3_photos_auteur;0 photo | sans_enseignes;europe_pour_10000;211;686;475,0;oui
2_3_photos_auteur;0 photo | sans_enseignes;europe_suppressions;172;587;415,0;oui
2_3_photos_auteur;0 photo | sans_enseignes;us_avis;11071;11898;827,0;oui
2_3_photos_auteur;0 photo | sans_enseignes;us_fiches_touchees;145;431;286,0;oui
2_3_photos_auteur;0 photo | sans_enseignes;us_pour_10000;397;1065;668,0;oui
2_3_photos_auteur;0 photo | sans_enseignes;us_suppressions;440;1267;827,0;oui
2_3_photos_auteur;0 photo | tous;ensemble_avis;20945;22755;1810,0;oui
2_3_photos_auteur;0 photo | tous;ensemble_fiches_touchees;272;841;569,0;oui
2_3_photos_auteur;0 photo | tous;ensemble_pour_10000;464;1223;759,0;oui
2_3_photos_auteur;0 photo | tous;ensemble_suppressions;972;2782;1810,0;oui
2_3_photos_auteur;0 photo | tous;europe_avis;8155;8822;667,0;oui
2_3_photos_auteur;0 photo | tous;europe_fiches_touchees;81;349;268,0;oui
2_3_photos_auteur;0 photo | tous;europe_pour_10000;233;971;738,0;oui
2_3_photos_auteur;0 photo | tous;europe_suppressions;190;857;667,0;oui
2_3_photos_auteur;0 photo | tous;us_avis;12790;13933;1143,0;oui
2_3_photos_auteur;0 photo | tous;us_fiches_touchees;191;492;301,0;oui
2_3_photos_auteur;0 photo | tous;us_pour_10000;611;1382;771,0;oui
2_3_photos_auteur;0 photo | tous;us_suppressions;782;1925;1143,0;oui
2_3_photos_auteur;1 à 5 | sans_enseignes;ensemble_avis;6784;7201;417,0;oui
2_3_photos_auteur;1 à 5 | sans_enseignes;ensemble_fiches_touchees;115;358;243,0;oui
2_3_photos_auteur;1 à 5 | sans_enseignes;ensemble_pour_10000;261;825;564,0;oui
2_3_photos_auteur;1 à 5 | sans_enseignes;ensemble_suppressions;177;594;417,0;oui
2_3_photos_auteur;1 à 5 | sans_enseignes;europe_avis;3166;3312;146,0;oui
2_3_photos_auteur;1 à 5 | sans_enseignes;europe_fiches_touchees;45;151;106,0;oui
2_3_photos_auteur;1 à 5 | sans_enseignes;europe_pour_10000;212;643;431,0;oui
2_3_photos_auteur;1 à 5 | sans_enseignes;europe_suppressions;67;213;146,0;oui
2_3_photos_auteur;1 à 5 | sans_enseignes;us_avis;3618;3889;271,0;oui
2_3_photos_auteur;1 à 5 | sans_enseignes;us_fiches_touchees;70;207;137,0;oui
2_3_photos_auteur;1 à 5 | sans_enseignes;us_pour_10000;304;980;676,0;oui
2_3_photos_auteur;1 à 5 | sans_enseignes;us_suppressions;110;381;271,0;oui
2_3_photos_auteur;1 à 5 | tous;ensemble_avis;7198;7728;530,0;oui
2_3_photos_auteur;1 à 5 | tous;ensemble_fiches_touchees;155;405;250,0;oui
2_3_photos_auteur;1 à 5 | tous;ensemble_pour_10000;375;1035;660,0;oui
2_3_photos_auteur;1 à 5 | tous;ensemble_suppressions;270;800;530,0;oui
2_3_photos_auteur;1 à 5 | tous;europe_avis;3170;3349;179,0;oui
2_3_photos_auteur;1 à 5 | tous;europe_fiches_touchees;46;153;107,0;oui
2_3_photos_auteur;1 à 5 | tous;europe_pour_10000;221;744;523,0;oui
2_3_photos_auteur;1 à 5 | tous;europe_suppressions;70;249;179,0;oui
2_3_photos_auteur;1 à 5 | tous;us_avis;4028;4379;351,0;oui
2_3_photos_auteur;1 à 5 | tous;us_fiches_touchees;109;252;143,0;oui
2_3_photos_auteur;1 à 5 | tous;us_pour_10000;497;1258;761,0;oui
2_3_photos_auteur;1 à 5 | tous;us_suppressions;200;551;351,0;oui
2_3_photos_auteur;21 à 100 | sans_enseignes;ensemble_avis;2452;2541;89,0;oui
2_3_photos_auteur;21 à 100 | sans_enseignes;ensemble_fiches_touchees;18;98;80,0;oui
2_3_photos_auteur;21 à 100 | sans_enseignes;ensemble_pour_10000;77;425;348,0;oui
2_3_photos_auteur;21 à 100 | sans_enseignes;ensemble_suppressions;19;108;89,0;oui
2_3_photos_auteur;21 à 100 | sans_enseignes;europe_avis;1573;1620;47,0;oui
2_3_photos_auteur;21 à 100 | sans_enseignes;europe_fiches_touchees;12;52;40,0;oui
2_3_photos_auteur;21 à 100 | sans_enseignes;europe_pour_10000;83;370;287,0;oui
2_3_photos_auteur;21 à 100 | sans_enseignes;europe_suppressions;13;60;47,0;oui
2_3_photos_auteur;21 à 100 | sans_enseignes;us_avis;879;921;42,0;oui
2_3_photos_auteur;21 à 100 | sans_enseignes;us_fiches_touchees;6;46;40,0;oui
2_3_photos_auteur;21 à 100 | sans_enseignes;us_pour_10000;68;521;453,0;oui
2_3_photos_auteur;21 à 100 | sans_enseignes;us_suppressions;6;48;42,0;oui
2_3_photos_auteur;21 à 100 | tous;ensemble_avis;2497;2599;102,0;oui
2_3_photos_auteur;21 à 100 | tous;ensemble_fiches_touchees;19;106;87,0;oui
2_3_photos_auteur;21 à 100 | tous;ensemble_pour_10000;80;469;389,0;oui
2_3_photos_auteur;21 à 100 | tous;ensemble_suppressions;20;122;102,0;oui
2_3_photos_auteur;21 à 100 | tous;europe_avis;1574;1628;54,0;oui
2_3_photos_auteur;21 à 100 | tous;europe_fiches_touchees;13;54;41,0;oui
2_3_photos_auteur;21 à 100 | tous;europe_pour_10000;89;418;329,0;oui
2_3_photos_auteur;21 à 100 | tous;europe_suppressions;14;68;54,0;oui
2_3_photos_auteur;21 à 100 | tous;us_avis;923;971;48,0;oui
2_3_photos_auteur;21 à 100 | tous;us_fiches_touchees;6;52;46,0;oui
2_3_photos_auteur;21 à 100 | tous;us_pour_10000;65;556;491,0;oui
2_3_photos_auteur;21 à 100 | tous;us_suppressions;6;54;48,0;oui
2_3_photos_auteur;6 à 20 | sans_enseignes;ensemble_avis;3121;3277;156,0;oui
2_3_photos_auteur;6 à 20 | sans_enseignes;ensemble_fiches_touchees;52;182;130,0;oui
2_3_photos_auteur;6 à 20 | sans_enseignes;ensemble_pour_10000;189;656;467,0;oui
2_3_photos_auteur;6 à 20 | sans_enseignes;ensemble_suppressions;59;215;156,0;oui
2_3_photos_auteur;6 à 20 | sans_enseignes;europe_avis;1763;1831;68,0;oui
2_3_photos_auteur;6 à 20 | sans_enseignes;europe_fiches_touchees;19;79;60,0;oui
2_3_photos_auteur;6 à 20 | sans_enseignes;europe_pour_10000;125;492;367,0;oui
2_3_photos_auteur;6 à 20 | sans_enseignes;europe_suppressions;22;90;68,0;oui
2_3_photos_auteur;6 à 20 | sans_enseignes;us_avis;1358;1446;88,0;oui
2_3_photos_auteur;6 à 20 | sans_enseignes;us_fiches_touchees;33;103;70,0;oui
2_3_photos_auteur;6 à 20 | sans_enseignes;us_pour_10000;272;864;592,0;oui
2_3_photos_auteur;6 à 20 | sans_enseignes;us_suppressions;37;125;88,0;oui
2_3_photos_auteur;6 à 20 | tous;ensemble_avis;3235;3421;186,0;oui
2_3_photos_auteur;6 à 20 | tous;ensemble_fiches_touchees;67;207;140,0;oui
2_3_photos_auteur;6 à 20 | tous;ensemble_pour_10000;241;772;531,0;oui
2_3_photos_auteur;6 à 20 | tous;ensemble_suppressions;78;264;186,0;oui
2_3_photos_auteur;6 à 20 | tous;europe_avis;1764;1844;80,0;oui
2_3_photos_auteur;6 à 20 | tous;europe_fiches_touchees;20;81;61,0;oui
2_3_photos_auteur;6 à 20 | tous;europe_pour_10000;130;559;429,0;oui
2_3_photos_auteur;6 à 20 | tous;europe_suppressions;23;103;80,0;oui
2_3_photos_auteur;6 à 20 | tous;us_avis;1471;1577;106,0;oui
2_3_photos_auteur;6 à 20 | tous;us_fiches_touchees;47;126;79,0;oui
2_3_photos_auteur;6 à 20 | tous;us_pour_10000;374;1021;647,0;oui
2_3_photos_auteur;6 à 20 | tous;us_suppressions;55;161;106,0;oui
2_3_photos_auteur;plus de 100 | sans_enseignes;ensemble_avis;1859;1909;50,0;oui
2_3_photos_auteur;plus de 100 | sans_enseignes;ensemble_fiches_touchees;11;60;49,0;oui
2_3_photos_auteur;plus de 100 | sans_enseignes;ensemble_pour_10000;70;330;260,0;oui
2_3_photos_auteur;plus de 100 | sans_enseignes;ensemble_suppressions;13;63;50,0;oui
2_3_photos_auteur;plus de 100 | sans_enseignes;europe_avis;1160;1193;33,0;oui
2_3_photos_auteur;plus de 100 | sans_enseignes;europe_fiches_touchees;7;39;32,0;oui
2_3_photos_auteur;plus de 100 | sans_enseignes;europe_pour_10000;69;344;275,0;oui
2_3_photos_auteur;plus de 100 | sans_enseignes;europe_suppressions;8;41;33,0;oui
2_3_photos_auteur;plus de 100 | sans_enseignes;us_avis;699;716;17,0;oui
2_3_photos_auteur;plus de 100 | sans_enseignes;us_fiches_touchees;4;21;17,0;oui
2_3_photos_auteur;plus de 100 | sans_enseignes;us_pour_10000;72;307;235,0;oui
2_3_photos_auteur;plus de 100 | sans_enseignes;us_suppressions;5;22;17,0;oui
2_3_photos_auteur;plus de 100 | tous;ensemble_avis;1876;1928;52,0;oui
2_3_photos_auteur;plus de 100 | tous;ensemble_fiches_touchees;13;63;50,0;oui
2_3_photos_auteur;plus de 100 | tous;ensemble_pour_10000;80;348;268,0;oui
2_3_photos_auteur;plus de 100 | tous;ensemble_suppressions;15;67;52,0;oui
2_3_photos_auteur;plus de 100 | tous;europe_avis;1160;1195;35,0;oui
2_3_photos_auteur;plus de 100 | tous;europe_fiches_touchees;7;40;33,0;oui
2_3_photos_auteur;plus de 100 | tous;europe_pour_10000;69;360;291,0;oui
2_3_photos_auteur;plus de 100 | tous;europe_suppressions;8;43;35,0;oui
2_3_photos_auteur;plus de 100 | tous;us_avis;716;733;17,0;oui
2_3_photos_auteur;plus de 100 | tous;us_fiches_touchees;6;23;17,0;oui
2_3_photos_auteur;plus de 100 | tous;us_pour_10000;98;327;229,0;oui
2_3_photos_auteur;plus de 100 | tous;us_suppressions;7;24;17,0;oui
2_3_avis_auteur;1 avis | sans_enseignes;ensemble_avis;9711;10190;479,0;oui
2_3_avis_auteur;1 avis | sans_enseignes;ensemble_fiches_touchees;149;405;256,0;oui
2_3_avis_auteur;1 avis | sans_enseignes;ensemble_pour_10000;372;824;452,0;oui
2_3_avis_auteur;1 avis | sans_enseignes;ensemble_suppressions;361;840;479,0;oui
2_3_avis_auteur;1 avis | sans_enseignes;europe_avis;4383;4553;170,0;oui
2_3_avis_auteur;1 avis | sans_enseignes;europe_fiches_touchees;45;159;114,0;oui
2_3_avis_auteur;1 avis | sans_enseignes;europe_pour_10000;287;650;363,0;oui
2_3_avis_auteur;1 avis | sans_enseignes;europe_suppressions;126;296;170,0;oui
2_3_avis_auteur;1 avis | sans_enseignes;us_avis;5328;5637;309,0;oui
2_3_avis_auteur;1 avis | sans_enseignes;us_fiches_touchees;104;246;142,0;oui
2_3_avis_auteur;1 avis | sans_enseignes;us_pour_10000;441;965;524,0;oui
2_3_avis_auteur;1 avis | sans_enseignes;us_suppressions;235;544;309,0;oui
2_3_avis_auteur;1 avis | tous;ensemble_avis;10434;11222;788,0;oui
2_3_avis_auteur;1 avis | tous;ensemble_fiches_touchees;188;451;263,0;oui
2_3_avis_auteur;1 avis | tous;ensemble_pour_10000;488;1156;668,0;oui
2_3_avis_auteur;1 avis | tous;ensemble_suppressions;509;1297;788,0;oui
2_3_avis_auteur;1 avis | tous;europe_avis;4399;4791;392,0;oui
2_3_avis_auteur;1 avis | tous;europe_fiches_touchees;47;161;114,0;oui
2_3_avis_auteur;1 avis | tous;europe_pour_10000;323;1115;792,0;oui
2_3_avis_auteur;1 avis | tous;europe_suppressions;142;534;392,0;oui
2_3_avis_auteur;1 avis | tous;us_avis;6035;6431;396,0;oui
2_3_avis_auteur;1 avis | tous;us_fiches_touchees;141;290;149,0;oui
2_3_avis_auteur;1 avis | tous;us_pour_10000;608;1186;578,0;oui
2_3_avis_auteur;1 avis | tous;us_suppressions;367;763;396,0;oui
2_3_avis_auteur;2 à 5 | sans_enseignes;ensemble_avis;8684;9236;552,0;oui
2_3_avis_auteur;2 à 5 | sans_enseignes;ensemble_fiches_touchees;125;437;312,0;oui
2_3_avis_auteur;2 à 5 | sans_enseignes;ensemble_pour_10000;257;839;582,0;oui
2_3_avis_auteur;2 à 5 | sans_enseignes;ensemble_suppressions;223;775;552,0;oui
2_3_avis_auteur;2 à 5 | sans_enseignes;europe_avis;3733;3933;200,0;oui
2_3_avis_auteur;2 à 5 | sans_enseignes;europe_fiches_touchees;46;198;152,0;oui
2_3_avis_auteur;2 à 5 | sans_enseignes;europe_pour_10000;161;661;500,0;oui
2_3_avis_auteur;2 à 5 | sans_enseignes;europe_suppressions;60;260;200,0;oui
2_3_avis_auteur;2 à 5 | sans_enseignes;us_avis;4951;5303;352,0;oui
2_3_avis_auteur;2 à 5 | sans_enseignes;us_fiches_touchees;79;239;160,0;oui
2_3_avis_auteur;2 à 5 | sans_enseignes;us_pour_10000;329;971;642,0;oui
2_3_avis_auteur;2 à 5 | sans_enseignes;us_suppressions;163;515;352,0;oui
2_3_avis_auteur;2 à 5 | tous;ensemble_avis;9463;10203;740,0;oui
2_3_avis_auteur;2 à 5 | tous;ensemble_fiches_touchees;169;494;325,0;oui
2_3_avis_auteur;2 à 5 | tous;ensemble_pour_10000;389;1086;697,0;oui
2_3_avis_auteur;2 à 5 | tous;ensemble_suppressions;368;1108;740,0;oui
2_3_avis_auteur;2 à 5 | tous;europe_avis;3736;3986;250,0;oui
2_3_avis_auteur;2 à 5 | tous;europe_fiches_touchees;48;200;152,0;oui
2_3_avis_auteur;2 à 5 | tous;europe_pour_10000;169;785;616,0;oui
2_3_avis_auteur;2 à 5 | tous;europe_suppressions;63;313;250,0;oui
2_3_avis_auteur;2 à 5 | tous;us_avis;5727;6217;490,0;oui
2_3_avis_auteur;2 à 5 | tous;us_fiches_touchees;121;294;173,0;oui
2_3_avis_auteur;2 à 5 | tous;us_pour_10000;533;1279;746,0;oui
2_3_avis_auteur;2 à 5 | tous;us_suppressions;305;795;490,0;oui
2_3_avis_auteur;21 à 100 | sans_enseignes;ensemble_avis;5062;5325;263,0;oui
2_3_avis_auteur;21 à 100 | sans_enseignes;ensemble_fiches_touchees;58;272;214,0;oui
2_3_avis_auteur;21 à 100 | sans_enseignes;ensemble_pour_10000;134;622;488,0;oui
2_3_avis_auteur;21 à 100 | sans_enseignes;ensemble_suppressions;68;331;263,0;oui
2_3_avis_auteur;21 à 100 | sans_enseignes;europe_avis;2862;2980;118,0;oui
2_3_avis_auteur;21 à 100 | sans_enseignes;europe_fiches_touchees;26;129;103,0;oui
2_3_avis_auteur;21 à 100 | sans_enseignes;europe_pour_10000;112;503;391,0;oui
2_3_avis_auteur;21 à 100 | sans_enseignes;europe_suppressions;32;150;118,0;oui
2_3_avis_auteur;21 à 100 | sans_enseignes;us_avis;2200;2345;145,0;oui
2_3_avis_auteur;21 à 100 | sans_enseignes;us_fiches_touchees;32;143;111,0;oui
2_3_avis_auteur;21 à 100 | sans_enseignes;us_pour_10000;164;772;608,0;oui
2_3_avis_auteur;21 à 100 | sans_enseignes;us_suppressions;36;181;145,0;oui
2_3_avis_auteur;21 à 100 | tous;ensemble_avis;5213;5521;308,0;oui
2_3_avis_auteur;21 à 100 | tous;ensemble_fiches_touchees;74;301;227,0;oui
2_3_avis_auteur;21 à 100 | tous;ensemble_pour_10000;176;725;549,0;oui
2_3_avis_auteur;21 à 100 | tous;ensemble_suppressions;92;400;308,0;oui
2_3_avis_auteur;21 à 100 | tous;europe_avis;2864;2994;130,0;oui
2_3_avis_auteur;21 à 100 | tous;europe_fiches_touchees;27;131;104,0;oui
2_3_avis_auteur;21 à 100 | tous;europe_pour_10000;119;548;429,0;oui
2_3_avis_auteur;21 à 100 | tous;europe_suppressions;34;164;130,0;oui
2_3_avis_auteur;21 à 100 | tous;us_avis;2349;2527;178,0;oui
2_3_avis_auteur;21 à 100 | tous;us_fiches_touchees;47;170;123,0;oui
2_3_avis_auteur;21 à 100 | tous;us_pour_10000;247;934;687,0;oui
2_3_avis_auteur;21 à 100 | tous;us_suppressions;58;236;178,0;oui
2_3_avis_auteur;6 à 20 | sans_enseignes;ensemble_avis;8275;8855;580,0;oui
2_3_avis_auteur;6 à 20 | sans_enseignes;ensemble_fiches_touchees;122;421;299,0;oui
2_3_avis_auteur;6 à 20 | sans_enseignes;ensemble_pour_10000;254;892;638,0;oui
2_3_avis_auteur;6 à 20 | sans_enseignes;ensemble_suppressions;210;790;580,0;oui
2_3_avis_auteur;6 à 20 | sans_enseignes;europe_avis;3832;4011;179,0;oui
2_3_avis_auteur;6 à 20 | sans_enseignes;europe_fiches_touchees;41;181;140,0;oui
2_3_avis_auteur;6 à 20 | sans_enseignes;europe_pour_10000;144;583;439,0;oui
2_3_avis_auteur;6 à 20 | sans_enseignes;europe_suppressions;55;234;179,0;oui
2_3_avis_auteur;6 à 20 | sans_enseignes;us_avis;4443;4844;401,0;oui
2_3_avis_auteur;6 à 20 | sans_enseignes;us_fiches_touchees;81;240;159,0;oui
2_3_avis_auteur;6 à 20 | sans_enseignes;us_pour_10000;349;1148;799,0;oui
2_3_avis_auteur;6 à 20 | sans_enseignes;us_suppressions;155;556;401,0;oui
2_3_avis_auteur;6 à 20 | tous;ensemble_avis;8926;9687;761,0;oui
2_3_avis_auteur;6 à 20 | tous;ensemble_fiches_touchees;164;474;310,0;oui
2_3_avis_auteur;6 à 20 | tous;ensemble_pour_10000;410;1163;753,0;oui
2_3_avis_auteur;6 à 20 | tous;ensemble_suppressions;366;1127;761,0;oui
2_3_avis_auteur;6 à 20 | tous;europe_avis;3835;4035;200,0;oui
2_3_avis_auteur;6 à 20 | tous;europe_fiches_touchees;42;183;141,0;oui
2_3_avis_auteur;6 à 20 | tous;europe_pour_10000;149;637;488,0;oui
2_3_avis_auteur;6 à 20 | tous;europe_suppressions;57;257;200,0;oui
2_3_avis_auteur;6 à 20 | tous;us_avis;5091;5652;561,0;oui
2_3_avis_auteur;6 à 20 | tous;us_fiches_touchees;122;291;169,0;oui
2_3_avis_auteur;6 à 20 | tous;us_pour_10000;607;1539;932,0;oui
2_3_avis_auteur;6 à 20 | tous;us_suppressions;309;870;561,0;oui
2_3_avis_auteur;plus de 100 | sans_enseignes;ensemble_avis;1692;1772;80,0;oui
2_3_avis_auteur;plus de 100 | sans_enseignes;ensemble_fiches_touchees;16;89;73,0;oui
2_3_avis_auteur;plus de 100 | sans_enseignes;ensemble_pour_10000;106;553;447,0;oui
2_3_avis_auteur;plus de 100 | sans_enseignes;ensemble_suppressions;18;98;80,0;oui
2_3_avis_auteur;plus de 100 | sans_enseignes;europe_avis;989;1031;42,0;oui
2_3_avis_auteur;plus de 100 | sans_enseignes;europe_fiches_touchees;8;44;36,0;oui
2_3_avis_auteur;plus de 100 | sans_enseignes;europe_pour_10000;91;495;404,0;oui
2_3_avis_auteur;plus de 100 | sans_enseignes;europe_suppressions;9;51;42,0;oui
2_3_avis_auteur;plus de 100 | sans_enseignes;us_avis;703;741;38,0;oui
2_3_avis_auteur;plus de 100 | sans_enseignes;us_fiches_touchees;8;45;37,0;oui
2_3_avis_auteur;plus de 100 | sans_enseignes;us_pour_10000;128;634;506,0;oui
2_3_avis_auteur;plus de 100 | sans_enseignes;us_suppressions;9;47;38,0;oui
2_3_avis_auteur;plus de 100 | tous;ensemble_avis;1715;1798;83,0;oui
2_3_avis_auteur;plus de 100 | tous;ensemble_fiches_touchees;18;94;76,0;oui
2_3_avis_auteur;plus de 100 | tous;ensemble_pour_10000;117;573;456,0;oui
2_3_avis_auteur;plus de 100 | tous;ensemble_suppressions;20;103;83,0;oui
2_3_avis_auteur;plus de 100 | tous;europe_avis;989;1032;43,0;oui
2_3_avis_auteur;plus de 100 | tous;europe_fiches_touchees;8;45;37,0;oui
2_3_avis_auteur;plus de 100 | tous;europe_pour_10000;91;504;413,0;oui
2_3_avis_auteur;plus de 100 | tous;europe_suppressions;9;52;43,0;oui
2_3_avis_auteur;plus de 100 | tous;us_avis;726;766;40,0;oui
2_3_avis_auteur;plus de 100 | tous;us_fiches_touchees;10;49;39,0;oui
2_3_avis_auteur;plus de 100 | tous;us_pour_10000;152;666;514,0;oui
2_3_avis_auteur;plus de 100 | tous;us_suppressions;11;51;40,0;oui
2_3_secteur;Automobile | sans_enseignes;ensemble_avis;4589;4846;257,0;oui
2_3_secteur;Automobile | sans_enseignes;ensemble_fiches_touchees;41;169;128,0;oui
2_3_secteur;Automobile | sans_enseignes;ensemble_pour_10000;257;774;517,0;oui
2_3_secteur;Automobile | sans_enseignes;ensemble_suppressions;118;375;257,0;oui
2_3_secteur;Automobile | sans_enseignes;europe_avis;1248;1321;73,0;oui
2_3_secteur;Automobile | sans_enseignes;europe_fiches_touchees;14;61;47,0;oui
2_3_secteur;Automobile | sans_enseignes;europe_pour_10000;216;757;541,0;oui
2_3_secteur;Automobile | sans_enseignes;europe_suppressions;27;100;73,0;oui
2_3_secteur;Automobile | sans_enseignes;us_avis;3341;3525;184,0;oui
2_3_secteur;Automobile | sans_enseignes;us_fiches_touchees;27;108;81,0;oui
2_3_secteur;Automobile | sans_enseignes;us_pour_10000;272;780;508,0;oui
2_3_secteur;Automobile | sans_enseignes;us_suppressions;91;275;184,0;oui
2_3_secteur;Automobile | tous;ensemble_avis;4589;4846;257,0;oui
2_3_secteur;Automobile | tous;ensemble_fiches_touchees;41;169;128,0;oui
2_3_secteur;Automobile | tous;ensemble_pour_10000;257;774;517,0;oui
2_3_secteur;Automobile | tous;ensemble_suppressions;118;375;257,0;oui
2_3_secteur;Automobile | tous;europe_avis;1248;1321;73,0;oui
2_3_secteur;Automobile | tous;europe_fiches_touchees;14;61;47,0;oui
2_3_secteur;Automobile | tous;europe_pour_10000;216;757;541,0;oui
2_3_secteur;Automobile | tous;europe_suppressions;27;100;73,0;oui
2_3_secteur;Automobile | tous;us_avis;3341;3525;184,0;oui
2_3_secteur;Automobile | tous;us_fiches_touchees;27;108;81,0;oui
2_3_secteur;Automobile | tous;us_pour_10000;272;780;508,0;oui
2_3_secteur;Automobile | tous;us_suppressions;91;275;184,0;oui
2_3_secteur;Hôtellerie | sans_enseignes;ensemble_avis;7353;7575;222,0;oui
2_3_secteur;Hôtellerie | sans_enseignes;ensemble_fiches_touchees;54;180;126,0;oui
2_3_secteur;Hôtellerie | sans_enseignes;ensemble_pour_10000;155;444;289,0;oui
2_3_secteur;Hôtellerie | sans_enseignes;ensemble_suppressions;114;336;222,0;oui
2_3_secteur;Hôtellerie | sans_enseignes;europe_avis;5504;5626;122,0;oui
2_3_secteur;Hôtellerie | sans_enseignes;europe_fiches_touchees;41;110;69,0;oui
2_3_secteur;Hôtellerie | sans_enseignes;europe_pour_10000;165;379;214,0;oui
2_3_secteur;Hôtellerie | sans_enseignes;europe_suppressions;91;213;122,0;oui
2_3_secteur;Hôtellerie | sans_enseignes;us_avis;1849;1949;100,0;oui
2_3_secteur;Hôtellerie | sans_enseignes;us_fiches_touchees;13;70;57,0;oui
2_3_secteur;Hôtellerie | sans_enseignes;us_pour_10000;124;631;507,0;oui
2_3_secteur;Hôtellerie | sans_enseignes;us_suppressions;23;123;100,0;oui
2_3_secteur;Hôtellerie | tous;ensemble_avis;7353;7575;222,0;oui
2_3_secteur;Hôtellerie | tous;ensemble_fiches_touchees;54;180;126,0;oui
2_3_secteur;Hôtellerie | tous;ensemble_pour_10000;155;444;289,0;oui
2_3_secteur;Hôtellerie | tous;ensemble_suppressions;114;336;222,0;oui
2_3_secteur;Hôtellerie | tous;europe_avis;5504;5626;122,0;oui
2_3_secteur;Hôtellerie | tous;europe_fiches_touchees;41;110;69,0;oui
2_3_secteur;Hôtellerie | tous;europe_pour_10000;165;379;214,0;oui
2_3_secteur;Hôtellerie | tous;europe_suppressions;91;213;122,0;oui
2_3_secteur;Hôtellerie | tous;us_avis;1849;1949;100,0;oui
2_3_secteur;Hôtellerie | tous;us_fiches_touchees;13;70;57,0;oui
2_3_secteur;Hôtellerie | tous;us_pour_10000;124;631;507,0;oui
2_3_secteur;Hôtellerie | tous;us_suppressions;23;123;100,0;oui
2_3_secteur;Restauration | sans_enseignes;ensemble_avis;7020;7297;277,0;oui
2_3_secteur;Restauration | sans_enseignes;ensemble_fiches_touchees;36;222;186,0;oui
2_3_secteur;Restauration | sans_enseignes;ensemble_pour_10000;154;528;374,0;oui
2_3_secteur;Restauration | sans_enseignes;ensemble_suppressions;108;385;277,0;oui
2_3_secteur;Restauration | sans_enseignes;europe_avis;3283;3418;135,0;oui
2_3_secteur;Restauration | sans_enseignes;europe_fiches_touchees;18;111;93,0;oui
2_3_secteur;Restauration | sans_enseignes;europe_pour_10000;143;532;389,0;oui
2_3_secteur;Restauration | sans_enseignes;europe_suppressions;47;182;135,0;oui
2_3_secteur;Restauration | sans_enseignes;us_avis;3737;3879;142,0;oui
2_3_secteur;Restauration | sans_enseignes;us_fiches_touchees;18;111;93,0;oui
2_3_secteur;Restauration | sans_enseignes;us_pour_10000;163;523;360,0;oui
2_3_secteur;Restauration | sans_enseignes;us_suppressions;61;203;142,0;oui
2_3_secteur;Restauration | tous;ensemble_avis;7020;7297;277,0;oui
2_3_secteur;Restauration | tous;ensemble_fiches_touchees;36;222;186,0;oui
2_3_secteur;Restauration | tous;ensemble_pour_10000;154;528;374,0;oui
2_3_secteur;Restauration | tous;ensemble_suppressions;108;385;277,0;oui
2_3_secteur;Restauration | tous;europe_avis;3283;3418;135,0;oui
2_3_secteur;Restauration | tous;europe_fiches_touchees;18;111;93,0;oui
2_3_secteur;Restauration | tous;europe_pour_10000;143;532;389,0;oui
2_3_secteur;Restauration | tous;europe_suppressions;47;182;135,0;oui
2_3_secteur;Restauration | tous;us_avis;3737;3879;142,0;oui
2_3_secteur;Restauration | tous;us_fiches_touchees;18;111;93,0;oui
2_3_secteur;Restauration | tous;us_pour_10000;163;523;360,0;oui
2_3_secteur;Restauration | tous;us_suppressions;61;203;142,0;oui
2_3_secteur;Santé | sans_enseignes;ensemble_avis;4345;4639;294,0;oui
2_3_secteur;Santé | sans_enseignes;ensemble_fiches_touchees;37;179;142,0;oui
2_3_secteur;Santé | sans_enseignes;ensemble_pour_10000;313;927;614,0;oui
2_3_secteur;Santé | sans_enseignes;ensemble_suppressions;136;430;294,0;oui
2_3_secteur;Santé | sans_enseignes;europe_avis;1326;1426;100,0;oui
2_3_secteur;Santé | sans_enseignes;europe_fiches_touchees;8;71;63,0;oui
2_3_secteur;Santé | sans_enseignes;europe_pour_10000;68;764;696,0;oui
2_3_secteur;Santé | sans_enseignes;europe_suppressions;9;109;100,0;oui
2_3_secteur;Santé | sans_enseignes;us_avis;3019;3213;194,0;oui
2_3_secteur;Santé | sans_enseignes;us_fiches_touchees;29;108;79,0;oui
2_3_secteur;Santé | sans_enseignes;us_pour_10000;421;999;578,0;oui
2_3_secteur;Santé | sans_enseignes;us_suppressions;127;321;194,0;oui
2_3_secteur;Santé | tous;ensemble_avis;4345;4639;294,0;oui
2_3_secteur;Santé | tous;ensemble_fiches_touchees;37;179;142,0;oui
2_3_secteur;Santé | tous;ensemble_pour_10000;313;927;614,0;oui
2_3_secteur;Santé | tous;ensemble_suppressions;136;430;294,0;oui
2_3_secteur;Santé | tous;europe_avis;1326;1426;100,0;oui
2_3_secteur;Santé | tous;europe_fiches_touchees;8;71;63,0;oui
2_3_secteur;Santé | tous;europe_pour_10000;68;764;696,0;oui
2_3_secteur;Santé | tous;europe_suppressions;9;109;100,0;oui
2_3_secteur;Santé | tous;us_avis;3019;3213;194,0;oui
2_3_secteur;Santé | tous;us_fiches_touchees;29;108;79,0;oui
2_3_secteur;Santé | tous;us_pour_10000;421;999;578,0;oui
2_3_secteur;Santé | tous;us_suppressions;127;321;194,0;oui
2_3_secteur;Services à domicile | sans_enseignes;ensemble_avis;4162;4627;465,0;oui
2_3_secteur;Services à domicile | sans_enseignes;ensemble_fiches_touchees;71;164;93,0;oui
2_3_secteur;Services à domicile | sans_enseignes;ensemble_pour_10000;550;1500;950,0;oui
2_3_secteur;Services à domicile | sans_enseignes;ensemble_suppressions;229;694;465,0;oui
2_3_secteur;Services à domicile | sans_enseignes;europe_avis;1010;1056;46,0;oui
2_3_secteur;Services à domicile | sans_enseignes;europe_fiches_touchees;16;52;36,0;oui
2_3_secteur;Services à domicile | sans_enseignes;europe_pour_10000;396;814;418,0;oui
2_3_secteur;Services à domicile | sans_enseignes;europe_suppressions;40;86;46,0;oui
2_3_secteur;Services à domicile | sans_enseignes;us_avis;3152;3571;419,0;oui
2_3_secteur;Services à domicile | sans_enseignes;us_fiches_touchees;55;112;57,0;oui
2_3_secteur;Services à domicile | sans_enseignes;us_pour_10000;600;1703;1103,0;oui
2_3_secteur;Services à domicile | sans_enseignes;us_suppressions;189;608;419,0;oui
2_3_secteur;Services à domicile | tous;ensemble_avis;6465;7350;885,0;oui
2_3_secteur;Services à domicile | tous;ensemble_fiches_touchees;120;226;106,0;oui
2_3_secteur;Services à domicile | tous;ensemble_pour_10000;1053;2131;1078,0;oui
2_3_secteur;Services à domicile | tous;ensemble_suppressions;681;1566;885,0;oui
2_3_secteur;Services à domicile | tous;europe_avis;1010;1056;46,0;oui
2_3_secteur;Services à domicile | tous;europe_fiches_touchees;16;52;36,0;oui
2_3_secteur;Services à domicile | tous;europe_pour_10000;396;814;418,0;oui
2_3_secteur;Services à domicile | tous;europe_suppressions;40;86;46,0;oui
2_3_secteur;Services à domicile | tous;us_avis;5455;6294;839,0;oui
2_3_secteur;Services à domicile | tous;us_fiches_touchees;104;174;70,0;oui
2_3_secteur;Services à domicile | tous;us_pour_10000;1175;2351;1176,0;oui
2_3_secteur;Services à domicile | tous;us_suppressions;641;1480;839,0;oui
2_3_secteur;Sport et bien-être | sans_enseignes;ensemble_avis;3448;3739;291,0;oui
2_3_secteur;Sport et bien-être | sans_enseignes;ensemble_fiches_touchees;44;182;138,0;oui
2_3_secteur;Sport et bien-être | sans_enseignes;ensemble_pour_10000;313;1067;754,0;oui
2_3_secteur;Sport et bien-être | sans_enseignes;ensemble_suppressions;108;399;291,0;oui
2_3_secteur;Sport et bien-être | sans_enseignes;europe_avis;2227;2386;159,0;oui
2_3_secteur;Sport et bien-être | sans_enseignes;europe_fiches_touchees;22;107;85,0;oui
2_3_secteur;Sport et bien-être | sans_enseignes;europe_pour_10000;193;847;654,0;oui
2_3_secteur;Sport et bien-être | sans_enseignes;europe_suppressions;43;202;159,0;oui
2_3_secteur;Sport et bien-être | sans_enseignes;us_avis;1221;1353;132,0;oui
2_3_secteur;Sport et bien-être | sans_enseignes;us_fiches_touchees;22;75;53,0;oui
2_3_secteur;Sport et bien-être | sans_enseignes;us_pour_10000;532;1456;924,0;oui
2_3_secteur;Sport et bien-être | sans_enseignes;us_suppressions;65;197;132,0;oui
2_3_secteur;Sport et bien-être | tous;ensemble_avis;3472;4069;597,0;oui
2_3_secteur;Sport et bien-être | tous;ensemble_fiches_touchees;46;184;138,0;oui
2_3_secteur;Sport et bien-être | tous;ensemble_pour_10000;377;1789;1412,0;oui
2_3_secteur;Sport et bien-être | tous;ensemble_suppressions;131;728;597,0;oui
2_3_secteur;Sport et bien-être | tous;europe_avis;2251;2716;465,0;oui
2_3_secteur;Sport et bien-être | tous;europe_fiches_touchees;24;109;85,0;oui
2_3_secteur;Sport et bien-être | tous;europe_pour_10000;293;1955;1662,0;oui
2_3_secteur;Sport et bien-être | tous;europe_suppressions;66;531;465,0;oui
2_3_secteur;Sport et bien-être | tous;us_avis;1221;1353;132,0;oui
2_3_secteur;Sport et bien-être | tous;us_fiches_touchees;22;75;53,0;oui
2_3_secteur;Sport et bien-être | tous;us_pour_10000;532;1456;924,0;oui
2_3_secteur;Sport et bien-être | tous;us_suppressions;65;197;132,0;oui
2_3_secteur;Voyage | sans_enseignes;ensemble_avis;2507;2655;148,0;oui
2_3_secteur;Voyage | sans_enseignes;ensemble_fiches_touchees;13;52;39,0;oui
2_3_secteur;Voyage | sans_enseignes;ensemble_pour_10000;267;810;543,0;oui
2_3_secteur;Voyage | sans_enseignes;ensemble_suppressions;67;215;148,0;oui
2_3_secteur;Voyage | sans_enseignes;europe_avis;1201;1275;74,0;oui
2_3_secteur;Voyage | sans_enseignes;europe_fiches_touchees;6;25;19,0;oui
2_3_secteur;Voyage | sans_enseignes;europe_pour_10000;208;776;568,0;oui
2_3_secteur;Voyage | sans_enseignes;europe_suppressions;25;99;74,0;oui
2_3_secteur;Voyage | sans_enseignes;us_avis;1306;1380;74,0;oui
2_3_secteur;Voyage | sans_enseignes;us_fiches_touchees;7;27;20,0;oui
2_3_secteur;Voyage | sans_enseignes;us_pour_10000;322;841;519,0;oui
2_3_secteur;Voyage | sans_enseignes;us_suppressions;42;116;74,0;oui
2_3_secteur;Voyage | tous;ensemble_avis;2507;2655;148,0;oui
2_3_secteur;Voyage | tous;ensemble_fiches_touchees;13;52;39,0;oui
2_3_secteur;Voyage | tous;ensemble_pour_10000;267;810;543,0;oui
2_3_secteur;Voyage | tous;ensemble_suppressions;67;215;148,0;oui
2_3_secteur;Voyage | tous;europe_avis;1201;1275;74,0;oui
2_3_secteur;Voyage | tous;europe_fiches_touchees;6;25;19,0;oui
2_3_secteur;Voyage | tous;europe_pour_10000;208;776;568,0;oui
2_3_secteur;Voyage | tous;europe_suppressions;25;99;74,0;oui
2_3_secteur;Voyage | tous;us_avis;1306;1380;74,0;oui
2_3_secteur;Voyage | tous;us_fiches_touchees;7;27;20,0;oui
2_3_secteur;Voyage | tous;us_pour_10000;322;841;519,0;oui
2_3_secteur;Voyage | tous;us_suppressions;42;116;74,0;oui
2_3_taille;large (20 à 50) | sans_enseignes;ensemble_avis;14088;14806;718,0;oui
2_3_taille;large (20 à 50) | sans_enseignes;ensemble_fiches_touchees;113;467;354,0;oui
2_3_taille;large (20 à 50) | sans_enseignes;ensemble_pour_10000;222;696;474,0;oui
2_3_taille;large (20 à 50) | sans_enseignes;ensemble_suppressions;313;1031;718,0;oui
2_3_taille;large (20 à 50) | sans_enseignes;europe_avis;6256;6535;279,0;oui
2_3_taille;large (20 à 50) | sans_enseignes;europe_fiches_touchees;55;237;182,0;oui
2_3_taille;large (20 à 50) | sans_enseignes;europe_pour_10000;176;595;419,0;oui
2_3_taille;large (20 à 50) | sans_enseignes;europe_suppressions;110;389;279,0;oui
2_3_taille;large (20 à 50) | sans_enseignes;us_avis;7832;8271;439,0;oui
2_3_taille;large (20 à 50) | sans_enseignes;us_fiches_touchees;58;230;172,0;oui
2_3_taille;large (20 à 50) | sans_enseignes;us_pour_10000;259;776;517,0;oui
2_3_taille;large (20 à 50) | sans_enseignes;us_suppressions;203;642;439,0;oui
2_3_taille;large (20 à 50) | tous;ensemble_avis;16415;17859;1444,0;oui
2_3_taille;large (20 à 50) | tous;ensemble_fiches_touchees;164;531;367,0;oui
2_3_taille;large (20 à 50) | tous;ensemble_pour_10000;480;1250;770,0;oui
2_3_taille;large (20 à 50) | tous;ensemble_suppressions;788;2232;1444,0;oui
2_3_taille;large (20 à 50) | tous;europe_avis;6280;6865;585,0;oui
2_3_taille;large (20 à 50) | tous;europe_fiches_touchees;57;239;182,0;oui
2_3_taille;large (20 à 50) | tous;europe_pour_10000;212;1046;834,0;oui
2_3_taille;large (20 à 50) | tous;europe_suppressions;133;718;585,0;oui
2_3_taille;large (20 à 50) | tous;us_avis;10135;10994;859,0;oui
2_3_taille;large (20 à 50) | tous;us_fiches_touchees;107;292;185,0;oui
2_3_taille;large (20 à 50) | tous;us_pour_10000;646;1377;731,0;oui
2_3_taille;large (20 à 50) | tous;us_suppressions;655;1514;859,0;oui
2_3_taille;mono (1 établissement) | sans_enseignes;ensemble_avis;8062;8549;487,0;oui
2_3_taille;mono (1 établissement) | sans_enseignes;ensemble_fiches_touchees;67;272;205,0;oui
2_3_taille;mono (1 établissement) | sans_enseignes;ensemble_pour_10000;218;776;558,0;oui
2_3_taille;mono (1 établissement) | sans_enseignes;ensemble_suppressions;176;663;487,0;oui
2_3_taille;mono (1 établissement) | sans_enseignes;europe_avis;3887;4061;174,0;oui
2_3_taille;mono (1 établissement) | sans_enseignes;europe_fiches_touchees;28;111;83,0;oui
2_3_taille;mono (1 établissement) | sans_enseignes;europe_pour_10000;201;621;420,0;oui
2_3_taille;mono (1 établissement) | sans_enseignes;europe_suppressions;78;252;174,0;oui
2_3_taille;mono (1 établissement) | sans_enseignes;us_avis;4175;4488;313,0;oui
2_3_taille;mono (1 établissement) | sans_enseignes;us_fiches_touchees;39;161;122,0;oui
2_3_taille;mono (1 établissement) | sans_enseignes;us_pour_10000;235;916;681,0;oui
2_3_taille;mono (1 établissement) | sans_enseignes;us_suppressions;98;411;313,0;oui
2_3_taille;mono (1 établissement) | tous;ensemble_avis;8062;8549;487,0;oui
2_3_taille;mono (1 établissement) | tous;ensemble_fiches_touchees;67;272;205,0;oui
2_3_taille;mono (1 établissement) | tous;ensemble_pour_10000;218;776;558,0;oui
2_3_taille;mono (1 établissement) | tous;ensemble_suppressions;176;663;487,0;oui
2_3_taille;mono (1 établissement) | tous;europe_avis;3887;4061;174,0;oui
2_3_taille;mono (1 établissement) | tous;europe_fiches_touchees;28;111;83,0;oui
2_3_taille;mono (1 établissement) | tous;europe_pour_10000;201;621;420,0;oui
2_3_taille;mono (1 établissement) | tous;europe_suppressions;78;252;174,0;oui
2_3_taille;mono (1 établissement) | tous;us_avis;4175;4488;313,0;oui
2_3_taille;mono (1 établissement) | tous;us_fiches_touchees;39;161;122,0;oui
2_3_taille;mono (1 établissement) | tous;us_pour_10000;235;916;681,0;oui
2_3_taille;mono (1 établissement) | tous;us_suppressions;98;411;313,0;oui
2_3_taille;small (4 à 10) | sans_enseignes;ensemble_avis;11274;12023;749,0;oui
2_3_taille;small (4 à 10) | sans_enseignes;ensemble_fiches_touchees;116;409;293,0;oui
2_3_taille;small (4 à 10) | sans_enseignes;ensemble_pour_10000;347;948;601,0;oui
2_3_taille;small (4 à 10) | sans_enseignes;ensemble_suppressions;391;1140;749,0;oui
2_3_taille;small (4 à 10) | sans_enseignes;europe_avis;5656;5912;256,0;oui
2_3_taille;small (4 à 10) | sans_enseignes;europe_fiches_touchees;42;189;147,0;oui
2_3_taille;small (4 à 10) | sans_enseignes;europe_pour_10000;166;592;426,0;oui
2_3_taille;small (4 à 10) | sans_enseignes;europe_suppressions;94;350;256,0;oui
2_3_taille;small (4 à 10) | sans_enseignes;us_avis;5618;6111;493,0;oui
2_3_taille;small (4 à 10) | sans_enseignes;us_fiches_touchees;74;220;146,0;oui
2_3_taille;small (4 à 10) | sans_enseignes;us_pour_10000;529;1293;764,0;oui
2_3_taille;small (4 à 10) | sans_enseignes;us_suppressions;297;790;493,0;oui
2_3_taille;small (4 à 10) | tous;ensemble_avis;11274;12023;749,0;oui
2_3_taille;small (4 à 10) | tous;ensemble_fiches_touchees;116;409;293,0;oui
2_3_taille;small (4 à 10) | tous;ensemble_pour_10000;347;948;601,0;oui
2_3_taille;small (4 à 10) | tous;ensemble_suppressions;391;1140;749,0;oui
2_3_taille;small (4 à 10) | tous;europe_avis;5656;5912;256,0;oui
2_3_taille;small (4 à 10) | tous;europe_fiches_touchees;42;189;147,0;oui
2_3_taille;small (4 à 10) | tous;europe_pour_10000;166;592;426,0;oui
2_3_taille;small (4 à 10) | tous;europe_suppressions;94;350;256,0;oui
2_3_taille;small (4 à 10) | tous;us_avis;5618;6111;493,0;oui
2_3_taille;small (4 à 10) | tous;us_fiches_touchees;74;220;146,0;oui
2_3_taille;small (4 à 10) | tous;us_pour_10000;529;1293;764,0;oui
2_3_taille;small (4 à 10) | tous;us_suppressions;297;790;493,0;oui
2_3_habitude_reponse_fiche;moins de 10 avis d'historique | sans_enseignes;ensemble_avis;637;701;64,0;oui
2_3_habitude_reponse_fiche;moins de 10 avis d'historique | sans_enseignes;ensemble_fiches_touchees;5;57;52,0;oui
2_3_habitude_reponse_fiche;moins de 10 avis d'historique | sans_enseignes;ensemble_pour_10000;78;984;906,0;oui
2_3_habitude_reponse_fiche;moins de 10 avis d'historique | sans_enseignes;ensemble_suppressions;5;69;64,0;oui
2_3_habitude_reponse_fiche;moins de 10 avis d'historique | sans_enseignes;europe_avis;370;406;36,0;oui
2_3_habitude_reponse_fiche;moins de 10 avis d'historique | sans_enseignes;europe_fiches_touchees;1;29;28,0;oui
2_3_habitude_reponse_fiche;moins de 10 avis d'historique | sans_enseignes;europe_pour_10000;27;911;884,0;oui
2_3_habitude_reponse_fiche;moins de 10 avis d'historique | sans_enseignes;europe_suppressions;1;37;36,0;oui
2_3_habitude_reponse_fiche;moins de 10 avis d'historique | sans_enseignes;us_avis;267;295;28,0;oui
2_3_habitude_reponse_fiche;moins de 10 avis d'historique | sans_enseignes;us_fiches_touchees;4;28;24,0;oui
2_3_habitude_reponse_fiche;moins de 10 avis d'historique | sans_enseignes;us_pour_10000;150;1085;935,0;oui
2_3_habitude_reponse_fiche;moins de 10 avis d'historique | sans_enseignes;us_suppressions;4;32;28,0;oui
2_3_habitude_reponse_fiche;moins de 10 avis d'historique | tous;ensemble_avis;638;702;64,0;oui
2_3_habitude_reponse_fiche;moins de 10 avis d'historique | tous;ensemble_fiches_touchees;6;58;52,0;oui
2_3_habitude_reponse_fiche;moins de 10 avis d'historique | tous;ensemble_pour_10000;94;997;903,0;oui
2_3_habitude_reponse_fiche;moins de 10 avis d'historique | tous;ensemble_suppressions;6;70;64,0;oui
2_3_habitude_reponse_fiche;moins de 10 avis d'historique | tous;europe_avis;370;406;36,0;oui
2_3_habitude_reponse_fiche;moins de 10 avis d'historique | tous;europe_fiches_touchees;1;29;28,0;oui
2_3_habitude_reponse_fiche;moins de 10 avis d'historique | tous;europe_pour_10000;27;911;884,0;oui
2_3_habitude_reponse_fiche;moins de 10 avis d'historique | tous;europe_suppressions;1;37;36,0;oui
2_3_habitude_reponse_fiche;moins de 10 avis d'historique | tous;us_avis;268;296;28,0;oui
2_3_habitude_reponse_fiche;moins de 10 avis d'historique | tous;us_fiches_touchees;5;29;24,0;oui
2_3_habitude_reponse_fiche;moins de 10 avis d'historique | tous;us_pour_10000;187;1115;928,0;oui
2_3_habitude_reponse_fiche;moins de 10 avis d'historique | tous;us_suppressions;5;33;28,0;oui
2_3_habitude_reponse_fiche;répond à 25 % ou moins | sans_enseignes;ensemble_avis;9382;9951;569,0;oui
2_3_habitude_reponse_fiche;répond à 25 % ou moins | sans_enseignes;ensemble_fiches_touchees;76;343;267,0;oui
2_3_habitude_reponse_fiche;répond à 25 % ou moins | sans_enseignes;ensemble_pour_10000;285;840;555,0;oui
2_3_habitude_reponse_fiche;répond à 25 % ou moins | sans_enseignes;ensemble_suppressions;267;836;569,0;oui
2_3_habitude_reponse_fiche;répond à 25 % ou moins | sans_enseignes;europe_avis;4982;5240;258,0;oui
2_3_habitude_reponse_fiche;répond à 25 % ou moins | sans_enseignes;europe_fiches_touchees;33;175;142,0;oui
2_3_habitude_reponse_fiche;répond à 25 % ou moins | sans_enseignes;europe_pour_10000;185;668;483,0;oui
2_3_habitude_reponse_fiche;répond à 25 % ou moins | sans_enseignes;europe_suppressions;92;350;258,0;oui
2_3_habitude_reponse_fiche;répond à 25 % ou moins | sans_enseignes;us_avis;4400;4711;311,0;oui
2_3_habitude_reponse_fiche;répond à 25 % ou moins | sans_enseignes;us_fiches_touchees;43;168;125,0;oui
2_3_habitude_reponse_fiche;répond à 25 % ou moins | sans_enseignes;us_pour_10000;398;1032;634,0;oui
2_3_habitude_reponse_fiche;répond à 25 % ou moins | sans_enseignes;us_suppressions;175;486;311,0;oui
2_3_habitude_reponse_fiche;répond à 25 % ou moins | tous;ensemble_avis;10775;11556;781,0;oui
2_3_habitude_reponse_fiche;répond à 25 % ou moins | tous;ensemble_fiches_touchees;91;366;275,0;oui
2_3_habitude_reponse_fiche;répond à 25 % ou moins | tous;ensemble_pour_10000;428;1075;647,0;oui
2_3_habitude_reponse_fiche;répond à 25 % ou moins | tous;ensemble_suppressions;461;1242;781,0;oui
2_3_habitude_reponse_fiche;répond à 25 % ou moins | tous;europe_avis;4982;5240;258,0;oui
2_3_habitude_reponse_fiche;répond à 25 % ou moins | tous;europe_fiches_touchees;33;175;142,0;oui
2_3_habitude_reponse_fiche;répond à 25 % ou moins | tous;europe_pour_10000;185;668;483,0;oui
2_3_habitude_reponse_fiche;répond à 25 % ou moins | tous;europe_suppressions;92;350;258,0;oui
2_3_habitude_reponse_fiche;répond à 25 % ou moins | tous;us_avis;5793;6316;523,0;oui
2_3_habitude_reponse_fiche;répond à 25 % ou moins | tous;us_fiches_touchees;58;191;133,0;oui
2_3_habitude_reponse_fiche;répond à 25 % ou moins | tous;us_pour_10000;637;1412;775,0;oui
2_3_habitude_reponse_fiche;répond à 25 % ou moins | tous;us_suppressions;369;892;523,0;oui
2_3_habitude_reponse_fiche;répond à 25-75 % | sans_enseignes;ensemble_avis;6264;6599;335,0;oui
2_3_habitude_reponse_fiche;répond à 25-75 % | sans_enseignes;ensemble_fiches_touchees;56;201;145,0;oui
2_3_habitude_reponse_fiche;répond à 25-75 % | sans_enseignes;ensemble_pour_10000;233;729;496,0;oui
2_3_habitude_reponse_fiche;répond à 25-75 % | sans_enseignes;ensemble_suppressions;146;481;335,0;oui
2_3_habitude_reponse_fiche;répond à 25-75 % | sans_enseignes;europe_avis;3982;4101;119,0;oui
2_3_habitude_reponse_fiche;répond à 25-75 % | sans_enseignes;europe_fiches_touchees;29;103;74,0;oui
2_3_habitude_reponse_fiche;répond à 25-75 % | sans_enseignes;europe_pour_10000;133;419;286,0;oui
2_3_habitude_reponse_fiche;répond à 25-75 % | sans_enseignes;europe_suppressions;53;172;119,0;oui
2_3_habitude_reponse_fiche;répond à 25-75 % | sans_enseignes;us_avis;2282;2498;216,0;oui
2_3_habitude_reponse_fiche;répond à 25-75 % | sans_enseignes;us_fiches_touchees;27;98;71,0;oui
2_3_habitude_reponse_fiche;répond à 25-75 % | sans_enseignes;us_pour_10000;408;1237;829,0;oui
2_3_habitude_reponse_fiche;répond à 25-75 % | sans_enseignes;us_suppressions;93;309;216,0;oui
2_3_habitude_reponse_fiche;répond à 25-75 % | tous;ensemble_avis;6332;7008;676,0;oui
2_3_habitude_reponse_fiche;répond à 25-75 % | tous;ensemble_fiches_touchees;60;205;145,0;oui
2_3_habitude_reponse_fiche;répond à 25-75 % | tous;ensemble_pour_10000;278;1216;938,0;oui
2_3_habitude_reponse_fiche;répond à 25-75 % | tous;ensemble_suppressions;176;852;676,0;oui
2_3_habitude_reponse_fiche;répond à 25-75 % | tous;europe_avis;4006;4431;425,0;oui
2_3_habitude_reponse_fiche;répond à 25-75 % | tous;europe_fiches_touchees;31;105;74,0;oui
2_3_habitude_reponse_fiche;répond à 25-75 % | tous;europe_pour_10000;190;1131;941,0;oui
2_3_habitude_reponse_fiche;répond à 25-75 % | tous;europe_suppressions;76;501;425,0;oui
2_3_habitude_reponse_fiche;répond à 25-75 % | tous;us_avis;2326;2577;251,0;oui
2_3_habitude_reponse_fiche;répond à 25-75 % | tous;us_fiches_touchees;29;100;71,0;oui
2_3_habitude_reponse_fiche;répond à 25-75 % | tous;us_pour_10000;430;1362;932,0;oui
2_3_habitude_reponse_fiche;répond à 25-75 % | tous;us_suppressions;100;351;251,0;oui
2_3_habitude_reponse_fiche;répond à plus de 75 % | sans_enseignes;ensemble_avis;17141;18127;986,0;oui
2_3_habitude_reponse_fiche;répond à plus de 75 % | sans_enseignes;ensemble_fiches_touchees;159;547;388,0;oui
2_3_habitude_reponse_fiche;répond à plus de 75 % | sans_enseignes;ensemble_pour_10000;270;799;529,0;oui
2_3_habitude_reponse_fiche;répond à plus de 75 % | sans_enseignes;ensemble_suppressions;462;1448;986,0;oui
2_3_habitude_reponse_fiche;répond à plus de 75 % | sans_enseignes;europe_avis;6465;6761;296,0;oui
2_3_habitude_reponse_fiche;répond à plus de 75 % | sans_enseignes;europe_fiches_touchees;62;230;168,0;oui
2_3_habitude_reponse_fiche;répond à plus de 75 % | sans_enseignes;europe_pour_10000;210;639;429,0;oui
2_3_habitude_reponse_fiche;répond à plus de 75 % | sans_enseignes;europe_suppressions;136;432;296,0;oui
2_3_habitude_reponse_fiche;répond à plus de 75 % | sans_enseignes;us_avis;10676;11366;690,0;oui
2_3_habitude_reponse_fiche;répond à plus de 75 % | sans_enseignes;us_fiches_touchees;97;317;220,0;oui
2_3_habitude_reponse_fiche;répond à plus de 75 % | sans_enseignes;us_pour_10000;305;894;589,0;oui
2_3_habitude_reponse_fiche;répond à plus de 75 % | sans_enseignes;us_suppressions;326;1016;690,0;oui
2_3_habitude_reponse_fiche;répond à plus de 75 % | tous;ensemble_avis;18006;19165;1159,0;oui
2_3_habitude_reponse_fiche;répond à plus de 75 % | tous;ensemble_fiches_touchees;190;583;393,0;oui
2_3_habitude_reponse_fiche;répond à plus de 75 % | tous;ensemble_pour_10000;395;976;581,0;oui
2_3_habitude_reponse_fiche;répond à plus de 75 % | tous;ensemble_suppressions;712;1871;1159,0;oui
2_3_habitude_reponse_fiche;répond à plus de 75 % | tous;europe_avis;6465;6761;296,0;oui
2_3_habitude_reponse_fiche;répond à plus de 75 % | tous;europe_fiches_touchees;62;230;168,0;oui
2_3_habitude_reponse_fiche;répond à plus de 75 % | tous;europe_pour_10000;210;639;429,0;oui
2_3_habitude_reponse_fiche;répond à plus de 75 % | tous;europe_suppressions;136;432;296,0;oui
2_3_habitude_reponse_fiche;répond à plus de 75 % | tous;us_avis;11541;12404;863,0;oui
2_3_habitude_reponse_fiche;répond à plus de 75 % | tous;us_fiches_touchees;128;353;225,0;oui
2_3_habitude_reponse_fiche;répond à plus de 75 % | tous;us_pour_10000;499;1160;661,0;oui
2_3_habitude_reponse_fiche;répond à plus de 75 % | tous;us_suppressions;576;1439;863,0;oui
2_3_avis_sur_la_fiche_le_meme_jour;10 et plus | sans_enseignes;ensemble_avis;3040;3138;98,0;oui
2_3_avis_sur_la_fiche_le_meme_jour;10 et plus | sans_enseignes;ensemble_fiches_touchees;19;67;48,0;oui
2_3_avis_sur_la_fiche_le_meme_jour;10 et plus | sans_enseignes;ensemble_pour_10000;273;577;304,0;oui
2_3_avis_sur_la_fiche_le_meme_jour;10 et plus | sans_enseignes;ensemble_suppressions;83;181;98,0;oui
2_3_avis_sur_la_fiche_le_meme_jour;10 et plus | sans_enseignes;europe_avis;976;1026;50,0;oui
2_3_avis_sur_la_fiche_le_meme_jour;10 et plus | sans_enseignes;europe_fiches_touchees;7;34;27,0;oui
2_3_avis_sur_la_fiche_le_meme_jour;10 et plus | sans_enseignes;europe_pour_10000;297;770;473,0;oui
2_3_avis_sur_la_fiche_le_meme_jour;10 et plus | sans_enseignes;europe_suppressions;29;79;50,0;oui
2_3_avis_sur_la_fiche_le_meme_jour;10 et plus | sans_enseignes;us_avis;2064;2112;48,0;oui
2_3_avis_sur_la_fiche_le_meme_jour;10 et plus | sans_enseignes;us_fiches_touchees;12;33;21,0;oui
2_3_avis_sur_la_fiche_le_meme_jour;10 et plus | sans_enseignes;us_pour_10000;262;483;221,0;oui
2_3_avis_sur_la_fiche_le_meme_jour;10 et plus | sans_enseignes;us_suppressions;54;102;48,0;oui
2_3_avis_sur_la_fiche_le_meme_jour;10 et plus | tous;ensemble_avis;3234;3681;447,0;oui
2_3_avis_sur_la_fiche_le_meme_jour;10 et plus | tous;ensemble_fiches_touchees;27;83;56,0;oui
2_3_avis_sur_la_fiche_le_meme_jour;10 et plus | tous;ensemble_pour_10000;470;1627;1157,0;oui
2_3_avis_sur_la_fiche_le_meme_jour;10 et plus | tous;ensemble_suppressions;152;599;447,0;oui
2_3_avis_sur_la_fiche_le_meme_jour;10 et plus | tous;europe_avis;992;1337;345,0;oui
2_3_avis_sur_la_fiche_le_meme_jour;10 et plus | tous;europe_fiches_touchees;8;36;28,0;oui
2_3_avis_sur_la_fiche_le_meme_jour;10 et plus | tous;europe_pour_10000;444;2909;2465,0;oui
2_3_avis_sur_la_fiche_le_meme_jour;10 et plus | tous;europe_suppressions;44;389;345,0;oui
2_3_avis_sur_la_fiche_le_meme_jour;10 et plus | tous;us_avis;2242;2344;102,0;oui
2_3_avis_sur_la_fiche_le_meme_jour;10 et plus | tous;us_fiches_touchees;19;47;28,0;oui
2_3_avis_sur_la_fiche_le_meme_jour;10 et plus | tous;us_pour_10000;482;896;414,0;oui
2_3_avis_sur_la_fiche_le_meme_jour;10 et plus | tous;us_suppressions;108;210;102,0;oui
2_3_avis_sur_la_fiche_le_meme_jour;2 à 4 avis ce jour-là | sans_enseignes;ensemble_avis;12761;13550;789,0;oui
2_3_avis_sur_la_fiche_le_meme_jour;2 à 4 avis ce jour-là | sans_enseignes;ensemble_fiches_touchees;156;524;368,0;oui
2_3_avis_sur_la_fiche_le_meme_jour;2 à 4 avis ce jour-là | sans_enseignes;ensemble_pour_10000;286;852;566,0;oui
2_3_avis_sur_la_fiche_le_meme_jour;2 à 4 avis ce jour-là | sans_enseignes;ensemble_suppressions;365;1154;789,0;oui
2_3_avis_sur_la_fiche_le_meme_jour;2 à 4 avis ce jour-là | sans_enseignes;europe_avis;6313;6566;253,0;oui
2_3_avis_sur_la_fiche_le_meme_jour;2 à 4 avis ce jour-là | sans_enseignes;europe_fiches_touchees;55;238;183,0;oui
2_3_avis_sur_la_fiche_le_meme_jour;2 à 4 avis ce jour-là | sans_enseignes;europe_pour_10000;150;530;380,0;oui
2_3_avis_sur_la_fiche_le_meme_jour;2 à 4 avis ce jour-là | sans_enseignes;europe_suppressions;95;348;253,0;oui
2_3_avis_sur_la_fiche_le_meme_jour;2 à 4 avis ce jour-là | sans_enseignes;us_avis;6448;6984;536,0;oui
2_3_avis_sur_la_fiche_le_meme_jour;2 à 4 avis ce jour-là | sans_enseignes;us_fiches_touchees;101;286;185,0;oui
2_3_avis_sur_la_fiche_le_meme_jour;2 à 4 avis ce jour-là | sans_enseignes;us_pour_10000;419;1154;735,0;oui
2_3_avis_sur_la_fiche_le_meme_jour;2 à 4 avis ce jour-là | sans_enseignes;us_suppressions;270;806;536,0;oui
2_3_avis_sur_la_fiche_le_meme_jour;2 à 4 avis ce jour-là | tous;ensemble_avis;13658;14622;964,0;oui
2_3_avis_sur_la_fiche_le_meme_jour;2 à 4 avis ce jour-là | tous;ensemble_fiches_touchees;200;579;379,0;oui
2_3_avis_sur_la_fiche_le_meme_jour;2 à 4 avis ce jour-là | tous;ensemble_pour_10000;402;1035;633,0;oui
2_3_avis_sur_la_fiche_le_meme_jour;2 à 4 avis ce jour-là | tous;ensemble_suppressions;549;1513;964,0;oui
2_3_avis_sur_la_fiche_le_meme_jour;2 à 4 avis ce jour-là | tous;europe_avis;6313;6568;255,0;oui
2_3_avis_sur_la_fiche_le_meme_jour;2 à 4 avis ce jour-là | tous;europe_fiches_touchees;55;239;184,0;oui
2_3_avis_sur_la_fiche_le_meme_jour;2 à 4 avis ce jour-là | tous;europe_pour_10000;150;533;383,0;oui
2_3_avis_sur_la_fiche_le_meme_jour;2 à 4 avis ce jour-là | tous;europe_suppressions;95;350;255,0;oui
2_3_avis_sur_la_fiche_le_meme_jour;2 à 4 avis ce jour-là | tous;us_avis;7345;8054;709,0;oui
2_3_avis_sur_la_fiche_le_meme_jour;2 à 4 avis ce jour-là | tous;us_fiches_touchees;145;340;195,0;oui
2_3_avis_sur_la_fiche_le_meme_jour;2 à 4 avis ce jour-là | tous;us_pour_10000;618;1444;826,0;oui
2_3_avis_sur_la_fiche_le_meme_jour;2 à 4 avis ce jour-là | tous;us_suppressions;454;1163;709,0;oui
2_3_avis_sur_la_fiche_le_meme_jour;5 à 9 | sans_enseignes;ensemble_avis;4592;4819;227,0;oui
2_3_avis_sur_la_fiche_le_meme_jour;5 à 9 | sans_enseignes;ensemble_fiches_touchees;52;155;103,0;oui
2_3_avis_sur_la_fiche_le_meme_jour;5 à 9 | sans_enseignes;ensemble_pour_10000;422;874;452,0;oui
2_3_avis_sur_la_fiche_le_meme_jour;5 à 9 | sans_enseignes;ensemble_suppressions;194;421;227,0;oui
2_3_avis_sur_la_fiche_le_meme_jour;5 à 9 | sans_enseignes;europe_avis;2092;2147;55,0;oui
2_3_avis_sur_la_fiche_le_meme_jour;5 à 9 | sans_enseignes;europe_fiches_touchees;16;56;40,0;oui
2_3_avis_sur_la_fiche_le_meme_jour;5 à 9 | sans_enseignes;europe_pour_10000;335;582;247,0;oui
2_3_avis_sur_la_fiche_le_meme_jour;5 à 9 | sans_enseignes;europe_suppressions;70;125;55,0;oui
2_3_avis_sur_la_fiche_le_meme_jour;5 à 9 | sans_enseignes;us_avis;2500;2672;172,0;oui
2_3_avis_sur_la_fiche_le_meme_jour;5 à 9 | sans_enseignes;us_fiches_touchees;36;99;63,0;oui
2_3_avis_sur_la_fiche_le_meme_jour;5 à 9 | sans_enseignes;us_pour_10000;496;1108;612,0;oui
2_3_avis_sur_la_fiche_le_meme_jour;5 à 9 | sans_enseignes;us_suppressions;124;296;172,0;oui
2_3_avis_sur_la_fiche_le_meme_jour;5 à 9 | tous;ensemble_avis;5554;5918;364,0;oui
2_3_avis_sur_la_fiche_le_meme_jour;5 à 9 | tous;ensemble_fiches_touchees;71;183;112,0;oui
2_3_avis_sur_la_fiche_le_meme_jour;5 à 9 | tous;ensemble_pour_10000;630;1206;576,0;oui
2_3_avis_sur_la_fiche_le_meme_jour;5 à 9 | tous;ensemble_suppressions;350;714;364,0;oui
2_3_avis_sur_la_fiche_le_meme_jour;5 à 9 | tous;europe_avis;2098;2158;60,0;oui
2_3_avis_sur_la_fiche_le_meme_jour;5 à 9 | tous;europe_fiches_touchees;17;57;40,0;oui
2_3_avis_sur_la_fiche_le_meme_jour;5 à 9 | tous;europe_pour_10000;362;630;268,0;oui
2_3_avis_sur_la_fiche_le_meme_jour;5 à 9 | tous;europe_suppressions;76;136;60,0;oui
2_3_avis_sur_la_fiche_le_meme_jour;5 à 9 | tous;us_avis;3456;3760;304,0;oui
2_3_avis_sur_la_fiche_le_meme_jour;5 à 9 | tous;us_fiches_touchees;54;126;72,0;oui
2_3_avis_sur_la_fiche_le_meme_jour;5 à 9 | tous;us_pour_10000;793;1537;744,0;oui
2_3_avis_sur_la_fiche_le_meme_jour;5 à 9 | tous;us_suppressions;274;578;304,0;oui
2_3_avis_sur_la_fiche_le_meme_jour;seul avis du jour | sans_enseignes;ensemble_avis;13031;13871;840,0;oui
2_3_avis_sur_la_fiche_le_meme_jour;seul avis du jour | sans_enseignes;ensemble_fiches_touchees;177;704;527,0;oui
2_3_avis_sur_la_fiche_le_meme_jour;seul avis du jour | sans_enseignes;ensemble_pour_10000;183;777;594,0;oui
2_3_avis_sur_la_fiche_le_meme_jour;seul avis du jour | sans_enseignes;ensemble_suppressions;238;1078;840,0;oui
2_3_avis_sur_la_fiche_le_meme_jour;seul avis du jour | sans_enseignes;europe_avis;6418;6769;351,0;oui
2_3_avis_sur_la_fiche_le_meme_jour;seul avis du jour | sans_enseignes;europe_fiches_touchees;72;325;253,0;oui
2_3_avis_sur_la_fiche_le_meme_jour;seul avis du jour | sans_enseignes;europe_pour_10000;137;649;512,0;oui
2_3_avis_sur_la_fiche_le_meme_jour;seul avis du jour | sans_enseignes;europe_suppressions;88;439;351,0;oui
2_3_avis_sur_la_fiche_le_meme_jour;seul avis du jour | sans_enseignes;us_avis;6613;7102;489,0;oui
2_3_avis_sur_la_fiche_le_meme_jour;seul avis du jour | sans_enseignes;us_fiches_touchees;105;379;274,0;oui
2_3_avis_sur_la_fiche_le_meme_jour;seul avis du jour | sans_enseignes;us_pour_10000;227;900;673,0;oui
2_3_avis_sur_la_fiche_le_meme_jour;seul avis du jour | sans_enseignes;us_suppressions;150;639;489,0;oui
2_3_avis_sur_la_fiche_le_meme_jour;seul avis du jour | tous;ensemble_avis;13305;14210;905,0;oui
2_3_avis_sur_la_fiche_le_meme_jour;seul avis du jour | tous;ensemble_fiches_touchees;209;752;543,0;oui
2_3_avis_sur_la_fiche_le_meme_jour;seul avis du jour | tous;ensemble_pour_10000;228;851;623,0;oui
2_3_avis_sur_la_fiche_le_meme_jour;seul avis du jour | tous;ensemble_suppressions;304;1209;905,0;oui
2_3_avis_sur_la_fiche_le_meme_jour;seul avis du jour | tous;europe_avis;6420;6775;355,0;oui
2_3_avis_sur_la_fiche_le_meme_jour;seul avis du jour | tous;europe_fiches_touchees;73;326;253,0;oui
2_3_avis_sur_la_fiche_le_meme_jour;seul avis du jour | tous;europe_pour_10000;140;657;517,0;oui
2_3_avis_sur_la_fiche_le_meme_jour;seul avis du jour | tous;europe_suppressions;90;445;355,0;oui
2_3_avis_sur_la_fiche_le_meme_jour;seul avis du jour | tous;us_avis;6885;7435;550,0;oui
2_3_avis_sur_la_fiche_le_meme_jour;seul avis du jour | tous;us_fiches_touchees;136;426;290,0;oui
2_3_avis_sur_la_fiche_le_meme_jour;seul avis du jour | tous;us_pour_10000;311;1028;717,0;oui
2_3_avis_sur_la_fiche_le_meme_jour;seul avis du jour | tous;us_suppressions;214;764;550,0;oui
3_population;1 | 1. panel 03B;avis;35751;38431;2680,0;oui
3_population;1 | 1. panel 03B;publie_au;2026-08-17;2026-08-23;;oui
3_population;1 | 1. panel 03B;publie_du;2026-08-04;2014-10-07;;oui
3_population;1 | 1. panel 03B;suppressions_3_8;903;989;86,0;oui
3_population;2 | 2. vus le jour de leur publication ou le lendemain;avis;19874;20017;143,0;oui
3_population;2 | 2. vus le jour de leur publication ou le lendemain;publie_au;2026-08-17;2026-08-23;;oui
3_population;2 | 2. vus le jour de leur publication ou le lendemain;publie_du;2026-08-10;2026-08-10;;non
3_population;2 | 2. vus le jour de leur publication ou le lendemain;suppressions_3_8;684;769;85,0;oui
3_population;3 | 3. suivis jusqu'à leur 8e jour;avis;17473;17473;0,0;non
3_population;3 | 3. suivis jusqu'à leur 8e jour;publie_au;2026-08-16;2026-08-16;;non
3_population;3 | 3. suivis jusqu'à leur 8e jour;publie_du;2026-08-10;2026-08-10;;non
3_population;3 | 3. suivis jusqu'à leur 8e jour;suppressions_3_8;596;596;0,0;non
3_population;4 | 4. encore en ligne au 2e jour;avis;17408;17408;0,0;non
3_population;4 | 4. encore en ligne au 2e jour;publie_au;2026-08-16;2026-08-16;;non
3_population;4 | 4. encore en ligne au 2e jour;publie_du;2026-08-10;2026-08-10;;non
3_population;4 | 4. encore en ligne au 2e jour;suppressions_3_8;596;596;0,0;non
3_population;5 | 5. fiche avec au moins 10 avis d'historique;avis;17121;17121;0,0;non
3_population;5 | 5. fiche avec au moins 10 avis d'historique;publie_au;2026-08-16;2026-08-16;;non
3_population;5 | 5. fiche avec au moins 10 avis d'historique;publie_du;2026-08-10;2026-08-10;;non
3_population;5 | 5. fiche avec au moins 10 avis d'historique;suppressions_3_8;593;593;0,0;non
3a_jour_par_jour;sans_enseignes | large | 75 % ou moins | non | 3;en_ligne_la_veille;2192.0;2192.0;0,0;non
3a_jour_par_jour;sans_enseignes | large | 75 % ou moins | non | 3;encore_en_ligne_sur_10000;9982.0;9982.0;0,0;non
3a_jour_par_jour;sans_enseignes | large | 75 % ou moins | non | 3;pour_10000;18.2;18.2;0,0;non
3a_jour_par_jour;sans_enseignes | large | 75 % ou moins | non | 3;suppressions;4.0;4.0;0,0;non
3a_jour_par_jour;sans_enseignes | large | 75 % ou moins | non | 4;en_ligne_la_veille;2188.0;2188.0;0,0;non
3a_jour_par_jour;sans_enseignes | large | 75 % ou moins | non | 4;encore_en_ligne_sur_10000;9977.0;9977.0;0,0;non
3a_jour_par_jour;sans_enseignes | large | 75 % ou moins | non | 4;pour_10000;4.6;4.6;0,0;non
3a_jour_par_jour;sans_enseignes | large | 75 % ou moins | non | 4;suppressions;1.0;1.0;0,0;non
3a_jour_par_jour;sans_enseignes | large | 75 % ou moins | non | 5;en_ligne_la_veille;2187.0;2187.0;0,0;non
3a_jour_par_jour;sans_enseignes | large | 75 % ou moins | non | 5;encore_en_ligne_sur_10000;9973.0;9973.0;0,0;non
3a_jour_par_jour;sans_enseignes | large | 75 % ou moins | non | 5;pour_10000;4.6;4.6;0,0;non
3a_jour_par_jour;sans_enseignes | large | 75 % ou moins | non | 5;suppressions;1.0;1.0;0,0;non
3a_jour_par_jour;sans_enseignes | large | 75 % ou moins | non | 6;en_ligne_la_veille;2186.0;2186.0;0,0;non
3a_jour_par_jour;sans_enseignes | large | 75 % ou moins | non | 6;encore_en_ligne_sur_10000;9922.0;9922.0;0,0;non
3a_jour_par_jour;sans_enseignes | large | 75 % ou moins | non | 6;pour_10000;50.3;50.3;0,0;non
3a_jour_par_jour;sans_enseignes | large | 75 % ou moins | non | 6;suppressions;11.0;11.0;0,0;non
3a_jour_par_jour;sans_enseignes | large | 75 % ou moins | non | 7;en_ligne_la_veille;2175.0;2175.0;0,0;non
3a_jour_par_jour;sans_enseignes | large | 75 % ou moins | non | 7;encore_en_ligne_sur_10000;9836.0;9836.0;0,0;non
3a_jour_par_jour;sans_enseignes | large | 75 % ou moins | non | 7;pour_10000;87.4;87.4;0,0;non
3a_jour_par_jour;sans_enseignes | large | 75 % ou moins | non | 7;suppressions;19.0;19.0;0,0;non
3a_jour_par_jour;sans_enseignes | large | 75 % ou moins | non | 8;en_ligne_la_veille;2156.0;2156.0;0,0;non
3a_jour_par_jour;sans_enseignes | large | 75 % ou moins | non | 8;encore_en_ligne_sur_10000;9813.0;9813.0;0,0;non
3a_jour_par_jour;sans_enseignes | large | 75 % ou moins | non | 8;pour_10000;23.2;23.2;0,0;non
3a_jour_par_jour;sans_enseignes | large | 75 % ou moins | non | 8;suppressions;5.0;5.0;0,0;non
3a_jour_par_jour;sans_enseignes | large | 75 % ou moins | oui | 3;en_ligne_la_veille;320.0;320.0;0,0;non
3a_jour_par_jour;sans_enseignes | large | 75 % ou moins | oui | 3;encore_en_ligne_sur_10000;9969.0;9969.0;0,0;non
3a_jour_par_jour;sans_enseignes | large | 75 % ou moins | oui | 3;pour_10000;31.3;31.3;0,0;non
3a_jour_par_jour;sans_enseignes | large | 75 % ou moins | oui | 3;suppressions;1.0;1.0;0,0;non
3a_jour_par_jour;sans_enseignes | large | 75 % ou moins | oui | 4;en_ligne_la_veille;319.0;319.0;0,0;non
3a_jour_par_jour;sans_enseignes | large | 75 % ou moins | oui | 4;encore_en_ligne_sur_10000;9969.0;9969.0;0,0;non
3a_jour_par_jour;sans_enseignes | large | 75 % ou moins | oui | 4;pour_10000;0.0;0.0;0,0;non
3a_jour_par_jour;sans_enseignes | large | 75 % ou moins | oui | 4;suppressions;0.0;0.0;0,0;non
3a_jour_par_jour;sans_enseignes | large | 75 % ou moins | oui | 5;en_ligne_la_veille;319.0;319.0;0,0;non
3a_jour_par_jour;sans_enseignes | large | 75 % ou moins | oui | 5;encore_en_ligne_sur_10000;9938.0;9938.0;0,0;non
3a_jour_par_jour;sans_enseignes | large | 75 % ou moins | oui | 5;pour_10000;31.3;31.3;0,0;non
3a_jour_par_jour;sans_enseignes | large | 75 % ou moins | oui | 5;suppressions;1.0;1.0;0,0;non
3a_jour_par_jour;sans_enseignes | large | 75 % ou moins | oui | 6;en_ligne_la_veille;318.0;318.0;0,0;non
3a_jour_par_jour;sans_enseignes | large | 75 % ou moins | oui | 6;encore_en_ligne_sur_10000;9938.0;9938.0;0,0;non
3a_jour_par_jour;sans_enseignes | large | 75 % ou moins | oui | 6;pour_10000;0.0;0.0;0,0;non
3a_jour_par_jour;sans_enseignes | large | 75 % ou moins | oui | 6;suppressions;0.0;0.0;0,0;non
3a_jour_par_jour;sans_enseignes | large | 75 % ou moins | oui | 7;en_ligne_la_veille;318.0;318.0;0,0;non
3a_jour_par_jour;sans_enseignes | large | 75 % ou moins | oui | 7;encore_en_ligne_sur_10000;9781.0;9781.0;0,0;non
3a_jour_par_jour;sans_enseignes | large | 75 % ou moins | oui | 7;pour_10000;157.2;157.2;0,0;non
3a_jour_par_jour;sans_enseignes | large | 75 % ou moins | oui | 7;suppressions;5.0;5.0;0,0;non
3a_jour_par_jour;sans_enseignes | large | 75 % ou moins | oui | 8;en_ligne_la_veille;313.0;313.0;0,0;non
3a_jour_par_jour;sans_enseignes | large | 75 % ou moins | oui | 8;encore_en_ligne_sur_10000;9781.0;9781.0;0,0;non
3a_jour_par_jour;sans_enseignes | large | 75 % ou moins | oui | 8;pour_10000;0.0;0.0;0,0;non
3a_jour_par_jour;sans_enseignes | large | 75 % ou moins | oui | 8;suppressions;0.0;0.0;0,0;non
3a_jour_par_jour;sans_enseignes | large | plus de 75 % | non | 3;en_ligne_la_veille;1150.0;1150.0;0,0;non
3a_jour_par_jour;sans_enseignes | large | plus de 75 % | non | 3;encore_en_ligne_sur_10000;9948.0;9948.0;0,0;non
3a_jour_par_jour;sans_enseignes | large | plus de 75 % | non | 3;pour_10000;52.2;52.2;0,0;non
3a_jour_par_jour;sans_enseignes | large | plus de 75 % | non | 3;suppressions;6.0;6.0;0,0;non
3a_jour_par_jour;sans_enseignes | large | plus de 75 % | non | 4;en_ligne_la_veille;1144.0;1144.0;0,0;non
3a_jour_par_jour;sans_enseignes | large | plus de 75 % | non | 4;encore_en_ligne_sur_10000;9922.0;9922.0;0,0;non
3a_jour_par_jour;sans_enseignes | large | plus de 75 % | non | 4;pour_10000;26.2;26.2;0,0;non
3a_jour_par_jour;sans_enseignes | large | plus de 75 % | non | 4;suppressions;3.0;3.0;0,0;non
3a_jour_par_jour;sans_enseignes | large | plus de 75 % | non | 5;en_ligne_la_veille;1141.0;1141.0;0,0;non
3a_jour_par_jour;sans_enseignes | large | plus de 75 % | non | 5;encore_en_ligne_sur_10000;9922.0;9922.0;0,0;non
3a_jour_par_jour;sans_enseignes | large | plus de 75 % | non | 5;pour_10000;0.0;0.0;0,0;non
3a_jour_par_jour;sans_enseignes | large | plus de 75 % | non | 5;suppressions;0.0;0.0;0,0;non
3a_jour_par_jour;sans_enseignes | large | plus de 75 % | non | 6;en_ligne_la_veille;1141.0;1141.0;0,0;non
3a_jour_par_jour;sans_enseignes | large | plus de 75 % | non | 6;encore_en_ligne_sur_10000;9904.0;9904.0;0,0;non
3a_jour_par_jour;sans_enseignes | large | plus de 75 % | non | 6;pour_10000;17.5;17.5;0,0;non
3a_jour_par_jour;sans_enseignes | large | plus de 75 % | non | 6;suppressions;2.0;2.0;0,0;non
3a_jour_par_jour;sans_enseignes | large | plus de 75 % | non | 7;en_ligne_la_veille;1139.0;1139.0;0,0;non
3a_jour_par_jour;sans_enseignes | large | plus de 75 % | non | 7;encore_en_ligne_sur_10000;9817.0;9817.0;0,0;non
3a_jour_par_jour;sans_enseignes | large | plus de 75 % | non | 7;pour_10000;87.8;87.8;0,0;non
3a_jour_par_jour;sans_enseignes | large | plus de 75 % | non | 7;suppressions;10.0;10.0;0,0;non
3a_jour_par_jour;sans_enseignes | large | plus de 75 % | non | 8;en_ligne_la_veille;1129.0;1129.0;0,0;non
3a_jour_par_jour;sans_enseignes | large | plus de 75 % | non | 8;encore_en_ligne_sur_10000;9783.0;9783.0;0,0;non
3a_jour_par_jour;sans_enseignes | large | plus de 75 % | non | 8;pour_10000;35.4;35.4;0,0;non
3a_jour_par_jour;sans_enseignes | large | plus de 75 % | non | 8;suppressions;4.0;4.0;0,0;non
3a_jour_par_jour;sans_enseignes | large | plus de 75 % | oui | 3;en_ligne_la_veille;2984.0;2984.0;0,0;non
3a_jour_par_jour;sans_enseignes | large | plus de 75 % | oui | 3;encore_en_ligne_sur_10000;9997.0;9997.0;0,0;non
3a_jour_par_jour;sans_enseignes | large | plus de 75 % | oui | 3;pour_10000;3.4;3.4;0,0;non
3a_jour_par_jour;sans_enseignes | large | plus de 75 % | oui | 3;suppressions;1.0;1.0;0,0;non
3a_jour_par_jour;sans_enseignes | large | plus de 75 % | oui | 4;en_ligne_la_veille;2983.0;2983.0;0,0;non
3a_jour_par_jour;sans_enseignes | large | plus de 75 % | oui | 4;encore_en_ligne_sur_10000;9993.0;9993.0;0,0;non
3a_jour_par_jour;sans_enseignes | large | plus de 75 % | oui | 4;pour_10000;3.4;3.4;0,0;non
3a_jour_par_jour;sans_enseignes | large | plus de 75 % | oui | 4;suppressions;1.0;1.0;0,0;non
3a_jour_par_jour;sans_enseignes | large | plus de 75 % | oui | 5;en_ligne_la_veille;2982.0;2982.0;0,0;non
3a_jour_par_jour;sans_enseignes | large | plus de 75 % | oui | 5;encore_en_ligne_sur_10000;9993.0;9993.0;0,0;non
3a_jour_par_jour;sans_enseignes | large | plus de 75 % | oui | 5;pour_10000;0.0;0.0;0,0;non
3a_jour_par_jour;sans_enseignes | large | plus de 75 % | oui | 5;suppressions;0.0;0.0;0,0;non
3a_jour_par_jour;sans_enseignes | large | plus de 75 % | oui | 6;en_ligne_la_veille;2982.0;2982.0;0,0;non
3a_jour_par_jour;sans_enseignes | large | plus de 75 % | oui | 6;encore_en_ligne_sur_10000;9980.0;9980.0;0,0;non
3a_jour_par_jour;sans_enseignes | large | plus de 75 % | oui | 6;pour_10000;13.4;13.4;0,0;non
3a_jour_par_jour;sans_enseignes | large | plus de 75 % | oui | 6;suppressions;4.0;4.0;0,0;non
3a_jour_par_jour;sans_enseignes | large | plus de 75 % | oui | 7;en_ligne_la_veille;2978.0;2978.0;0,0;non
3a_jour_par_jour;sans_enseignes | large | plus de 75 % | oui | 7;encore_en_ligne_sur_10000;9936.0;9936.0;0,0;non
3a_jour_par_jour;sans_enseignes | large | plus de 75 % | oui | 7;pour_10000;43.7;43.7;0,0;non
3a_jour_par_jour;sans_enseignes | large | plus de 75 % | oui | 7;suppressions;13.0;13.0;0,0;non
3a_jour_par_jour;sans_enseignes | large | plus de 75 % | oui | 8;en_ligne_la_veille;2965.0;2965.0;0,0;non
3a_jour_par_jour;sans_enseignes | large | plus de 75 % | oui | 8;encore_en_ligne_sur_10000;9913.0;9913.0;0,0;non
3a_jour_par_jour;sans_enseignes | large | plus de 75 % | oui | 8;pour_10000;23.6;23.6;0,0;non
3a_jour_par_jour;sans_enseignes | large | plus de 75 % | oui | 8;suppressions;7.0;7.0;0,0;non
3a_jour_par_jour;sans_enseignes | mono + small | 75 % ou moins | non | 3;en_ligne_la_veille;4693.0;4693.0;0,0;non
3a_jour_par_jour;sans_enseignes | mono + small | 75 % ou moins | non | 3;encore_en_ligne_sur_10000;9979.0;9979.0;0,0;non
3a_jour_par_jour;sans_enseignes | mono + small | 75 % ou moins | non | 3;pour_10000;21.3;21.3;0,0;non
3a_jour_par_jour;sans_enseignes | mono + small | 75 % ou moins | non | 3;suppressions;10.0;10.0;0,0;non
3a_jour_par_jour;sans_enseignes | mono + small | 75 % ou moins | non | 4;en_ligne_la_veille;4683.0;4683.0;0,0;non
3a_jour_par_jour;sans_enseignes | mono + small | 75 % ou moins | non | 4;encore_en_ligne_sur_10000;9974.0;9974.0;0,0;non
3a_jour_par_jour;sans_enseignes | mono + small | 75 % ou moins | non | 4;pour_10000;4.3;4.3;0,0;non
3a_jour_par_jour;sans_enseignes | mono + small | 75 % ou moins | non | 4;suppressions;2.0;2.0;0,0;non
3a_jour_par_jour;sans_enseignes | mono + small | 75 % ou moins | non | 5;en_ligne_la_veille;4681.0;4681.0;0,0;non
3a_jour_par_jour;sans_enseignes | mono + small | 75 % ou moins | non | 5;encore_en_ligne_sur_10000;9957.0;9957.0;0,0;non
3a_jour_par_jour;sans_enseignes | mono + small | 75 % ou moins | non | 5;pour_10000;17.1;17.1;0,0;non
3a_jour_par_jour;sans_enseignes | mono + small | 75 % ou moins | non | 5;suppressions;8.0;8.0;0,0;non
3a_jour_par_jour;sans_enseignes | mono + small | 75 % ou moins | non | 6;en_ligne_la_veille;4673.0;4673.0;0,0;non
3a_jour_par_jour;sans_enseignes | mono + small | 75 % ou moins | non | 6;encore_en_ligne_sur_10000;9876.0;9876.0;0,0;non
3a_jour_par_jour;sans_enseignes | mono + small | 75 % ou moins | non | 6;pour_10000;81.3;81.3;0,0;non
3a_jour_par_jour;sans_enseignes | mono + small | 75 % ou moins | non | 6;suppressions;38.0;38.0;0,0;non
3a_jour_par_jour;sans_enseignes | mono + small | 75 % ou moins | non | 7;en_ligne_la_veille;4635.0;4635.0;0,0;non
3a_jour_par_jour;sans_enseignes | mono + small | 75 % ou moins | non | 7;encore_en_ligne_sur_10000;9789.0;9789.0;0,0;non
3a_jour_par_jour;sans_enseignes | mono + small | 75 % ou moins | non | 7;pour_10000;88.5;88.5;0,0;non
3a_jour_par_jour;sans_enseignes | mono + small | 75 % ou moins | non | 7;suppressions;41.0;41.0;0,0;non
3a_jour_par_jour;sans_enseignes | mono + small | 75 % ou moins | non | 8;en_ligne_la_veille;4594.0;4594.0;0,0;non
3a_jour_par_jour;sans_enseignes | mono + small | 75 % ou moins | non | 8;encore_en_ligne_sur_10000;9759.0;9759.0;0,0;non
3a_jour_par_jour;sans_enseignes | mono + small | 75 % ou moins | non | 8;pour_10000;30.5;30.5;0,0;non
3a_jour_par_jour;sans_enseignes | mono + small | 75 % ou moins | non | 8;suppressions;14.0;14.0;0,0;non
3a_jour_par_jour;sans_enseignes | mono + small | 75 % ou moins | oui | 3;en_ligne_la_veille;521.0;521.0;0,0;non
3a_jour_par_jour;sans_enseignes | mono + small | 75 % ou moins | oui | 3;encore_en_ligne_sur_10000;9942.0;9942.0;0,0;non
3a_jour_par_jour;sans_enseignes | mono + small | 75 % ou moins | oui | 3;pour_10000;57.6;57.6;0,0;non
3a_jour_par_jour;sans_enseignes | mono + small | 75 % ou moins | oui | 3;suppressions;3.0;3.0;0,0;non
3a_jour_par_jour;sans_enseignes | mono + small | 75 % ou moins | oui | 4;en_ligne_la_veille;518.0;518.0;0,0;non
3a_jour_par_jour;sans_enseignes | mono + small | 75 % ou moins | oui | 4;encore_en_ligne_sur_10000;9923.0;9923.0;0,0;non
3a_jour_par_jour;sans_enseignes | mono + small | 75 % ou moins | oui | 4;pour_10000;19.3;19.3;0,0;non
3a_jour_par_jour;sans_enseignes | mono + small | 75 % ou moins | oui | 4;suppressions;1.0;1.0;0,0;non
3a_jour_par_jour;sans_enseignes | mono + small | 75 % ou moins | oui | 5;en_ligne_la_veille;517.0;517.0;0,0;non
3a_jour_par_jour;sans_enseignes | mono + small | 75 % ou moins | oui | 5;encore_en_ligne_sur_10000;9904.0;9904.0;0,0;non
3a_jour_par_jour;sans_enseignes | mono + small | 75 % ou moins | oui | 5;pour_10000;19.3;19.3;0,0;non
3a_jour_par_jour;sans_enseignes | mono + small | 75 % ou moins | oui | 5;suppressions;1.0;1.0;0,0;non
3a_jour_par_jour;sans_enseignes | mono + small | 75 % ou moins | oui | 6;en_ligne_la_veille;516.0;516.0;0,0;non
3a_jour_par_jour;sans_enseignes | mono + small | 75 % ou moins | oui | 6;encore_en_ligne_sur_10000;9846.0;9846.0;0,0;non
3a_jour_par_jour;sans_enseignes | mono + small | 75 % ou moins | oui | 6;pour_10000;58.1;58.1;0,0;non
3a_jour_par_jour;sans_enseignes | mono + small | 75 % ou moins | oui | 6;suppressions;3.0;3.0;0,0;non
3a_jour_par_jour;sans_enseignes | mono + small | 75 % ou moins | oui | 7;en_ligne_la_veille;513.0;513.0;0,0;non
3a_jour_par_jour;sans_enseignes | mono + small | 75 % ou moins | oui | 7;encore_en_ligne_sur_10000;9539.0;9539.0;0,0;non
3a_jour_par_jour;sans_enseignes | mono + small | 75 % ou moins | oui | 7;pour_10000;311.9;311.9;0,0;non
3a_jour_par_jour;sans_enseignes | mono + small | 75 % ou moins | oui | 7;suppressions;16.0;16.0;0,0;non
3a_jour_par_jour;sans_enseignes | mono + small | 75 % ou moins | oui | 8;en_ligne_la_veille;497.0;497.0;0,0;non
3a_jour_par_jour;sans_enseignes | mono + small | 75 % ou moins | oui | 8;encore_en_ligne_sur_10000;9501.0;9501.0;0,0;non
3a_jour_par_jour;sans_enseignes | mono + small | 75 % ou moins | oui | 8;pour_10000;40.2;40.2;0,0;non
3a_jour_par_jour;sans_enseignes | mono + small | 75 % ou moins | oui | 8;suppressions;2.0;2.0;0,0;non
3a_jour_par_jour;sans_enseignes | mono + small | plus de 75 % | non | 3;en_ligne_la_veille;1459.0;1459.0;0,0;non
3a_jour_par_jour;sans_enseignes | mono + small | plus de 75 % | non | 3;encore_en_ligne_sur_10000;9979.0;9979.0;0,0;non
3a_jour_par_jour;sans_enseignes | mono + small | plus de 75 % | non | 3;pour_10000;20.6;20.6;0,0;non
3a_jour_par_jour;sans_enseignes | mono + small | plus de 75 % | non | 3;suppressions;3.0;3.0;0,0;non
3a_jour_par_jour;sans_enseignes | mono + small | plus de 75 % | non | 4;en_ligne_la_veille;1456.0;1456.0;0,0;non
3a_jour_par_jour;sans_enseignes | mono + small | plus de 75 % | non | 4;encore_en_ligne_sur_10000;9945.0;9945.0;0,0;non
3a_jour_par_jour;sans_enseignes | mono + small | plus de 75 % | non | 4;pour_10000;34.3;34.3;0,0;non
3a_jour_par_jour;sans_enseignes | mono + small | plus de 75 % | non | 4;suppressions;5.0;5.0;0,0;non
3a_jour_par_jour;sans_enseignes | mono + small | plus de 75 % | non | 5;en_ligne_la_veille;1451.0;1451.0;0,0;non
3a_jour_par_jour;sans_enseignes | mono + small | plus de 75 % | non | 5;encore_en_ligne_sur_10000;9931.0;9931.0;0,0;non
3a_jour_par_jour;sans_enseignes | mono + small | plus de 75 % | non | 5;pour_10000;13.8;13.8;0,0;non
3a_jour_par_jour;sans_enseignes | mono + small | plus de 75 % | non | 5;suppressions;2.0;2.0;0,0;non
3a_jour_par_jour;sans_enseignes | mono + small | plus de 75 % | non | 6;en_ligne_la_veille;1449.0;1449.0;0,0;non
3a_jour_par_jour;sans_enseignes | mono + small | plus de 75 % | non | 6;encore_en_ligne_sur_10000;9822.0;9822.0;0,0;non
3a_jour_par_jour;sans_enseignes | mono + small | plus de 75 % | non | 6;pour_10000;110.4;110.4;0,0;non
3a_jour_par_jour;sans_enseignes | mono + small | plus de 75 % | non | 6;suppressions;16.0;16.0;0,0;non
3a_jour_par_jour;sans_enseignes | mono + small | plus de 75 % | non | 7;en_ligne_la_veille;1433.0;1433.0;0,0;non
3a_jour_par_jour;sans_enseignes | mono + small | plus de 75 % | non | 7;encore_en_ligne_sur_10000;9500.0;9500.0;0,0;non
3a_jour_par_jour;sans_enseignes | mono + small | plus de 75 % | non | 7;pour_10000;328.0;328.0;0,0;non
3a_jour_par_jour;sans_enseignes | mono + small | plus de 75 % | non | 7;suppressions;47.0;47.0;0,0;non
3a_jour_par_jour;sans_enseignes | mono + small | plus de 75 % | non | 8;en_ligne_la_veille;1386.0;1386.0;0,0;non
3a_jour_par_jour;sans_enseignes | mono + small | plus de 75 % | non | 8;encore_en_ligne_sur_10000;9472.0;9472.0;0,0;non
3a_jour_par_jour;sans_enseignes | mono + small | plus de 75 % | non | 8;pour_10000;28.9;28.9;0,0;non
3a_jour_par_jour;sans_enseignes | mono + small | plus de 75 % | non | 8;suppressions;4.0;4.0;0,0;non
3a_jour_par_jour;sans_enseignes | mono + small | plus de 75 % | oui | 3;en_ligne_la_veille;2656.0;2656.0;0,0;non
3a_jour_par_jour;sans_enseignes | mono + small | plus de 75 % | oui | 3;encore_en_ligne_sur_10000;9989.0;9989.0;0,0;non
3a_jour_par_jour;sans_enseignes | mono + small | plus de 75 % | oui | 3;pour_10000;11.3;11.3;0,0;non
3a_jour_par_jour;sans_enseignes | mono + small | plus de 75 % | oui | 3;suppressions;3.0;3.0;0,0;non
3a_jour_par_jour;sans_enseignes | mono + small | plus de 75 % | oui | 4;en_ligne_la_veille;2653.0;2653.0;0,0;non
3a_jour_par_jour;sans_enseignes | mono + small | plus de 75 % | oui | 4;encore_en_ligne_sur_10000;9989.0;9989.0;0,0;non
3a_jour_par_jour;sans_enseignes | mono + small | plus de 75 % | oui | 4;pour_10000;0.0;0.0;0,0;non
3a_jour_par_jour;sans_enseignes | mono + small | plus de 75 % | oui | 4;suppressions;0.0;0.0;0,0;non
3a_jour_par_jour;sans_enseignes | mono + small | plus de 75 % | oui | 5;en_ligne_la_veille;2653.0;2653.0;0,0;non
3a_jour_par_jour;sans_enseignes | mono + small | plus de 75 % | oui | 5;encore_en_ligne_sur_10000;9977.0;9977.0;0,0;non
3a_jour_par_jour;sans_enseignes | mono + small | plus de 75 % | oui | 5;pour_10000;11.3;11.3;0,0;non
3a_jour_par_jour;sans_enseignes | mono + small | plus de 75 % | oui | 5;suppressions;3.0;3.0;0,0;non
3a_jour_par_jour;sans_enseignes | mono + small | plus de 75 % | oui | 6;en_ligne_la_veille;2650.0;2650.0;0,0;non
3a_jour_par_jour;sans_enseignes | mono + small | plus de 75 % | oui | 6;encore_en_ligne_sur_10000;9936.0;9936.0;0,0;non
3a_jour_par_jour;sans_enseignes | mono + small | plus de 75 % | oui | 6;pour_10000;41.5;41.5;0,0;non
3a_jour_par_jour;sans_enseignes | mono + small | plus de 75 % | oui | 6;suppressions;11.0;11.0;0,0;non
3a_jour_par_jour;sans_enseignes | mono + small | plus de 75 % | oui | 7;en_ligne_la_veille;2639.0;2639.0;0,0;non
3a_jour_par_jour;sans_enseignes | mono + small | plus de 75 % | oui | 7;encore_en_ligne_sur_10000;9793.0;9793.0;0,0;non
3a_jour_par_jour;sans_enseignes | mono + small | plus de 75 % | oui | 7;pour_10000;144.0;144.0;0,0;non
3a_jour_par_jour;sans_enseignes | mono + small | plus de 75 % | oui | 7;suppressions;38.0;38.0;0,0;non
3a_jour_par_jour;sans_enseignes | mono + small | plus de 75 % | oui | 8;en_ligne_la_veille;2601.0;2601.0;0,0;non
3a_jour_par_jour;sans_enseignes | mono + small | plus de 75 % | oui | 8;encore_en_ligne_sur_10000;9763.0;9763.0;0,0;non
3a_jour_par_jour;sans_enseignes | mono + small | plus de 75 % | oui | 8;pour_10000;30.8;30.8;0,0;non
3a_jour_par_jour;sans_enseignes | mono + small | plus de 75 % | oui | 8;suppressions;8.0;8.0;0,0;non
3a_jour_par_jour;tous | large | 75 % ou moins | non | 3;en_ligne_la_veille;2876.0;2876.0;0,0;non
3a_jour_par_jour;tous | large | 75 % ou moins | non | 3;encore_en_ligne_sur_10000;9986.0;9986.0;0,0;non
3a_jour_par_jour;tous | large | 75 % ou moins | non | 3;pour_10000;13.9;13.9;0,0;non
3a_jour_par_jour;tous | large | 75 % ou moins | non | 3;suppressions;4.0;4.0;0,0;non
3a_jour_par_jour;tous | large | 75 % ou moins | non | 4;en_ligne_la_veille;2872.0;2872.0;0,0;non
3a_jour_par_jour;tous | large | 75 % ou moins | non | 4;encore_en_ligne_sur_10000;9983.0;9983.0;0,0;non
3a_jour_par_jour;tous | large | 75 % ou moins | non | 4;pour_10000;3.5;3.5;0,0;non
3a_jour_par_jour;tous | large | 75 % ou moins | non | 4;suppressions;1.0;1.0;0,0;non
3a_jour_par_jour;tous | large | 75 % ou moins | non | 5;en_ligne_la_veille;2871.0;2871.0;0,0;non
3a_jour_par_jour;tous | large | 75 % ou moins | non | 5;encore_en_ligne_sur_10000;9972.0;9972.0;0,0;non
3a_jour_par_jour;tous | large | 75 % ou moins | non | 5;pour_10000;10.4;10.4;0,0;non
3a_jour_par_jour;tous | large | 75 % ou moins | non | 5;suppressions;3.0;3.0;0,0;non
3a_jour_par_jour;tous | large | 75 % ou moins | non | 6;en_ligne_la_veille;2868.0;2868.0;0,0;non
3a_jour_par_jour;tous | large | 75 % ou moins | non | 6;encore_en_ligne_sur_10000;9871.0;9871.0;0,0;non
3a_jour_par_jour;tous | large | 75 % ou moins | non | 6;pour_10000;101.1;101.1;0,0;non
3a_jour_par_jour;tous | large | 75 % ou moins | non | 6;suppressions;29.0;29.0;0,0;non
3a_jour_par_jour;tous | large | 75 % ou moins | non | 7;en_ligne_la_veille;2839.0;2839.0;0,0;non
3a_jour_par_jour;tous | large | 75 % ou moins | non | 7;encore_en_ligne_sur_10000;9586.0;9586.0;0,0;non
3a_jour_par_jour;tous | large | 75 % ou moins | non | 7;pour_10000;288.8;288.8;0,0;non
3a_jour_par_jour;tous | large | 75 % ou moins | non | 7;suppressions;82.0;82.0;0,0;non
3a_jour_par_jour;tous | large | 75 % ou moins | non | 8;en_ligne_la_veille;2757.0;2757.0;0,0;non
3a_jour_par_jour;tous | large | 75 % ou moins | non | 8;encore_en_ligne_sur_10000;9562.0;9562.0;0,0;non
3a_jour_par_jour;tous | large | 75 % ou moins | non | 8;pour_10000;25.4;25.4;0,0;non
3a_jour_par_jour;tous | large | 75 % ou moins | non | 8;suppressions;7.0;7.0;0,0;non
3a_jour_par_jour;tous | large | 75 % ou moins | oui | 3;en_ligne_la_veille;355.0;355.0;0,0;non
3a_jour_par_jour;tous | large | 75 % ou moins | oui | 3;encore_en_ligne_sur_10000;9972.0;9972.0;0,0;non
3a_jour_par_jour;tous | large | 75 % ou moins | oui | 3;pour_10000;28.2;28.2;0,0;non
3a_jour_par_jour;tous | large | 75 % ou moins | oui | 3;suppressions;1.0;1.0;0,0;non
3a_jour_par_jour;tous | large | 75 % ou moins | oui | 4;en_ligne_la_veille;354.0;354.0;0,0;non
3a_jour_par_jour;tous | large | 75 % ou moins | oui | 4;encore_en_ligne_sur_10000;9972.0;9972.0;0,0;non
3a_jour_par_jour;tous | large | 75 % ou moins | oui | 4;pour_10000;0.0;0.0;0,0;non
3a_jour_par_jour;tous | large | 75 % ou moins | oui | 4;suppressions;0.0;0.0;0,0;non
3a_jour_par_jour;tous | large | 75 % ou moins | oui | 5;en_ligne_la_veille;354.0;354.0;0,0;non
3a_jour_par_jour;tous | large | 75 % ou moins | oui | 5;encore_en_ligne_sur_10000;9915.0;9915.0;0,0;non
3a_jour_par_jour;tous | large | 75 % ou moins | oui | 5;pour_10000;56.5;56.5;0,0;non
3a_jour_par_jour;tous | large | 75 % ou moins | oui | 5;suppressions;2.0;2.0;0,0;non
3a_jour_par_jour;tous | large | 75 % ou moins | oui | 6;en_ligne_la_veille;352.0;352.0;0,0;non
3a_jour_par_jour;tous | large | 75 % ou moins | oui | 6;encore_en_ligne_sur_10000;9831.0;9831.0;0,0;non
3a_jour_par_jour;tous | large | 75 % ou moins | oui | 6;pour_10000;85.2;85.2;0,0;non
3a_jour_par_jour;tous | large | 75 % ou moins | oui | 6;suppressions;3.0;3.0;0,0;non
3a_jour_par_jour;tous | large | 75 % ou moins | oui | 7;en_ligne_la_veille;349.0;349.0;0,0;non
3a_jour_par_jour;tous | large | 75 % ou moins | oui | 7;encore_en_ligne_sur_10000;9606.0;9606.0;0,0;non
3a_jour_par_jour;tous | large | 75 % ou moins | oui | 7;pour_10000;229.2;229.2;0,0;non
3a_jour_par_jour;tous | large | 75 % ou moins | oui | 7;suppressions;8.0;8.0;0,0;non
3a_jour_par_jour;tous | large | 75 % ou moins | oui | 8;en_ligne_la_veille;341.0;341.0;0,0;non
3a_jour_par_jour;tous | large | 75 % ou moins | oui | 8;encore_en_ligne_sur_10000;9606.0;9606.0;0,0;non
3a_jour_par_jour;tous | large | 75 % ou moins | oui | 8;pour_10000;0.0;0.0;0,0;non
3a_jour_par_jour;tous | large | 75 % ou moins | oui | 8;suppressions;0.0;0.0;0,0;non
3a_jour_par_jour;tous | large | plus de 75 % | non | 3;en_ligne_la_veille;1157.0;1157.0;0,0;non
3a_jour_par_jour;tous | large | plus de 75 % | non | 3;encore_en_ligne_sur_10000;9948.0;9948.0;0,0;non
3a_jour_par_jour;tous | large | plus de 75 % | non | 3;pour_10000;51.9;51.9;0,0;non
3a_jour_par_jour;tous | large | plus de 75 % | non | 3;suppressions;6.0;6.0;0,0;non
3a_jour_par_jour;tous | large | plus de 75 % | non | 4;en_ligne_la_veille;1151.0;1151.0;0,0;non
3a_jour_par_jour;tous | large | plus de 75 % | non | 4;encore_en_ligne_sur_10000;9922.0;9922.0;0,0;non
3a_jour_par_jour;tous | large | plus de 75 % | non | 4;pour_10000;26.1;26.1;0,0;non
3a_jour_par_jour;tous | large | plus de 75 % | non | 4;suppressions;3.0;3.0;0,0;non
3a_jour_par_jour;tous | large | plus de 75 % | non | 5;en_ligne_la_veille;1148.0;1148.0;0,0;non
3a_jour_par_jour;tous | large | plus de 75 % | non | 5;encore_en_ligne_sur_10000;9922.0;9922.0;0,0;non
3a_jour_par_jour;tous | large | plus de 75 % | non | 5;pour_10000;0.0;0.0;0,0;non
3a_jour_par_jour;tous | large | plus de 75 % | non | 5;suppressions;0.0;0.0;0,0;non
3a_jour_par_jour;tous | large | plus de 75 % | non | 6;en_ligne_la_veille;1148.0;1148.0;0,0;non
3a_jour_par_jour;tous | large | plus de 75 % | non | 6;encore_en_ligne_sur_10000;9905.0;9905.0;0,0;non
3a_jour_par_jour;tous | large | plus de 75 % | non | 6;pour_10000;17.4;17.4;0,0;non
3a_jour_par_jour;tous | large | plus de 75 % | non | 6;suppressions;2.0;2.0;0,0;non
3a_jour_par_jour;tous | large | plus de 75 % | non | 7;en_ligne_la_veille;1146.0;1146.0;0,0;non
3a_jour_par_jour;tous | large | plus de 75 % | non | 7;encore_en_ligne_sur_10000;9810.0;9810.0;0,0;non
3a_jour_par_jour;tous | large | plus de 75 % | non | 7;pour_10000;96.0;96.0;0,0;non
3a_jour_par_jour;tous | large | plus de 75 % | non | 7;suppressions;11.0;11.0;0,0;non
3a_jour_par_jour;tous | large | plus de 75 % | non | 8;en_ligne_la_veille;1135.0;1135.0;0,0;non
3a_jour_par_jour;tous | large | plus de 75 % | non | 8;encore_en_ligne_sur_10000;9775.0;9775.0;0,0;non
3a_jour_par_jour;tous | large | plus de 75 % | non | 8;pour_10000;35.2;35.2;0,0;non
3a_jour_par_jour;tous | large | plus de 75 % | non | 8;suppressions;4.0;4.0;0,0;non
3a_jour_par_jour;tous | large | plus de 75 % | oui | 3;en_ligne_la_veille;3404.0;3404.0;0,0;non
3a_jour_par_jour;tous | large | plus de 75 % | oui | 3;encore_en_ligne_sur_10000;9979.0;9979.0;0,0;non
3a_jour_par_jour;tous | large | plus de 75 % | oui | 3;pour_10000;20.6;20.6;0,0;non
3a_jour_par_jour;tous | large | plus de 75 % | oui | 3;suppressions;7.0;7.0;0,0;non
3a_jour_par_jour;tous | large | plus de 75 % | oui | 4;en_ligne_la_veille;3397.0;3397.0;0,0;non
3a_jour_par_jour;tous | large | plus de 75 % | oui | 4;encore_en_ligne_sur_10000;9976.0;9976.0;0,0;non
3a_jour_par_jour;tous | large | plus de 75 % | oui | 4;pour_10000;2.9;2.9;0,0;non
3a_jour_par_jour;tous | large | plus de 75 % | oui | 4;suppressions;1.0;1.0;0,0;non
3a_jour_par_jour;tous | large | plus de 75 % | oui | 5;en_ligne_la_veille;3396.0;3396.0;0,0;non
3a_jour_par_jour;tous | large | plus de 75 % | oui | 5;encore_en_ligne_sur_10000;9971.0;9971.0;0,0;non
3a_jour_par_jour;tous | large | plus de 75 % | oui | 5;pour_10000;5.9;5.9;0,0;non
3a_jour_par_jour;tous | large | plus de 75 % | oui | 5;suppressions;2.0;2.0;0,0;non
3a_jour_par_jour;tous | large | plus de 75 % | oui | 6;en_ligne_la_veille;3394.0;3394.0;0,0;non
3a_jour_par_jour;tous | large | plus de 75 % | oui | 6;encore_en_ligne_sur_10000;9844.0;9844.0;0,0;non
3a_jour_par_jour;tous | large | plus de 75 % | oui | 6;pour_10000;126.7;126.7;0,0;non
3a_jour_par_jour;tous | large | plus de 75 % | oui | 6;suppressions;43.0;43.0;0,0;non
3a_jour_par_jour;tous | large | plus de 75 % | oui | 7;en_ligne_la_veille;3351.0;3351.0;0,0;non
3a_jour_par_jour;tous | large | plus de 75 % | oui | 7;encore_en_ligne_sur_10000;9603.0;9603.0;0,0;non
3a_jour_par_jour;tous | large | plus de 75 % | oui | 7;pour_10000;244.7;244.7;0,0;non
3a_jour_par_jour;tous | large | plus de 75 % | oui | 7;suppressions;82.0;82.0;0,0;non
3a_jour_par_jour;tous | large | plus de 75 % | oui | 8;en_ligne_la_veille;3269.0;3269.0;0,0;non
3a_jour_par_jour;tous | large | plus de 75 % | oui | 8;encore_en_ligne_sur_10000;9565.0;9565.0;0,0;non
3a_jour_par_jour;tous | large | plus de 75 % | oui | 8;pour_10000;39.8;39.8;0,0;non
3a_jour_par_jour;tous | large | plus de 75 % | oui | 8;suppressions;13.0;13.0;0,0;non
3a_jour_par_jour;tous | mono + small | 75 % ou moins | non | 3;en_ligne_la_veille;4693.0;4693.0;0,0;non
3a_jour_par_jour;tous | mono + small | 75 % ou moins | non | 3;encore_en_ligne_sur_10000;9979.0;9979.0;0,0;non
3a_jour_par_jour;tous | mono + small | 75 % ou moins | non | 3;pour_10000;21.3;21.3;0,0;non
3a_jour_par_jour;tous | mono + small | 75 % ou moins | non | 3;suppressions;10.0;10.0;0,0;non
3a_jour_par_jour;tous | mono + small | 75 % ou moins | non | 4;en_ligne_la_veille;4683.0;4683.0;0,0;non
3a_jour_par_jour;tous | mono + small | 75 % ou moins | non | 4;encore_en_ligne_sur_10000;9974.0;9974.0;0,0;non
3a_jour_par_jour;tous | mono + small | 75 % ou moins | non | 4;pour_10000;4.3;4.3;0,0;non
3a_jour_par_jour;tous | mono + small | 75 % ou moins | non | 4;suppressions;2.0;2.0;0,0;non
3a_jour_par_jour;tous | mono + small | 75 % ou moins | non | 5;en_ligne_la_veille;4681.0;4681.0;0,0;non
3a_jour_par_jour;tous | mono + small | 75 % ou moins | non | 5;encore_en_ligne_sur_10000;9957.0;9957.0;0,0;non
3a_jour_par_jour;tous | mono + small | 75 % ou moins | non | 5;pour_10000;17.1;17.1;0,0;non
3a_jour_par_jour;tous | mono + small | 75 % ou moins | non | 5;suppressions;8.0;8.0;0,0;non
3a_jour_par_jour;tous | mono + small | 75 % ou moins | non | 6;en_ligne_la_veille;4673.0;4673.0;0,0;non
3a_jour_par_jour;tous | mono + small | 75 % ou moins | non | 6;encore_en_ligne_sur_10000;9876.0;9876.0;0,0;non
3a_jour_par_jour;tous | mono + small | 75 % ou moins | non | 6;pour_10000;81.3;81.3;0,0;non
3a_jour_par_jour;tous | mono + small | 75 % ou moins | non | 6;suppressions;38.0;38.0;0,0;non
3a_jour_par_jour;tous | mono + small | 75 % ou moins | non | 7;en_ligne_la_veille;4635.0;4635.0;0,0;non
3a_jour_par_jour;tous | mono + small | 75 % ou moins | non | 7;encore_en_ligne_sur_10000;9789.0;9789.0;0,0;non
3a_jour_par_jour;tous | mono + small | 75 % ou moins | non | 7;pour_10000;88.5;88.5;0,0;non
3a_jour_par_jour;tous | mono + small | 75 % ou moins | non | 7;suppressions;41.0;41.0;0,0;non
3a_jour_par_jour;tous | mono + small | 75 % ou moins | non | 8;en_ligne_la_veille;4594.0;4594.0;0,0;non
3a_jour_par_jour;tous | mono + small | 75 % ou moins | non | 8;encore_en_ligne_sur_10000;9759.0;9759.0;0,0;non
3a_jour_par_jour;tous | mono + small | 75 % ou moins | non | 8;pour_10000;30.5;30.5;0,0;non
3a_jour_par_jour;tous | mono + small | 75 % ou moins | non | 8;suppressions;14.0;14.0;0,0;non
3a_jour_par_jour;tous | mono + small | 75 % ou moins | oui | 3;en_ligne_la_veille;521.0;521.0;0,0;non
3a_jour_par_jour;tous | mono + small | 75 % ou moins | oui | 3;encore_en_ligne_sur_10000;9942.0;9942.0;0,0;non
3a_jour_par_jour;tous | mono + small | 75 % ou moins | oui | 3;pour_10000;57.6;57.6;0,0;non
3a_jour_par_jour;tous | mono + small | 75 % ou moins | oui | 3;suppressions;3.0;3.0;0,0;non
3a_jour_par_jour;tous | mono + small | 75 % ou moins | oui | 4;en_ligne_la_veille;518.0;518.0;0,0;non
3a_jour_par_jour;tous | mono + small | 75 % ou moins | oui | 4;encore_en_ligne_sur_10000;9923.0;9923.0;0,0;non
3a_jour_par_jour;tous | mono + small | 75 % ou moins | oui | 4;pour_10000;19.3;19.3;0,0;non
3a_jour_par_jour;tous | mono + small | 75 % ou moins | oui | 4;suppressions;1.0;1.0;0,0;non
3a_jour_par_jour;tous | mono + small | 75 % ou moins | oui | 5;en_ligne_la_veille;517.0;517.0;0,0;non
3a_jour_par_jour;tous | mono + small | 75 % ou moins | oui | 5;encore_en_ligne_sur_10000;9904.0;9904.0;0,0;non
3a_jour_par_jour;tous | mono + small | 75 % ou moins | oui | 5;pour_10000;19.3;19.3;0,0;non
3a_jour_par_jour;tous | mono + small | 75 % ou moins | oui | 5;suppressions;1.0;1.0;0,0;non
3a_jour_par_jour;tous | mono + small | 75 % ou moins | oui | 6;en_ligne_la_veille;516.0;516.0;0,0;non
3a_jour_par_jour;tous | mono + small | 75 % ou moins | oui | 6;encore_en_ligne_sur_10000;9846.0;9846.0;0,0;non
3a_jour_par_jour;tous | mono + small | 75 % ou moins | oui | 6;pour_10000;58.1;58.1;0,0;non
3a_jour_par_jour;tous | mono + small | 75 % ou moins | oui | 6;suppressions;3.0;3.0;0,0;non
3a_jour_par_jour;tous | mono + small | 75 % ou moins | oui | 7;en_ligne_la_veille;513.0;513.0;0,0;non
3a_jour_par_jour;tous | mono + small | 75 % ou moins | oui | 7;encore_en_ligne_sur_10000;9539.0;9539.0;0,0;non
3a_jour_par_jour;tous | mono + small | 75 % ou moins | oui | 7;pour_10000;311.9;311.9;0,0;non
3a_jour_par_jour;tous | mono + small | 75 % ou moins | oui | 7;suppressions;16.0;16.0;0,0;non
3a_jour_par_jour;tous | mono + small | 75 % ou moins | oui | 8;en_ligne_la_veille;497.0;497.0;0,0;non
3a_jour_par_jour;tous | mono + small | 75 % ou moins | oui | 8;encore_en_ligne_sur_10000;9501.0;9501.0;0,0;non
3a_jour_par_jour;tous | mono + small | 75 % ou moins | oui | 8;pour_10000;40.2;40.2;0,0;non
3a_jour_par_jour;tous | mono + small | 75 % ou moins | oui | 8;suppressions;2.0;2.0;0,0;non
3a_jour_par_jour;tous | mono + small | plus de 75 % | non | 3;en_ligne_la_veille;1459.0;1459.0;0,0;non
3a_jour_par_jour;tous | mono + small | plus de 75 % | non | 3;encore_en_ligne_sur_10000;9979.0;9979.0;0,0;non
3a_jour_par_jour;tous | mono + small | plus de 75 % | non | 3;pour_10000;20.6;20.6;0,0;non
3a_jour_par_jour;tous | mono + small | plus de 75 % | non | 3;suppressions;3.0;3.0;0,0;non
3a_jour_par_jour;tous | mono + small | plus de 75 % | non | 4;en_ligne_la_veille;1456.0;1456.0;0,0;non
3a_jour_par_jour;tous | mono + small | plus de 75 % | non | 4;encore_en_ligne_sur_10000;9945.0;9945.0;0,0;non
3a_jour_par_jour;tous | mono + small | plus de 75 % | non | 4;pour_10000;34.3;34.3;0,0;non
3a_jour_par_jour;tous | mono + small | plus de 75 % | non | 4;suppressions;5.0;5.0;0,0;non
3a_jour_par_jour;tous | mono + small | plus de 75 % | non | 5;en_ligne_la_veille;1451.0;1451.0;0,0;non
3a_jour_par_jour;tous | mono + small | plus de 75 % | non | 5;encore_en_ligne_sur_10000;9931.0;9931.0;0,0;non
3a_jour_par_jour;tous | mono + small | plus de 75 % | non | 5;pour_10000;13.8;13.8;0,0;non
3a_jour_par_jour;tous | mono + small | plus de 75 % | non | 5;suppressions;2.0;2.0;0,0;non
3a_jour_par_jour;tous | mono + small | plus de 75 % | non | 6;en_ligne_la_veille;1449.0;1449.0;0,0;non
3a_jour_par_jour;tous | mono + small | plus de 75 % | non | 6;encore_en_ligne_sur_10000;9822.0;9822.0;0,0;non
3a_jour_par_jour;tous | mono + small | plus de 75 % | non | 6;pour_10000;110.4;110.4;0,0;non
3a_jour_par_jour;tous | mono + small | plus de 75 % | non | 6;suppressions;16.0;16.0;0,0;non
3a_jour_par_jour;tous | mono + small | plus de 75 % | non | 7;en_ligne_la_veille;1433.0;1433.0;0,0;non
3a_jour_par_jour;tous | mono + small | plus de 75 % | non | 7;encore_en_ligne_sur_10000;9500.0;9500.0;0,0;non
3a_jour_par_jour;tous | mono + small | plus de 75 % | non | 7;pour_10000;328.0;328.0;0,0;non
3a_jour_par_jour;tous | mono + small | plus de 75 % | non | 7;suppressions;47.0;47.0;0,0;non
3a_jour_par_jour;tous | mono + small | plus de 75 % | non | 8;en_ligne_la_veille;1386.0;1386.0;0,0;non
3a_jour_par_jour;tous | mono + small | plus de 75 % | non | 8;encore_en_ligne_sur_10000;9472.0;9472.0;0,0;non
3a_jour_par_jour;tous | mono + small | plus de 75 % | non | 8;pour_10000;28.9;28.9;0,0;non
3a_jour_par_jour;tous | mono + small | plus de 75 % | non | 8;suppressions;4.0;4.0;0,0;non
3a_jour_par_jour;tous | mono + small | plus de 75 % | oui | 3;en_ligne_la_veille;2656.0;2656.0;0,0;non
3a_jour_par_jour;tous | mono + small | plus de 75 % | oui | 3;encore_en_ligne_sur_10000;9989.0;9989.0;0,0;non
3a_jour_par_jour;tous | mono + small | plus de 75 % | oui | 3;pour_10000;11.3;11.3;0,0;non
3a_jour_par_jour;tous | mono + small | plus de 75 % | oui | 3;suppressions;3.0;3.0;0,0;non
3a_jour_par_jour;tous | mono + small | plus de 75 % | oui | 4;en_ligne_la_veille;2653.0;2653.0;0,0;non
3a_jour_par_jour;tous | mono + small | plus de 75 % | oui | 4;encore_en_ligne_sur_10000;9989.0;9989.0;0,0;non
3a_jour_par_jour;tous | mono + small | plus de 75 % | oui | 4;pour_10000;0.0;0.0;0,0;non
3a_jour_par_jour;tous | mono + small | plus de 75 % | oui | 4;suppressions;0.0;0.0;0,0;non
3a_jour_par_jour;tous | mono + small | plus de 75 % | oui | 5;en_ligne_la_veille;2653.0;2653.0;0,0;non
3a_jour_par_jour;tous | mono + small | plus de 75 % | oui | 5;encore_en_ligne_sur_10000;9977.0;9977.0;0,0;non
3a_jour_par_jour;tous | mono + small | plus de 75 % | oui | 5;pour_10000;11.3;11.3;0,0;non
3a_jour_par_jour;tous | mono + small | plus de 75 % | oui | 5;suppressions;3.0;3.0;0,0;non
3a_jour_par_jour;tous | mono + small | plus de 75 % | oui | 6;en_ligne_la_veille;2650.0;2650.0;0,0;non
3a_jour_par_jour;tous | mono + small | plus de 75 % | oui | 6;encore_en_ligne_sur_10000;9936.0;9936.0;0,0;non
3a_jour_par_jour;tous | mono + small | plus de 75 % | oui | 6;pour_10000;41.5;41.5;0,0;non
3a_jour_par_jour;tous | mono + small | plus de 75 % | oui | 6;suppressions;11.0;11.0;0,0;non
3a_jour_par_jour;tous | mono + small | plus de 75 % | oui | 7;en_ligne_la_veille;2639.0;2639.0;0,0;non
3a_jour_par_jour;tous | mono + small | plus de 75 % | oui | 7;encore_en_ligne_sur_10000;9793.0;9793.0;0,0;non
3a_jour_par_jour;tous | mono + small | plus de 75 % | oui | 7;pour_10000;144.0;144.0;0,0;non
3a_jour_par_jour;tous | mono + small | plus de 75 % | oui | 7;suppressions;38.0;38.0;0,0;non
3a_jour_par_jour;tous | mono + small | plus de 75 % | oui | 8;en_ligne_la_veille;2601.0;2601.0;0,0;non
3a_jour_par_jour;tous | mono + small | plus de 75 % | oui | 8;encore_en_ligne_sur_10000;9763.0;9763.0;0,0;non
3a_jour_par_jour;tous | mono + small | plus de 75 % | oui | 8;pour_10000;30.8;30.8;0,0;non
3a_jour_par_jour;tous | mono + small | plus de 75 % | oui | 8;suppressions;8.0;8.0;0,0;non
3b_effectifs;large | sans_enseignes | 75 % ou moins | 1 jour;avis;158;158;0,0;non
3b_effectifs;large | sans_enseignes | 75 % ou moins | 1 jour;fiches_touchees;2;2;0,0;non
3b_effectifs;large | sans_enseignes | 75 % ou moins | 1 jour;moins_de_5_suppressions;oui;oui;;non
3b_effectifs;large | sans_enseignes | 75 % ou moins | 1 jour;pour_10000;253;253;0,0;non
3b_effectifs;large | sans_enseignes | 75 % ou moins | 1 jour;suppressions_3_8;4;4;0,0;non
3b_effectifs;large | sans_enseignes | 75 % ou moins | 2 jours;avis;46;46;0,0;non
3b_effectifs;large | sans_enseignes | 75 % ou moins | 2 jours;fiches_touchees;1;1;0,0;non
3b_effectifs;large | sans_enseignes | 75 % ou moins | 2 jours;moins_de_5_suppressions;oui;oui;;non
3b_effectifs;large | sans_enseignes | 75 % ou moins | 2 jours;pour_10000;435;435;0,0;non
3b_effectifs;large | sans_enseignes | 75 % ou moins | 2 jours;suppressions_3_8;2;2;0,0;non
3b_effectifs;large | sans_enseignes | 75 % ou moins | jour même;avis;116;116;0,0;non
3b_effectifs;large | sans_enseignes | 75 % ou moins | jour même;fiches_touchees;1;1;0,0;non
3b_effectifs;large | sans_enseignes | 75 % ou moins | jour même;moins_de_5_suppressions;oui;oui;;non
3b_effectifs;large | sans_enseignes | 75 % ou moins | jour même;pour_10000;86;86;0,0;non
3b_effectifs;large | sans_enseignes | 75 % ou moins | jour même;suppressions_3_8;1;1;0,0;non
3b_effectifs;large | sans_enseignes | 75 % ou moins | pas de réponse au 2e jour;avis;2192;2192;0,0;non
3b_effectifs;large | sans_enseignes | 75 % ou moins | pas de réponse au 2e jour;fiches_touchees;21;21;0,0;non
3b_effectifs;large | sans_enseignes | 75 % ou moins | pas de réponse au 2e jour;moins_de_5_suppressions;;;;non
3b_effectifs;large | sans_enseignes | 75 % ou moins | pas de réponse au 2e jour;pour_10000;187;187;0,0;non
3b_effectifs;large | sans_enseignes | 75 % ou moins | pas de réponse au 2e jour;suppressions_3_8;41;41;0,0;non
3b_effectifs;large | sans_enseignes | plus de 75 % | 1 jour;avis;1244;1244;0,0;non
3b_effectifs;large | sans_enseignes | plus de 75 % | 1 jour;fiches_touchees;8;8;0,0;non
3b_effectifs;large | sans_enseignes | plus de 75 % | 1 jour;moins_de_5_suppressions;;;;non
3b_effectifs;large | sans_enseignes | plus de 75 % | 1 jour;pour_10000;96;96;0,0;non
3b_effectifs;large | sans_enseignes | plus de 75 % | 1 jour;suppressions_3_8;12;12;0,0;non
3b_effectifs;large | sans_enseignes | plus de 75 % | 2 jours;avis;472;472;0,0;non
3b_effectifs;large | sans_enseignes | plus de 75 % | 2 jours;fiches_touchees;1;1;0,0;non
3b_effectifs;large | sans_enseignes | plus de 75 % | 2 jours;moins_de_5_suppressions;oui;oui;;non
3b_effectifs;large | sans_enseignes | plus de 75 % | 2 jours;pour_10000;21;21;0,0;non
3b_effectifs;large | sans_enseignes | plus de 75 % | 2 jours;suppressions_3_8;1;1;0,0;non
3b_effectifs;large | sans_enseignes | plus de 75 % | jour même;avis;1268;1268;0,0;non
3b_effectifs;large | sans_enseignes | plus de 75 % | jour même;fiches_touchees;9;9;0,0;non
3b_effectifs;large | sans_enseignes | plus de 75 % | jour même;moins_de_5_suppressions;;;;non
3b_effectifs;large | sans_enseignes | plus de 75 % | jour même;pour_10000;103;103;0,0;non
3b_effectifs;large | sans_enseignes | plus de 75 % | jour même;suppressions_3_8;13;13;0,0;non
3b_effectifs;large | sans_enseignes | plus de 75 % | pas de réponse au 2e jour;avis;1150;1150;0,0;non
3b_effectifs;large | sans_enseignes | plus de 75 % | pas de réponse au 2e jour;fiches_touchees;14;14;0,0;non
3b_effectifs;large | sans_enseignes | plus de 75 % | pas de réponse au 2e jour;moins_de_5_suppressions;;;;non
3b_effectifs;large | sans_enseignes | plus de 75 % | pas de réponse au 2e jour;pour_10000;217;217;0,0;non
3b_effectifs;large | sans_enseignes | plus de 75 % | pas de réponse au 2e jour;suppressions_3_8;25;25;0,0;non
3b_effectifs;large | tous | 75 % ou moins | 1 jour;avis;174;174;0,0;non
3b_effectifs;large | tous | 75 % ou moins | 1 jour;fiches_touchees;6;6;0,0;non
3b_effectifs;large | tous | 75 % ou moins | 1 jour;moins_de_5_suppressions;;;;non
3b_effectifs;large | tous | 75 % ou moins | 1 jour;pour_10000;460;460;0,0;non
3b_effectifs;large | tous | 75 % ou moins | 1 jour;suppressions_3_8;8;8;0,0;non
3b_effectifs;large | tous | 75 % ou moins | 2 jours;avis;52;52;0,0;non
3b_effectifs;large | tous | 75 % ou moins | 2 jours;fiches_touchees;1;1;0,0;non
3b_effectifs;large | tous | 75 % ou moins | 2 jours;moins_de_5_suppressions;oui;oui;;non
3b_effectifs;large | tous | 75 % ou moins | 2 jours;pour_10000;385;385;0,0;non
3b_effectifs;large | tous | 75 % ou moins | 2 jours;suppressions_3_8;2;2;0,0;non
3b_effectifs;large | tous | 75 % ou moins | jour même;avis;129;129;0,0;non
3b_effectifs;large | tous | 75 % ou moins | jour même;fiches_touchees;3;3;0,0;non
3b_effectifs;large | tous | 75 % ou moins | jour même;moins_de_5_suppressions;oui;oui;;non
3b_effectifs;large | tous | 75 % ou moins | jour même;pour_10000;310;310;0,0;non
3b_effectifs;large | tous | 75 % ou moins | jour même;suppressions_3_8;4;4;0,0;non
3b_effectifs;large | tous | 75 % ou moins | pas de réponse au 2e jour;avis;2876;2876;0,0;non
3b_effectifs;large | tous | 75 % ou moins | pas de réponse au 2e jour;fiches_touchees;33;33;0,0;non
3b_effectifs;large | tous | 75 % ou moins | pas de réponse au 2e jour;moins_de_5_suppressions;;;;non
3b_effectifs;large | tous | 75 % ou moins | pas de réponse au 2e jour;pour_10000;438;438;0,0;non
3b_effectifs;large | tous | 75 % ou moins | pas de réponse au 2e jour;suppressions_3_8;126;126;0,0;non
3b_effectifs;large | tous | plus de 75 % | 1 jour;avis;1275;1275;0,0;non
3b_effectifs;large | tous | plus de 75 % | 1 jour;fiches_touchees;16;16;0,0;non
3b_effectifs;large | tous | plus de 75 % | 1 jour;moins_de_5_suppressions;;;;non
3b_effectifs;large | tous | plus de 75 % | 1 jour;pour_10000;173;173;0,0;non
3b_effectifs;large | tous | plus de 75 % | 1 jour;suppressions_3_8;22;22;0,0;non
3b_effectifs;large | tous | plus de 75 % | 2 jours;avis;472;472;0,0;non
3b_effectifs;large | tous | plus de 75 % | 2 jours;fiches_touchees;1;1;0,0;non
3b_effectifs;large | tous | plus de 75 % | 2 jours;moins_de_5_suppressions;oui;oui;;non
3b_effectifs;large | tous | plus de 75 % | 2 jours;pour_10000;21;21;0,0;non
3b_effectifs;large | tous | plus de 75 % | 2 jours;suppressions_3_8;1;1;0,0;non
3b_effectifs;large | tous | plus de 75 % | jour même;avis;1657;1657;0,0;non
3b_effectifs;large | tous | plus de 75 % | jour même;fiches_touchees;38;38;0,0;non
3b_effectifs;large | tous | plus de 75 % | jour même;moins_de_5_suppressions;;;;non
3b_effectifs;large | tous | plus de 75 % | jour même;pour_10000;754;754;0,0;non
3b_effectifs;large | tous | plus de 75 % | jour même;suppressions_3_8;125;125;0,0;non
3b_effectifs;large | tous | plus de 75 % | pas de réponse au 2e jour;avis;1157;1157;0,0;non
3b_effectifs;large | tous | plus de 75 % | pas de réponse au 2e jour;fiches_touchees;15;15;0,0;non
3b_effectifs;large | tous | plus de 75 % | pas de réponse au 2e jour;moins_de_5_suppressions;;;;non
3b_effectifs;large | tous | plus de 75 % | pas de réponse au 2e jour;pour_10000;225;225;0,0;non
3b_effectifs;large | tous | plus de 75 % | pas de réponse au 2e jour;suppressions_3_8;26;26;0,0;non
3b_effectifs;mono | tous | 75 % ou moins | 1 jour;avis;72;72;0,0;non
3b_effectifs;mono | tous | 75 % ou moins | 1 jour;fiches_touchees;1;1;0,0;non
3b_effectifs;mono | tous | 75 % ou moins | 1 jour;moins_de_5_suppressions;oui;oui;;non
3b_effectifs;mono | tous | 75 % ou moins | 1 jour;pour_10000;139;139;0,0;non
3b_effectifs;mono | tous | 75 % ou moins | 1 jour;suppressions_3_8;1;1;0,0;non
3b_effectifs;mono | tous | 75 % ou moins | 2 jours;avis;46;46;0,0;non
3b_effectifs;mono | tous | 75 % ou moins | 2 jours;fiches_touchees;1;1;0,0;non
3b_effectifs;mono | tous | 75 % ou moins | 2 jours;moins_de_5_suppressions;oui;oui;;non
3b_effectifs;mono | tous | 75 % ou moins | 2 jours;pour_10000;217;217;0,0;non
3b_effectifs;mono | tous | 75 % ou moins | 2 jours;suppressions_3_8;1;1;0,0;non
3b_effectifs;mono | tous | 75 % ou moins | jour même;avis;91;91;0,0;non
3b_effectifs;mono | tous | 75 % ou moins | jour même;fiches_touchees;1;1;0,0;non
3b_effectifs;mono | tous | 75 % ou moins | jour même;moins_de_5_suppressions;oui;oui;;non
3b_effectifs;mono | tous | 75 % ou moins | jour même;pour_10000;110;110;0,0;non
3b_effectifs;mono | tous | 75 % ou moins | jour même;suppressions_3_8;1;1;0,0;non
3b_effectifs;mono | tous | 75 % ou moins | pas de réponse au 2e jour;avis;2215;2215;0,0;non
3b_effectifs;mono | tous | 75 % ou moins | pas de réponse au 2e jour;fiches_touchees;24;24;0,0;non
3b_effectifs;mono | tous | 75 % ou moins | pas de réponse au 2e jour;moins_de_5_suppressions;;;;non
3b_effectifs;mono | tous | 75 % ou moins | pas de réponse au 2e jour;pour_10000;226;226;0,0;non
3b_effectifs;mono | tous | 75 % ou moins | pas de réponse au 2e jour;suppressions_3_8;50;50;0,0;non
3b_effectifs;mono | tous | plus de 75 % | 1 jour;avis;265;265;0,0;non
3b_effectifs;mono | tous | plus de 75 % | 1 jour;fiches_touchees;5;5;0,0;non
3b_effectifs;mono | tous | plus de 75 % | 1 jour;moins_de_5_suppressions;;;;non
3b_effectifs;mono | tous | plus de 75 % | 1 jour;pour_10000;189;189;0,0;non
3b_effectifs;mono | tous | plus de 75 % | 1 jour;suppressions_3_8;5;5;0,0;non
3b_effectifs;mono | tous | plus de 75 % | 2 jours;avis;108;108;0,0;non
3b_effectifs;mono | tous | plus de 75 % | 2 jours;fiches_touchees;1;1;0,0;non
3b_effectifs;mono | tous | plus de 75 % | 2 jours;moins_de_5_suppressions;oui;oui;;non
3b_effectifs;mono | tous | plus de 75 % | 2 jours;pour_10000;93;93;0,0;non
3b_effectifs;mono | tous | plus de 75 % | 2 jours;suppressions_3_8;1;1;0,0;non
3b_effectifs;mono | tous | plus de 75 % | jour même;avis;455;455;0,0;non
3b_effectifs;mono | tous | plus de 75 % | jour même;fiches_touchees;5;5;0,0;non
3b_effectifs;mono | tous | plus de 75 % | jour même;moins_de_5_suppressions;;;;non
3b_effectifs;mono | tous | plus de 75 % | jour même;pour_10000;132;132;0,0;non
3b_effectifs;mono | tous | plus de 75 % | jour même;suppressions_3_8;6;6;0,0;non
3b_effectifs;mono | tous | plus de 75 % | pas de réponse au 2e jour;avis;569;569;0,0;non
3b_effectifs;mono | tous | plus de 75 % | pas de réponse au 2e jour;fiches_touchees;7;7;0,0;non
3b_effectifs;mono | tous | plus de 75 % | pas de réponse au 2e jour;moins_de_5_suppressions;;;;non
3b_effectifs;mono | tous | plus de 75 % | pas de réponse au 2e jour;pour_10000;211;211;0,0;non
3b_effectifs;mono | tous | plus de 75 % | pas de réponse au 2e jour;suppressions_3_8;12;12;0,0;non
3b_effectifs;mono + small | sans_enseignes | 75 % ou moins | 1 jour;avis;202;202;0,0;non
3b_effectifs;mono + small | sans_enseignes | 75 % ou moins | 1 jour;fiches_touchees;5;5;0,0;non
3b_effectifs;mono + small | sans_enseignes | 75 % ou moins | 1 jour;moins_de_5_suppressions;;;;non
3b_effectifs;mono + small | sans_enseignes | 75 % ou moins | 1 jour;pour_10000;495;495;0,0;non
3b_effectifs;mono + small | sans_enseignes | 75 % ou moins | 1 jour;suppressions_3_8;10;10;0,0;non
3b_effectifs;mono + small | sans_enseignes | 75 % ou moins | 2 jours;avis;96;96;0,0;non
3b_effectifs;mono + small | sans_enseignes | 75 % ou moins | 2 jours;fiches_touchees;2;2;0,0;non
3b_effectifs;mono + small | sans_enseignes | 75 % ou moins | 2 jours;moins_de_5_suppressions;oui;oui;;non
3b_effectifs;mono + small | sans_enseignes | 75 % ou moins | 2 jours;pour_10000;208;208;0,0;non
3b_effectifs;mono + small | sans_enseignes | 75 % ou moins | 2 jours;suppressions_3_8;2;2;0,0;non
3b_effectifs;mono + small | sans_enseignes | 75 % ou moins | jour même;avis;223;223;0,0;non
3b_effectifs;mono + small | sans_enseignes | 75 % ou moins | jour même;fiches_touchees;5;5;0,0;non
3b_effectifs;mono + small | sans_enseignes | 75 % ou moins | jour même;moins_de_5_suppressions;;;;non
3b_effectifs;mono + small | sans_enseignes | 75 % ou moins | jour même;pour_10000;628;628;0,0;non
3b_effectifs;mono + small | sans_enseignes | 75 % ou moins | jour même;suppressions_3_8;14;14;0,0;non
3b_effectifs;mono + small | sans_enseignes | 75 % ou moins | pas de réponse au 2e jour;avis;4693;4693;0,0;non
3b_effectifs;mono + small | sans_enseignes | 75 % ou moins | pas de réponse au 2e jour;fiches_touchees;43;43;0,0;non
3b_effectifs;mono + small | sans_enseignes | 75 % ou moins | pas de réponse au 2e jour;moins_de_5_suppressions;;;;non
3b_effectifs;mono + small | sans_enseignes | 75 % ou moins | pas de réponse au 2e jour;pour_10000;241;241;0,0;non
3b_effectifs;mono + small | sans_enseignes | 75 % ou moins | pas de réponse au 2e jour;suppressions_3_8;113;113;0,0;non
3b_effectifs;mono + small | sans_enseignes | plus de 75 % | 1 jour;avis;923;923;0,0;non
3b_effectifs;mono + small | sans_enseignes | plus de 75 % | 1 jour;fiches_touchees;16;16;0,0;non
3b_effectifs;mono + small | sans_enseignes | plus de 75 % | 1 jour;moins_de_5_suppressions;;;;non
3b_effectifs;mono + small | sans_enseignes | plus de 75 % | 1 jour;pour_10000;238;238;0,0;non
3b_effectifs;mono + small | sans_enseignes | plus de 75 % | 1 jour;suppressions_3_8;22;22;0,0;non
3b_effectifs;mono + small | sans_enseignes | plus de 75 % | 2 jours;avis;298;298;0,0;non
3b_effectifs;mono + small | sans_enseignes | plus de 75 % | 2 jours;fiches_touchees;4;4;0,0;non
3b_effectifs;mono + small | sans_enseignes | plus de 75 % | 2 jours;moins_de_5_suppressions;oui;oui;;non
3b_effectifs;mono + small | sans_enseignes | plus de 75 % | 2 jours;pour_10000;134;134;0,0;non
3b_effectifs;mono + small | sans_enseignes | plus de 75 % | 2 jours;suppressions_3_8;4;4;0,0;non
3b_effectifs;mono + small | sans_enseignes | plus de 75 % | jour même;avis;1435;1435;0,0;non
3b_effectifs;mono + small | sans_enseignes | plus de 75 % | jour même;fiches_touchees;24;24;0,0;non
3b_effectifs;mono + small | sans_enseignes | plus de 75 % | jour même;moins_de_5_suppressions;;;;non
3b_effectifs;mono + small | sans_enseignes | plus de 75 % | jour même;pour_10000;258;258;0,0;non
3b_effectifs;mono + small | sans_enseignes | plus de 75 % | jour même;suppressions_3_8;37;37;0,0;non
3b_effectifs;mono + small | sans_enseignes | plus de 75 % | pas de réponse au 2e jour;avis;1459;1459;0,0;non
3b_effectifs;mono + small | sans_enseignes | plus de 75 % | pas de réponse au 2e jour;fiches_touchees;27;27;0,0;non
3b_effectifs;mono + small | sans_enseignes | plus de 75 % | pas de réponse au 2e jour;moins_de_5_suppressions;;;;non
3b_effectifs;mono + small | sans_enseignes | plus de 75 % | pas de réponse au 2e jour;pour_10000;528;528;0,0;non
3b_effectifs;mono + small | sans_enseignes | plus de 75 % | pas de réponse au 2e jour;suppressions_3_8;77;77;0,0;non
3b_effectifs;mono + small | tous | 75 % ou moins | 1 jour;avis;202;202;0,0;non
3b_effectifs;mono + small | tous | 75 % ou moins | 1 jour;fiches_touchees;5;5;0,0;non
3b_effectifs;mono + small | tous | 75 % ou moins | 1 jour;moins_de_5_suppressions;;;;non
3b_effectifs;mono + small | tous | 75 % ou moins | 1 jour;pour_10000;495;495;0,0;non
3b_effectifs;mono + small | tous | 75 % ou moins | 1 jour;suppressions_3_8;10;10;0,0;non
3b_effectifs;mono + small | tous | 75 % ou moins | 2 jours;avis;96;96;0,0;non
3b_effectifs;mono + small | tous | 75 % ou moins | 2 jours;fiches_touchees;2;2;0,0;non
3b_effectifs;mono + small | tous | 75 % ou moins | 2 jours;moins_de_5_suppressions;oui;oui;;non
3b_effectifs;mono + small | tous | 75 % ou moins | 2 jours;pour_10000;208;208;0,0;non
3b_effectifs;mono + small | tous | 75 % ou moins | 2 jours;suppressions_3_8;2;2;0,0;non
3b_effectifs;mono + small | tous | 75 % ou moins | jour même;avis;223;223;0,0;non
3b_effectifs;mono + small | tous | 75 % ou moins | jour même;fiches_touchees;5;5;0,0;non
3b_effectifs;mono + small | tous | 75 % ou moins | jour même;moins_de_5_suppressions;;;;non
3b_effectifs;mono + small | tous | 75 % ou moins | jour même;pour_10000;628;628;0,0;non
3b_effectifs;mono + small | tous | 75 % ou moins | jour même;suppressions_3_8;14;14;0,0;non
3b_effectifs;mono + small | tous | 75 % ou moins | pas de réponse au 2e jour;avis;4693;4693;0,0;non
3b_effectifs;mono + small | tous | 75 % ou moins | pas de réponse au 2e jour;fiches_touchees;43;43;0,0;non
3b_effectifs;mono + small | tous | 75 % ou moins | pas de réponse au 2e jour;moins_de_5_suppressions;;;;non
3b_effectifs;mono + small | tous | 75 % ou moins | pas de réponse au 2e jour;pour_10000;241;241;0,0;non
3b_effectifs;mono + small | tous | 75 % ou moins | pas de réponse au 2e jour;suppressions_3_8;113;113;0,0;non
3b_effectifs;mono + small | tous | plus de 75 % | 1 jour;avis;923;923;0,0;non
3b_effectifs;mono + small | tous | plus de 75 % | 1 jour;fiches_touchees;16;16;0,0;non
3b_effectifs;mono + small | tous | plus de 75 % | 1 jour;moins_de_5_suppressions;;;;non
3b_effectifs;mono + small | tous | plus de 75 % | 1 jour;pour_10000;238;238;0,0;non
3b_effectifs;mono + small | tous | plus de 75 % | 1 jour;suppressions_3_8;22;22;0,0;non
3b_effectifs;mono + small | tous | plus de 75 % | 2 jours;avis;298;298;0,0;non
3b_effectifs;mono + small | tous | plus de 75 % | 2 jours;fiches_touchees;4;4;0,0;non
3b_effectifs;mono + small | tous | plus de 75 % | 2 jours;moins_de_5_suppressions;oui;oui;;non
3b_effectifs;mono + small | tous | plus de 75 % | 2 jours;pour_10000;134;134;0,0;non
3b_effectifs;mono + small | tous | plus de 75 % | 2 jours;suppressions_3_8;4;4;0,0;non
3b_effectifs;mono + small | tous | plus de 75 % | jour même;avis;1435;1435;0,0;non
3b_effectifs;mono + small | tous | plus de 75 % | jour même;fiches_touchees;24;24;0,0;non
3b_effectifs;mono + small | tous | plus de 75 % | jour même;moins_de_5_suppressions;;;;non
3b_effectifs;mono + small | tous | plus de 75 % | jour même;pour_10000;258;258;0,0;non
3b_effectifs;mono + small | tous | plus de 75 % | jour même;suppressions_3_8;37;37;0,0;non
3b_effectifs;mono + small | tous | plus de 75 % | pas de réponse au 2e jour;avis;1459;1459;0,0;non
3b_effectifs;mono + small | tous | plus de 75 % | pas de réponse au 2e jour;fiches_touchees;27;27;0,0;non
3b_effectifs;mono + small | tous | plus de 75 % | pas de réponse au 2e jour;moins_de_5_suppressions;;;;non
3b_effectifs;mono + small | tous | plus de 75 % | pas de réponse au 2e jour;pour_10000;528;528;0,0;non
3b_effectifs;mono + small | tous | plus de 75 % | pas de réponse au 2e jour;suppressions_3_8;77;77;0,0;non
3b_effectifs;small | tous | 75 % ou moins | 1 jour;avis;130;130;0,0;non
3b_effectifs;small | tous | 75 % ou moins | 1 jour;fiches_touchees;4;4;0,0;non
3b_effectifs;small | tous | 75 % ou moins | 1 jour;moins_de_5_suppressions;;;;non
3b_effectifs;small | tous | 75 % ou moins | 1 jour;pour_10000;692;692;0,0;non
3b_effectifs;small | tous | 75 % ou moins | 1 jour;suppressions_3_8;9;9;0,0;non
3b_effectifs;small | tous | 75 % ou moins | 2 jours;avis;50;50;0,0;non
3b_effectifs;small | tous | 75 % ou moins | 2 jours;fiches_touchees;1;1;0,0;non
3b_effectifs;small | tous | 75 % ou moins | 2 jours;moins_de_5_suppressions;oui;oui;;non
3b_effectifs;small | tous | 75 % ou moins | 2 jours;pour_10000;200;200;0,0;non
3b_effectifs;small | tous | 75 % ou moins | 2 jours;suppressions_3_8;1;1;0,0;non
3b_effectifs;small | tous | 75 % ou moins | jour même;avis;132;132;0,0;non
3b_effectifs;small | tous | 75 % ou moins | jour même;fiches_touchees;4;4;0,0;non
3b_effectifs;small | tous | 75 % ou moins | jour même;moins_de_5_suppressions;;;;non
3b_effectifs;small | tous | 75 % ou moins | jour même;pour_10000;985;985;0,0;non
3b_effectifs;small | tous | 75 % ou moins | jour même;suppressions_3_8;13;13;0,0;non
3b_effectifs;small | tous | 75 % ou moins | pas de réponse au 2e jour;avis;2478;2478;0,0;non
3b_effectifs;small | tous | 75 % ou moins | pas de réponse au 2e jour;fiches_touchees;19;19;0,0;non
3b_effectifs;small | tous | 75 % ou moins | pas de réponse au 2e jour;moins_de_5_suppressions;;;;non
3b_effectifs;small | tous | 75 % ou moins | pas de réponse au 2e jour;pour_10000;254;254;0,0;non
3b_effectifs;small | tous | 75 % ou moins | pas de réponse au 2e jour;suppressions_3_8;63;63;0,0;non
3b_effectifs;small | tous | plus de 75 % | 1 jour;avis;658;658;0,0;non
3b_effectifs;small | tous | plus de 75 % | 1 jour;fiches_touchees;11;11;0,0;non
3b_effectifs;small | tous | plus de 75 % | 1 jour;moins_de_5_suppressions;;;;non
3b_effectifs;small | tous | plus de 75 % | 1 jour;pour_10000;258;258;0,0;non
3b_effectifs;small | tous | plus de 75 % | 1 jour;suppressions_3_8;17;17;0,0;non
3b_effectifs;small | tous | plus de 75 % | 2 jours;avis;190;190;0,0;non
3b_effectifs;small | tous | plus de 75 % | 2 jours;fiches_touchees;3;3;0,0;non
3b_effectifs;small | tous | plus de 75 % | 2 jours;moins_de_5_suppressions;oui;oui;;non
3b_effectifs;small | tous | plus de 75 % | 2 jours;pour_10000;158;158;0,0;non
3b_effectifs;small | tous | plus de 75 % | 2 jours;suppressions_3_8;3;3;0,0;non
3b_effectifs;small | tous | plus de 75 % | jour même;avis;980;980;0,0;non
3b_effectifs;small | tous | plus de 75 % | jour même;fiches_touchees;19;19;0,0;non
3b_effectifs;small | tous | plus de 75 % | jour même;moins_de_5_suppressions;;;;non
3b_effectifs;small | tous | plus de 75 % | jour même;pour_10000;316;316;0,0;non
3b_effectifs;small | tous | plus de 75 % | jour même;suppressions_3_8;31;31;0,0;non
3b_effectifs;small | tous | plus de 75 % | pas de réponse au 2e jour;avis;890;890;0,0;non
3b_effectifs;small | tous | plus de 75 % | pas de réponse au 2e jour;fiches_touchees;20;20;0,0;non
3b_effectifs;small | tous | plus de 75 % | pas de réponse au 2e jour;moins_de_5_suppressions;;;;non
3b_effectifs;small | tous | plus de 75 % | pas de réponse au 2e jour;pour_10000;730;730;0,0;non
3b_effectifs;small | tous | plus de 75 % | pas de réponse au 2e jour;suppressions_3_8;65;65;0,0;non
3b_effets;large, sans_enseignes | fiche aux États-Unis;avis;3428;3428;0,0;non
3b_effets;large, sans_enseignes | fiche aux États-Unis;fourchette_basse;0.89;0.89;0,0;non
3b_effets;large, sans_enseignes | fiche aux États-Unis;fourchette_haute;4.43;4.43;0,0;non
3b_effets;large, sans_enseignes | fiche aux États-Unis;remarque;;;;non
3b_effets;large, sans_enseignes | fiche aux États-Unis;risque_relatif;1.98;1.98;0,0;non
3b_effets;large, sans_enseignes | fiche aux États-Unis;suppressions_3_8;62;62;0,0;non
3b_effets;large, sans_enseignes | fiche qui répond à plus de 75 %;avis;3662;3662;0,0;non
3b_effets;large, sans_enseignes | fiche qui répond à plus de 75 %;fourchette_basse;0.53;0.53;0,0;non
3b_effets;large, sans_enseignes | fiche qui répond à plus de 75 %;fourchette_haute;2.67;2.67;0,0;non
3b_effets;large, sans_enseignes | fiche qui répond à plus de 75 %;remarque;;;;non
3b_effets;large, sans_enseignes | fiche qui répond à plus de 75 %;risque_relatif;1.19;1.19;0,0;non
3b_effets;large, sans_enseignes | fiche qui répond à plus de 75 %;suppressions_3_8;50;50;0,0;non
3b_effets;large, sans_enseignes | note 1 ou 2 étoiles;avis;564;564;0,0;non
3b_effets;large, sans_enseignes | note 1 ou 2 étoiles;fourchette_basse;2.14;2.14;0,0;non
3b_effets;large, sans_enseignes | note 1 ou 2 étoiles;fourchette_haute;9.06;9.06;0,0;non
3b_effets;large, sans_enseignes | note 1 ou 2 étoiles;remarque;;;;non
3b_effets;large, sans_enseignes | note 1 ou 2 étoiles;risque_relatif;4.41;4.41;0,0;non
3b_effets;large, sans_enseignes | note 1 ou 2 étoiles;suppressions_3_8;31;31;0,0;non
3b_effets;large, sans_enseignes | note 3 ou 4 étoiles;avis;776;776;0,0;non
3b_effets;large, sans_enseignes | note 3 ou 4 étoiles;fourchette_basse;0.16;0.16;0,0;non
3b_effets;large, sans_enseignes | note 3 ou 4 étoiles;fourchette_haute;1.26;1.26;0,0;non
3b_effets;large, sans_enseignes | note 3 ou 4 étoiles;remarque;;;;non
3b_effets;large, sans_enseignes | note 3 ou 4 étoiles;risque_relatif;0.45;0.45;0,0;non
3b_effets;large, sans_enseignes | note 3 ou 4 étoiles;suppressions_3_8;4;4;0,0;non
3b_effets;large, sans_enseignes | réponse 1 jour, fiche qui répond à 75 % ou moins;avis;158;158;0,0;non
3b_effets;large, sans_enseignes | réponse 1 jour, fiche qui répond à 75 % ou moins;fourchette_basse;;;;non
3b_effets;large, sans_enseignes | réponse 1 jour, fiche qui répond à 75 % ou moins;fourchette_haute;;;;non
3b_effets;large, sans_enseignes | réponse 1 jour, fiche qui répond à 75 % ou moins;remarque;écartée : moins de 5 suppressions;écartée : moins de 5 suppressions;;non
3b_effets;large, sans_enseignes | réponse 1 jour, fiche qui répond à 75 % ou moins;risque_relatif;;;;non
3b_effets;large, sans_enseignes | réponse 1 jour, fiche qui répond à 75 % ou moins;suppressions_3_8;4;4;0,0;non
3b_effets;large, sans_enseignes | réponse 1 jour, fiche qui répond à plus de 75 %;avis;1244;1244;0,0;non
3b_effets;large, sans_enseignes | réponse 1 jour, fiche qui répond à plus de 75 %;fourchette_basse;0.2;0.2;0,0;non
3b_effets;large, sans_enseignes | réponse 1 jour, fiche qui répond à plus de 75 %;fourchette_haute;0.86;0.86;0,0;non
3b_effets;large, sans_enseignes | réponse 1 jour, fiche qui répond à plus de 75 %;remarque;;;;non
3b_effets;large, sans_enseignes | réponse 1 jour, fiche qui répond à plus de 75 %;risque_relatif;0.41;0.41;0,0;non
3b_effets;large, sans_enseignes | réponse 1 jour, fiche qui répond à plus de 75 %;suppressions_3_8;12;12;0,0;non
3b_effets;large, sans_enseignes | réponse 2 jours, fiche qui répond à 75 % ou moins;avis;46;46;0,0;non
3b_effets;large, sans_enseignes | réponse 2 jours, fiche qui répond à 75 % ou moins;fourchette_basse;;;;non
3b_effets;large, sans_enseignes | réponse 2 jours, fiche qui répond à 75 % ou moins;fourchette_haute;;;;non
3b_effets;large, sans_enseignes | réponse 2 jours, fiche qui répond à 75 % ou moins;remarque;écartée : moins de 5 suppressions;écartée : moins de 5 suppressions;;non
3b_effets;large, sans_enseignes | réponse 2 jours, fiche qui répond à 75 % ou moins;risque_relatif;;;;non
3b_effets;large, sans_enseignes | réponse 2 jours, fiche qui répond à 75 % ou moins;suppressions_3_8;2;2;0,0;non
3b_effets;large, sans_enseignes | réponse 2 jours, fiche qui répond à plus de 75 %;avis;472;472;0,0;non
3b_effets;large, sans_enseignes | réponse 2 jours, fiche qui répond à plus de 75 %;fourchette_basse;;;;non
3b_effets;large, sans_enseignes | réponse 2 jours, fiche qui répond à plus de 75 %;fourchette_haute;;;;non
3b_effets;large, sans_enseignes | réponse 2 jours, fiche qui répond à plus de 75 %;remarque;écartée : moins de 5 suppressions;écartée : moins de 5 suppressions;;non
3b_effets;large, sans_enseignes | réponse 2 jours, fiche qui répond à plus de 75 %;risque_relatif;;;;non
3b_effets;large, sans_enseignes | réponse 2 jours, fiche qui répond à plus de 75 %;suppressions_3_8;1;1;0,0;non
3b_effets;large, sans_enseignes | réponse jour même, fiche qui répond à 75 % ou moins;avis;116;116;0,0;non
3b_effets;large, sans_enseignes | réponse jour même, fiche qui répond à 75 % ou moins;fourchette_basse;;;;non
3b_effets;large, sans_enseignes | réponse jour même, fiche qui répond à 75 % ou moins;fourchette_haute;;;;non
3b_effets;large, sans_enseignes | réponse jour même, fiche qui répond à 75 % ou moins;remarque;écartée : moins de 5 suppressions;écartée : moins de 5 suppressions;;non
3b_effets;large, sans_enseignes | réponse jour même, fiche qui répond à 75 % ou moins;risque_relatif;;;;non
3b_effets;large, sans_enseignes | réponse jour même, fiche qui répond à 75 % ou moins;suppressions_3_8;1;1;0,0;non
3b_effets;large, sans_enseignes | réponse jour même, fiche qui répond à plus de 75 %;avis;1268;1268;0,0;non
3b_effets;large, sans_enseignes | réponse jour même, fiche qui répond à plus de 75 %;fourchette_basse;0.18;0.18;0,0;non
3b_effets;large, sans_enseignes | réponse jour même, fiche qui répond à plus de 75 %;fourchette_haute;1.07;1.07;0,0;non
3b_effets;large, sans_enseignes | réponse jour même, fiche qui répond à plus de 75 %;remarque;;;;non
3b_effets;large, sans_enseignes | réponse jour même, fiche qui répond à plus de 75 %;risque_relatif;0.44;0.44;0,0;non
3b_effets;large, sans_enseignes | réponse jour même, fiche qui répond à plus de 75 %;suppressions_3_8;13;13;0,0;non
3b_effets;large, sans_enseignes | total du passage;avis;5854;5854;0,0;non
3b_effets;large, sans_enseignes | total du passage;fourchette_basse;;;;non
3b_effets;large, sans_enseignes | total du passage;fourchette_haute;;;;non
3b_effets;large, sans_enseignes | total du passage;remarque;1314 fiches;1314 fiches;;non
3b_effets;large, sans_enseignes | total du passage;risque_relatif;;;;non
3b_effets;large, sans_enseignes | total du passage;suppressions_3_8;91;91;0,0;non
3b_effets;large, tous | fiche aux États-Unis;avis;4619;4619;0,0;non
3b_effets;large, tous | fiche aux États-Unis;fourchette_basse;2.42;2.42;0,0;non
3b_effets;large, tous | fiche aux États-Unis;fourchette_haute;9.72;9.72;0,0;non
3b_effets;large, tous | fiche aux États-Unis;remarque;;;;non
3b_effets;large, tous | fiche aux États-Unis;risque_relatif;4.85;4.85;0,0;non
3b_effets;large, tous | fiche aux États-Unis;suppressions_3_8;278;278;0,0;non
3b_effets;large, tous | fiche qui répond à plus de 75 %;avis;4089;4089;0,0;non
3b_effets;large, tous | fiche qui répond à plus de 75 %;fourchette_basse;0.24;0.24;0,0;non
3b_effets;large, tous | fiche qui répond à plus de 75 %;fourchette_haute;1.27;1.27;0,0;non
3b_effets;large, tous | fiche qui répond à plus de 75 %;remarque;;;;non
3b_effets;large, tous | fiche qui répond à plus de 75 %;risque_relatif;0.55;0.55;0,0;non
3b_effets;large, tous | fiche qui répond à plus de 75 %;suppressions_3_8;173;173;0,0;non
3b_effets;large, tous | note 1 ou 2 étoiles;avis;627;627;0,0;non
3b_effets;large, tous | note 1 ou 2 étoiles;fourchette_basse;0.93;0.93;0,0;non
3b_effets;large, tous | note 1 ou 2 étoiles;fourchette_haute;3.26;3.26;0,0;non
3b_effets;large, tous | note 1 ou 2 étoiles;remarque;;;;non
3b_effets;large, tous | note 1 ou 2 étoiles;risque_relatif;1.74;1.74;0,0;non
3b_effets;large, tous | note 1 ou 2 étoiles;suppressions_3_8;36;36;0,0;non
3b_effets;large, tous | note 3 ou 4 étoiles;avis;851;851;0,0;non
3b_effets;large, tous | note 3 ou 4 étoiles;fourchette_basse;0.23;0.23;0,0;non
3b_effets;large, tous | note 3 ou 4 étoiles;fourchette_haute;0.75;0.75;0,0;non
3b_effets;large, tous | note 3 ou 4 étoiles;remarque;;;;non
3b_effets;large, tous | note 3 ou 4 étoiles;risque_relatif;0.41;0.41;0,0;non
3b_effets;large, tous | note 3 ou 4 étoiles;suppressions_3_8;10;10;0,0;non
3b_effets;large, tous | réponse 1 jour, fiche qui répond à 75 % ou moins;avis;174;174;0,0;non
3b_effets;large, tous | réponse 1 jour, fiche qui répond à 75 % ou moins;fourchette_basse;0.42;0.42;0,0;non
3b_effets;large, tous | réponse 1 jour, fiche qui répond à 75 % ou moins;fourchette_haute;2.93;2.93;0,0;non
3b_effets;large, tous | réponse 1 jour, fiche qui répond à 75 % ou moins;remarque;;;;non
3b_effets;large, tous | réponse 1 jour, fiche qui répond à 75 % ou moins;risque_relatif;1.11;1.11;0,0;non
3b_effets;large, tous | réponse 1 jour, fiche qui répond à 75 % ou moins;suppressions_3_8;8;8;0,0;non
3b_effets;large, tous | réponse 1 jour, fiche qui répond à plus de 75 %;avis;1275;1275;0,0;non
3b_effets;large, tous | réponse 1 jour, fiche qui répond à plus de 75 %;fourchette_basse;0.29;0.29;0,0;non
3b_effets;large, tous | réponse 1 jour, fiche qui répond à plus de 75 %;fourchette_haute;1.12;1.12;0,0;non
3b_effets;large, tous | réponse 1 jour, fiche qui répond à plus de 75 %;remarque;;;;non
3b_effets;large, tous | réponse 1 jour, fiche qui répond à plus de 75 %;risque_relatif;0.57;0.57;0,0;non
3b_effets;large, tous | réponse 1 jour, fiche qui répond à plus de 75 %;suppressions_3_8;22;22;0,0;non
3b_effets;large, tous | réponse 2 jours, fiche qui répond à 75 % ou moins;avis;52;52;0,0;non
3b_effets;large, tous | réponse 2 jours, fiche qui répond à 75 % ou moins;fourchette_basse;;;;non
3b_effets;large, tous | réponse 2 jours, fiche qui répond à 75 % ou moins;fourchette_haute;;;;non
3b_effets;large, tous | réponse 2 jours, fiche qui répond à 75 % ou moins;remarque;écartée : moins de 5 suppressions;écartée : moins de 5 suppressions;;non
3b_effets;large, tous | réponse 2 jours, fiche qui répond à 75 % ou moins;risque_relatif;;;;non
3b_effets;large, tous | réponse 2 jours, fiche qui répond à 75 % ou moins;suppressions_3_8;2;2;0,0;non
3b_effets;large, tous | réponse 2 jours, fiche qui répond à plus de 75 %;avis;472;472;0,0;non
3b_effets;large, tous | réponse 2 jours, fiche qui répond à plus de 75 %;fourchette_basse;;;;non
3b_effets;large, tous | réponse 2 jours, fiche qui répond à plus de 75 %;fourchette_haute;;;;non
3b_effets;large, tous | réponse 2 jours, fiche qui répond à plus de 75 %;remarque;écartée : moins de 5 suppressions;écartée : moins de 5 suppressions;;non
3b_effets;large, tous | réponse 2 jours, fiche qui répond à plus de 75 %;risque_relatif;;;;non
3b_effets;large, tous | réponse 2 jours, fiche qui répond à plus de 75 %;suppressions_3_8;1;1;0,0;non
3b_effets;large, tous | réponse jour même, fiche qui répond à 75 % ou moins;avis;129;129;0,0;non
3b_effets;large, tous | réponse jour même, fiche qui répond à 75 % ou moins;fourchette_basse;;;;non
3b_effets;large, tous | réponse jour même, fiche qui répond à 75 % ou moins;fourchette_haute;;;;non
3b_effets;large, tous | réponse jour même, fiche qui répond à 75 % ou moins;remarque;écartée : moins de 5 suppressions;écartée : moins de 5 suppressions;;non
3b_effets;large, tous | réponse jour même, fiche qui répond à 75 % ou moins;risque_relatif;;;;non
3b_effets;large, tous | réponse jour même, fiche qui répond à 75 % ou moins;suppressions_3_8;4;4;0,0;non
3b_effets;large, tous | réponse jour même, fiche qui répond à plus de 75 %;avis;1657;1657;0,0;non
3b_effets;large, tous | réponse jour même, fiche qui répond à plus de 75 %;fourchette_basse;1.13;1.13;0,0;non
3b_effets;large, tous | réponse jour même, fiche qui répond à plus de 75 %;fourchette_haute;4.94;4.94;0,0;non
3b_effets;large, tous | réponse jour même, fiche qui répond à plus de 75 %;remarque;;;;non
3b_effets;large, tous | réponse jour même, fiche qui répond à plus de 75 %;risque_relatif;2.36;2.36;0,0;non
3b_effets;large, tous | réponse jour même, fiche qui répond à plus de 75 %;suppressions_3_8;125;125;0,0;non
3b_effets;large, tous | total du passage;avis;7139;7139;0,0;non
3b_effets;large, tous | total du passage;fourchette_basse;;;;non
3b_effets;large, tous | total du passage;fourchette_haute;;;;non
3b_effets;large, tous | total du passage;remarque;1434 fiches;1434 fiches;;non
3b_effets;large, tous | total du passage;risque_relatif;;;;non
3b_effets;large, tous | total du passage;suppressions_3_8;307;307;0,0;non
3b_effets;mono + small, sans_enseignes | fiche aux États-Unis;avis;4539;4539;0,0;non
3b_effets;mono + small, sans_enseignes | fiche aux États-Unis;fourchette_basse;1.17;1.17;0,0;non
3b_effets;mono + small, sans_enseignes | fiche aux États-Unis;fourchette_haute;4.28;4.28;0,0;non
3b_effets;mono + small, sans_enseignes | fiche aux États-Unis;remarque;;;;non
3b_effets;mono + small, sans_enseignes | fiche aux États-Unis;risque_relatif;2.24;2.24;0,0;non
3b_effets;mono + small, sans_enseignes | fiche aux États-Unis;suppressions_3_8;190;190;0,0;non
3b_effets;mono + small, sans_enseignes | fiche qui répond à plus de 75 %;avis;3817;3817;0,0;non
3b_effets;mono + small, sans_enseignes | fiche qui répond à plus de 75 %;fourchette_basse;1.0;1.0;0,0;non
3b_effets;mono + small, sans_enseignes | fiche qui répond à plus de 75 %;fourchette_haute;4.1;4.1;0,0;non
3b_effets;mono + small, sans_enseignes | fiche qui répond à plus de 75 %;remarque;;;;non
3b_effets;mono + small, sans_enseignes | fiche qui répond à plus de 75 %;risque_relatif;2.02;2.02;0,0;non
3b_effets;mono + small, sans_enseignes | fiche qui répond à plus de 75 %;suppressions_3_8;136;136;0,0;non
3b_effets;mono + small, sans_enseignes | note 1 ou 2 étoiles;avis;738;738;0,0;non
3b_effets;mono + small, sans_enseignes | note 1 ou 2 étoiles;fourchette_basse;1.05;1.05;0,0;non
3b_effets;mono + small, sans_enseignes | note 1 ou 2 étoiles;fourchette_haute;3.38;3.38;0,0;non
3b_effets;mono + small, sans_enseignes | note 1 ou 2 étoiles;remarque;;;;non
3b_effets;mono + small, sans_enseignes | note 1 ou 2 étoiles;risque_relatif;1.89;1.89;0,0;non
3b_effets;mono + small, sans_enseignes | note 1 ou 2 étoiles;suppressions_3_8;40;40;0,0;non
3b_effets;mono + small, sans_enseignes | note 3 ou 4 étoiles;avis;1055;1055;0,0;non
3b_effets;mono + small, sans_enseignes | note 3 ou 4 étoiles;fourchette_basse;0.19;0.19;0,0;non
3b_effets;mono + small, sans_enseignes | note 3 ou 4 étoiles;fourchette_haute;0.84;0.84;0,0;non
3b_effets;mono + small, sans_enseignes | note 3 ou 4 étoiles;remarque;;;;non
3b_effets;mono + small, sans_enseignes | note 3 ou 4 étoiles;risque_relatif;0.4;0.4;0,0;non
3b_effets;mono + small, sans_enseignes | note 3 ou 4 étoiles;suppressions_3_8;11;11;0,0;non
3b_effets;mono + small, sans_enseignes | réponse 1 jour, fiche qui répond à 75 % ou moins;avis;202;202;0,0;non
3b_effets;mono + small, sans_enseignes | réponse 1 jour, fiche qui répond à 75 % ou moins;fourchette_basse;0.7;0.7;0,0;non
3b_effets;mono + small, sans_enseignes | réponse 1 jour, fiche qui répond à 75 % ou moins;fourchette_haute;6.77;6.77;0,0;non
3b_effets;mono + small, sans_enseignes | réponse 1 jour, fiche qui répond à 75 % ou moins;remarque;;;;non
3b_effets;mono + small, sans_enseignes | réponse 1 jour, fiche qui répond à 75 % ou moins;risque_relatif;2.17;2.17;0,0;non
3b_effets;mono + small, sans_enseignes | réponse 1 jour, fiche qui répond à 75 % ou moins;suppressions_3_8;10;10;0,0;non
3b_effets;mono + small, sans_enseignes | réponse 1 jour, fiche qui répond à plus de 75 %;avis;923;923;0,0;non
3b_effets;mono + small, sans_enseignes | réponse 1 jour, fiche qui répond à plus de 75 %;fourchette_basse;0.23;0.23;0,0;non
3b_effets;mono + small, sans_enseignes | réponse 1 jour, fiche qui répond à plus de 75 %;fourchette_haute;0.92;0.92;0,0;non
3b_effets;mono + small, sans_enseignes | réponse 1 jour, fiche qui répond à plus de 75 %;remarque;;;;non
3b_effets;mono + small, sans_enseignes | réponse 1 jour, fiche qui répond à plus de 75 %;risque_relatif;0.46;0.46;0,0;non
3b_effets;mono + small, sans_enseignes | réponse 1 jour, fiche qui répond à plus de 75 %;suppressions_3_8;22;22;0,0;non
3b_effets;mono + small, sans_enseignes | réponse 2 jours, fiche qui répond à 75 % ou moins;avis;96;96;0,0;non
3b_effets;mono + small, sans_enseignes | réponse 2 jours, fiche qui répond à 75 % ou moins;fourchette_basse;;;;non
3b_effets;mono + small, sans_enseignes | réponse 2 jours, fiche qui répond à 75 % ou moins;fourchette_haute;;;;non
3b_effets;mono + small, sans_enseignes | réponse 2 jours, fiche qui répond à 75 % ou moins;remarque;écartée : moins de 5 suppressions;écartée : moins de 5 suppressions;;non
3b_effets;mono + small, sans_enseignes | réponse 2 jours, fiche qui répond à 75 % ou moins;risque_relatif;;;;non
3b_effets;mono + small, sans_enseignes | réponse 2 jours, fiche qui répond à 75 % ou moins;suppressions_3_8;2;2;0,0;non
3b_effets;mono + small, sans_enseignes | réponse 2 jours, fiche qui répond à plus de 75 %;avis;298;298;0,0;non
3b_effets;mono + small, sans_enseignes | réponse 2 jours, fiche qui répond à plus de 75 %;fourchette_basse;;;;non
3b_effets;mono + small, sans_enseignes | réponse 2 jours, fiche qui répond à plus de 75 %;fourchette_haute;;;;non
3b_effets;mono + small, sans_enseignes | réponse 2 jours, fiche qui répond à plus de 75 %;remarque;écartée : moins de 5 suppressions;écartée : moins de 5 suppressions;;non
3b_effets;mono + small, sans_enseignes | réponse 2 jours, fiche qui répond à plus de 75 %;risque_relatif;;;;non
3b_effets;mono + small, sans_enseignes | réponse 2 jours, fiche qui répond à plus de 75 %;suppressions_3_8;4;4;0,0;non
3b_effets;mono + small, sans_enseignes | réponse jour même, fiche qui répond à 75 % ou moins;avis;223;223;0,0;non
3b_effets;mono + small, sans_enseignes | réponse jour même, fiche qui répond à 75 % ou moins;fourchette_basse;0.93;0.93;0,0;non
3b_effets;mono + small, sans_enseignes | réponse jour même, fiche qui répond à 75 % ou moins;fourchette_haute;6.46;6.46;0,0;non
3b_effets;mono + small, sans_enseignes | réponse jour même, fiche qui répond à 75 % ou moins;remarque;;;;non
3b_effets;mono + small, sans_enseignes | réponse jour même, fiche qui répond à 75 % ou moins;risque_relatif;2.45;2.45;0,0;non
3b_effets;mono + small, sans_enseignes | réponse jour même, fiche qui répond à 75 % ou moins;suppressions_3_8;14;14;0,0;non
3b_effets;mono + small, sans_enseignes | réponse jour même, fiche qui répond à plus de 75 %;avis;1435;1435;0,0;non
3b_effets;mono + small, sans_enseignes | réponse jour même, fiche qui répond à plus de 75 %;fourchette_basse;0.22;0.22;0,0;non
3b_effets;mono + small, sans_enseignes | réponse jour même, fiche qui répond à plus de 75 %;fourchette_haute;0.79;0.79;0,0;non
3b_effets;mono + small, sans_enseignes | réponse jour même, fiche qui répond à plus de 75 %;remarque;;;;non
3b_effets;mono + small, sans_enseignes | réponse jour même, fiche qui répond à plus de 75 %;risque_relatif;0.41;0.41;0,0;non
3b_effets;mono + small, sans_enseignes | réponse jour même, fiche qui répond à plus de 75 %;suppressions_3_8;37;37;0,0;non
3b_effets;mono + small, sans_enseignes | total du passage;avis;8935;8935;0,0;non
3b_effets;mono + small, sans_enseignes | total du passage;fourchette_basse;;;;non
3b_effets;mono + small, sans_enseignes | total du passage;fourchette_haute;;;;non
3b_effets;mono + small, sans_enseignes | total du passage;remarque;2455 fiches;2455 fiches;;non
3b_effets;mono + small, sans_enseignes | total du passage;risque_relatif;;;;non
3b_effets;mono + small, sans_enseignes | total du passage;suppressions_3_8;273;273;0,0;non
3b_effets;mono + small, tous | fiche aux États-Unis;avis;4539;4539;0,0;non
3b_effets;mono + small, tous | fiche aux États-Unis;fourchette_basse;1.17;1.17;0,0;non
3b_effets;mono + small, tous | fiche aux États-Unis;fourchette_haute;4.28;4.28;0,0;non
3b_effets;mono + small, tous | fiche aux États-Unis;remarque;;;;non
3b_effets;mono + small, tous | fiche aux États-Unis;risque_relatif;2.24;2.24;0,0;non
3b_effets;mono + small, tous | fiche aux États-Unis;suppressions_3_8;190;190;0,0;non
3b_effets;mono + small, tous | fiche qui répond à plus de 75 %;avis;3817;3817;0,0;non
3b_effets;mono + small, tous | fiche qui répond à plus de 75 %;fourchette_basse;1.0;1.0;0,0;non
3b_effets;mono + small, tous | fiche qui répond à plus de 75 %;fourchette_haute;4.1;4.1;0,0;non
3b_effets;mono + small, tous | fiche qui répond à plus de 75 %;remarque;;;;non
3b_effets;mono + small, tous | fiche qui répond à plus de 75 %;risque_relatif;2.02;2.02;0,0;non
3b_effets;mono + small, tous | fiche qui répond à plus de 75 %;suppressions_3_8;136;136;0,0;non
3b_effets;mono + small, tous | note 1 ou 2 étoiles;avis;738;738;0,0;non
3b_effets;mono + small, tous | note 1 ou 2 étoiles;fourchette_basse;1.05;1.05;0,0;non
3b_effets;mono + small, tous | note 1 ou 2 étoiles;fourchette_haute;3.38;3.38;0,0;non
3b_effets;mono + small, tous | note 1 ou 2 étoiles;remarque;;;;non
3b_effets;mono + small, tous | note 1 ou 2 étoiles;risque_relatif;1.89;1.89;0,0;non
3b_effets;mono + small, tous | note 1 ou 2 étoiles;suppressions_3_8;40;40;0,0;non
3b_effets;mono + small, tous | note 3 ou 4 étoiles;avis;1055;1055;0,0;non
3b_effets;mono + small, tous | note 3 ou 4 étoiles;fourchette_basse;0.19;0.19;0,0;non
3b_effets;mono + small, tous | note 3 ou 4 étoiles;fourchette_haute;0.84;0.84;0,0;non
3b_effets;mono + small, tous | note 3 ou 4 étoiles;remarque;;;;non
3b_effets;mono + small, tous | note 3 ou 4 étoiles;risque_relatif;0.4;0.4;0,0;non
3b_effets;mono + small, tous | note 3 ou 4 étoiles;suppressions_3_8;11;11;0,0;non
3b_effets;mono + small, tous | réponse 1 jour, fiche qui répond à 75 % ou moins;avis;202;202;0,0;non
3b_effets;mono + small, tous | réponse 1 jour, fiche qui répond à 75 % ou moins;fourchette_basse;0.7;0.7;0,0;non
3b_effets;mono + small, tous | réponse 1 jour, fiche qui répond à 75 % ou moins;fourchette_haute;6.77;6.77;0,0;non
3b_effets;mono + small, tous | réponse 1 jour, fiche qui répond à 75 % ou moins;remarque;;;;non
3b_effets;mono + small, tous | réponse 1 jour, fiche qui répond à 75 % ou moins;risque_relatif;2.17;2.17;0,0;non
3b_effets;mono + small, tous | réponse 1 jour, fiche qui répond à 75 % ou moins;suppressions_3_8;10;10;0,0;non
3b_effets;mono + small, tous | réponse 1 jour, fiche qui répond à plus de 75 %;avis;923;923;0,0;non
3b_effets;mono + small, tous | réponse 1 jour, fiche qui répond à plus de 75 %;fourchette_basse;0.23;0.23;0,0;non
3b_effets;mono + small, tous | réponse 1 jour, fiche qui répond à plus de 75 %;fourchette_haute;0.92;0.92;0,0;non
3b_effets;mono + small, tous | réponse 1 jour, fiche qui répond à plus de 75 %;remarque;;;;non
3b_effets;mono + small, tous | réponse 1 jour, fiche qui répond à plus de 75 %;risque_relatif;0.46;0.46;0,0;non
3b_effets;mono + small, tous | réponse 1 jour, fiche qui répond à plus de 75 %;suppressions_3_8;22;22;0,0;non
3b_effets;mono + small, tous | réponse 2 jours, fiche qui répond à 75 % ou moins;avis;96;96;0,0;non
3b_effets;mono + small, tous | réponse 2 jours, fiche qui répond à 75 % ou moins;fourchette_basse;;;;non
3b_effets;mono + small, tous | réponse 2 jours, fiche qui répond à 75 % ou moins;fourchette_haute;;;;non
3b_effets;mono + small, tous | réponse 2 jours, fiche qui répond à 75 % ou moins;remarque;écartée : moins de 5 suppressions;écartée : moins de 5 suppressions;;non
3b_effets;mono + small, tous | réponse 2 jours, fiche qui répond à 75 % ou moins;risque_relatif;;;;non
3b_effets;mono + small, tous | réponse 2 jours, fiche qui répond à 75 % ou moins;suppressions_3_8;2;2;0,0;non
3b_effets;mono + small, tous | réponse 2 jours, fiche qui répond à plus de 75 %;avis;298;298;0,0;non
3b_effets;mono + small, tous | réponse 2 jours, fiche qui répond à plus de 75 %;fourchette_basse;;;;non
3b_effets;mono + small, tous | réponse 2 jours, fiche qui répond à plus de 75 %;fourchette_haute;;;;non
3b_effets;mono + small, tous | réponse 2 jours, fiche qui répond à plus de 75 %;remarque;écartée : moins de 5 suppressions;écartée : moins de 5 suppressions;;non
3b_effets;mono + small, tous | réponse 2 jours, fiche qui répond à plus de 75 %;risque_relatif;;;;non
3b_effets;mono + small, tous | réponse 2 jours, fiche qui répond à plus de 75 %;suppressions_3_8;4;4;0,0;non
3b_effets;mono + small, tous | réponse jour même, fiche qui répond à 75 % ou moins;avis;223;223;0,0;non
3b_effets;mono + small, tous | réponse jour même, fiche qui répond à 75 % ou moins;fourchette_basse;0.93;0.93;0,0;non
3b_effets;mono + small, tous | réponse jour même, fiche qui répond à 75 % ou moins;fourchette_haute;6.46;6.46;0,0;non
3b_effets;mono + small, tous | réponse jour même, fiche qui répond à 75 % ou moins;remarque;;;;non
3b_effets;mono + small, tous | réponse jour même, fiche qui répond à 75 % ou moins;risque_relatif;2.45;2.45;0,0;non
3b_effets;mono + small, tous | réponse jour même, fiche qui répond à 75 % ou moins;suppressions_3_8;14;14;0,0;non
3b_effets;mono + small, tous | réponse jour même, fiche qui répond à plus de 75 %;avis;1435;1435;0,0;non
3b_effets;mono + small, tous | réponse jour même, fiche qui répond à plus de 75 %;fourchette_basse;0.22;0.22;0,0;non
3b_effets;mono + small, tous | réponse jour même, fiche qui répond à plus de 75 %;fourchette_haute;0.79;0.79;0,0;non
3b_effets;mono + small, tous | réponse jour même, fiche qui répond à plus de 75 %;remarque;;;;non
3b_effets;mono + small, tous | réponse jour même, fiche qui répond à plus de 75 %;risque_relatif;0.41;0.41;0,0;non
3b_effets;mono + small, tous | réponse jour même, fiche qui répond à plus de 75 %;suppressions_3_8;37;37;0,0;non
3b_effets;mono + small, tous | total du passage;avis;8935;8935;0,0;non
3b_effets;mono + small, tous | total du passage;fourchette_basse;;;;non
3b_effets;mono + small, tous | total du passage;fourchette_haute;;;;non
3b_effets;mono + small, tous | total du passage;remarque;2455 fiches;2455 fiches;;non
3b_effets;mono + small, tous | total du passage;risque_relatif;;;;non
3b_effets;mono + small, tous | total du passage;suppressions_3_8;273;273;0,0;non
3b_effets;mono, tous | fiche aux États-Unis;avis;1764;1764;0,0;non
3b_effets;mono, tous | fiche aux États-Unis;fourchette_basse;0.53;0.53;0,0;non
3b_effets;mono, tous | fiche aux États-Unis;fourchette_haute;2.65;2.65;0,0;non
3b_effets;mono, tous | fiche aux États-Unis;remarque;;;;non
3b_effets;mono, tous | fiche aux États-Unis;risque_relatif;1.18;1.18;0,0;non
3b_effets;mono, tous | fiche aux États-Unis;suppressions_3_8;39;39;0,0;non
3b_effets;mono, tous | fiche qui répond à plus de 75 %;avis;1289;1289;0,0;non
3b_effets;mono, tous | fiche qui répond à plus de 75 %;fourchette_basse;0.33;0.33;0,0;non
3b_effets;mono, tous | fiche qui répond à plus de 75 %;fourchette_haute;2.43;2.43;0,0;non
3b_effets;mono, tous | fiche qui répond à plus de 75 %;remarque;;;;non
3b_effets;mono, tous | fiche qui répond à plus de 75 %;risque_relatif;0.9;0.9;0,0;non
3b_effets;mono, tous | fiche qui répond à plus de 75 %;suppressions_3_8;23;23;0,0;non
3b_effets;mono, tous | note 1 ou 2 étoiles;avis;242;242;0,0;non
3b_effets;mono, tous | note 1 ou 2 étoiles;fourchette_basse;0.76;0.76;0,0;non
3b_effets;mono, tous | note 1 ou 2 étoiles;fourchette_haute;4.22;4.22;0,0;non
3b_effets;mono, tous | note 1 ou 2 étoiles;remarque;;;;non
3b_effets;mono, tous | note 1 ou 2 étoiles;risque_relatif;1.79;1.79;0,0;non
3b_effets;mono, tous | note 1 ou 2 étoiles;suppressions_3_8;9;9;0,0;non
3b_effets;mono, tous | note 3 ou 4 étoiles;avis;366;366;0,0;non
3b_effets;mono, tous | note 3 ou 4 étoiles;fourchette_basse;0.11;0.11;0,0;non
3b_effets;mono, tous | note 3 ou 4 étoiles;fourchette_haute;1.35;1.35;0,0;non
3b_effets;mono, tous | note 3 ou 4 étoiles;remarque;;;;non
3b_effets;mono, tous | note 3 ou 4 étoiles;risque_relatif;0.38;0.38;0,0;non
3b_effets;mono, tous | note 3 ou 4 étoiles;suppressions_3_8;3;3;0,0;non
3b_effets;mono, tous | réponse 1 jour, fiche qui répond à 75 % ou moins;avis;72;72;0,0;non
3b_effets;mono, tous | réponse 1 jour, fiche qui répond à 75 % ou moins;fourchette_basse;;;;non
3b_effets;mono, tous | réponse 1 jour, fiche qui répond à 75 % ou moins;fourchette_haute;;;;non
3b_effets;mono, tous | réponse 1 jour, fiche qui répond à 75 % ou moins;remarque;écartée : moins de 5 suppressions;écartée : moins de 5 suppressions;;non
3b_effets;mono, tous | réponse 1 jour, fiche qui répond à 75 % ou moins;risque_relatif;;;;non
3b_effets;mono, tous | réponse 1 jour, fiche qui répond à 75 % ou moins;suppressions_3_8;1;1;0,0;non
3b_effets;mono, tous | réponse 1 jour, fiche qui répond à plus de 75 %;avis;265;265;0,0;non
3b_effets;mono, tous | réponse 1 jour, fiche qui répond à plus de 75 %;fourchette_basse;0.26;0.26;0,0;non
3b_effets;mono, tous | réponse 1 jour, fiche qui répond à plus de 75 %;fourchette_haute;3.09;3.09;0,0;non
3b_effets;mono, tous | réponse 1 jour, fiche qui répond à plus de 75 %;remarque;;;;non
3b_effets;mono, tous | réponse 1 jour, fiche qui répond à plus de 75 %;risque_relatif;0.9;0.9;0,0;non
3b_effets;mono, tous | réponse 1 jour, fiche qui répond à plus de 75 %;suppressions_3_8;5;5;0,0;non
3b_effets;mono, tous | réponse 2 jours, fiche qui répond à 75 % ou moins;avis;46;46;0,0;non
3b_effets;mono, tous | réponse 2 jours, fiche qui répond à 75 % ou moins;fourchette_basse;;;;non
3b_effets;mono, tous | réponse 2 jours, fiche qui répond à 75 % ou moins;fourchette_haute;;;;non
3b_effets;mono, tous | réponse 2 jours, fiche qui répond à 75 % ou moins;remarque;écartée : moins de 5 suppressions;écartée : moins de 5 suppressions;;non
3b_effets;mono, tous | réponse 2 jours, fiche qui répond à 75 % ou moins;risque_relatif;;;;non
3b_effets;mono, tous | réponse 2 jours, fiche qui répond à 75 % ou moins;suppressions_3_8;1;1;0,0;non
3b_effets;mono, tous | réponse 2 jours, fiche qui répond à plus de 75 %;avis;108;108;0,0;non
3b_effets;mono, tous | réponse 2 jours, fiche qui répond à plus de 75 %;fourchette_basse;;;;non
3b_effets;mono, tous | réponse 2 jours, fiche qui répond à plus de 75 %;fourchette_haute;;;;non
3b_effets;mono, tous | réponse 2 jours, fiche qui répond à plus de 75 %;remarque;écartée : moins de 5 suppressions;écartée : moins de 5 suppressions;;non
3b_effets;mono, tous | réponse 2 jours, fiche qui répond à plus de 75 %;risque_relatif;;;;non
3b_effets;mono, tous | réponse 2 jours, fiche qui répond à plus de 75 %;suppressions_3_8;1;1;0,0;non
3b_effets;mono, tous | réponse jour même, fiche qui répond à 75 % ou moins;avis;91;91;0,0;non
3b_effets;mono, tous | réponse jour même, fiche qui répond à 75 % ou moins;fourchette_basse;;;;non
3b_effets;mono, tous | réponse jour même, fiche qui répond à 75 % ou moins;fourchette_haute;;;;non
3b_effets;mono, tous | réponse jour même, fiche qui répond à 75 % ou moins;remarque;écartée : moins de 5 suppressions;écartée : moins de 5 suppressions;;non
3b_effets;mono, tous | réponse jour même, fiche qui répond à 75 % ou moins;risque_relatif;;;;non
3b_effets;mono, tous | réponse jour même, fiche qui répond à 75 % ou moins;suppressions_3_8;1;1;0,0;non
3b_effets;mono, tous | réponse jour même, fiche qui répond à plus de 75 %;avis;455;455;0,0;non
3b_effets;mono, tous | réponse jour même, fiche qui répond à plus de 75 %;fourchette_basse;0.16;0.16;0,0;non
3b_effets;mono, tous | réponse jour même, fiche qui répond à plus de 75 %;fourchette_haute;2.21;2.21;0,0;non
3b_effets;mono, tous | réponse jour même, fiche qui répond à plus de 75 %;remarque;;;;non
3b_effets;mono, tous | réponse jour même, fiche qui répond à plus de 75 %;risque_relatif;0.6;0.6;0,0;non
3b_effets;mono, tous | réponse jour même, fiche qui répond à plus de 75 %;suppressions_3_8;6;6;0,0;non
3b_effets;mono, tous | total du passage;avis;3504;3504;0,0;non
3b_effets;mono, tous | total du passage;fourchette_basse;;;;non
3b_effets;mono, tous | total du passage;fourchette_haute;;;;non
3b_effets;mono, tous | total du passage;remarque;1163 fiches;1163 fiches;;non
3b_effets;mono, tous | total du passage;risque_relatif;;;;non
3b_effets;mono, tous | total du passage;suppressions_3_8;73;73;0,0;non
3b_effets;small, tous | fiche aux États-Unis;avis;2689;2689;0,0;non
3b_effets;small, tous | fiche aux États-Unis;fourchette_basse;1.24;1.24;0,0;non
3b_effets;small, tous | fiche aux États-Unis;fourchette_haute;7.51;7.51;0,0;non
3b_effets;small, tous | fiche aux États-Unis;remarque;;;;non
3b_effets;small, tous | fiche aux États-Unis;risque_relatif;3.06;3.06;0,0;non
3b_effets;small, tous | fiche aux États-Unis;suppressions_3_8;149;149;0,0;non
3b_effets;small, tous | fiche qui répond à plus de 75 %;avis;2528;2528;0,0;non
3b_effets;small, tous | fiche qui répond à plus de 75 %;fourchette_basse;1.04;1.04;0,0;non
3b_effets;small, tous | fiche qui répond à plus de 75 %;fourchette_haute;6.75;6.75;0,0;non
3b_effets;small, tous | fiche qui répond à plus de 75 %;remarque;;;;non
3b_effets;small, tous | fiche qui répond à plus de 75 %;risque_relatif;2.65;2.65;0,0;non
3b_effets;small, tous | fiche qui répond à plus de 75 %;suppressions_3_8;113;113;0,0;non
3b_effets;small, tous | note 1 ou 2 étoiles;avis;477;477;0,0;non
3b_effets;small, tous | note 1 ou 2 étoiles;fourchette_basse;0.88;0.88;0,0;non
3b_effets;small, tous | note 1 ou 2 étoiles;fourchette_haute;3.79;3.79;0,0;non
3b_effets;small, tous | note 1 ou 2 étoiles;remarque;;;;non
3b_effets;small, tous | note 1 ou 2 étoiles;risque_relatif;1.82;1.82;0,0;non
3b_effets;small, tous | note 1 ou 2 étoiles;suppressions_3_8;31;31;0,0;non
3b_effets;small, tous | note 3 ou 4 étoiles;avis;676;676;0,0;non
3b_effets;small, tous | note 3 ou 4 étoiles;fourchette_basse;0.16;0.16;0,0;non
3b_effets;small, tous | note 3 ou 4 étoiles;fourchette_haute;0.98;0.98;0,0;non
3b_effets;small, tous | note 3 ou 4 étoiles;remarque;;;;non
3b_effets;small, tous | note 3 ou 4 étoiles;risque_relatif;0.39;0.39;0,0;non
3b_effets;small, tous | note 3 ou 4 étoiles;suppressions_3_8;8;8;0,0;non
3b_effets;small, tous | réponse 1 jour, fiche qui répond à 75 % ou moins;avis;130;130;0,0;non
3b_effets;small, tous | réponse 1 jour, fiche qui répond à 75 % ou moins;fourchette_basse;0.92;0.92;0,0;non
3b_effets;small, tous | réponse 1 jour, fiche qui répond à 75 % ou moins;fourchette_haute;12.7;12.7;0,0;non
3b_effets;small, tous | réponse 1 jour, fiche qui répond à 75 % ou moins;remarque;;;;non
3b_effets;small, tous | réponse 1 jour, fiche qui répond à 75 % ou moins;risque_relatif;3.41;3.41;0,0;non
3b_effets;small, tous | réponse 1 jour, fiche qui répond à 75 % ou moins;suppressions_3_8;9;9;0,0;non
3b_effets;small, tous | réponse 1 jour, fiche qui répond à plus de 75 %;avis;658;658;0,0;non
3b_effets;small, tous | réponse 1 jour, fiche qui répond à plus de 75 %;fourchette_basse;0.16;0.16;0,0;non
3b_effets;small, tous | réponse 1 jour, fiche qui répond à plus de 75 %;fourchette_haute;0.83;0.83;0,0;non
3b_effets;small, tous | réponse 1 jour, fiche qui répond à plus de 75 %;remarque;;;;non
3b_effets;small, tous | réponse 1 jour, fiche qui répond à plus de 75 %;risque_relatif;0.36;0.36;0,0;non
3b_effets;small, tous | réponse 1 jour, fiche qui répond à plus de 75 %;suppressions_3_8;17;17;0,0;non
3b_effets;small, tous | réponse 2 jours, fiche qui répond à 75 % ou moins;avis;50;50;0,0;non
3b_effets;small, tous | réponse 2 jours, fiche qui répond à 75 % ou moins;fourchette_basse;;;;non
3b_effets;small, tous | réponse 2 jours, fiche qui répond à 75 % ou moins;fourchette_haute;;;;non
3b_effets;small, tous | réponse 2 jours, fiche qui répond à 75 % ou moins;remarque;écartée : moins de 5 suppressions;écartée : moins de 5 suppressions;;non
3b_effets;small, tous | réponse 2 jours, fiche qui répond à 75 % ou moins;risque_relatif;;;;non
3b_effets;small, tous | réponse 2 jours, fiche qui répond à 75 % ou moins;suppressions_3_8;1;1;0,0;non
3b_effets;small, tous | réponse 2 jours, fiche qui répond à plus de 75 %;avis;190;190;0,0;non
3b_effets;small, tous | réponse 2 jours, fiche qui répond à plus de 75 %;fourchette_basse;;;;non
3b_effets;small, tous | réponse 2 jours, fiche qui répond à plus de 75 %;fourchette_haute;;;;non
3b_effets;small, tous | réponse 2 jours, fiche qui répond à plus de 75 %;remarque;écartée : moins de 5 suppressions;écartée : moins de 5 suppressions;;non
3b_effets;small, tous | réponse 2 jours, fiche qui répond à plus de 75 %;risque_relatif;;;;non
3b_effets;small, tous | réponse 2 jours, fiche qui répond à plus de 75 %;suppressions_3_8;3;3;0,0;non
3b_effets;small, tous | réponse jour même, fiche qui répond à 75 % ou moins;avis;132;132;0,0;non
3b_effets;small, tous | réponse jour même, fiche qui répond à 75 % ou moins;fourchette_basse;1.59;1.59;0,0;non
3b_effets;small, tous | réponse jour même, fiche qui répond à 75 % ou moins;fourchette_haute;9.17;9.17;0,0;non
3b_effets;small, tous | réponse jour même, fiche qui répond à 75 % ou moins;remarque;;;;non
3b_effets;small, tous | réponse jour même, fiche qui répond à 75 % ou moins;risque_relatif;3.82;3.82;0,0;non
3b_effets;small, tous | réponse jour même, fiche qui répond à 75 % ou moins;suppressions_3_8;13;13;0,0;non
3b_effets;small, tous | réponse jour même, fiche qui répond à plus de 75 %;avis;980;980;0,0;non
3b_effets;small, tous | réponse jour même, fiche qui répond à plus de 75 %;fourchette_basse;0.16;0.16;0,0;non
3b_effets;small, tous | réponse jour même, fiche qui répond à plus de 75 %;fourchette_haute;0.71;0.71;0,0;non
3b_effets;small, tous | réponse jour même, fiche qui répond à plus de 75 %;remarque;;;;non
3b_effets;small, tous | réponse jour même, fiche qui répond à plus de 75 %;risque_relatif;0.34;0.34;0,0;non
3b_effets;small, tous | réponse jour même, fiche qui répond à plus de 75 %;suppressions_3_8;31;31;0,0;non
3b_effets;small, tous | total du passage;avis;5268;5268;0,0;non
3b_effets;small, tous | total du passage;fourchette_basse;;;;non
3b_effets;small, tous | total du passage;fourchette_haute;;;;non
3b_effets;small, tous | total du passage;remarque;1251 fiches;1251 fiches;;non
3b_effets;small, tous | total du passage;risque_relatif;;;;non
3b_effets;small, tous | total du passage;suppressions_3_8;198;198;0,0;non
4_0_niveaux_local_guide;sans_enseignes | 1;ensemble_avis;1586;1779;193,0;oui
4_0_niveaux_local_guide;sans_enseignes | 1;ensemble_pour_10000;353;1400;1047,0;oui
4_0_niveaux_local_guide;sans_enseignes | 1;ensemble_suppressions;56;249;193,0;oui
4_0_niveaux_local_guide;sans_enseignes | 1;europe_avis;678;730;52,0;oui
4_0_niveaux_local_guide;sans_enseignes | 1;europe_pour_10000;147;849;702,0;oui
4_0_niveaux_local_guide;sans_enseignes | 1;europe_suppressions;10;62;52,0;oui
4_0_niveaux_local_guide;sans_enseignes | 1;fiches_touchees;33;171;138,0;oui
4_0_niveaux_local_guide;sans_enseignes | 1;us_avis;908;1049;141,0;oui
4_0_niveaux_local_guide;sans_enseignes | 1;us_pour_10000;507;1783;1276,0;oui
4_0_niveaux_local_guide;sans_enseignes | 1;us_suppressions;46;187;141,0;oui
4_0_niveaux_local_guide;sans_enseignes | 10;ensemble_avis;10;14;4,0;oui
4_0_niveaux_local_guide;sans_enseignes | 10;ensemble_pour_10000;0;2857;2857,0;oui
4_0_niveaux_local_guide;sans_enseignes | 10;ensemble_suppressions;0;4;4,0;oui
4_0_niveaux_local_guide;sans_enseignes | 10;europe_avis;4;5;1,0;oui
4_0_niveaux_local_guide;sans_enseignes | 10;europe_pour_10000;0;2000;2000,0;oui
4_0_niveaux_local_guide;sans_enseignes | 10;europe_suppressions;0;1;1,0;oui
4_0_niveaux_local_guide;sans_enseignes | 10;fiches_touchees;0;4;4,0;oui
4_0_niveaux_local_guide;sans_enseignes | 10;us_avis;6;9;3,0;oui
4_0_niveaux_local_guide;sans_enseignes | 10;us_pour_10000;0;3333;3333,0;oui
4_0_niveaux_local_guide;sans_enseignes | 10;us_suppressions;0;3;3,0;oui
4_0_niveaux_local_guide;sans_enseignes | 2;ensemble_avis;8738;9279;541,0;oui
4_0_niveaux_local_guide;sans_enseignes | 2;ensemble_pour_10000;278;845;567,0;oui
4_0_niveaux_local_guide;sans_enseignes | 2;ensemble_suppressions;243;784;541,0;oui
4_0_niveaux_local_guide;sans_enseignes | 2;europe_avis;3597;3787;190,0;oui
4_0_niveaux_local_guide;sans_enseignes | 2;europe_pour_10000;186;679;493,0;oui
4_0_niveaux_local_guide;sans_enseignes | 2;europe_suppressions;67;257;190,0;oui
4_0_niveaux_local_guide;sans_enseignes | 2;fiches_touchees;121;418;297,0;oui
4_0_niveaux_local_guide;sans_enseignes | 2;us_avis;5141;5492;351,0;oui
4_0_niveaux_local_guide;sans_enseignes | 2;us_pour_10000;342;960;618,0;oui
4_0_niveaux_local_guide;sans_enseignes | 2;us_suppressions;176;527;351,0;oui
4_0_niveaux_local_guide;sans_enseignes | 3;ensemble_avis;8822;9377;555,0;oui
4_0_niveaux_local_guide;sans_enseignes | 3;ensemble_pour_10000;264;840;576,0;oui
4_0_niveaux_local_guide;sans_enseignes | 3;ensemble_suppressions;233;788;555,0;oui
4_0_niveaux_local_guide;sans_enseignes | 3;europe_avis;3876;4051;175,0;oui
4_0_niveaux_local_guide;sans_enseignes | 3;europe_pour_10000;168;592;424,0;oui
4_0_niveaux_local_guide;sans_enseignes | 3;europe_suppressions;65;240;175,0;oui
4_0_niveaux_local_guide;sans_enseignes | 3;fiches_touchees;128;412;284,0;oui
4_0_niveaux_local_guide;sans_enseignes | 3;us_avis;4946;5326;380,0;oui
4_0_niveaux_local_guide;sans_enseignes | 3;us_pour_10000;340;1029;689,0;oui
4_0_niveaux_local_guide;sans_enseignes | 3;us_suppressions;168;548;380,0;oui
4_0_niveaux_local_guide;sans_enseignes | 4;ensemble_avis;3724;3957;233,0;oui
4_0_niveaux_local_guide;sans_enseignes | 4;ensemble_pour_10000;255;829;574,0;oui
4_0_niveaux_local_guide;sans_enseignes | 4;ensemble_suppressions;95;328;233,0;oui
4_0_niveaux_local_guide;sans_enseignes | 4;europe_avis;1908;1986;78,0;oui
4_0_niveaux_local_guide;sans_enseignes | 4;europe_pour_10000;189;574;385,0;oui
4_0_niveaux_local_guide;sans_enseignes | 4;europe_suppressions;36;114;78,0;oui
4_0_niveaux_local_guide;sans_enseignes | 4;fiches_touchees;75;231;156,0;oui
4_0_niveaux_local_guide;sans_enseignes | 4;us_avis;1816;1971;155,0;oui
4_0_niveaux_local_guide;sans_enseignes | 4;us_pour_10000;325;1086;761,0;oui
4_0_niveaux_local_guide;sans_enseignes | 4;us_suppressions;59;214;155,0;oui
4_0_niveaux_local_guide;sans_enseignes | 5;ensemble_avis;3980;4187;207,0;oui
4_0_niveaux_local_guide;sans_enseignes | 5;ensemble_pour_10000;143;631;488,0;oui
4_0_niveaux_local_guide;sans_enseignes | 5;ensemble_suppressions;57;264;207,0;oui
4_0_niveaux_local_guide;sans_enseignes | 5;europe_avis;2351;2457;106,0;oui
4_0_niveaux_local_guide;sans_enseignes | 5;europe_pour_10000;106;533;427,0;oui
4_0_niveaux_local_guide;sans_enseignes | 5;europe_suppressions;25;131;106,0;oui
4_0_niveaux_local_guide;sans_enseignes | 5;fiches_touchees;49;225;176,0;oui
4_0_niveaux_local_guide;sans_enseignes | 5;us_avis;1629;1730;101,0;oui
4_0_niveaux_local_guide;sans_enseignes | 5;us_pour_10000;196;769;573,0;oui
4_0_niveaux_local_guide;sans_enseignes | 5;us_suppressions;32;133;101,0;oui
4_0_niveaux_local_guide;sans_enseignes | 6;ensemble_avis;2621;2714;93,0;oui
4_0_niveaux_local_guide;sans_enseignes | 6;ensemble_pour_10000;65;405;340,0;oui
4_0_niveaux_local_guide;sans_enseignes | 6;ensemble_suppressions;17;110;93,0;oui
4_0_niveaux_local_guide;sans_enseignes | 6;europe_avis;1551;1599;48,0;oui
4_0_niveaux_local_guide;sans_enseignes | 6;europe_pour_10000;90;388;298,0;oui
4_0_niveaux_local_guide;sans_enseignes | 6;europe_suppressions;14;62;48,0;oui
4_0_niveaux_local_guide;sans_enseignes | 6;fiches_touchees;15;100;85,0;oui
4_0_niveaux_local_guide;sans_enseignes | 6;us_avis;1070;1115;45,0;oui
4_0_niveaux_local_guide;sans_enseignes | 6;us_pour_10000;28;430;402,0;oui
4_0_niveaux_local_guide;sans_enseignes | 6;us_suppressions;3;48;45,0;oui
4_0_niveaux_local_guide;sans_enseignes | 7;ensemble_avis;902;936;34,0;oui
4_0_niveaux_local_guide;sans_enseignes | 7;ensemble_pour_10000;133;491;358,0;oui
4_0_niveaux_local_guide;sans_enseignes | 7;ensemble_suppressions;12;46;34,0;oui
4_0_niveaux_local_guide;sans_enseignes | 7;europe_avis;566;587;21,0;oui
4_0_niveaux_local_guide;sans_enseignes | 7;europe_pour_10000;71;426;355,0;oui
4_0_niveaux_local_guide;sans_enseignes | 7;europe_suppressions;4;25;21,0;oui
4_0_niveaux_local_guide;sans_enseignes | 7;fiches_touchees;11;45;34,0;oui
4_0_niveaux_local_guide;sans_enseignes | 7;us_avis;336;349;13,0;oui
4_0_niveaux_local_guide;sans_enseignes | 7;us_pour_10000;238;602;364,0;oui
4_0_niveaux_local_guide;sans_enseignes | 7;us_suppressions;8;21;13,0;oui
4_0_niveaux_local_guide;sans_enseignes | 8;ensemble_avis;239;255;16,0;oui
4_0_niveaux_local_guide;sans_enseignes | 8;ensemble_pour_10000;42;667;625,0;oui
4_0_niveaux_local_guide;sans_enseignes | 8;ensemble_suppressions;1;17;16,0;oui
4_0_niveaux_local_guide;sans_enseignes | 8;europe_avis;142;147;5,0;oui
4_0_niveaux_local_guide;sans_enseignes | 8;europe_pour_10000;0;340;340,0;oui
4_0_niveaux_local_guide;sans_enseignes | 8;europe_suppressions;0;5;5,0;oui
4_0_niveaux_local_guide;sans_enseignes | 8;fiches_touchees;1;16;15,0;oui
4_0_niveaux_local_guide;sans_enseignes | 8;us_avis;97;108;11,0;oui
4_0_niveaux_local_guide;sans_enseignes | 8;us_pour_10000;103;1111;1008,0;oui
4_0_niveaux_local_guide;sans_enseignes | 8;us_suppressions;1;12;11,0;oui
4_0_niveaux_local_guide;sans_enseignes | 9;ensemble_avis;37;38;1,0;oui
4_0_niveaux_local_guide;sans_enseignes | 9;ensemble_pour_10000;0;263;263,0;oui
4_0_niveaux_local_guide;sans_enseignes | 9;ensemble_suppressions;0;1;1,0;oui
4_0_niveaux_local_guide;sans_enseignes | 9;europe_avis;18;19;1,0;oui
4_0_niveaux_local_guide;sans_enseignes | 9;europe_pour_10000;0;526;526,0;oui
4_0_niveaux_local_guide;sans_enseignes | 9;europe_suppressions;0;1;1,0;oui
4_0_niveaux_local_guide;sans_enseignes | 9;fiches_touchees;0;1;1,0;oui
4_0_niveaux_local_guide;sans_enseignes | 9;us_avis;19;19;0,0;non
4_0_niveaux_local_guide;sans_enseignes | 9;us_pour_10000;0;0;0,0;non
4_0_niveaux_local_guide;sans_enseignes | 9;us_suppressions;0;0;0,0;non
4_0_niveaux_local_guide;sans_enseignes | sans niveau;ensemble_avis;2765;2842;77,0;oui
4_0_niveaux_local_guide;sans_enseignes | sans niveau;ensemble_pour_10000;600;855;255,0;oui
4_0_niveaux_local_guide;sans_enseignes | sans niveau;ensemble_suppressions;166;243;77,0;oui
4_0_niveaux_local_guide;sans_enseignes | sans niveau;europe_avis;1108;1140;32,0;oui
4_0_niveaux_local_guide;sans_enseignes | sans niveau;europe_pour_10000;551;816;265,0;oui
4_0_niveaux_local_guide;sans_enseignes | sans niveau;europe_suppressions;61;93;32,0;oui
4_0_niveaux_local_guide;sans_enseignes | sans niveau;fiches_touchees;80;130;50,0;oui
4_0_niveaux_local_guide;sans_enseignes | sans niveau;us_avis;1657;1702;45,0;oui
4_0_niveaux_local_guide;sans_enseignes | sans niveau;us_pour_10000;634;881;247,0;oui
4_0_niveaux_local_guide;sans_enseignes | sans niveau;us_suppressions;105;150;45,0;oui
4_0_niveaux_local_guide;tous | 1;ensemble_avis;1721;2024;303,0;oui
4_0_niveaux_local_guide;tous | 1;ensemble_pour_10000;453;1882;1429,0;oui
4_0_niveaux_local_guide;tous | 1;ensemble_suppressions;78;381;303,0;oui
4_0_niveaux_local_guide;tous | 1;europe_avis;683;802;119,0;oui
4_0_niveaux_local_guide;tous | 1;europe_pour_10000;220;1671;1451,0;oui
4_0_niveaux_local_guide;tous | 1;europe_suppressions;15;134;119,0;oui
4_0_niveaux_local_guide;tous | 1;fiches_touchees;46;195;149,0;oui
4_0_niveaux_local_guide;tous | 1;us_avis;1038;1222;184,0;oui
4_0_niveaux_local_guide;tous | 1;us_pour_10000;607;2021;1414,0;oui
4_0_niveaux_local_guide;tous | 1;us_suppressions;63;247;184,0;oui
4_0_niveaux_local_guide;tous | 10;ensemble_avis;11;15;4,0;oui
4_0_niveaux_local_guide;tous | 10;ensemble_pour_10000;0;2667;2667,0;oui
4_0_niveaux_local_guide;tous | 10;ensemble_suppressions;0;4;4,0;oui
4_0_niveaux_local_guide;tous | 10;europe_avis;4;5;1,0;oui
4_0_niveaux_local_guide;tous | 10;europe_pour_10000;0;2000;2000,0;oui
4_0_niveaux_local_guide;tous | 10;europe_suppressions;0;1;1,0;oui
4_0_niveaux_local_guide;tous | 10;fiches_touchees;0;4;4,0;oui
4_0_niveaux_local_guide;tous | 10;us_avis;7;10;3,0;oui
4_0_niveaux_local_guide;tous | 10;us_pour_10000;0;3000;3000,0;oui
4_0_niveaux_local_guide;tous | 10;us_suppressions;0;3;3,0;oui
4_0_niveaux_local_guide;tous | 2;ensemble_avis;9571;10342;771,0;oui
4_0_niveaux_local_guide;tous | 2;ensemble_pour_10000;421;1135;714,0;oui
4_0_niveaux_local_guide;tous | 2;ensemble_suppressions;403;1174;771,0;oui
4_0_niveaux_local_guide;tous | 2;europe_avis;3604;3894;290,0;oui
4_0_niveaux_local_guide;tous | 2;europe_pour_10000;205;935;730,0;oui
4_0_niveaux_local_guide;tous | 2;europe_suppressions;74;364;290,0;oui
4_0_niveaux_local_guide;tous | 2;fiches_touchees;164;471;307,0;oui
4_0_niveaux_local_guide;tous | 2;us_avis;5967;6448;481,0;oui
4_0_niveaux_local_guide;tous | 2;us_pour_10000;551;1256;705,0;oui
4_0_niveaux_local_guide;tous | 2;us_suppressions;329;810;481,0;oui
4_0_niveaux_local_guide;tous | 3;ensemble_avis;9620;10370;750,0;oui
4_0_niveaux_local_guide;tous | 3;ensemble_pour_10000;424;1117;693,0;oui
4_0_niveaux_local_guide;tous | 3;ensemble_suppressions;408;1158;750,0;oui
4_0_niveaux_local_guide;tous | 3;europe_avis;3879;4096;217,0;oui
4_0_niveaux_local_guide;tous | 3;europe_pour_10000;173;693;520,0;oui
4_0_niveaux_local_guide;tous | 3;europe_suppressions;67;284;217,0;oui
4_0_niveaux_local_guide;tous | 3;fiches_touchees;172;470;298,0;oui
4_0_niveaux_local_guide;tous | 3;us_avis;5741;6274;533,0;oui
4_0_niveaux_local_guide;tous | 3;us_pour_10000;594;1393;799,0;oui
4_0_niveaux_local_guide;tous | 3;us_suppressions;341;874;533,0;oui
4_0_niveaux_local_guide;tous | 4;ensemble_avis;3923;4216;293,0;oui
4_0_niveaux_local_guide;tous | 4;ensemble_pour_10000;370;1039;669,0;oui
4_0_niveaux_local_guide;tous | 4;ensemble_suppressions;145;438;293,0;oui
4_0_niveaux_local_guide;tous | 4;europe_avis;1909;1995;86,0;oui
4_0_niveaux_local_guide;tous | 4;europe_pour_10000;194;617;423,0;oui
4_0_niveaux_local_guide;tous | 4;europe_suppressions;37;123;86,0;oui
4_0_niveaux_local_guide;tous | 4;fiches_touchees;100;268;168,0;oui
4_0_niveaux_local_guide;tous | 4;us_avis;2014;2221;207,0;oui
4_0_niveaux_local_guide;tous | 4;us_pour_10000;536;1418;882,0;oui
4_0_niveaux_local_guide;tous | 4;us_suppressions;108;315;207,0;oui
4_0_niveaux_local_guide;tous | 5;ensemble_avis;4092;4334;242,0;oui
4_0_niveaux_local_guide;tous | 5;ensemble_pour_10000;183;731;548,0;oui
4_0_niveaux_local_guide;tous | 5;ensemble_suppressions;75;317;242,0;oui
4_0_niveaux_local_guide;tous | 5;europe_avis;2353;2473;120,0;oui
4_0_niveaux_local_guide;tous | 5;europe_pour_10000;115;594;479,0;oui
4_0_niveaux_local_guide;tous | 5;europe_suppressions;27;147;120,0;oui
4_0_niveaux_local_guide;tous | 5;fiches_touchees;58;247;189,0;oui
4_0_niveaux_local_guide;tous | 5;us_avis;1739;1861;122,0;oui
4_0_niveaux_local_guide;tous | 5;us_pour_10000;276;913;637,0;oui
4_0_niveaux_local_guide;tous | 5;us_suppressions;48;170;122,0;oui
4_0_niveaux_local_guide;tous | 6;ensemble_avis;2674;2772;98,0;oui
4_0_niveaux_local_guide;tous | 6;ensemble_pour_10000;82;433;351,0;oui
4_0_niveaux_local_guide;tous | 6;ensemble_suppressions;22;120;98,0;oui
4_0_niveaux_local_guide;tous | 6;europe_avis;1551;1600;49,0;oui
4_0_niveaux_local_guide;tous | 6;europe_pour_10000;90;394;304,0;oui
4_0_niveaux_local_guide;tous | 6;europe_suppressions;14;63;49,0;oui
4_0_niveaux_local_guide;tous | 6;fiches_touchees;19;108;89,0;oui
4_0_niveaux_local_guide;tous | 6;us_avis;1123;1172;49,0;oui
4_0_niveaux_local_guide;tous | 6;us_pour_10000;71;486;415,0;oui
4_0_niveaux_local_guide;tous | 6;us_suppressions;8;57;49,0;oui
4_0_niveaux_local_guide;tous | 7;ensemble_avis;907;942;35,0;oui
4_0_niveaux_local_guide;tous | 7;ensemble_pour_10000;143;510;367,0;oui
4_0_niveaux_local_guide;tous | 7;ensemble_suppressions;13;48;35,0;oui
4_0_niveaux_local_guide;tous | 7;europe_avis;566;588;22,0;oui
4_0_niveaux_local_guide;tous | 7;europe_pour_10000;71;442;371,0;oui
4_0_niveaux_local_guide;tous | 7;europe_suppressions;4;26;22,0;oui
4_0_niveaux_local_guide;tous | 7;fiches_touchees;12;47;35,0;oui
4_0_niveaux_local_guide;tous | 7;us_avis;341;354;13,0;oui
4_0_niveaux_local_guide;tous | 7;us_pour_10000;264;621;357,0;oui
4_0_niveaux_local_guide;tous | 7;us_suppressions;9;22;13,0;oui
4_0_niveaux_local_guide;tous | 8;ensemble_avis;240;256;16,0;oui
4_0_niveaux_local_guide;tous | 8;ensemble_pour_10000;42;664;622,0;oui
4_0_niveaux_local_guide;tous | 8;ensemble_suppressions;1;17;16,0;oui
4_0_niveaux_local_guide;tous | 8;europe_avis;142;147;5,0;oui
4_0_niveaux_local_guide;tous | 8;europe_pour_10000;0;340;340,0;oui
4_0_niveaux_local_guide;tous | 8;europe_suppressions;0;5;5,0;oui
4_0_niveaux_local_guide;tous | 8;fiches_touchees;1;16;15,0;oui
4_0_niveaux_local_guide;tous | 8;us_avis;98;109;11,0;oui
4_0_niveaux_local_guide;tous | 8;us_pour_10000;102;1101;999,0;oui
4_0_niveaux_local_guide;tous | 8;us_suppressions;1;12;11,0;oui
4_0_niveaux_local_guide;tous | 9;ensemble_avis;37;38;1,0;oui
4_0_niveaux_local_guide;tous | 9;ensemble_pour_10000;0;263;263,0;oui
4_0_niveaux_local_guide;tous | 9;ensemble_suppressions;0;1;1,0;oui
4_0_niveaux_local_guide;tous | 9;europe_avis;18;19;1,0;oui
4_0_niveaux_local_guide;tous | 9;europe_pour_10000;0;526;526,0;oui
4_0_niveaux_local_guide;tous | 9;europe_suppressions;0;1;1,0;oui
4_0_niveaux_local_guide;tous | 9;fiches_touchees;0;1;1,0;oui
4_0_niveaux_local_guide;tous | 9;us_avis;19;19;0,0;non
4_0_niveaux_local_guide;tous | 9;us_pour_10000;0;0;0,0;non
4_0_niveaux_local_guide;tous | 9;us_suppressions;0;0;0,0;non
4_0_niveaux_local_guide;tous | sans niveau;ensemble_avis;2955;3122;167,0;oui
4_0_niveaux_local_guide;tous | sans niveau;ensemble_pour_10000;711;1208;497,0;oui
4_0_niveaux_local_guide;tous | sans niveau;ensemble_suppressions;210;377;167,0;oui
4_0_niveaux_local_guide;tous | sans niveau;europe_avis;1114;1219;105,0;oui
4_0_niveaux_local_guide;tous | sans niveau;europe_pour_10000;601;1411;810,0;oui
4_0_niveaux_local_guide;tous | sans niveau;europe_suppressions;67;172;105,0;oui
4_0_niveaux_local_guide;tous | sans niveau;fiches_touchees;99;157;58,0;oui
4_0_niveaux_local_guide;tous | sans niveau;us_avis;1841;1903;62,0;oui
4_0_niveaux_local_guide;tous | sans niveau;us_pour_10000;777;1077;300,0;oui
4_0_niveaux_local_guide;tous | sans niveau;us_suppressions;143;205;62,0;oui
4a_effectifs;Europe, sans_enseignes | afflux | 1 à 2 fois l'habitude;case_citable;True;True;0,0;non
4a_effectifs;Europe, sans_enseignes | afflux | 1 à 2 fois l'habitude;enseignes_touchees;33;106;73,0;oui
4a_effectifs;Europe, sans_enseignes | afflux | 1 à 2 fois l'habitude;fiches;335;338;3,0;oui
4a_effectifs;Europe, sans_enseignes | afflux | 1 à 2 fois l'habitude;fiches_touchees;33;110;77,0;oui
4a_effectifs;Europe, sans_enseignes | afflux | 1 à 2 fois l'habitude;part_de_la_premiere_fiche;0.24;0.05;-0,19;oui
4a_effectifs;Europe, sans_enseignes | afflux | 1 à 2 fois l'habitude;reference;False;False;0,0;non
4a_effectifs;Europe, sans_enseignes | afflux | 1 à 2 fois l'habitude;suppressions;66;190;124,0;oui
4a_effectifs;Europe, sans_enseignes | afflux | pas plus que d'habitude;case_citable;False;True;1,0;oui
4a_effectifs;Europe, sans_enseignes | afflux | pas plus que d'habitude;enseignes_touchees;7;44;37,0;oui
4a_effectifs;Europe, sans_enseignes | afflux | pas plus que d'habitude;fiches;122;128;6,0;oui
4a_effectifs;Europe, sans_enseignes | afflux | pas plus que d'habitude;fiches_touchees;7;49;42,0;oui
4a_effectifs;Europe, sans_enseignes | afflux | pas plus que d'habitude;part_de_la_premiere_fiche;0.25;0.05;-0,2;oui
4a_effectifs;Europe, sans_enseignes | afflux | pas plus que d'habitude;reference;True;True;0,0;non
4a_effectifs;Europe, sans_enseignes | afflux | pas plus que d'habitude;suppressions;8;75;67,0;oui
4a_effectifs;Europe, sans_enseignes | afflux | plus de 2 fois l'habitude;case_citable;True;True;0,0;non
4a_effectifs;Europe, sans_enseignes | afflux | plus de 2 fois l'habitude;enseignes_touchees;49;144;95,0;oui
4a_effectifs;Europe, sans_enseignes | afflux | plus de 2 fois l'habitude;fiches;429;461;32,0;oui
4a_effectifs;Europe, sans_enseignes | afflux | plus de 2 fois l'habitude;fiches_touchees;49;146;97,0;oui
4a_effectifs;Europe, sans_enseignes | afflux | plus de 2 fois l'habitude;part_de_la_premiere_fiche;0.12;0.1;-0,02;oui
4a_effectifs;Europe, sans_enseignes | afflux | plus de 2 fois l'habitude;reference;False;False;0,0;non
4a_effectifs;Europe, sans_enseignes | afflux | plus de 2 fois l'habitude;suppressions;168;463;295,0;oui
4a_effectifs;Europe, sans_enseignes | habitude | 75 % ou moins;case_citable;True;True;0,0;non
4a_effectifs;Europe, sans_enseignes | habitude | 75 % ou moins;enseignes_touchees;47;165;118,0;oui
4a_effectifs;Europe, sans_enseignes | habitude | 75 % ou moins;fiches;503;521;18,0;oui
4a_effectifs;Europe, sans_enseignes | habitude | 75 % ou moins;fiches_touchees;47;168;121,0;oui
4a_effectifs;Europe, sans_enseignes | habitude | 75 % ou moins;part_de_la_premiere_fiche;0.16;0.11;-0,05;oui
4a_effectifs;Europe, sans_enseignes | habitude | 75 % ou moins;reference;True;True;0,0;non
4a_effectifs;Europe, sans_enseignes | habitude | 75 % ou moins;suppressions;128;403;275,0;oui
4a_effectifs;Europe, sans_enseignes | habitude | plus de 75 %;case_citable;True;True;0,0;non
4a_effectifs;Europe, sans_enseignes | habitude | plus de 75 %;enseignes_touchees;40;121;81,0;oui
4a_effectifs;Europe, sans_enseignes | habitude | plus de 75 %;fiches;383;406;23,0;oui
4a_effectifs;Europe, sans_enseignes | habitude | plus de 75 %;fiches_touchees;42;137;95,0;oui
4a_effectifs;Europe, sans_enseignes | habitude | plus de 75 %;part_de_la_premiere_fiche;0.14;0.07;-0,07;oui
4a_effectifs;Europe, sans_enseignes | habitude | plus de 75 %;reference;False;False;0,0;non
4a_effectifs;Europe, sans_enseignes | habitude | plus de 75 %;suppressions;114;325;211,0;oui
4a_effectifs;Europe, sans_enseignes | secteur | Automobile;case_citable;False;True;1,0;oui
4a_effectifs;Europe, sans_enseignes | secteur | Automobile;enseignes_touchees;7;18;11,0;oui
4a_effectifs;Europe, sans_enseignes | secteur | Automobile;fiches;63;68;5,0;oui
4a_effectifs;Europe, sans_enseignes | secteur | Automobile;fiches_touchees;7;21;14,0;oui
4a_effectifs;Europe, sans_enseignes | secteur | Automobile;part_de_la_premiere_fiche;0.56;0.24;-0,32;oui
4a_effectifs;Europe, sans_enseignes | secteur | Automobile;reference;True;True;0,0;non
4a_effectifs;Europe, sans_enseignes | secteur | Automobile;suppressions;18;54;36,0;oui
4a_effectifs;Europe, sans_enseignes | secteur | Hôtellerie;case_citable;True;True;0,0;non
4a_effectifs;Europe, sans_enseignes | secteur | Hôtellerie;enseignes_touchees;39;94;55,0;oui
4a_effectifs;Europe, sans_enseignes | secteur | Hôtellerie;fiches;318;322;4,0;oui
4a_effectifs;Europe, sans_enseignes | secteur | Hôtellerie;fiches_touchees;39;94;55,0;oui
4a_effectifs;Europe, sans_enseignes | secteur | Hôtellerie;part_de_la_premiere_fiche;0.17;0.11;-0,06;oui
4a_effectifs;Europe, sans_enseignes | secteur | Hôtellerie;reference;False;False;0,0;non
4a_effectifs;Europe, sans_enseignes | secteur | Hôtellerie;suppressions;89;197;108,0;oui
4a_effectifs;Europe, sans_enseignes | secteur | Restauration;case_citable;False;True;1,0;oui
4a_effectifs;Europe, sans_enseignes | secteur | Restauration;enseignes_touchees;12;65;53,0;oui
4a_effectifs;Europe, sans_enseignes | secteur | Restauration;fiches;185;195;10,0;oui
4a_effectifs;Europe, sans_enseignes | secteur | Restauration;fiches_touchees;12;68;56,0;oui
4a_effectifs;Europe, sans_enseignes | secteur | Restauration;part_de_la_premiere_fiche;0.51;0.16;-0,35;oui
4a_effectifs;Europe, sans_enseignes | secteur | Restauration;reference;False;False;0,0;non
4a_effectifs;Europe, sans_enseignes | secteur | Restauration;suppressions;41;136;95,0;oui
4a_effectifs;Europe, sans_enseignes | secteur | Santé;case_citable;False;True;1,0;oui
4a_effectifs;Europe, sans_enseignes | secteur | Santé;enseignes_touchees;3;23;20,0;oui
4a_effectifs;Europe, sans_enseignes | secteur | Santé;fiches;79;87;8,0;oui
4a_effectifs;Europe, sans_enseignes | secteur | Santé;fiches_touchees;3;25;22,0;oui
4a_effectifs;Europe, sans_enseignes | secteur | Santé;part_de_la_premiere_fiche;0.5;0.18;-0,32;oui
4a_effectifs;Europe, sans_enseignes | secteur | Santé;reference;False;False;0,0;non
4a_effectifs;Europe, sans_enseignes | secteur | Santé;suppressions;4;51;47,0;oui
4a_effectifs;Europe, sans_enseignes | secteur | Services à domicile;case_citable;False;False;0,0;non
4a_effectifs;Europe, sans_enseignes | secteur | Services à domicile;enseignes_touchees;7;16;9,0;oui
4a_effectifs;Europe, sans_enseignes | secteur | Services à domicile;fiches;57;59;2,0;oui
4a_effectifs;Europe, sans_enseignes | secteur | Services à domicile;fiches_touchees;7;18;11,0;oui
4a_effectifs;Europe, sans_enseignes | secteur | Services à domicile;part_de_la_premiere_fiche;0.52;0.35;-0,17;oui
4a_effectifs;Europe, sans_enseignes | secteur | Services à domicile;reference;False;False;0,0;non
4a_effectifs;Europe, sans_enseignes | secteur | Services à domicile;suppressions;31;52;21,0;oui
4a_effectifs;Europe, sans_enseignes | secteur | Sport et bien-être;case_citable;False;True;1,0;oui
4a_effectifs;Europe, sans_enseignes | secteur | Sport et bien-être;enseignes_touchees;14;53;39,0;oui
4a_effectifs;Europe, sans_enseignes | secteur | Sport et bien-être;fiches;119;128;9,0;oui
4a_effectifs;Europe, sans_enseignes | secteur | Sport et bien-être;fiches_touchees;16;63;47,0;oui
4a_effectifs;Europe, sans_enseignes | secteur | Sport et bien-être;part_de_la_premiere_fiche;0.46;0.14;-0,32;oui
4a_effectifs;Europe, sans_enseignes | secteur | Sport et bien-être;reference;False;False;0,0;non
4a_effectifs;Europe, sans_enseignes | secteur | Sport et bien-être;suppressions;35;152;117,0;oui
4a_effectifs;Europe, sans_enseignes | secteur | Voyage;case_citable;False;False;0,0;non
4a_effectifs;Europe, sans_enseignes | secteur | Voyage;enseignes_touchees;5;16;11,0;oui
4a_effectifs;Europe, sans_enseignes | secteur | Voyage;fiches;65;68;3,0;oui
4a_effectifs;Europe, sans_enseignes | secteur | Voyage;fiches_touchees;5;16;11,0;oui
4a_effectifs;Europe, sans_enseignes | secteur | Voyage;part_de_la_premiere_fiche;0.54;0.52;-0,02;oui
4a_effectifs;Europe, sans_enseignes | secteur | Voyage;reference;False;False;0,0;non
4a_effectifs;Europe, sans_enseignes | secteur | Voyage;suppressions;24;86;62,0;oui
4a_effectifs;Europe, sans_enseignes | taille | large;case_citable;True;True;0,0;non
4a_effectifs;Europe, sans_enseignes | taille | large;enseignes_touchees;40;121;81,0;oui
4a_effectifs;Europe, sans_enseignes | taille | large;fiches;368;383;15,0;oui
4a_effectifs;Europe, sans_enseignes | taille | large;fiches_touchees;42;139;97,0;oui
4a_effectifs;Europe, sans_enseignes | taille | large;part_de_la_premiere_fiche;0.15;0.08;-0,07;oui
4a_effectifs;Europe, sans_enseignes | taille | large;reference;False;False;0,0;non
4a_effectifs;Europe, sans_enseignes | taille | large;suppressions;97;281;184,0;oui
4a_effectifs;Europe, sans_enseignes | taille | mono;case_citable;False;True;1,0;oui
4a_effectifs;Europe, sans_enseignes | taille | mono;enseignes_touchees;16;55;39,0;oui
4a_effectifs;Europe, sans_enseignes | taille | mono;fiches;224;237;13,0;oui
4a_effectifs;Europe, sans_enseignes | taille | mono;fiches_touchees;16;55;39,0;oui
4a_effectifs;Europe, sans_enseignes | taille | mono;part_de_la_premiere_fiche;0.34;0.25;-0,09;oui
4a_effectifs;Europe, sans_enseignes | taille | mono;reference;True;True;0,0;non
4a_effectifs;Europe, sans_enseignes | taille | mono;suppressions;62;183;121,0;oui
4a_effectifs;Europe, sans_enseignes | taille | small;case_citable;True;True;0,0;non
4a_effectifs;Europe, sans_enseignes | taille | small;enseignes_touchees;31;109;78,0;oui
4a_effectifs;Europe, sans_enseignes | taille | small;fiches;294;307;13,0;oui
4a_effectifs;Europe, sans_enseignes | taille | small;fiches_touchees;31;111;80,0;oui
4a_effectifs;Europe, sans_enseignes | taille | small;part_de_la_premiere_fiche;0.19;0.08;-0,11;oui
4a_effectifs;Europe, sans_enseignes | taille | small;reference;False;False;0,0;non
4a_effectifs;Europe, sans_enseignes | taille | small;suppressions;83;264;181,0;oui
4a_effectifs;Europe, tous | afflux | 1 à 2 fois l'habitude;case_citable;True;True;0,0;non
4a_effectifs;Europe, tous | afflux | 1 à 2 fois l'habitude;enseignes_touchees;33;106;73,0;oui
4a_effectifs;Europe, tous | afflux | 1 à 2 fois l'habitude;fiches;335;338;3,0;oui
4a_effectifs;Europe, tous | afflux | 1 à 2 fois l'habitude;fiches_touchees;33;110;77,0;oui
4a_effectifs;Europe, tous | afflux | 1 à 2 fois l'habitude;part_de_la_premiere_fiche;0.24;0.05;-0,19;oui
4a_effectifs;Europe, tous | afflux | 1 à 2 fois l'habitude;reference;False;False;0,0;non
4a_effectifs;Europe, tous | afflux | 1 à 2 fois l'habitude;suppressions;66;190;124,0;oui
4a_effectifs;Europe, tous | afflux | pas plus que d'habitude;case_citable;False;True;1,0;oui
4a_effectifs;Europe, tous | afflux | pas plus que d'habitude;enseignes_touchees;7;44;37,0;oui
4a_effectifs;Europe, tous | afflux | pas plus que d'habitude;fiches;122;128;6,0;oui
4a_effectifs;Europe, tous | afflux | pas plus que d'habitude;fiches_touchees;7;49;42,0;oui
4a_effectifs;Europe, tous | afflux | pas plus que d'habitude;part_de_la_premiere_fiche;0.25;0.05;-0,2;oui
4a_effectifs;Europe, tous | afflux | pas plus que d'habitude;reference;True;True;0,0;non
4a_effectifs;Europe, tous | afflux | pas plus que d'habitude;suppressions;8;75;67,0;oui
4a_effectifs;Europe, tous | afflux | plus de 2 fois l'habitude;case_citable;True;True;0,0;non
4a_effectifs;Europe, tous | afflux | plus de 2 fois l'habitude;enseignes_touchees;50;146;96,0;oui
4a_effectifs;Europe, tous | afflux | plus de 2 fois l'habitude;fiches;430;463;33,0;oui
4a_effectifs;Europe, tous | afflux | plus de 2 fois l'habitude;fiches_touchees;50;148;98,0;oui
4a_effectifs;Europe, tous | afflux | plus de 2 fois l'habitude;part_de_la_premiere_fiche;0.11;0.24;0,13;oui
4a_effectifs;Europe, tous | afflux | plus de 2 fois l'habitude;reference;False;False;0,0;non
4a_effectifs;Europe, tous | afflux | plus de 2 fois l'habitude;suppressions;189;792;603,0;oui
4a_effectifs;Europe, tous | habitude | 75 % ou moins;case_citable;True;False;-1,0;oui
4a_effectifs;Europe, tous | habitude | 75 % ou moins;enseignes_touchees;48;167;119,0;oui
4a_effectifs;Europe, tous | habitude | 75 % ou moins;fiches;504;523;19,0;oui
4a_effectifs;Europe, tous | habitude | 75 % ou moins;fiches_touchees;48;170;122,0;oui
4a_effectifs;Europe, tous | habitude | 75 % ou moins;part_de_la_premiere_fiche;0.14;0.27;0,13;oui
4a_effectifs;Europe, tous | habitude | 75 % ou moins;reference;True;True;0,0;non
4a_effectifs;Europe, tous | habitude | 75 % ou moins;suppressions;149;732;583,0;oui
4a_effectifs;Europe, tous | habitude | plus de 75 %;case_citable;True;True;0,0;non
4a_effectifs;Europe, tous | habitude | plus de 75 %;enseignes_touchees;40;121;81,0;oui
4a_effectifs;Europe, tous | habitude | plus de 75 %;fiches;383;406;23,0;oui
4a_effectifs;Europe, tous | habitude | plus de 75 %;fiches_touchees;42;137;95,0;oui
4a_effectifs;Europe, tous | habitude | plus de 75 %;part_de_la_premiere_fiche;0.14;0.07;-0,07;oui
4a_effectifs;Europe, tous | habitude | plus de 75 %;reference;False;False;0,0;non
4a_effectifs;Europe, tous | habitude | plus de 75 %;suppressions;114;325;211,0;oui
4a_effectifs;Europe, tous | secteur | Automobile;case_citable;False;True;1,0;oui
4a_effectifs;Europe, tous | secteur | Automobile;enseignes_touchees;7;18;11,0;oui
4a_effectifs;Europe, tous | secteur | Automobile;fiches;63;68;5,0;oui
4a_effectifs;Europe, tous | secteur | Automobile;fiches_touchees;7;21;14,0;oui
4a_effectifs;Europe, tous | secteur | Automobile;part_de_la_premiere_fiche;0.56;0.24;-0,32;oui
4a_effectifs;Europe, tous | secteur | Automobile;reference;True;True;0,0;non
4a_effectifs;Europe, tous | secteur | Automobile;suppressions;18;54;36,0;oui
4a_effectifs;Europe, tous | secteur | Hôtellerie;case_citable;True;True;0,0;non
4a_effectifs;Europe, tous | secteur | Hôtellerie;enseignes_touchees;39;94;55,0;oui
4a_effectifs;Europe, tous | secteur | Hôtellerie;fiches;318;322;4,0;oui
4a_effectifs;Europe, tous | secteur | Hôtellerie;fiches_touchees;39;94;55,0;oui
4a_effectifs;Europe, tous | secteur | Hôtellerie;part_de_la_premiere_fiche;0.17;0.11;-0,06;oui
4a_effectifs;Europe, tous | secteur | Hôtellerie;reference;False;False;0,0;non
4a_effectifs;Europe, tous | secteur | Hôtellerie;suppressions;89;197;108,0;oui
4a_effectifs;Europe, tous | secteur | Restauration;case_citable;False;True;1,0;oui
4a_effectifs;Europe, tous | secteur | Restauration;enseignes_touchees;12;65;53,0;oui
4a_effectifs;Europe, tous | secteur | Restauration;fiches;185;195;10,0;oui
4a_effectifs;Europe, tous | secteur | Restauration;fiches_touchees;12;68;56,0;oui
4a_effectifs;Europe, tous | secteur | Restauration;part_de_la_premiere_fiche;0.51;0.16;-0,35;oui
4a_effectifs;Europe, tous | secteur | Restauration;reference;False;False;0,0;non
4a_effectifs;Europe, tous | secteur | Restauration;suppressions;41;136;95,0;oui
4a_effectifs;Europe, tous | secteur | Santé;case_citable;False;True;1,0;oui
4a_effectifs;Europe, tous | secteur | Santé;enseignes_touchees;3;23;20,0;oui
4a_effectifs;Europe, tous | secteur | Santé;fiches;79;87;8,0;oui
4a_effectifs;Europe, tous | secteur | Santé;fiches_touchees;3;25;22,0;oui
4a_effectifs;Europe, tous | secteur | Santé;part_de_la_premiere_fiche;0.5;0.18;-0,32;oui
4a_effectifs;Europe, tous | secteur | Santé;reference;False;False;0,0;non
4a_effectifs;Europe, tous | secteur | Santé;suppressions;4;51;47,0;oui
4a_effectifs;Europe, tous | secteur | Services à domicile;case_citable;False;False;0,0;non
4a_effectifs;Europe, tous | secteur | Services à domicile;enseignes_touchees;7;16;9,0;oui
4a_effectifs;Europe, tous | secteur | Services à domicile;fiches;57;59;2,0;oui
4a_effectifs;Europe, tous | secteur | Services à domicile;fiches_touchees;7;18;11,0;oui
4a_effectifs;Europe, tous | secteur | Services à domicile;part_de_la_premiere_fiche;0.52;0.35;-0,17;oui
4a_effectifs;Europe, tous | secteur | Services à domicile;reference;False;False;0,0;non
4a_effectifs;Europe, tous | secteur | Services à domicile;suppressions;31;52;21,0;oui
4a_effectifs;Europe, tous | secteur | Sport et bien-être;case_citable;False;False;0,0;non
4a_effectifs;Europe, tous | secteur | Sport et bien-être;enseignes_touchees;15;55;40,0;oui
4a_effectifs;Europe, tous | secteur | Sport et bien-être;fiches;120;130;10,0;oui
4a_effectifs;Europe, tous | secteur | Sport et bien-être;fiches_touchees;17;65;48,0;oui
4a_effectifs;Europe, tous | secteur | Sport et bien-être;part_de_la_premiere_fiche;0.38;0.4;0,02;oui
4a_effectifs;Europe, tous | secteur | Sport et bien-être;reference;False;False;0,0;non
4a_effectifs;Europe, tous | secteur | Sport et bien-être;suppressions;56;481;425,0;oui
4a_effectifs;Europe, tous | secteur | Voyage;case_citable;False;False;0,0;non
4a_effectifs;Europe, tous | secteur | Voyage;enseignes_touchees;5;16;11,0;oui
4a_effectifs;Europe, tous | secteur | Voyage;fiches;65;68;3,0;oui
4a_effectifs;Europe, tous | secteur | Voyage;fiches_touchees;5;16;11,0;oui
4a_effectifs;Europe, tous | secteur | Voyage;part_de_la_premiere_fiche;0.54;0.52;-0,02;oui
4a_effectifs;Europe, tous | secteur | Voyage;reference;False;False;0,0;non
4a_effectifs;Europe, tous | secteur | Voyage;suppressions;24;86;62,0;oui
4a_effectifs;Europe, tous | taille | large;case_citable;True;False;-1,0;oui
4a_effectifs;Europe, tous | taille | large;enseignes_touchees;41;123;82,0;oui
4a_effectifs;Europe, tous | taille | large;fiches;369;385;16,0;oui
4a_effectifs;Europe, tous | taille | large;fiches_touchees;43;141;98,0;oui
4a_effectifs;Europe, tous | taille | large;part_de_la_premiere_fiche;0.18;0.32;0,14;oui
4a_effectifs;Europe, tous | taille | large;reference;False;False;0,0;non
4a_effectifs;Europe, tous | taille | large;suppressions;118;610;492,0;oui
4a_effectifs;Europe, tous | taille | mono;case_citable;False;True;1,0;oui
4a_effectifs;Europe, tous | taille | mono;enseignes_touchees;16;55;39,0;oui
4a_effectifs;Europe, tous | taille | mono;fiches;224;237;13,0;oui
4a_effectifs;Europe, tous | taille | mono;fiches_touchees;16;55;39,0;oui
4a_effectifs;Europe, tous | taille | mono;part_de_la_premiere_fiche;0.34;0.25;-0,09;oui
4a_effectifs;Europe, tous | taille | mono;reference;True;True;0,0;non
4a_effectifs;Europe, tous | taille | mono;suppressions;62;183;121,0;oui
4a_effectifs;Europe, tous | taille | small;case_citable;True;True;0,0;non
4a_effectifs;Europe, tous | taille | small;enseignes_touchees;31;109;78,0;oui
4a_effectifs;Europe, tous | taille | small;fiches;294;307;13,0;oui
4a_effectifs;Europe, tous | taille | small;fiches_touchees;31;111;80,0;oui
4a_effectifs;Europe, tous | taille | small;part_de_la_premiere_fiche;0.19;0.08;-0,11;oui
4a_effectifs;Europe, tous | taille | small;reference;False;False;0,0;non
4a_effectifs;Europe, tous | taille | small;suppressions;83;264;181,0;oui
4a_effectifs;US, sans_enseignes | afflux | 1 à 2 fois l'habitude;case_citable;True;True;0,0;non
4a_effectifs;US, sans_enseignes | afflux | 1 à 2 fois l'habitude;enseignes_touchees;60;138;78,0;oui
4a_effectifs;US, sans_enseignes | afflux | 1 à 2 fois l'habitude;fiches;461;448;-13,0;oui
4a_effectifs;US, sans_enseignes | afflux | 1 à 2 fois l'habitude;fiches_touchees;77;166;89,0;oui
4a_effectifs;US, sans_enseignes | afflux | 1 à 2 fois l'habitude;part_de_la_premiere_fiche;0.08;0.08;0,0;non
4a_effectifs;US, sans_enseignes | afflux | 1 à 2 fois l'habitude;reference;False;False;0,0;non
4a_effectifs;US, sans_enseignes | afflux | 1 à 2 fois l'habitude;suppressions;375;617;242,0;oui
4a_effectifs;US, sans_enseignes | afflux | pas plus que d'habitude;case_citable;True;True;0,0;non
4a_effectifs;US, sans_enseignes | afflux | pas plus que d'habitude;enseignes_touchees;16;52;36,0;oui
4a_effectifs;US, sans_enseignes | afflux | pas plus que d'habitude;fiches;201;189;-12,0;oui
4a_effectifs;US, sans_enseignes | afflux | pas plus que d'habitude;fiches_touchees;16;64;48,0;oui
4a_effectifs;US, sans_enseignes | afflux | pas plus que d'habitude;part_de_la_premiere_fiche;0.18;0.12;-0,06;oui
4a_effectifs;US, sans_enseignes | afflux | pas plus que d'habitude;reference;True;True;0,0;non
4a_effectifs;US, sans_enseignes | afflux | pas plus que d'habitude;suppressions;57;124;67,0;oui
4a_effectifs;US, sans_enseignes | afflux | plus de 2 fois l'habitude;case_citable;True;True;0,0;non
4a_effectifs;US, sans_enseignes | afflux | plus de 2 fois l'habitude;enseignes_touchees;30;120;90,0;oui
4a_effectifs;US, sans_enseignes | afflux | plus de 2 fois l'habitude;fiches;265;325;60,0;oui
4a_effectifs;US, sans_enseignes | afflux | plus de 2 fois l'habitude;fiches_touchees;32;135;103,0;oui
4a_effectifs;US, sans_enseignes | afflux | plus de 2 fois l'habitude;part_de_la_premiere_fiche;0.14;0.07;-0,07;oui
4a_effectifs;US, sans_enseignes | afflux | plus de 2 fois l'habitude;reference;False;False;0,0;non
4a_effectifs;US, sans_enseignes | afflux | plus de 2 fois l'habitude;suppressions;111;835;724,0;oui
4a_effectifs;US, sans_enseignes | habitude | 75 % ou moins;case_citable;True;True;0,0;non
4a_effectifs;US, sans_enseignes | habitude | 75 % ou moins;enseignes_touchees;41;125;84,0;oui
4a_effectifs;US, sans_enseignes | habitude | 75 % ou moins;fiches;384;400;16,0;oui
4a_effectifs;US, sans_enseignes | habitude | 75 % ou moins;fiches_touchees;49;148;99,0;oui
4a_effectifs;US, sans_enseignes | habitude | 75 % ou moins;part_de_la_premiere_fiche;0.13;0.09;-0,04;oui
4a_effectifs;US, sans_enseignes | habitude | 75 % ou moins;reference;True;True;0,0;non
4a_effectifs;US, sans_enseignes | habitude | 75 % ou moins;suppressions;245;670;425,0;oui
4a_effectifs;US, sans_enseignes | habitude | plus de 75 %;case_citable;True;True;0,0;non
4a_effectifs;US, sans_enseignes | habitude | plus de 75 %;enseignes_touchees;61;157;96,0;oui
4a_effectifs;US, sans_enseignes | habitude | plus de 75 %;fiches;543;562;19,0;oui
4a_effectifs;US, sans_enseignes | habitude | plus de 75 %;fiches_touchees;76;217;141,0;oui
4a_effectifs;US, sans_enseignes | habitude | plus de 75 %;part_de_la_premiere_fiche;0.05;0.04;-0,01;oui
4a_effectifs;US, sans_enseignes | habitude | plus de 75 %;reference;False;False;0,0;non
4a_effectifs;US, sans_enseignes | habitude | plus de 75 %;suppressions;298;906;608,0;oui
4a_effectifs;US, sans_enseignes | secteur | Automobile;case_citable;True;True;0,0;non
4a_effectifs;US, sans_enseignes | secteur | Automobile;enseignes_touchees;17;40;23,0;oui
4a_effectifs;US, sans_enseignes | secteur | Automobile;fiches;158;162;4,0;oui
4a_effectifs;US, sans_enseignes | secteur | Automobile;fiches_touchees;20;59;39,0;oui
4a_effectifs;US, sans_enseignes | secteur | Automobile;part_de_la_premiere_fiche;0.18;0.1;-0,08;oui
4a_effectifs;US, sans_enseignes | secteur | Automobile;reference;True;True;0,0;non
4a_effectifs;US, sans_enseignes | secteur | Automobile;suppressions;84;222;138,0;oui
4a_effectifs;US, sans_enseignes | secteur | Hôtellerie;case_citable;False;True;1,0;oui
4a_effectifs;US, sans_enseignes | secteur | Hôtellerie;enseignes_touchees;8;40;32,0;oui
4a_effectifs;US, sans_enseignes | secteur | Hôtellerie;fiches;123;130;7,0;oui
4a_effectifs;US, sans_enseignes | secteur | Hôtellerie;fiches_touchees;8;40;32,0;oui
4a_effectifs;US, sans_enseignes | secteur | Hôtellerie;part_de_la_premiere_fiche;0.33;0.14;-0,19;oui
4a_effectifs;US, sans_enseignes | secteur | Hôtellerie;reference;False;False;0,0;non
4a_effectifs;US, sans_enseignes | secteur | Hôtellerie;suppressions;18;90;72,0;oui
4a_effectifs;US, sans_enseignes | secteur | Restauration;case_citable;False;False;0,0;non
4a_effectifs;US, sans_enseignes | secteur | Restauration;enseignes_touchees;15;52;37,0;oui
4a_effectifs;US, sans_enseignes | secteur | Restauration;fiches;175;180;5,0;oui
4a_effectifs;US, sans_enseignes | secteur | Restauration;fiches_touchees;17;72;55,0;oui
4a_effectifs;US, sans_enseignes | secteur | Restauration;part_de_la_premiere_fiche;0.52;0.29;-0,23;oui
4a_effectifs;US, sans_enseignes | secteur | Restauration;reference;False;False;0,0;non
4a_effectifs;US, sans_enseignes | secteur | Restauration;suppressions;60;162;102,0;oui
4a_effectifs;US, sans_enseignes | secteur | Santé;case_citable;True;True;0,0;non
4a_effectifs;US, sans_enseignes | secteur | Santé;enseignes_touchees;19;55;36,0;oui
4a_effectifs;US, sans_enseignes | secteur | Santé;fiches;194;200;6,0;oui
4a_effectifs;US, sans_enseignes | secteur | Santé;fiches_touchees;24;72;48,0;oui
4a_effectifs;US, sans_enseignes | secteur | Santé;part_de_la_premiere_fiche;0.08;0.08;0,0;non
4a_effectifs;US, sans_enseignes | secteur | Santé;reference;False;False;0,0;non
4a_effectifs;US, sans_enseignes | secteur | Santé;suppressions;121;283;162,0;oui
4a_effectifs;US, sans_enseignes | secteur | Services à domicile;case_citable;True;True;0,0;non
4a_effectifs;US, sans_enseignes | secteur | Services à domicile;enseignes_touchees;26;48;22,0;oui
4a_effectifs;US, sans_enseignes | secteur | Services à domicile;fiches;145;153;8,0;oui
4a_effectifs;US, sans_enseignes | secteur | Services à domicile;fiches_touchees;38;72;34,0;oui
4a_effectifs;US, sans_enseignes | secteur | Services à domicile;part_de_la_premiere_fiche;0.14;0.11;-0,03;oui
4a_effectifs;US, sans_enseignes | secteur | Services à domicile;reference;False;False;0,0;non
4a_effectifs;US, sans_enseignes | secteur | Services à domicile;suppressions;166;561;395,0;oui
4a_effectifs;US, sans_enseignes | secteur | Sport et bien-être;case_citable;True;True;0,0;non
4a_effectifs;US, sans_enseignes | secteur | Sport et bien-être;enseignes_touchees;11;23;12,0;oui
4a_effectifs;US, sans_enseignes | secteur | Sport et bien-être;fiches;67;71;4,0;oui
4a_effectifs;US, sans_enseignes | secteur | Sport et bien-être;fiches_touchees;13;28;15,0;oui
4a_effectifs;US, sans_enseignes | secteur | Sport et bien-être;part_de_la_premiere_fiche;0.22;0.17;-0,05;oui
4a_effectifs;US, sans_enseignes | secteur | Sport et bien-être;reference;False;False;0,0;non
4a_effectifs;US, sans_enseignes | secteur | Sport et bien-être;suppressions;55;148;93,0;oui
4a_effectifs;US, sans_enseignes | secteur | Voyage;case_citable;False;False;0,0;non
4a_effectifs;US, sans_enseignes | secteur | Voyage;enseignes_touchees;5;22;17,0;oui
4a_effectifs;US, sans_enseignes | secteur | Voyage;fiches;65;66;1,0;oui
4a_effectifs;US, sans_enseignes | secteur | Voyage;fiches_touchees;5;22;17,0;oui
4a_effectifs;US, sans_enseignes | secteur | Voyage;part_de_la_premiere_fiche;0.41;0.35;-0,06;oui
4a_effectifs;US, sans_enseignes | secteur | Voyage;reference;False;False;0,0;non
4a_effectifs;US, sans_enseignes | secteur | Voyage;suppressions;39;110;71,0;oui
4a_effectifs;US, sans_enseignes | taille | large;case_citable;True;True;0,0;non
4a_effectifs;US, sans_enseignes | taille | large;enseignes_touchees;37;101;64,0;oui
4a_effectifs;US, sans_enseignes | taille | large;fiches;393;402;9,0;oui
4a_effectifs;US, sans_enseignes | taille | large;fiches_touchees;49;164;115,0;oui
4a_effectifs;US, sans_enseignes | taille | large;part_de_la_premiere_fiche;0.08;0.04;-0,04;oui
4a_effectifs;US, sans_enseignes | taille | large;reference;False;False;0,0;non
4a_effectifs;US, sans_enseignes | taille | large;suppressions;191;566;375,0;oui
4a_effectifs;US, sans_enseignes | taille | mono;case_citable;True;True;0,0;non
4a_effectifs;US, sans_enseignes | taille | mono;enseignes_touchees;20;71;51,0;oui
4a_effectifs;US, sans_enseignes | taille | mono;fiches;224;238;14,0;oui
4a_effectifs;US, sans_enseignes | taille | mono;fiches_touchees;20;71;51,0;oui
4a_effectifs;US, sans_enseignes | taille | mono;part_de_la_premiere_fiche;0.21;0.12;-0,09;oui
4a_effectifs;US, sans_enseignes | taille | mono;reference;True;True;0,0;non
4a_effectifs;US, sans_enseignes | taille | mono;suppressions;75;315;240,0;oui
4a_effectifs;US, sans_enseignes | taille | small;case_citable;True;True;0,0;non
4a_effectifs;US, sans_enseignes | taille | small;enseignes_touchees;44;108;64,0;oui
4a_effectifs;US, sans_enseignes | taille | small;fiches;310;322;12,0;oui
4a_effectifs;US, sans_enseignes | taille | small;fiches_touchees;56;130;74,0;oui
4a_effectifs;US, sans_enseignes | taille | small;part_de_la_premiere_fiche;0.11;0.08;-0,03;oui
4a_effectifs;US, sans_enseignes | taille | small;reference;False;False;0,0;non
4a_effectifs;US, sans_enseignes | taille | small;suppressions;277;695;418,0;oui
4a_effectifs;US, tous | afflux | 1 à 2 fois l'habitude;case_citable;True;True;0,0;non
4a_effectifs;US, tous | afflux | 1 à 2 fois l'habitude;enseignes_touchees;64;142;78,0;oui
4a_effectifs;US, tous | afflux | 1 à 2 fois l'habitude;fiches;504;486;-18,0;oui
4a_effectifs;US, tous | afflux | 1 à 2 fois l'habitude;fiches_touchees;101;194;93,0;oui
4a_effectifs;US, tous | afflux | 1 à 2 fois l'habitude;part_de_la_premiere_fiche;0.05;0.07;0,02;oui
4a_effectifs;US, tous | afflux | 1 à 2 fois l'habitude;reference;False;False;0,0;non
4a_effectifs;US, tous | afflux | 1 à 2 fois l'habitude;suppressions;616;972;356,0;oui
4a_effectifs;US, tous | afflux | pas plus que d'habitude;case_citable;True;True;0,0;non
4a_effectifs;US, tous | afflux | pas plus que d'habitude;enseignes_touchees;19;55;36,0;oui
4a_effectifs;US, tous | afflux | pas plus que d'habitude;fiches;220;206;-14,0;oui
4a_effectifs;US, tous | afflux | pas plus que d'habitude;fiches_touchees;28;75;47,0;oui
4a_effectifs;US, tous | afflux | pas plus que d'habitude;part_de_la_premiere_fiche;0.15;0.08;-0,07;oui
4a_effectifs;US, tous | afflux | pas plus que d'habitude;reference;True;True;0,0;non
4a_effectifs;US, tous | afflux | pas plus que d'habitude;suppressions;123;194;71,0;oui
4a_effectifs;US, tous | afflux | plus de 2 fois l'habitude;case_citable;True;True;0,0;non
4a_effectifs;US, tous | afflux | plus de 2 fois l'habitude;enseignes_touchees;34;124;90,0;oui
4a_effectifs;US, tous | afflux | plus de 2 fois l'habitude;fiches;279;348;69,0;oui
4a_effectifs;US, tous | afflux | plus de 2 fois l'habitude;fiches_touchees;43;156;113,0;oui
4a_effectifs;US, tous | afflux | plus de 2 fois l'habitude;part_de_la_premiere_fiche;0.2;0.06;-0,14;oui
4a_effectifs;US, tous | afflux | plus de 2 fois l'habitude;reference;False;False;0,0;non
4a_effectifs;US, tous | afflux | plus de 2 fois l'habitude;suppressions;254;1280;1026,0;oui
4a_effectifs;US, tous | habitude | 75 % ou moins;case_citable;True;True;0,0;non
4a_effectifs;US, tous | habitude | 75 % ou moins;enseignes_touchees;43;127;84,0;oui
4a_effectifs;US, tous | habitude | 75 % ou moins;fiches;417;433;16,0;oui
4a_effectifs;US, tous | habitude | 75 % ou moins;fiches_touchees;66;172;106,0;oui
4a_effectifs;US, tous | habitude | 75 % ou moins;part_de_la_premiere_fiche;0.11;0.07;-0,04;oui
4a_effectifs;US, tous | habitude | 75 % ou moins;reference;True;True;0,0;non
4a_effectifs;US, tous | habitude | 75 % ou moins;suppressions;446;1117;671,0;oui
4a_effectifs;US, tous | habitude | plus de 75 %;case_citable;True;True;0,0;non
4a_effectifs;US, tous | habitude | plus de 75 %;enseignes_touchees;64;160;96,0;oui
4a_effectifs;US, tous | habitude | plus de 75 %;fiches;586;607;21,0;oui
4a_effectifs;US, tous | habitude | plus de 75 %;fiches_touchees;106;253;147,0;oui
4a_effectifs;US, tous | habitude | plus de 75 %;part_de_la_premiere_fiche;0.05;0.03;-0,02;oui
4a_effectifs;US, tous | habitude | plus de 75 %;reference;False;False;0,0;non
4a_effectifs;US, tous | habitude | plus de 75 %;suppressions;547;1329;782,0;oui
4a_effectifs;US, tous | secteur | Automobile;case_citable;True;True;0,0;non
4a_effectifs;US, tous | secteur | Automobile;enseignes_touchees;17;40;23,0;oui
4a_effectifs;US, tous | secteur | Automobile;fiches;158;162;4,0;oui
4a_effectifs;US, tous | secteur | Automobile;fiches_touchees;20;59;39,0;oui
4a_effectifs;US, tous | secteur | Automobile;part_de_la_premiere_fiche;0.18;0.1;-0,08;oui
4a_effectifs;US, tous | secteur | Automobile;reference;True;True;0,0;non
4a_effectifs;US, tous | secteur | Automobile;suppressions;84;222;138,0;oui
4a_effectifs;US, tous | secteur | Hôtellerie;case_citable;False;True;1,0;oui
4a_effectifs;US, tous | secteur | Hôtellerie;enseignes_touchees;8;40;32,0;oui
4a_effectifs;US, tous | secteur | Hôtellerie;fiches;123;130;7,0;oui
4a_effectifs;US, tous | secteur | Hôtellerie;fiches_touchees;8;40;32,0;oui
4a_effectifs;US, tous | secteur | Hôtellerie;part_de_la_premiere_fiche;0.33;0.14;-0,19;oui
4a_effectifs;US, tous | secteur | Hôtellerie;reference;False;False;0,0;non
4a_effectifs;US, tous | secteur | Hôtellerie;suppressions;18;90;72,0;oui
4a_effectifs;US, tous | secteur | Restauration;case_citable;False;False;0,0;non
4a_effectifs;US, tous | secteur | Restauration;enseignes_touchees;15;52;37,0;oui
4a_effectifs;US, tous | secteur | Restauration;fiches;175;180;5,0;oui
4a_effectifs;US, tous | secteur | Restauration;fiches_touchees;17;72;55,0;oui
4a_effectifs;US, tous | secteur | Restauration;part_de_la_premiere_fiche;0.52;0.29;-0,23;oui
4a_effectifs;US, tous | secteur | Restauration;reference;False;False;0,0;non
4a_effectifs;US, tous | secteur | Restauration;suppressions;60;162;102,0;oui
4a_effectifs;US, tous | secteur | Santé;case_citable;True;True;0,0;non
4a_effectifs;US, tous | secteur | Santé;enseignes_touchees;19;55;36,0;oui
4a_effectifs;US, tous | secteur | Santé;fiches;194;200;6,0;oui
4a_effectifs;US, tous | secteur | Santé;fiches_touchees;24;72;48,0;oui
4a_effectifs;US, tous | secteur | Santé;part_de_la_premiere_fiche;0.08;0.08;0,0;non
4a_effectifs;US, tous | secteur | Santé;reference;False;False;0,0;non
4a_effectifs;US, tous | secteur | Santé;suppressions;121;283;162,0;oui
4a_effectifs;US, tous | secteur | Services à domicile;case_citable;True;True;0,0;non
4a_effectifs;US, tous | secteur | Services à domicile;enseignes_touchees;30;52;22,0;oui
4a_effectifs;US, tous | secteur | Services à domicile;fiches;221;231;10,0;oui
4a_effectifs;US, tous | secteur | Services à domicile;fiches_touchees;85;132;47,0;oui
4a_effectifs;US, tous | secteur | Services à domicile;part_de_la_premiere_fiche;0.08;0.05;-0,03;oui
4a_effectifs;US, tous | secteur | Services à domicile;reference;False;False;0,0;non
4a_effectifs;US, tous | secteur | Services à domicile;suppressions;616;1431;815,0;oui
4a_effectifs;US, tous | secteur | Sport et bien-être;case_citable;True;True;0,0;non
4a_effectifs;US, tous | secteur | Sport et bien-être;enseignes_touchees;11;23;12,0;oui
4a_effectifs;US, tous | secteur | Sport et bien-être;fiches;67;71;4,0;oui
4a_effectifs;US, tous | secteur | Sport et bien-être;fiches_touchees;13;28;15,0;oui
4a_effectifs;US, tous | secteur | Sport et bien-être;part_de_la_premiere_fiche;0.22;0.17;-0,05;oui
4a_effectifs;US, tous | secteur | Sport et bien-être;reference;False;False;0,0;non
4a_effectifs;US, tous | secteur | Sport et bien-être;suppressions;55;148;93,0;oui
4a_effectifs;US, tous | secteur | Voyage;case_citable;False;False;0,0;non
4a_effectifs;US, tous | secteur | Voyage;enseignes_touchees;5;22;17,0;oui
4a_effectifs;US, tous | secteur | Voyage;fiches;65;66;1,0;oui
4a_effectifs;US, tous | secteur | Voyage;fiches_touchees;5;22;17,0;oui
4a_effectifs;US, tous | secteur | Voyage;part_de_la_premiere_fiche;0.41;0.35;-0,06;oui
4a_effectifs;US, tous | secteur | Voyage;reference;False;False;0,0;non
4a_effectifs;US, tous | secteur | Voyage;suppressions;39;110;71,0;oui
4a_effectifs;US, tous | taille | large;case_citable;True;True;0,0;non
4a_effectifs;US, tous | taille | large;enseignes_touchees;41;105;64,0;oui
4a_effectifs;US, tous | taille | large;fiches;469;480;11,0;oui
4a_effectifs;US, tous | taille | large;fiches_touchees;96;224;128,0;oui
4a_effectifs;US, tous | taille | large;part_de_la_premiere_fiche;0.08;0.05;-0,03;oui
4a_effectifs;US, tous | taille | large;reference;False;False;0,0;non
4a_effectifs;US, tous | taille | large;suppressions;641;1436;795,0;oui
4a_effectifs;US, tous | taille | mono;case_citable;True;True;0,0;non
4a_effectifs;US, tous | taille | mono;enseignes_touchees;20;71;51,0;oui
4a_effectifs;US, tous | taille | mono;fiches;224;238;14,0;oui
4a_effectifs;US, tous | taille | mono;fiches_touchees;20;71;51,0;oui
4a_effectifs;US, tous | taille | mono;part_de_la_premiere_fiche;0.21;0.12;-0,09;oui
4a_effectifs;US, tous | taille | mono;reference;True;True;0,0;non
4a_effectifs;US, tous | taille | mono;suppressions;75;315;240,0;oui
4a_effectifs;US, tous | taille | small;case_citable;True;True;0,0;non
4a_effectifs;US, tous | taille | small;enseignes_touchees;44;108;64,0;oui
4a_effectifs;US, tous | taille | small;fiches;310;322;12,0;oui
4a_effectifs;US, tous | taille | small;fiches_touchees;56;130;74,0;oui
4a_effectifs;US, tous | taille | small;part_de_la_premiere_fiche;0.11;0.08;-0,03;oui
4a_effectifs;US, tous | taille | small;reference;False;False;0,0;non
4a_effectifs;US, tous | taille | small;suppressions;277;695;418,0;oui
4a_effectifs;ensemble, sans_enseignes | afflux | 1 à 2 fois l'habitude;case_citable;True;True;0,0;non
4a_effectifs;ensemble, sans_enseignes | afflux | 1 à 2 fois l'habitude;enseignes_touchees;93;244;151,0;oui
4a_effectifs;ensemble, sans_enseignes | afflux | 1 à 2 fois l'habitude;fiches;796;786;-10,0;oui
4a_effectifs;ensemble, sans_enseignes | afflux | 1 à 2 fois l'habitude;fiches_touchees;110;276;166,0;oui
4a_effectifs;ensemble, sans_enseignes | afflux | 1 à 2 fois l'habitude;part_de_la_premiere_fiche;0.07;0.06;-0,01;oui
4a_effectifs;ensemble, sans_enseignes | afflux | 1 à 2 fois l'habitude;reference;False;False;0,0;non
4a_effectifs;ensemble, sans_enseignes | afflux | 1 à 2 fois l'habitude;suppressions;441;807;366,0;oui
4a_effectifs;ensemble, sans_enseignes | afflux | pas plus que d'habitude;case_citable;True;True;0,0;non
4a_effectifs;ensemble, sans_enseignes | afflux | pas plus que d'habitude;enseignes_touchees;23;96;73,0;oui
4a_effectifs;ensemble, sans_enseignes | afflux | pas plus que d'habitude;fiches;323;317;-6,0;oui
4a_effectifs;ensemble, sans_enseignes | afflux | pas plus que d'habitude;fiches_touchees;23;113;90,0;oui
4a_effectifs;ensemble, sans_enseignes | afflux | pas plus que d'habitude;part_de_la_premiere_fiche;0.15;0.08;-0,07;oui
4a_effectifs;ensemble, sans_enseignes | afflux | pas plus que d'habitude;reference;True;True;0,0;non
4a_effectifs;ensemble, sans_enseignes | afflux | pas plus que d'habitude;suppressions;65;199;134,0;oui
4a_effectifs;ensemble, sans_enseignes | afflux | plus de 2 fois l'habitude;case_citable;True;True;0,0;non
4a_effectifs;ensemble, sans_enseignes | afflux | plus de 2 fois l'habitude;enseignes_touchees;79;264;185,0;oui
4a_effectifs;ensemble, sans_enseignes | afflux | plus de 2 fois l'habitude;fiches;694;786;92,0;oui
4a_effectifs;ensemble, sans_enseignes | afflux | plus de 2 fois l'habitude;fiches_touchees;81;281;200,0;oui
4a_effectifs;ensemble, sans_enseignes | afflux | plus de 2 fois l'habitude;part_de_la_premiere_fiche;0.08;0.05;-0,03;oui
4a_effectifs;ensemble, sans_enseignes | afflux | plus de 2 fois l'habitude;reference;False;False;0,0;non
4a_effectifs;ensemble, sans_enseignes | afflux | plus de 2 fois l'habitude;suppressions;279;1298;1019,0;oui
4a_effectifs;ensemble, sans_enseignes | habitude | 75 % ou moins;case_citable;True;True;0,0;non
4a_effectifs;ensemble, sans_enseignes | habitude | 75 % ou moins;enseignes_touchees;88;290;202,0;oui
4a_effectifs;ensemble, sans_enseignes | habitude | 75 % ou moins;fiches;887;921;34,0;oui
4a_effectifs;ensemble, sans_enseignes | habitude | 75 % ou moins;fiches_touchees;96;316;220,0;oui
4a_effectifs;ensemble, sans_enseignes | habitude | 75 % ou moins;part_de_la_premiere_fiche;0.08;0.05;-0,03;oui
4a_effectifs;ensemble, sans_enseignes | habitude | 75 % ou moins;reference;True;True;0,0;non
4a_effectifs;ensemble, sans_enseignes | habitude | 75 % ou moins;suppressions;373;1073;700,0;oui
4a_effectifs;ensemble, sans_enseignes | habitude | plus de 75 %;case_citable;True;True;0,0;non
4a_effectifs;ensemble, sans_enseignes | habitude | plus de 75 %;enseignes_touchees;101;278;177,0;oui
4a_effectifs;ensemble, sans_enseignes | habitude | plus de 75 %;fiches;926;968;42,0;oui
4a_effectifs;ensemble, sans_enseignes | habitude | plus de 75 %;fiches_touchees;118;354;236,0;oui
4a_effectifs;ensemble, sans_enseignes | habitude | plus de 75 %;part_de_la_premiere_fiche;0.04;0.03;-0,01;oui
4a_effectifs;ensemble, sans_enseignes | habitude | plus de 75 %;reference;False;False;0,0;non
4a_effectifs;ensemble, sans_enseignes | habitude | plus de 75 %;suppressions;412;1231;819,0;oui
4a_effectifs;ensemble, sans_enseignes | region | Europe;case_citable;True;True;0,0;non
4a_effectifs;ensemble, sans_enseignes | region | Europe;enseignes_touchees;87;285;198,0;oui
4a_effectifs;ensemble, sans_enseignes | region | Europe;fiches;886;927;41,0;oui
4a_effectifs;ensemble, sans_enseignes | region | Europe;fiches_touchees;89;305;216,0;oui
4a_effectifs;ensemble, sans_enseignes | region | Europe;part_de_la_premiere_fiche;0.09;0.06;-0,03;oui
4a_effectifs;ensemble, sans_enseignes | region | Europe;reference;True;True;0,0;non
4a_effectifs;ensemble, sans_enseignes | region | Europe;suppressions;242;728;486,0;oui
4a_effectifs;ensemble, sans_enseignes | region | US;case_citable;True;True;0,0;non
4a_effectifs;ensemble, sans_enseignes | region | US;enseignes_touchees;101;280;179,0;oui
4a_effectifs;ensemble, sans_enseignes | region | US;fiches;927;962;35,0;oui
4a_effectifs;ensemble, sans_enseignes | region | US;fiches_touchees;125;365;240,0;oui
4a_effectifs;ensemble, sans_enseignes | region | US;part_de_la_premiere_fiche;0.06;0.04;-0,02;oui
4a_effectifs;ensemble, sans_enseignes | region | US;reference;False;False;0,0;non
4a_effectifs;ensemble, sans_enseignes | region | US;suppressions;543;1576;1033,0;oui
4a_effectifs;ensemble, sans_enseignes | secteur | Automobile;case_citable;True;True;0,0;non
4a_effectifs;ensemble, sans_enseignes | secteur | Automobile;enseignes_touchees;24;58;34,0;oui
4a_effectifs;ensemble, sans_enseignes | secteur | Automobile;fiches;221;230;9,0;oui
4a_effectifs;ensemble, sans_enseignes | secteur | Automobile;fiches_touchees;27;80;53,0;oui
4a_effectifs;ensemble, sans_enseignes | secteur | Automobile;part_de_la_premiere_fiche;0.15;0.08;-0,07;oui
4a_effectifs;ensemble, sans_enseignes | secteur | Automobile;reference;True;True;0,0;non
4a_effectifs;ensemble, sans_enseignes | secteur | Automobile;suppressions;102;276;174,0;oui
4a_effectifs;ensemble, sans_enseignes | secteur | Hôtellerie;case_citable;True;True;0,0;non
4a_effectifs;ensemble, sans_enseignes | secteur | Hôtellerie;enseignes_touchees;47;134;87,0;oui
4a_effectifs;ensemble, sans_enseignes | secteur | Hôtellerie;fiches;441;452;11,0;oui
4a_effectifs;ensemble, sans_enseignes | secteur | Hôtellerie;fiches_touchees;47;134;87,0;oui
4a_effectifs;ensemble, sans_enseignes | secteur | Hôtellerie;part_de_la_premiere_fiche;0.14;0.08;-0,06;oui
4a_effectifs;ensemble, sans_enseignes | secteur | Hôtellerie;reference;False;False;0,0;non
4a_effectifs;ensemble, sans_enseignes | secteur | Hôtellerie;suppressions;107;287;180,0;oui
4a_effectifs;ensemble, sans_enseignes | secteur | Restauration;case_citable;False;True;1,0;oui
4a_effectifs;ensemble, sans_enseignes | secteur | Restauration;enseignes_touchees;27;117;90,0;oui
4a_effectifs;ensemble, sans_enseignes | secteur | Restauration;fiches;360;375;15,0;oui
4a_effectifs;ensemble, sans_enseignes | secteur | Restauration;fiches_touchees;29;140;111,0;oui
4a_effectifs;ensemble, sans_enseignes | secteur | Restauration;part_de_la_premiere_fiche;0.31;0.16;-0,15;oui
4a_effectifs;ensemble, sans_enseignes | secteur | Restauration;reference;False;False;0,0;non
4a_effectifs;ensemble, sans_enseignes | secteur | Restauration;suppressions;101;298;197,0;oui
4a_effectifs;ensemble, sans_enseignes | secteur | Santé;case_citable;True;True;0,0;non
4a_effectifs;ensemble, sans_enseignes | secteur | Santé;enseignes_touchees;22;78;56,0;oui
4a_effectifs;ensemble, sans_enseignes | secteur | Santé;fiches;273;287;14,0;oui
4a_effectifs;ensemble, sans_enseignes | secteur | Santé;fiches_touchees;27;97;70,0;oui
4a_effectifs;ensemble, sans_enseignes | secteur | Santé;part_de_la_premiere_fiche;0.08;0.07;-0,01;oui
4a_effectifs;ensemble, sans_enseignes | secteur | Santé;reference;False;False;0,0;non
4a_effectifs;ensemble, sans_enseignes | secteur | Santé;suppressions;125;334;209,0;oui
4a_effectifs;ensemble, sans_enseignes | secteur | Services à domicile;case_citable;True;True;0,0;non
4a_effectifs;ensemble, sans_enseignes | secteur | Services à domicile;enseignes_touchees;33;64;31,0;oui
4a_effectifs;ensemble, sans_enseignes | secteur | Services à domicile;fiches;202;212;10,0;oui
4a_effectifs;ensemble, sans_enseignes | secteur | Services à domicile;fiches_touchees;45;90;45,0;oui
4a_effectifs;ensemble, sans_enseignes | secteur | Services à domicile;part_de_la_premiere_fiche;0.12;0.1;-0,02;oui
4a_effectifs;ensemble, sans_enseignes | secteur | Services à domicile;reference;False;False;0,0;non
4a_effectifs;ensemble, sans_enseignes | secteur | Services à domicile;suppressions;197;613;416,0;oui
4a_effectifs;ensemble, sans_enseignes | secteur | Sport et bien-être;case_citable;True;True;0,0;non
4a_effectifs;ensemble, sans_enseignes | secteur | Sport et bien-être;enseignes_touchees;25;76;51,0;oui
4a_effectifs;ensemble, sans_enseignes | secteur | Sport et bien-être;fiches;186;199;13,0;oui
4a_effectifs;ensemble, sans_enseignes | secteur | Sport et bien-être;fiches_touchees;29;91;62,0;oui
4a_effectifs;ensemble, sans_enseignes | secteur | Sport et bien-être;part_de_la_premiere_fiche;0.18;0.08;-0,1;oui
4a_effectifs;ensemble, sans_enseignes | secteur | Sport et bien-être;reference;False;False;0,0;non
4a_effectifs;ensemble, sans_enseignes | secteur | Sport et bien-être;suppressions;90;300;210,0;oui
4a_effectifs;ensemble, sans_enseignes | secteur | Voyage;case_citable;False;True;1,0;oui
4a_effectifs;ensemble, sans_enseignes | secteur | Voyage;enseignes_touchees;10;38;28,0;oui
4a_effectifs;ensemble, sans_enseignes | secteur | Voyage;fiches;130;134;4,0;oui
4a_effectifs;ensemble, sans_enseignes | secteur | Voyage;fiches_touchees;10;38;28,0;oui
4a_effectifs;ensemble, sans_enseignes | secteur | Voyage;part_de_la_premiere_fiche;0.25;0.23;-0,02;oui
4a_effectifs;ensemble, sans_enseignes | secteur | Voyage;reference;False;False;0,0;non
4a_effectifs;ensemble, sans_enseignes | secteur | Voyage;suppressions;63;196;133,0;oui
4a_effectifs;ensemble, sans_enseignes | taille | large;case_citable;True;True;0,0;non
4a_effectifs;ensemble, sans_enseignes | taille | large;enseignes_touchees;77;222;145,0;oui
4a_effectifs;ensemble, sans_enseignes | taille | large;fiches;761;785;24,0;oui
4a_effectifs;ensemble, sans_enseignes | taille | large;fiches_touchees;91;303;212,0;oui
4a_effectifs;ensemble, sans_enseignes | taille | large;part_de_la_premiere_fiche;0.05;0.03;-0,02;oui
4a_effectifs;ensemble, sans_enseignes | taille | large;reference;False;False;0,0;non
4a_effectifs;ensemble, sans_enseignes | taille | large;suppressions;288;847;559,0;oui
4a_effectifs;ensemble, sans_enseignes | taille | mono;case_citable;True;True;0,0;non
4a_effectifs;ensemble, sans_enseignes | taille | mono;enseignes_touchees;36;126;90,0;oui
4a_effectifs;ensemble, sans_enseignes | taille | mono;fiches;448;475;27,0;oui
4a_effectifs;ensemble, sans_enseignes | taille | mono;fiches_touchees;36;126;90,0;oui
4a_effectifs;ensemble, sans_enseignes | taille | mono;part_de_la_premiere_fiche;0.15;0.09;-0,06;oui
4a_effectifs;ensemble, sans_enseignes | taille | mono;reference;True;True;0,0;non
4a_effectifs;ensemble, sans_enseignes | taille | mono;suppressions;137;498;361,0;oui
4a_effectifs;ensemble, sans_enseignes | taille | small;case_citable;True;True;0,0;non
4a_effectifs;ensemble, sans_enseignes | taille | small;enseignes_touchees;75;217;142,0;oui
4a_effectifs;ensemble, sans_enseignes | taille | small;fiches;604;629;25,0;oui
4a_effectifs;ensemble, sans_enseignes | taille | small;fiches_touchees;87;241;154,0;oui
4a_effectifs;ensemble, sans_enseignes | taille | small;part_de_la_premiere_fiche;0.09;0.06;-0,03;oui
4a_effectifs;ensemble, sans_enseignes | taille | small;reference;False;False;0,0;non
4a_effectifs;ensemble, sans_enseignes | taille | small;suppressions;360;959;599,0;oui
4a_effectifs;ensemble, tous | afflux | 1 à 2 fois l'habitude;case_citable;True;True;0,0;non
4a_effectifs;ensemble, tous | afflux | 1 à 2 fois l'habitude;enseignes_touchees;97;248;151,0;oui
4a_effectifs;ensemble, tous | afflux | 1 à 2 fois l'habitude;fiches;839;824;-15,0;oui
4a_effectifs;ensemble, tous | afflux | 1 à 2 fois l'habitude;fiches_touchees;134;304;170,0;oui
4a_effectifs;ensemble, tous | afflux | 1 à 2 fois l'habitude;part_de_la_premiere_fiche;0.05;0.06;0,01;oui
4a_effectifs;ensemble, tous | afflux | 1 à 2 fois l'habitude;reference;False;False;0,0;non
4a_effectifs;ensemble, tous | afflux | 1 à 2 fois l'habitude;suppressions;682;1162;480,0;oui
4a_effectifs;ensemble, tous | afflux | pas plus que d'habitude;case_citable;True;True;0,0;non
4a_effectifs;ensemble, tous | afflux | pas plus que d'habitude;enseignes_touchees;26;99;73,0;oui
4a_effectifs;ensemble, tous | afflux | pas plus que d'habitude;fiches;342;334;-8,0;oui
4a_effectifs;ensemble, tous | afflux | pas plus que d'habitude;fiches_touchees;35;124;89,0;oui
4a_effectifs;ensemble, tous | afflux | pas plus que d'habitude;part_de_la_premiere_fiche;0.15;0.06;-0,09;oui
4a_effectifs;ensemble, tous | afflux | pas plus que d'habitude;reference;True;True;0,0;non
4a_effectifs;ensemble, tous | afflux | pas plus que d'habitude;suppressions;131;269;138,0;oui
4a_effectifs;ensemble, tous | afflux | plus de 2 fois l'habitude;case_citable;True;True;0,0;non
4a_effectifs;ensemble, tous | afflux | plus de 2 fois l'habitude;enseignes_touchees;84;270;186,0;oui
4a_effectifs;ensemble, tous | afflux | plus de 2 fois l'habitude;fiches;709;811;102,0;oui
4a_effectifs;ensemble, tous | afflux | plus de 2 fois l'habitude;fiches_touchees;93;304;211,0;oui
4a_effectifs;ensemble, tous | afflux | plus de 2 fois l'habitude;part_de_la_premiere_fiche;0.12;0.09;-0,03;oui
4a_effectifs;ensemble, tous | afflux | plus de 2 fois l'habitude;reference;False;False;0,0;non
4a_effectifs;ensemble, tous | afflux | plus de 2 fois l'habitude;suppressions;443;2072;1629,0;oui
4a_effectifs;ensemble, tous | habitude | 75 % ou moins;case_citable;True;True;0,0;non
4a_effectifs;ensemble, tous | habitude | 75 % ou moins;enseignes_touchees;91;294;203,0;oui
4a_effectifs;ensemble, tous | habitude | 75 % ou moins;fiches;921;956;35,0;oui
4a_effectifs;ensemble, tous | habitude | 75 % ou moins;fiches_touchees;114;342;228,0;oui
4a_effectifs;ensemble, tous | habitude | 75 % ou moins;part_de_la_premiere_fiche;0.09;0.1;0,01;oui
4a_effectifs;ensemble, tous | habitude | 75 % ou moins;reference;True;True;0,0;non
4a_effectifs;ensemble, tous | habitude | 75 % ou moins;suppressions;595;1849;1254,0;oui
4a_effectifs;ensemble, tous | habitude | plus de 75 %;case_citable;True;True;0,0;non
4a_effectifs;ensemble, tous | habitude | plus de 75 %;enseignes_touchees;104;281;177,0;oui
4a_effectifs;ensemble, tous | habitude | plus de 75 %;fiches;969;1013;44,0;oui
4a_effectifs;ensemble, tous | habitude | plus de 75 %;fiches_touchees;148;390;242,0;oui
4a_effectifs;ensemble, tous | habitude | plus de 75 %;part_de_la_premiere_fiche;0.04;0.02;-0,02;oui
4a_effectifs;ensemble, tous | habitude | plus de 75 %;reference;False;False;0,0;non
4a_effectifs;ensemble, tous | habitude | plus de 75 %;suppressions;661;1654;993,0;oui
4a_effectifs;ensemble, tous | region | Europe;case_citable;True;True;0,0;non
4a_effectifs;ensemble, tous | region | Europe;enseignes_touchees;88;287;199,0;oui
4a_effectifs;ensemble, tous | region | Europe;fiches;887;929;42,0;oui
4a_effectifs;ensemble, tous | region | Europe;fiches_touchees;90;307;217,0;oui
4a_effectifs;ensemble, tous | region | Europe;part_de_la_premiere_fiche;0.08;0.18;0,1;oui
4a_effectifs;ensemble, tous | region | Europe;reference;True;True;0,0;non
4a_effectifs;ensemble, tous | region | Europe;suppressions;263;1057;794,0;oui
4a_effectifs;ensemble, tous | region | US;case_citable;True;True;0,0;non
4a_effectifs;ensemble, tous | region | US;enseignes_touchees;105;284;179,0;oui
4a_effectifs;ensemble, tous | region | US;fiches;1003;1040;37,0;oui
4a_effectifs;ensemble, tous | region | US;fiches_touchees;172;425;253,0;oui
4a_effectifs;ensemble, tous | region | US;part_de_la_premiere_fiche;0.05;0.03;-0,02;oui
4a_effectifs;ensemble, tous | region | US;reference;False;False;0,0;non
4a_effectifs;ensemble, tous | region | US;suppressions;993;2446;1453,0;oui
4a_effectifs;ensemble, tous | secteur | Automobile;case_citable;True;True;0,0;non
4a_effectifs;ensemble, tous | secteur | Automobile;enseignes_touchees;24;58;34,0;oui
4a_effectifs;ensemble, tous | secteur | Automobile;fiches;221;230;9,0;oui
4a_effectifs;ensemble, tous | secteur | Automobile;fiches_touchees;27;80;53,0;oui
4a_effectifs;ensemble, tous | secteur | Automobile;part_de_la_premiere_fiche;0.15;0.08;-0,07;oui
4a_effectifs;ensemble, tous | secteur | Automobile;reference;True;True;0,0;non
4a_effectifs;ensemble, tous | secteur | Automobile;suppressions;102;276;174,0;oui
4a_effectifs;ensemble, tous | secteur | Hôtellerie;case_citable;True;True;0,0;non
4a_effectifs;ensemble, tous | secteur | Hôtellerie;enseignes_touchees;47;134;87,0;oui
4a_effectifs;ensemble, tous | secteur | Hôtellerie;fiches;441;452;11,0;oui
4a_effectifs;ensemble, tous | secteur | Hôtellerie;fiches_touchees;47;134;87,0;oui
4a_effectifs;ensemble, tous | secteur | Hôtellerie;part_de_la_premiere_fiche;0.14;0.08;-0,06;oui
4a_effectifs;ensemble, tous | secteur | Hôtellerie;reference;False;False;0,0;non
4a_effectifs;ensemble, tous | secteur | Hôtellerie;suppressions;107;287;180,0;oui
4a_effectifs;ensemble, tous | secteur | Restauration;case_citable;False;True;1,0;oui
4a_effectifs;ensemble, tous | secteur | Restauration;enseignes_touchees;27;117;90,0;oui
4a_effectifs;ensemble, tous | secteur | Restauration;fiches;360;375;15,0;oui
4a_effectifs;ensemble, tous | secteur | Restauration;fiches_touchees;29;140;111,0;oui
4a_effectifs;ensemble, tous | secteur | Restauration;part_de_la_premiere_fiche;0.31;0.16;-0,15;oui
4a_effectifs;ensemble, tous | secteur | Restauration;reference;False;False;0,0;non
4a_effectifs;ensemble, tous | secteur | Restauration;suppressions;101;298;197,0;oui
4a_effectifs;ensemble, tous | secteur | Santé;case_citable;True;True;0,0;non
4a_effectifs;ensemble, tous | secteur | Santé;enseignes_touchees;22;78;56,0;oui
4a_effectifs;ensemble, tous | secteur | Santé;fiches;273;287;14,0;oui
4a_effectifs;ensemble, tous | secteur | Santé;fiches_touchees;27;97;70,0;oui
4a_effectifs;ensemble, tous | secteur | Santé;part_de_la_premiere_fiche;0.08;0.07;-0,01;oui
4a_effectifs;ensemble, tous | secteur | Santé;reference;False;False;0,0;non
4a_effectifs;ensemble, tous | secteur | Santé;suppressions;125;334;209,0;oui
4a_effectifs;ensemble, tous | secteur | Services à domicile;case_citable;True;True;0,0;non
4a_effectifs;ensemble, tous | secteur | Services à domicile;enseignes_touchees;37;68;31,0;oui
4a_effectifs;ensemble, tous | secteur | Services à domicile;fiches;278;290;12,0;oui
4a_effectifs;ensemble, tous | secteur | Services à domicile;fiches_touchees;92;150;58,0;oui
4a_effectifs;ensemble, tous | secteur | Services à domicile;part_de_la_premiere_fiche;0.08;0.05;-0,03;oui
4a_effectifs;ensemble, tous | secteur | Services à domicile;reference;False;False;0,0;non
4a_effectifs;ensemble, tous | secteur | Services à domicile;suppressions;647;1483;836,0;oui
4a_effectifs;ensemble, tous | secteur | Sport et bien-être;case_citable;True;False;-1,0;oui
4a_effectifs;ensemble, tous | secteur | Sport et bien-être;enseignes_touchees;26;78;52,0;oui
4a_effectifs;ensemble, tous | secteur | Sport et bien-être;fiches;187;201;14,0;oui
4a_effectifs;ensemble, tous | secteur | Sport et bien-être;fiches_touchees;30;93;63,0;oui
4a_effectifs;ensemble, tous | secteur | Sport et bien-être;part_de_la_premiere_fiche;0.19;0.31;0,12;oui
4a_effectifs;ensemble, tous | secteur | Sport et bien-être;reference;False;False;0,0;non
4a_effectifs;ensemble, tous | secteur | Sport et bien-être;suppressions;111;629;518,0;oui
4a_effectifs;ensemble, tous | secteur | Voyage;case_citable;False;True;1,0;oui
4a_effectifs;ensemble, tous | secteur | Voyage;enseignes_touchees;10;38;28,0;oui
4a_effectifs;ensemble, tous | secteur | Voyage;fiches;130;134;4,0;oui
4a_effectifs;ensemble, tous | secteur | Voyage;fiches_touchees;10;38;28,0;oui
4a_effectifs;ensemble, tous | secteur | Voyage;part_de_la_premiere_fiche;0.25;0.23;-0,02;oui
4a_effectifs;ensemble, tous | secteur | Voyage;reference;False;False;0,0;non
4a_effectifs;ensemble, tous | secteur | Voyage;suppressions;63;196;133,0;oui
4a_effectifs;ensemble, tous | taille | large;case_citable;True;True;0,0;non
4a_effectifs;ensemble, tous | taille | large;enseignes_touchees;82;228;146,0;oui
4a_effectifs;ensemble, tous | taille | large;fiches;838;865;27,0;oui
4a_effectifs;ensemble, tous | taille | large;fiches_touchees;139;365;226,0;oui
4a_effectifs;ensemble, tous | taille | large;part_de_la_premiere_fiche;0.07;0.09;0,02;oui
4a_effectifs;ensemble, tous | taille | large;reference;False;False;0,0;non
4a_effectifs;ensemble, tous | taille | large;suppressions;759;2046;1287,0;oui
4a_effectifs;ensemble, tous | taille | mono;case_citable;True;True;0,0;non
4a_effectifs;ensemble, tous | taille | mono;enseignes_touchees;36;126;90,0;oui
4a_effectifs;ensemble, tous | taille | mono;fiches;448;475;27,0;oui
4a_effectifs;ensemble, tous | taille | mono;fiches_touchees;36;126;90,0;oui
4a_effectifs;ensemble, tous | taille | mono;part_de_la_premiere_fiche;0.15;0.09;-0,06;oui
4a_effectifs;ensemble, tous | taille | mono;reference;True;True;0,0;non
4a_effectifs;ensemble, tous | taille | mono;suppressions;137;498;361,0;oui
4a_effectifs;ensemble, tous | taille | small;case_citable;True;True;0,0;non
4a_effectifs;ensemble, tous | taille | small;enseignes_touchees;75;217;142,0;oui
4a_effectifs;ensemble, tous | taille | small;fiches;604;629;25,0;oui
4a_effectifs;ensemble, tous | taille | small;fiches_touchees;87;241;154,0;oui
4a_effectifs;ensemble, tous | taille | small;part_de_la_premiere_fiche;0.09;0.06;-0,03;oui
4a_effectifs;ensemble, tous | taille | small;reference;False;False;0,0;non
4a_effectifs;ensemble, tous | taille | small;suppressions;360;959;599,0;oui
4a_effets;Europe, sans_enseignes | afflux : 1 à 2 fois l'habitude;citable;non;oui;;oui
4a_effets;Europe, sans_enseignes | afflux : 1 à 2 fois l'habitude;enseignes_touchees;33.0;106.0;73,0;oui
4a_effets;Europe, sans_enseignes | afflux : 1 à 2 fois l'habitude;fiches;335.0;338.0;3,0;oui
4a_effets;Europe, sans_enseignes | afflux : 1 à 2 fois l'habitude;fiches_touchees;33.0;110.0;77,0;oui
4a_effets;Europe, sans_enseignes | afflux : 1 à 2 fois l'habitude;fourchette_basse;0.81;0.56;-0,25;oui
4a_effets;Europe, sans_enseignes | afflux : 1 à 2 fois l'habitude;fourchette_haute;4.91;1.42;-3,49;oui
4a_effets;Europe, sans_enseignes | afflux : 1 à 2 fois l'habitude;part_de_la_premiere_fiche;0.24;0.05;-0,19;oui
4a_effets;Europe, sans_enseignes | afflux : 1 à 2 fois l'habitude;risque_relatif;2.0;0.89;-1,11;oui
4a_effets;Europe, sans_enseignes | afflux : 1 à 2 fois l'habitude;suppressions;66.0;190.0;124,0;oui
4a_effets;Europe, sans_enseignes | afflux : plus de 2 fois l'habitude;citable;non;oui;;oui
4a_effets;Europe, sans_enseignes | afflux : plus de 2 fois l'habitude;enseignes_touchees;49.0;144.0;95,0;oui
4a_effets;Europe, sans_enseignes | afflux : plus de 2 fois l'habitude;fiches;429.0;461.0;32,0;oui
4a_effets;Europe, sans_enseignes | afflux : plus de 2 fois l'habitude;fiches_touchees;49.0;146.0;97,0;oui
4a_effets;Europe, sans_enseignes | afflux : plus de 2 fois l'habitude;fourchette_basse;0.89;0.54;-0,35;oui
4a_effets;Europe, sans_enseignes | afflux : plus de 2 fois l'habitude;fourchette_haute;5.71;1.43;-4,28;oui
4a_effets;Europe, sans_enseignes | afflux : plus de 2 fois l'habitude;part_de_la_premiere_fiche;0.12;0.1;-0,02;oui
4a_effets;Europe, sans_enseignes | afflux : plus de 2 fois l'habitude;risque_relatif;2.25;0.88;-1,37;oui
4a_effets;Europe, sans_enseignes | afflux : plus de 2 fois l'habitude;suppressions;168.0;463.0;295,0;oui
4a_effets;Europe, sans_enseignes | contrôle : nombre d'avis de la fiche (log);citable;contrôle, ne se cite pas;contrôle, ne se cite pas;;non
4a_effets;Europe, sans_enseignes | contrôle : nombre d'avis de la fiche (log);enseignes_touchees;;;;non
4a_effets;Europe, sans_enseignes | contrôle : nombre d'avis de la fiche (log);fiches;;;;non
4a_effets;Europe, sans_enseignes | contrôle : nombre d'avis de la fiche (log);fiches_touchees;;;;non
4a_effets;Europe, sans_enseignes | contrôle : nombre d'avis de la fiche (log);fourchette_basse;1.75;2.0;0,25;oui
4a_effets;Europe, sans_enseignes | contrôle : nombre d'avis de la fiche (log);fourchette_haute;3.26;3.19;-0,07;oui
4a_effets;Europe, sans_enseignes | contrôle : nombre d'avis de la fiche (log);part_de_la_premiere_fiche;;;;non
4a_effets;Europe, sans_enseignes | contrôle : nombre d'avis de la fiche (log);risque_relatif;2.39;2.53;0,14;oui
4a_effets;Europe, sans_enseignes | contrôle : nombre d'avis de la fiche (log);suppressions;;;;non
4a_effets;Europe, sans_enseignes | habitude : plus de 75 %;citable;oui;oui;;non
4a_effets;Europe, sans_enseignes | habitude : plus de 75 %;enseignes_touchees;40.0;121.0;81,0;oui
4a_effets;Europe, sans_enseignes | habitude : plus de 75 %;fiches;383.0;406.0;23,0;oui
4a_effets;Europe, sans_enseignes | habitude : plus de 75 %;fiches_touchees;42.0;137.0;95,0;oui
4a_effets;Europe, sans_enseignes | habitude : plus de 75 %;fourchette_basse;0.72;0.75;0,03;oui
4a_effets;Europe, sans_enseignes | habitude : plus de 75 %;fourchette_haute;1.89;1.4;-0,49;oui
4a_effets;Europe, sans_enseignes | habitude : plus de 75 %;part_de_la_premiere_fiche;0.14;0.07;-0,07;oui
4a_effets;Europe, sans_enseignes | habitude : plus de 75 %;risque_relatif;1.17;1.03;-0,14;oui
4a_effets;Europe, sans_enseignes | habitude : plus de 75 %;suppressions;114.0;325.0;211,0;oui
4a_effets;Europe, sans_enseignes | secteur : Hôtellerie;citable;non;oui;;oui
4a_effets;Europe, sans_enseignes | secteur : Hôtellerie;enseignes_touchees;39.0;94.0;55,0;oui
4a_effets;Europe, sans_enseignes | secteur : Hôtellerie;fiches;318.0;322.0;4,0;oui
4a_effets;Europe, sans_enseignes | secteur : Hôtellerie;fiches_touchees;39.0;94.0;55,0;oui
4a_effets;Europe, sans_enseignes | secteur : Hôtellerie;fourchette_basse;0.27;0.32;0,05;oui
4a_effets;Europe, sans_enseignes | secteur : Hôtellerie;fourchette_haute;1.66;1.09;-0,57;oui
4a_effets;Europe, sans_enseignes | secteur : Hôtellerie;part_de_la_premiere_fiche;0.17;0.11;-0,06;oui
4a_effets;Europe, sans_enseignes | secteur : Hôtellerie;risque_relatif;0.67;0.59;-0,08;oui
4a_effets;Europe, sans_enseignes | secteur : Hôtellerie;suppressions;89.0;197.0;108,0;oui
4a_effets;Europe, sans_enseignes | secteur : Restauration;citable;non;oui;;oui
4a_effets;Europe, sans_enseignes | secteur : Restauration;enseignes_touchees;12.0;65.0;53,0;oui
4a_effets;Europe, sans_enseignes | secteur : Restauration;fiches;185.0;195.0;10,0;oui
4a_effets;Europe, sans_enseignes | secteur : Restauration;fiches_touchees;12.0;68.0;56,0;oui
4a_effets;Europe, sans_enseignes | secteur : Restauration;fourchette_basse;0.16;0.55;0,39;oui
4a_effets;Europe, sans_enseignes | secteur : Restauration;fourchette_haute;1.21;1.93;0,72;oui
4a_effets;Europe, sans_enseignes | secteur : Restauration;part_de_la_premiere_fiche;0.51;0.16;-0,35;oui
4a_effets;Europe, sans_enseignes | secteur : Restauration;risque_relatif;0.43;1.03;0,6;oui
4a_effets;Europe, sans_enseignes | secteur : Restauration;suppressions;41.0;136.0;95,0;oui
4a_effets;Europe, sans_enseignes | secteur : Santé;citable;non;oui;;oui
4a_effets;Europe, sans_enseignes | secteur : Santé;enseignes_touchees;3.0;23.0;20,0;oui
4a_effets;Europe, sans_enseignes | secteur : Santé;fiches;79.0;87.0;8,0;oui
4a_effets;Europe, sans_enseignes | secteur : Santé;fiches_touchees;3.0;25.0;22,0;oui
4a_effets;Europe, sans_enseignes | secteur : Santé;fourchette_basse;0.07;0.42;0,35;oui
4a_effets;Europe, sans_enseignes | secteur : Santé;fourchette_haute;1.29;1.76;0,47;oui
4a_effets;Europe, sans_enseignes | secteur : Santé;part_de_la_premiere_fiche;0.5;0.18;-0,32;oui
4a_effets;Europe, sans_enseignes | secteur : Santé;risque_relatif;0.31;0.86;0,55;oui
4a_effets;Europe, sans_enseignes | secteur : Santé;suppressions;4.0;51.0;47,0;oui
4a_effets;Europe, sans_enseignes | secteur : Services à domicile;citable;non;non;;non
4a_effets;Europe, sans_enseignes | secteur : Services à domicile;enseignes_touchees;7.0;16.0;9,0;oui
4a_effets;Europe, sans_enseignes | secteur : Services à domicile;fiches;57.0;59.0;2,0;oui
4a_effets;Europe, sans_enseignes | secteur : Services à domicile;fiches_touchees;7.0;18.0;11,0;oui
4a_effets;Europe, sans_enseignes | secteur : Services à domicile;fourchette_basse;0.3;0.38;0,08;oui
4a_effets;Europe, sans_enseignes | secteur : Services à domicile;fourchette_haute;3.09;1.86;-1,23;oui
4a_effets;Europe, sans_enseignes | secteur : Services à domicile;part_de_la_premiere_fiche;0.52;0.35;-0,17;oui
4a_effets;Europe, sans_enseignes | secteur : Services à domicile;risque_relatif;0.97;0.84;-0,13;oui
4a_effets;Europe, sans_enseignes | secteur : Services à domicile;suppressions;31.0;52.0;21,0;oui
4a_effets;Europe, sans_enseignes | secteur : Sport et bien-être;citable;non;oui;;oui
4a_effets;Europe, sans_enseignes | secteur : Sport et bien-être;enseignes_touchees;14.0;53.0;39,0;oui
4a_effets;Europe, sans_enseignes | secteur : Sport et bien-être;fiches;119.0;128.0;9,0;oui
4a_effets;Europe, sans_enseignes | secteur : Sport et bien-être;fiches_touchees;16.0;63.0;47,0;oui
4a_effets;Europe, sans_enseignes | secteur : Sport et bien-être;fourchette_basse;0.38;0.79;0,41;oui
4a_effets;Europe, sans_enseignes | secteur : Sport et bien-être;fourchette_haute;2.89;2.98;0,09;oui
4a_effets;Europe, sans_enseignes | secteur : Sport et bien-être;part_de_la_premiere_fiche;0.46;0.14;-0,32;oui
4a_effets;Europe, sans_enseignes | secteur : Sport et bien-être;risque_relatif;1.05;1.53;0,48;oui
4a_effets;Europe, sans_enseignes | secteur : Sport et bien-être;suppressions;35.0;152.0;117,0;oui
4a_effets;Europe, sans_enseignes | secteur : Voyage;citable;non;non;;non
4a_effets;Europe, sans_enseignes | secteur : Voyage;enseignes_touchees;5.0;16.0;11,0;oui
4a_effets;Europe, sans_enseignes | secteur : Voyage;fiches;65.0;68.0;3,0;oui
4a_effets;Europe, sans_enseignes | secteur : Voyage;fiches_touchees;5.0;16.0;11,0;oui
4a_effets;Europe, sans_enseignes | secteur : Voyage;fourchette_basse;0.13;0.26;0,13;oui
4a_effets;Europe, sans_enseignes | secteur : Voyage;fourchette_haute;1.98;1.51;-0,47;oui
4a_effets;Europe, sans_enseignes | secteur : Voyage;part_de_la_premiere_fiche;0.54;0.52;-0,02;oui
4a_effets;Europe, sans_enseignes | secteur : Voyage;risque_relatif;0.5;0.63;0,13;oui
4a_effets;Europe, sans_enseignes | secteur : Voyage;suppressions;24.0;86.0;62,0;oui
4a_effets;Europe, sans_enseignes | taille : large;citable;non;oui;;oui
4a_effets;Europe, sans_enseignes | taille : large;enseignes_touchees;40.0;121.0;81,0;oui
4a_effets;Europe, sans_enseignes | taille : large;fiches;368.0;383.0;15,0;oui
4a_effets;Europe, sans_enseignes | taille : large;fiches_touchees;42.0;139.0;97,0;oui
4a_effets;Europe, sans_enseignes | taille : large;fourchette_basse;0.64;0.98;0,34;oui
4a_effets;Europe, sans_enseignes | taille : large;fourchette_haute;2.86;2.44;-0,42;oui
4a_effets;Europe, sans_enseignes | taille : large;part_de_la_premiere_fiche;0.15;0.08;-0,07;oui
4a_effets;Europe, sans_enseignes | taille : large;risque_relatif;1.35;1.55;0,2;oui
4a_effets;Europe, sans_enseignes | taille : large;suppressions;97.0;281.0;184,0;oui
4a_effets;Europe, sans_enseignes | taille : small;citable;non;oui;;oui
4a_effets;Europe, sans_enseignes | taille : small;enseignes_touchees;31.0;109.0;78,0;oui
4a_effets;Europe, sans_enseignes | taille : small;fiches;294.0;307.0;13,0;oui
4a_effets;Europe, sans_enseignes | taille : small;fiches_touchees;31.0;111.0;80,0;oui
4a_effets;Europe, sans_enseignes | taille : small;fourchette_basse;0.56;0.92;0,36;oui
4a_effets;Europe, sans_enseignes | taille : small;fourchette_haute;2.64;2.33;-0,31;oui
4a_effets;Europe, sans_enseignes | taille : small;part_de_la_premiere_fiche;0.19;0.08;-0,11;oui
4a_effets;Europe, sans_enseignes | taille : small;risque_relatif;1.22;1.47;0,25;oui
4a_effets;Europe, sans_enseignes | taille : small;suppressions;83.0;264.0;181,0;oui
4a_effets;Europe, tous | afflux : 1 à 2 fois l'habitude;citable;non;oui;;oui
4a_effets;Europe, tous | afflux : 1 à 2 fois l'habitude;enseignes_touchees;33.0;106.0;73,0;oui
4a_effets;Europe, tous | afflux : 1 à 2 fois l'habitude;fiches;335.0;338.0;3,0;oui
4a_effets;Europe, tous | afflux : 1 à 2 fois l'habitude;fiches_touchees;33.0;110.0;77,0;oui
4a_effets;Europe, tous | afflux : 1 à 2 fois l'habitude;fourchette_basse;0.83;0.56;-0,27;oui
4a_effets;Europe, tous | afflux : 1 à 2 fois l'habitude;fourchette_haute;5.04;1.43;-3,61;oui
4a_effets;Europe, tous | afflux : 1 à 2 fois l'habitude;part_de_la_premiere_fiche;0.24;0.05;-0,19;oui
4a_effets;Europe, tous | afflux : 1 à 2 fois l'habitude;risque_relatif;2.05;0.89;-1,16;oui
4a_effets;Europe, tous | afflux : 1 à 2 fois l'habitude;suppressions;66.0;190.0;124,0;oui
4a_effets;Europe, tous | afflux : plus de 2 fois l'habitude;citable;non;oui;;oui
4a_effets;Europe, tous | afflux : plus de 2 fois l'habitude;enseignes_touchees;50.0;146.0;96,0;oui
4a_effets;Europe, tous | afflux : plus de 2 fois l'habitude;fiches;430.0;463.0;33,0;oui
4a_effets;Europe, tous | afflux : plus de 2 fois l'habitude;fiches_touchees;50.0;148.0;98,0;oui
4a_effets;Europe, tous | afflux : plus de 2 fois l'habitude;fourchette_basse;0.94;0.54;-0,4;oui
4a_effets;Europe, tous | afflux : plus de 2 fois l'habitude;fourchette_haute;6.05;1.43;-4,62;oui
4a_effets;Europe, tous | afflux : plus de 2 fois l'habitude;part_de_la_premiere_fiche;0.11;0.24;0,13;oui
4a_effets;Europe, tous | afflux : plus de 2 fois l'habitude;risque_relatif;2.39;0.88;-1,51;oui
4a_effets;Europe, tous | afflux : plus de 2 fois l'habitude;suppressions;189.0;792.0;603,0;oui
4a_effets;Europe, tous | contrôle : nombre d'avis de la fiche (log);citable;contrôle, ne se cite pas;contrôle, ne se cite pas;;non
4a_effets;Europe, tous | contrôle : nombre d'avis de la fiche (log);enseignes_touchees;;;;non
4a_effets;Europe, tous | contrôle : nombre d'avis de la fiche (log);fiches;;;;non
4a_effets;Europe, tous | contrôle : nombre d'avis de la fiche (log);fiches_touchees;;;;non
4a_effets;Europe, tous | contrôle : nombre d'avis de la fiche (log);fourchette_basse;1.76;2.01;0,25;oui
4a_effets;Europe, tous | contrôle : nombre d'avis de la fiche (log);fourchette_haute;3.27;3.21;-0,06;oui
4a_effets;Europe, tous | contrôle : nombre d'avis de la fiche (log);part_de_la_premiere_fiche;;;;non
4a_effets;Europe, tous | contrôle : nombre d'avis de la fiche (log);risque_relatif;2.4;2.54;0,14;oui
4a_effets;Europe, tous | contrôle : nombre d'avis de la fiche (log);suppressions;;;;non
4a_effets;Europe, tous | habitude : plus de 75 %;citable;oui;non;;oui
4a_effets;Europe, tous | habitude : plus de 75 %;enseignes_touchees;40.0;121.0;81,0;oui
4a_effets;Europe, tous | habitude : plus de 75 %;fiches;383.0;406.0;23,0;oui
4a_effets;Europe, tous | habitude : plus de 75 %;fiches_touchees;42.0;137.0;95,0;oui
4a_effets;Europe, tous | habitude : plus de 75 %;fourchette_basse;0.72;0.75;0,03;oui
4a_effets;Europe, tous | habitude : plus de 75 %;fourchette_haute;1.86;1.4;-0,46;oui
4a_effets;Europe, tous | habitude : plus de 75 %;part_de_la_premiere_fiche;0.14;0.07;-0,07;oui
4a_effets;Europe, tous | habitude : plus de 75 %;risque_relatif;1.15;1.02;-0,13;oui
4a_effets;Europe, tous | habitude : plus de 75 %;suppressions;114.0;325.0;211,0;oui
4a_effets;Europe, tous | secteur : Hôtellerie;citable;non;oui;;oui
4a_effets;Europe, tous | secteur : Hôtellerie;enseignes_touchees;39.0;94.0;55,0;oui
4a_effets;Europe, tous | secteur : Hôtellerie;fiches;318.0;322.0;4,0;oui
4a_effets;Europe, tous | secteur : Hôtellerie;fiches_touchees;39.0;94.0;55,0;oui
4a_effets;Europe, tous | secteur : Hôtellerie;fourchette_basse;0.26;0.32;0,06;oui
4a_effets;Europe, tous | secteur : Hôtellerie;fourchette_haute;1.62;1.08;-0,54;oui
4a_effets;Europe, tous | secteur : Hôtellerie;part_de_la_premiere_fiche;0.17;0.11;-0,06;oui
4a_effets;Europe, tous | secteur : Hôtellerie;risque_relatif;0.66;0.59;-0,07;oui
4a_effets;Europe, tous | secteur : Hôtellerie;suppressions;89.0;197.0;108,0;oui
4a_effets;Europe, tous | secteur : Restauration;citable;non;oui;;oui
4a_effets;Europe, tous | secteur : Restauration;enseignes_touchees;12.0;65.0;53,0;oui
4a_effets;Europe, tous | secteur : Restauration;fiches;185.0;195.0;10,0;oui
4a_effets;Europe, tous | secteur : Restauration;fiches_touchees;12.0;68.0;56,0;oui
4a_effets;Europe, tous | secteur : Restauration;fourchette_basse;0.15;0.55;0,4;oui
4a_effets;Europe, tous | secteur : Restauration;fourchette_haute;1.2;1.93;0,73;oui
4a_effets;Europe, tous | secteur : Restauration;part_de_la_premiere_fiche;0.51;0.16;-0,35;oui
4a_effets;Europe, tous | secteur : Restauration;risque_relatif;0.43;1.03;0,6;oui
4a_effets;Europe, tous | secteur : Restauration;suppressions;41.0;136.0;95,0;oui
4a_effets;Europe, tous | secteur : Santé;citable;non;oui;;oui
4a_effets;Europe, tous | secteur : Santé;enseignes_touchees;3.0;23.0;20,0;oui
4a_effets;Europe, tous | secteur : Santé;fiches;79.0;87.0;8,0;oui
4a_effets;Europe, tous | secteur : Santé;fiches_touchees;3.0;25.0;22,0;oui
4a_effets;Europe, tous | secteur : Santé;fourchette_basse;0.07;0.42;0,35;oui
4a_effets;Europe, tous | secteur : Santé;fourchette_haute;1.29;1.76;0,47;oui
4a_effets;Europe, tous | secteur : Santé;part_de_la_premiere_fiche;0.5;0.18;-0,32;oui
4a_effets;Europe, tous | secteur : Santé;risque_relatif;0.31;0.86;0,55;oui
4a_effets;Europe, tous | secteur : Santé;suppressions;4.0;51.0;47,0;oui
4a_effets;Europe, tous | secteur : Services à domicile;citable;non;non;;non
4a_effets;Europe, tous | secteur : Services à domicile;enseignes_touchees;7.0;16.0;9,0;oui
4a_effets;Europe, tous | secteur : Services à domicile;fiches;57.0;59.0;2,0;oui
4a_effets;Europe, tous | secteur : Services à domicile;fiches_touchees;7.0;18.0;11,0;oui
4a_effets;Europe, tous | secteur : Services à domicile;fourchette_basse;0.3;0.38;0,08;oui
4a_effets;Europe, tous | secteur : Services à domicile;fourchette_haute;3.07;1.86;-1,21;oui
4a_effets;Europe, tous | secteur : Services à domicile;part_de_la_premiere_fiche;0.52;0.35;-0,17;oui
4a_effets;Europe, tous | secteur : Services à domicile;risque_relatif;0.96;0.84;-0,12;oui
4a_effets;Europe, tous | secteur : Services à domicile;suppressions;31.0;52.0;21,0;oui
4a_effets;Europe, tous | secteur : Sport et bien-être;citable;non;non;;non
4a_effets;Europe, tous | secteur : Sport et bien-être;enseignes_touchees;15.0;55.0;40,0;oui
4a_effets;Europe, tous | secteur : Sport et bien-être;fiches;120.0;130.0;10,0;oui
4a_effets;Europe, tous | secteur : Sport et bien-être;fiches_touchees;17.0;65.0;48,0;oui
4a_effets;Europe, tous | secteur : Sport et bien-être;fourchette_basse;0.4;0.79;0,39;oui
4a_effets;Europe, tous | secteur : Sport et bien-être;fourchette_haute;3.03;2.99;-0,04;oui
4a_effets;Europe, tous | secteur : Sport et bien-être;part_de_la_premiere_fiche;0.38;0.4;0,02;oui
4a_effets;Europe, tous | secteur : Sport et bien-être;risque_relatif;1.11;1.54;0,43;oui
4a_effets;Europe, tous | secteur : Sport et bien-être;suppressions;56.0;481.0;425,0;oui
4a_effets;Europe, tous | secteur : Voyage;citable;non;non;;non
4a_effets;Europe, tous | secteur : Voyage;enseignes_touchees;5.0;16.0;11,0;oui
4a_effets;Europe, tous | secteur : Voyage;fiches;65.0;68.0;3,0;oui
4a_effets;Europe, tous | secteur : Voyage;fiches_touchees;5.0;16.0;11,0;oui
4a_effets;Europe, tous | secteur : Voyage;fourchette_basse;0.13;0.26;0,13;oui
4a_effets;Europe, tous | secteur : Voyage;fourchette_haute;1.96;1.5;-0,46;oui
4a_effets;Europe, tous | secteur : Voyage;part_de_la_premiere_fiche;0.54;0.52;-0,02;oui
4a_effets;Europe, tous | secteur : Voyage;risque_relatif;0.5;0.63;0,13;oui
4a_effets;Europe, tous | secteur : Voyage;suppressions;24.0;86.0;62,0;oui
4a_effets;Europe, tous | taille : large;citable;non;non;;non
4a_effets;Europe, tous | taille : large;enseignes_touchees;41.0;123.0;82,0;oui
4a_effets;Europe, tous | taille : large;fiches;369.0;385.0;16,0;oui
4a_effets;Europe, tous | taille : large;fiches_touchees;43.0;141.0;98,0;oui
4a_effets;Europe, tous | taille : large;fourchette_basse;0.66;0.98;0,32;oui
4a_effets;Europe, tous | taille : large;fourchette_haute;2.94;2.45;-0,49;oui
4a_effets;Europe, tous | taille : large;part_de_la_premiere_fiche;0.18;0.32;0,14;oui
4a_effets;Europe, tous | taille : large;risque_relatif;1.39;1.55;0,16;oui
4a_effets;Europe, tous | taille : large;suppressions;118.0;610.0;492,0;oui
4a_effets;Europe, tous | taille : small;citable;non;oui;;oui
4a_effets;Europe, tous | taille : small;enseignes_touchees;31.0;109.0;78,0;oui
4a_effets;Europe, tous | taille : small;fiches;294.0;307.0;13,0;oui
4a_effets;Europe, tous | taille : small;fiches_touchees;31.0;111.0;80,0;oui
4a_effets;Europe, tous | taille : small;fourchette_basse;0.57;0.92;0,35;oui
4a_effets;Europe, tous | taille : small;fourchette_haute;2.66;2.33;-0,33;oui
4a_effets;Europe, tous | taille : small;part_de_la_premiere_fiche;0.19;0.08;-0,11;oui
4a_effets;Europe, tous | taille : small;risque_relatif;1.23;1.46;0,23;oui
4a_effets;Europe, tous | taille : small;suppressions;83.0;264.0;181,0;oui
4a_effets;US, sans_enseignes | afflux : 1 à 2 fois l'habitude;citable;oui;oui;;non
4a_effets;US, sans_enseignes | afflux : 1 à 2 fois l'habitude;enseignes_touchees;60.0;138.0;78,0;oui
4a_effets;US, sans_enseignes | afflux : 1 à 2 fois l'habitude;fiches;461.0;448.0;-13,0;oui
4a_effets;US, sans_enseignes | afflux : 1 à 2 fois l'habitude;fiches_touchees;77.0;166.0;89,0;oui
4a_effets;US, sans_enseignes | afflux : 1 à 2 fois l'habitude;fourchette_basse;0.96;0.57;-0,39;oui
4a_effets;US, sans_enseignes | afflux : 1 à 2 fois l'habitude;fourchette_haute;3.2;1.24;-1,96;oui
4a_effets;US, sans_enseignes | afflux : 1 à 2 fois l'habitude;part_de_la_premiere_fiche;0.08;0.08;0,0;non
4a_effets;US, sans_enseignes | afflux : 1 à 2 fois l'habitude;risque_relatif;1.76;0.84;-0,92;oui
4a_effets;US, sans_enseignes | afflux : 1 à 2 fois l'habitude;suppressions;375.0;617.0;242,0;oui
4a_effets;US, sans_enseignes | afflux : plus de 2 fois l'habitude;citable;oui;oui;;non
4a_effets;US, sans_enseignes | afflux : plus de 2 fois l'habitude;enseignes_touchees;30.0;120.0;90,0;oui
4a_effets;US, sans_enseignes | afflux : plus de 2 fois l'habitude;fiches;265.0;325.0;60,0;oui
4a_effets;US, sans_enseignes | afflux : plus de 2 fois l'habitude;fiches_touchees;32.0;135.0;103,0;oui
4a_effets;US, sans_enseignes | afflux : plus de 2 fois l'habitude;fourchette_basse;0.62;0.71;0,09;oui
4a_effets;US, sans_enseignes | afflux : plus de 2 fois l'habitude;fourchette_haute;2.43;1.63;-0,8;oui
4a_effets;US, sans_enseignes | afflux : plus de 2 fois l'habitude;part_de_la_premiere_fiche;0.14;0.07;-0,07;oui
4a_effets;US, sans_enseignes | afflux : plus de 2 fois l'habitude;risque_relatif;1.22;1.07;-0,15;oui
4a_effets;US, sans_enseignes | afflux : plus de 2 fois l'habitude;suppressions;111.0;835.0;724,0;oui
4a_effets;US, sans_enseignes | contrôle : nombre d'avis de la fiche (log);citable;contrôle, ne se cite pas;contrôle, ne se cite pas;;non
4a_effets;US, sans_enseignes | contrôle : nombre d'avis de la fiche (log);enseignes_touchees;;;;non
4a_effets;US, sans_enseignes | contrôle : nombre d'avis de la fiche (log);fiches;;;;non
4a_effets;US, sans_enseignes | contrôle : nombre d'avis de la fiche (log);fiches_touchees;;;;non
4a_effets;US, sans_enseignes | contrôle : nombre d'avis de la fiche (log);fourchette_basse;1.99;2.51;0,52;oui
4a_effets;US, sans_enseignes | contrôle : nombre d'avis de la fiche (log);fourchette_haute;3.36;3.91;0,55;oui
4a_effets;US, sans_enseignes | contrôle : nombre d'avis de la fiche (log);part_de_la_premiere_fiche;;;;non
4a_effets;US, sans_enseignes | contrôle : nombre d'avis de la fiche (log);risque_relatif;2.58;3.13;0,55;oui
4a_effets;US, sans_enseignes | contrôle : nombre d'avis de la fiche (log);suppressions;;;;non
4a_effets;US, sans_enseignes | habitude : plus de 75 %;citable;oui;oui;;non
4a_effets;US, sans_enseignes | habitude : plus de 75 %;enseignes_touchees;61.0;157.0;96,0;oui
4a_effets;US, sans_enseignes | habitude : plus de 75 %;fiches;543.0;562.0;19,0;oui
4a_effets;US, sans_enseignes | habitude : plus de 75 %;fiches_touchees;76.0;217.0;141,0;oui
4a_effets;US, sans_enseignes | habitude : plus de 75 %;fourchette_basse;0.52;0.61;0,09;oui
4a_effets;US, sans_enseignes | habitude : plus de 75 %;fourchette_haute;1.25;1.13;-0,12;oui
4a_effets;US, sans_enseignes | habitude : plus de 75 %;part_de_la_premiere_fiche;0.05;0.04;-0,01;oui
4a_effets;US, sans_enseignes | habitude : plus de 75 %;risque_relatif;0.8;0.83;0,03;oui
4a_effets;US, sans_enseignes | habitude : plus de 75 %;suppressions;298.0;906.0;608,0;oui
4a_effets;US, sans_enseignes | secteur : Hôtellerie;citable;non;oui;;oui
4a_effets;US, sans_enseignes | secteur : Hôtellerie;enseignes_touchees;8.0;40.0;32,0;oui
4a_effets;US, sans_enseignes | secteur : Hôtellerie;fiches;123.0;130.0;7,0;oui
4a_effets;US, sans_enseignes | secteur : Hôtellerie;fiches_touchees;8.0;40.0;32,0;oui
4a_effets;US, sans_enseignes | secteur : Hôtellerie;fourchette_basse;0.23;0.55;0,32;oui
4a_effets;US, sans_enseignes | secteur : Hôtellerie;fourchette_haute;1.41;1.6;0,19;oui
4a_effets;US, sans_enseignes | secteur : Hôtellerie;part_de_la_premiere_fiche;0.33;0.14;-0,19;oui
4a_effets;US, sans_enseignes | secteur : Hôtellerie;risque_relatif;0.57;0.94;0,37;oui
4a_effets;US, sans_enseignes | secteur : Hôtellerie;suppressions;18.0;90.0;72,0;oui
4a_effets;US, sans_enseignes | secteur : Restauration;citable;non;non;;non
4a_effets;US, sans_enseignes | secteur : Restauration;enseignes_touchees;15.0;52.0;37,0;oui
4a_effets;US, sans_enseignes | secteur : Restauration;fiches;175.0;180.0;5,0;oui
4a_effets;US, sans_enseignes | secteur : Restauration;fiches_touchees;17.0;72.0;55,0;oui
4a_effets;US, sans_enseignes | secteur : Restauration;fourchette_basse;0.37;0.73;0,36;oui
4a_effets;US, sans_enseignes | secteur : Restauration;fourchette_haute;1.58;1.92;0,34;oui
4a_effets;US, sans_enseignes | secteur : Restauration;part_de_la_premiere_fiche;0.52;0.29;-0,23;oui
4a_effets;US, sans_enseignes | secteur : Restauration;risque_relatif;0.76;1.18;0,42;oui
4a_effets;US, sans_enseignes | secteur : Restauration;suppressions;60.0;162.0;102,0;oui
4a_effets;US, sans_enseignes | secteur : Santé;citable;oui;oui;;non
4a_effets;US, sans_enseignes | secteur : Santé;enseignes_touchees;19.0;55.0;36,0;oui
4a_effets;US, sans_enseignes | secteur : Santé;fiches;194.0;200.0;6,0;oui
4a_effets;US, sans_enseignes | secteur : Santé;fiches_touchees;24.0;72.0;48,0;oui
4a_effets;US, sans_enseignes | secteur : Santé;fourchette_basse;0.61;0.71;0,1;oui
4a_effets;US, sans_enseignes | secteur : Santé;fourchette_haute;2.33;1.82;-0,51;oui
4a_effets;US, sans_enseignes | secteur : Santé;part_de_la_premiere_fiche;0.08;0.08;0,0;non
4a_effets;US, sans_enseignes | secteur : Santé;risque_relatif;1.19;1.13;-0,06;oui
4a_effets;US, sans_enseignes | secteur : Santé;suppressions;121.0;283.0;162,0;oui
4a_effets;US, sans_enseignes | secteur : Services à domicile;citable;oui;oui;;non
4a_effets;US, sans_enseignes | secteur : Services à domicile;enseignes_touchees;26.0;48.0;22,0;oui
4a_effets;US, sans_enseignes | secteur : Services à domicile;fiches;145.0;153.0;8,0;oui
4a_effets;US, sans_enseignes | secteur : Services à domicile;fiches_touchees;38.0;72.0;34,0;oui
4a_effets;US, sans_enseignes | secteur : Services à domicile;fourchette_basse;1.24;0.82;-0,42;oui
4a_effets;US, sans_enseignes | secteur : Services à domicile;fourchette_haute;4.49;2.21;-2,28;oui
4a_effets;US, sans_enseignes | secteur : Services à domicile;part_de_la_premiere_fiche;0.14;0.11;-0,03;oui
4a_effets;US, sans_enseignes | secteur : Services à domicile;risque_relatif;2.36;1.34;-1,02;oui
4a_effets;US, sans_enseignes | secteur : Services à domicile;suppressions;166.0;561.0;395,0;oui
4a_effets;US, sans_enseignes | secteur : Sport et bien-être;citable;oui;oui;;non
4a_effets;US, sans_enseignes | secteur : Sport et bien-être;enseignes_touchees;11.0;23.0;12,0;oui
4a_effets;US, sans_enseignes | secteur : Sport et bien-être;fiches;67.0;71.0;4,0;oui
4a_effets;US, sans_enseignes | secteur : Sport et bien-être;fiches_touchees;13.0;28.0;15,0;oui
4a_effets;US, sans_enseignes | secteur : Sport et bien-être;fourchette_basse;0.95;0.79;-0,16;oui
4a_effets;US, sans_enseignes | secteur : Sport et bien-être;fourchette_haute;4.94;2.76;-2,18;oui
4a_effets;US, sans_enseignes | secteur : Sport et bien-être;part_de_la_premiere_fiche;0.22;0.17;-0,05;oui
4a_effets;US, sans_enseignes | secteur : Sport et bien-être;risque_relatif;2.16;1.48;-0,68;oui
4a_effets;US, sans_enseignes | secteur : Sport et bien-être;suppressions;55.0;148.0;93,0;oui
4a_effets;US, sans_enseignes | secteur : Voyage;citable;non;non;;non
4a_effets;US, sans_enseignes | secteur : Voyage;enseignes_touchees;5.0;22.0;17,0;oui
4a_effets;US, sans_enseignes | secteur : Voyage;fiches;65.0;66.0;1,0;oui
4a_effets;US, sans_enseignes | secteur : Voyage;fiches_touchees;5.0;22.0;17,0;oui
4a_effets;US, sans_enseignes | secteur : Voyage;fourchette_basse;0.21;0.45;0,24;oui
4a_effets;US, sans_enseignes | secteur : Voyage;fourchette_haute;2.28;1.95;-0,33;oui
4a_effets;US, sans_enseignes | secteur : Voyage;part_de_la_premiere_fiche;0.41;0.35;-0,06;oui
4a_effets;US, sans_enseignes | secteur : Voyage;risque_relatif;0.7;0.94;0,24;oui
4a_effets;US, sans_enseignes | secteur : Voyage;suppressions;39.0;110.0;71,0;oui
4a_effets;US, sans_enseignes | taille : large;citable;oui;oui;;non
4a_effets;US, sans_enseignes | taille : large;enseignes_touchees;37.0;101.0;64,0;oui
4a_effets;US, sans_enseignes | taille : large;fiches;393.0;402.0;9,0;oui
4a_effets;US, sans_enseignes | taille : large;fiches_touchees;49.0;164.0;115,0;oui
4a_effets;US, sans_enseignes | taille : large;fourchette_basse;0.51;0.85;0,34;oui
4a_effets;US, sans_enseignes | taille : large;fourchette_haute;1.92;2.0;0,08;oui
4a_effets;US, sans_enseignes | taille : large;part_de_la_premiere_fiche;0.08;0.04;-0,04;oui
4a_effets;US, sans_enseignes | taille : large;risque_relatif;0.99;1.31;0,32;oui
4a_effets;US, sans_enseignes | taille : large;suppressions;191.0;566.0;375,0;oui
4a_effets;US, sans_enseignes | taille : small;citable;oui;oui;;non
4a_effets;US, sans_enseignes | taille : small;enseignes_touchees;44.0;108.0;64,0;oui
4a_effets;US, sans_enseignes | taille : small;fiches;310.0;322.0;12,0;oui
4a_effets;US, sans_enseignes | taille : small;fiches_touchees;56.0;130.0;74,0;oui
4a_effets;US, sans_enseignes | taille : small;fourchette_basse;0.98;0.98;0,0;non
4a_effets;US, sans_enseignes | taille : small;fourchette_haute;3.53;2.32;-1,21;oui
4a_effets;US, sans_enseignes | taille : small;part_de_la_premiere_fiche;0.11;0.08;-0,03;oui
4a_effets;US, sans_enseignes | taille : small;risque_relatif;1.86;1.51;-0,35;oui
4a_effets;US, sans_enseignes | taille : small;suppressions;277.0;695.0;418,0;oui
4a_effets;US, tous | afflux : 1 à 2 fois l'habitude;citable;oui;oui;;non
4a_effets;US, tous | afflux : 1 à 2 fois l'habitude;enseignes_touchees;64.0;142.0;78,0;oui
4a_effets;US, tous | afflux : 1 à 2 fois l'habitude;fiches;504.0;486.0;-18,0;oui
4a_effets;US, tous | afflux : 1 à 2 fois l'habitude;fiches_touchees;101.0;194.0;93,0;oui
4a_effets;US, tous | afflux : 1 à 2 fois l'habitude;fourchette_basse;0.81;0.59;-0,22;oui
4a_effets;US, tous | afflux : 1 à 2 fois l'habitude;fourchette_haute;2.18;1.24;-0,94;oui
4a_effets;US, tous | afflux : 1 à 2 fois l'habitude;part_de_la_premiere_fiche;0.05;0.07;0,02;oui
4a_effets;US, tous | afflux : 1 à 2 fois l'habitude;risque_relatif;1.33;0.85;-0,48;oui
4a_effets;US, tous | afflux : 1 à 2 fois l'habitude;suppressions;616.0;972.0;356,0;oui
4a_effets;US, tous | afflux : plus de 2 fois l'habitude;citable;oui;oui;;non
4a_effets;US, tous | afflux : plus de 2 fois l'habitude;enseignes_touchees;34.0;124.0;90,0;oui
4a_effets;US, tous | afflux : plus de 2 fois l'habitude;fiches;279.0;348.0;69,0;oui
4a_effets;US, tous | afflux : plus de 2 fois l'habitude;fiches_touchees;43.0;156.0;113,0;oui
4a_effets;US, tous | afflux : plus de 2 fois l'habitude;fourchette_basse;0.62;0.75;0,13;oui
4a_effets;US, tous | afflux : plus de 2 fois l'habitude;fourchette_haute;1.97;1.66;-0,31;oui
4a_effets;US, tous | afflux : plus de 2 fois l'habitude;part_de_la_premiere_fiche;0.2;0.06;-0,14;oui
4a_effets;US, tous | afflux : plus de 2 fois l'habitude;risque_relatif;1.11;1.11;0,0;non
4a_effets;US, tous | afflux : plus de 2 fois l'habitude;suppressions;254.0;1280.0;1026,0;oui
4a_effets;US, tous | contrôle : nombre d'avis de la fiche (log);citable;contrôle, ne se cite pas;contrôle, ne se cite pas;;non
4a_effets;US, tous | contrôle : nombre d'avis de la fiche (log);enseignes_touchees;;;;non
4a_effets;US, tous | contrôle : nombre d'avis de la fiche (log);fiches;;;;non
4a_effets;US, tous | contrôle : nombre d'avis de la fiche (log);fiches_touchees;;;;non
4a_effets;US, tous | contrôle : nombre d'avis de la fiche (log);fourchette_basse;1.84;2.5;0,66;oui
4a_effets;US, tous | contrôle : nombre d'avis de la fiche (log);fourchette_haute;2.94;3.8;0,86;oui
4a_effets;US, tous | contrôle : nombre d'avis de la fiche (log);part_de_la_premiere_fiche;;;;non
4a_effets;US, tous | contrôle : nombre d'avis de la fiche (log);risque_relatif;2.33;3.08;0,75;oui
4a_effets;US, tous | contrôle : nombre d'avis de la fiche (log);suppressions;;;;non
4a_effets;US, tous | habitude : plus de 75 %;citable;oui;oui;;non
4a_effets;US, tous | habitude : plus de 75 %;enseignes_touchees;64.0;160.0;96,0;oui
4a_effets;US, tous | habitude : plus de 75 %;fiches;586.0;607.0;21,0;oui
4a_effets;US, tous | habitude : plus de 75 %;fiches_touchees;106.0;253.0;147,0;oui
4a_effets;US, tous | habitude : plus de 75 %;fourchette_basse;0.64;0.66;0,02;oui
4a_effets;US, tous | habitude : plus de 75 %;fourchette_haute;1.4;1.19;-0,21;oui
4a_effets;US, tous | habitude : plus de 75 %;part_de_la_premiere_fiche;0.05;0.03;-0,02;oui
4a_effets;US, tous | habitude : plus de 75 %;risque_relatif;0.95;0.89;-0,06;oui
4a_effets;US, tous | habitude : plus de 75 %;suppressions;547.0;1329.0;782,0;oui
4a_effets;US, tous | secteur : Hôtellerie;citable;non;oui;;oui
4a_effets;US, tous | secteur : Hôtellerie;enseignes_touchees;8.0;40.0;32,0;oui
4a_effets;US, tous | secteur : Hôtellerie;fiches;123.0;130.0;7,0;oui
4a_effets;US, tous | secteur : Hôtellerie;fiches_touchees;8.0;40.0;32,0;oui
4a_effets;US, tous | secteur : Hôtellerie;fourchette_basse;0.25;0.56;0,31;oui
4a_effets;US, tous | secteur : Hôtellerie;fourchette_haute;1.48;1.63;0,15;oui
4a_effets;US, tous | secteur : Hôtellerie;part_de_la_premiere_fiche;0.33;0.14;-0,19;oui
4a_effets;US, tous | secteur : Hôtellerie;risque_relatif;0.61;0.95;0,34;oui
4a_effets;US, tous | secteur : Hôtellerie;suppressions;18.0;90.0;72,0;oui
4a_effets;US, tous | secteur : Restauration;citable;non;non;;non
4a_effets;US, tous | secteur : Restauration;enseignes_touchees;15.0;52.0;37,0;oui
4a_effets;US, tous | secteur : Restauration;fiches;175.0;180.0;5,0;oui
4a_effets;US, tous | secteur : Restauration;fiches_touchees;17.0;72.0;55,0;oui
4a_effets;US, tous | secteur : Restauration;fourchette_basse;0.36;0.73;0,37;oui
4a_effets;US, tous | secteur : Restauration;fourchette_haute;1.53;1.93;0,4;oui
4a_effets;US, tous | secteur : Restauration;part_de_la_premiere_fiche;0.52;0.29;-0,23;oui
4a_effets;US, tous | secteur : Restauration;risque_relatif;0.75;1.19;0,44;oui
4a_effets;US, tous | secteur : Restauration;suppressions;60.0;162.0;102,0;oui
4a_effets;US, tous | secteur : Santé;citable;oui;oui;;non
4a_effets;US, tous | secteur : Santé;enseignes_touchees;19.0;55.0;36,0;oui
4a_effets;US, tous | secteur : Santé;fiches;194.0;200.0;6,0;oui
4a_effets;US, tous | secteur : Santé;fiches_touchees;24.0;72.0;48,0;oui
4a_effets;US, tous | secteur : Santé;fourchette_basse;0.58;0.7;0,12;oui
4a_effets;US, tous | secteur : Santé;fourchette_haute;2.19;1.79;-0,4;oui
4a_effets;US, tous | secteur : Santé;part_de_la_premiere_fiche;0.08;0.08;0,0;non
4a_effets;US, tous | secteur : Santé;risque_relatif;1.13;1.12;-0,01;oui
4a_effets;US, tous | secteur : Santé;suppressions;121.0;283.0;162,0;oui
4a_effets;US, tous | secteur : Services à domicile;citable;oui;oui;;non
4a_effets;US, tous | secteur : Services à domicile;enseignes_touchees;30.0;52.0;22,0;oui
4a_effets;US, tous | secteur : Services à domicile;fiches;221.0;231.0;10,0;oui
4a_effets;US, tous | secteur : Services à domicile;fiches_touchees;85.0;132.0;47,0;oui
4a_effets;US, tous | secteur : Services à domicile;fourchette_basse;2.16;1.08;-1,08;oui
4a_effets;US, tous | secteur : Services à domicile;fourchette_haute;6.8;2.7;-4,1;oui
4a_effets;US, tous | secteur : Services à domicile;part_de_la_premiere_fiche;0.08;0.05;-0,03;oui
4a_effets;US, tous | secteur : Services à domicile;risque_relatif;3.83;1.71;-2,12;oui
4a_effets;US, tous | secteur : Services à domicile;suppressions;616.0;1431.0;815,0;oui
4a_effets;US, tous | secteur : Sport et bien-être;citable;oui;oui;;non
4a_effets;US, tous | secteur : Sport et bien-être;enseignes_touchees;11.0;23.0;12,0;oui
4a_effets;US, tous | secteur : Sport et bien-être;fiches;67.0;71.0;4,0;oui
4a_effets;US, tous | secteur : Sport et bien-être;fiches_touchees;13.0;28.0;15,0;oui
4a_effets;US, tous | secteur : Sport et bien-être;fourchette_basse;1.0;0.82;-0,18;oui
4a_effets;US, tous | secteur : Sport et bien-être;fourchette_haute;5.09;2.84;-2,25;oui
4a_effets;US, tous | secteur : Sport et bien-être;part_de_la_premiere_fiche;0.22;0.17;-0,05;oui
4a_effets;US, tous | secteur : Sport et bien-être;risque_relatif;2.26;1.52;-0,74;oui
4a_effets;US, tous | secteur : Sport et bien-être;suppressions;55.0;148.0;93,0;oui
4a_effets;US, tous | secteur : Voyage;citable;non;non;;non
4a_effets;US, tous | secteur : Voyage;enseignes_touchees;5.0;22.0;17,0;oui
4a_effets;US, tous | secteur : Voyage;fiches;65.0;66.0;1,0;oui
4a_effets;US, tous | secteur : Voyage;fiches_touchees;5.0;22.0;17,0;oui
4a_effets;US, tous | secteur : Voyage;fourchette_basse;0.26;0.48;0,22;oui
4a_effets;US, tous | secteur : Voyage;fourchette_haute;2.77;2.06;-0,71;oui
4a_effets;US, tous | secteur : Voyage;part_de_la_premiere_fiche;0.41;0.35;-0,06;oui
4a_effets;US, tous | secteur : Voyage;risque_relatif;0.85;0.99;0,14;oui
4a_effets;US, tous | secteur : Voyage;suppressions;39.0;110.0;71,0;oui
4a_effets;US, tous | taille : large;citable;oui;oui;;non
4a_effets;US, tous | taille : large;enseignes_touchees;41.0;105.0;64,0;oui
4a_effets;US, tous | taille : large;fiches;469.0;480.0;11,0;oui
4a_effets;US, tous | taille : large;fiches_touchees;96.0;224.0;128,0;oui
4a_effets;US, tous | taille : large;fourchette_basse;0.77;0.96;0,19;oui
4a_effets;US, tous | taille : large;fourchette_haute;2.73;2.21;-0,52;oui
4a_effets;US, tous | taille : large;part_de_la_premiere_fiche;0.08;0.05;-0,03;oui
4a_effets;US, tous | taille : large;risque_relatif;1.45;1.45;0,0;non
4a_effets;US, tous | taille : large;suppressions;641.0;1436.0;795,0;oui
4a_effets;US, tous | taille : small;citable;oui;oui;;non
4a_effets;US, tous | taille : small;enseignes_touchees;44.0;108.0;64,0;oui
4a_effets;US, tous | taille : small;fiches;310.0;322.0;12,0;oui
4a_effets;US, tous | taille : small;fiches_touchees;56.0;130.0;74,0;oui
4a_effets;US, tous | taille : small;fourchette_basse;1.01;0.99;-0,02;oui
4a_effets;US, tous | taille : small;fourchette_haute;3.64;2.33;-1,31;oui
4a_effets;US, tous | taille : small;part_de_la_premiere_fiche;0.11;0.08;-0,03;oui
4a_effets;US, tous | taille : small;risque_relatif;1.91;1.52;-0,39;oui
4a_effets;US, tous | taille : small;suppressions;277.0;695.0;418,0;oui
4a_effets;ensemble, sans_enseignes | afflux : 1 à 2 fois l'habitude;citable;oui;oui;;non
4a_effets;ensemble, sans_enseignes | afflux : 1 à 2 fois l'habitude;enseignes_touchees;93.0;244.0;151,0;oui
4a_effets;ensemble, sans_enseignes | afflux : 1 à 2 fois l'habitude;fiches;796.0;786.0;-10,0;oui
4a_effets;ensemble, sans_enseignes | afflux : 1 à 2 fois l'habitude;fiches_touchees;110.0;276.0;166,0;oui
4a_effets;ensemble, sans_enseignes | afflux : 1 à 2 fois l'habitude;fourchette_basse;1.14;0.65;-0,49;oui
4a_effets;ensemble, sans_enseignes | afflux : 1 à 2 fois l'habitude;fourchette_haute;3.07;1.18;-1,89;oui
4a_effets;ensemble, sans_enseignes | afflux : 1 à 2 fois l'habitude;part_de_la_premiere_fiche;0.07;0.06;-0,01;oui
4a_effets;ensemble, sans_enseignes | afflux : 1 à 2 fois l'habitude;risque_relatif;1.87;0.87;-1,0;oui
4a_effets;ensemble, sans_enseignes | afflux : 1 à 2 fois l'habitude;suppressions;441.0;807.0;366,0;oui
4a_effets;ensemble, sans_enseignes | afflux : plus de 2 fois l'habitude;citable;oui;oui;;non
4a_effets;ensemble, sans_enseignes | afflux : plus de 2 fois l'habitude;enseignes_touchees;79.0;264.0;185,0;oui
4a_effets;ensemble, sans_enseignes | afflux : plus de 2 fois l'habitude;fiches;694.0;786.0;92,0;oui
4a_effets;ensemble, sans_enseignes | afflux : plus de 2 fois l'habitude;fiches_touchees;81.0;281.0;200,0;oui
4a_effets;ensemble, sans_enseignes | afflux : plus de 2 fois l'habitude;fourchette_basse;0.99;0.7;-0,29;oui
4a_effets;ensemble, sans_enseignes | afflux : plus de 2 fois l'habitude;fourchette_haute;2.88;1.32;-1,56;oui
4a_effets;ensemble, sans_enseignes | afflux : plus de 2 fois l'habitude;part_de_la_premiere_fiche;0.08;0.05;-0,03;oui
4a_effets;ensemble, sans_enseignes | afflux : plus de 2 fois l'habitude;risque_relatif;1.69;0.96;-0,73;oui
4a_effets;ensemble, sans_enseignes | afflux : plus de 2 fois l'habitude;suppressions;279.0;1298.0;1019,0;oui
4a_effets;ensemble, sans_enseignes | contrôle : nombre d'avis de la fiche (log);citable;contrôle, ne se cite pas;contrôle, ne se cite pas;;non
4a_effets;ensemble, sans_enseignes | contrôle : nombre d'avis de la fiche (log);enseignes_touchees;;;;non
4a_effets;ensemble, sans_enseignes | contrôle : nombre d'avis de la fiche (log);fiches;;;;non
4a_effets;ensemble, sans_enseignes | contrôle : nombre d'avis de la fiche (log);fiches_touchees;;;;non
4a_effets;ensemble, sans_enseignes | contrôle : nombre d'avis de la fiche (log);fourchette_basse;2.04;2.37;0,33;oui
4a_effets;ensemble, sans_enseignes | contrôle : nombre d'avis de la fiche (log);fourchette_haute;3.01;3.25;0,24;oui
4a_effets;ensemble, sans_enseignes | contrôle : nombre d'avis de la fiche (log);part_de_la_premiere_fiche;;;;non
4a_effets;ensemble, sans_enseignes | contrôle : nombre d'avis de la fiche (log);risque_relatif;2.48;2.77;0,29;oui
4a_effets;ensemble, sans_enseignes | contrôle : nombre d'avis de la fiche (log);suppressions;;;;non
4a_effets;ensemble, sans_enseignes | habitude : plus de 75 %;citable;oui;oui;;non
4a_effets;ensemble, sans_enseignes | habitude : plus de 75 %;enseignes_touchees;101.0;278.0;177,0;oui
4a_effets;ensemble, sans_enseignes | habitude : plus de 75 %;fiches;926.0;968.0;42,0;oui
4a_effets;ensemble, sans_enseignes | habitude : plus de 75 %;fiches_touchees;118.0;354.0;236,0;oui
4a_effets;ensemble, sans_enseignes | habitude : plus de 75 %;fourchette_basse;0.69;0.75;0,06;oui
4a_effets;ensemble, sans_enseignes | habitude : plus de 75 %;fourchette_haute;1.31;1.15;-0,16;oui
4a_effets;ensemble, sans_enseignes | habitude : plus de 75 %;part_de_la_premiere_fiche;0.04;0.03;-0,01;oui
4a_effets;ensemble, sans_enseignes | habitude : plus de 75 %;risque_relatif;0.95;0.93;-0,02;oui
4a_effets;ensemble, sans_enseignes | habitude : plus de 75 %;suppressions;412.0;1231.0;819,0;oui
4a_effets;ensemble, sans_enseignes | region : US;citable;oui;oui;;non
4a_effets;ensemble, sans_enseignes | region : US;enseignes_touchees;101.0;280.0;179,0;oui
4a_effets;ensemble, sans_enseignes | region : US;fiches;927.0;962.0;35,0;oui
4a_effets;ensemble, sans_enseignes | region : US;fiches_touchees;125.0;365.0;240,0;oui
4a_effets;ensemble, sans_enseignes | region : US;fourchette_basse;0.93;0.94;0,01;oui
4a_effets;ensemble, sans_enseignes | region : US;fourchette_haute;1.83;1.45;-0,38;oui
4a_effets;ensemble, sans_enseignes | region : US;part_de_la_premiere_fiche;0.06;0.04;-0,02;oui
4a_effets;ensemble, sans_enseignes | region : US;risque_relatif;1.3;1.17;-0,13;oui
4a_effets;ensemble, sans_enseignes | region : US;suppressions;543.0;1576.0;1033,0;oui
4a_effets;ensemble, sans_enseignes | secteur : Hôtellerie;citable;oui;oui;;non
4a_effets;ensemble, sans_enseignes | secteur : Hôtellerie;enseignes_touchees;47.0;134.0;87,0;oui
4a_effets;ensemble, sans_enseignes | secteur : Hôtellerie;fiches;441.0;452.0;11,0;oui
4a_effets;ensemble, sans_enseignes | secteur : Hôtellerie;fiches_touchees;47.0;134.0;87,0;oui
4a_effets;ensemble, sans_enseignes | secteur : Hôtellerie;fourchette_basse;0.53;0.5;-0,03;oui
4a_effets;ensemble, sans_enseignes | secteur : Hôtellerie;fourchette_haute;1.61;1.08;-0,53;oui
4a_effets;ensemble, sans_enseignes | secteur : Hôtellerie;part_de_la_premiere_fiche;0.14;0.08;-0,06;oui
4a_effets;ensemble, sans_enseignes | secteur : Hôtellerie;risque_relatif;0.92;0.74;-0,18;oui
4a_effets;ensemble, sans_enseignes | secteur : Hôtellerie;suppressions;107.0;287.0;180,0;oui
4a_effets;ensemble, sans_enseignes | secteur : Restauration;citable;non;oui;;oui
4a_effets;ensemble, sans_enseignes | secteur : Restauration;enseignes_touchees;27.0;117.0;90,0;oui
4a_effets;ensemble, sans_enseignes | secteur : Restauration;fiches;360.0;375.0;15,0;oui
4a_effets;ensemble, sans_enseignes | secteur : Restauration;fiches_touchees;29.0;140.0;111,0;oui
4a_effets;ensemble, sans_enseignes | secteur : Restauration;fourchette_basse;0.36;0.79;0,43;oui
4a_effets;ensemble, sans_enseignes | secteur : Restauration;fourchette_haute;1.18;1.68;0,5;oui
4a_effets;ensemble, sans_enseignes | secteur : Restauration;part_de_la_premiere_fiche;0.31;0.16;-0,15;oui
4a_effets;ensemble, sans_enseignes | secteur : Restauration;risque_relatif;0.65;1.15;0,5;oui
4a_effets;ensemble, sans_enseignes | secteur : Restauration;suppressions;101.0;298.0;197,0;oui
4a_effets;ensemble, sans_enseignes | secteur : Santé;citable;oui;oui;;non
4a_effets;ensemble, sans_enseignes | secteur : Santé;enseignes_touchees;22.0;78.0;56,0;oui
4a_effets;ensemble, sans_enseignes | secteur : Santé;fiches;273.0;287.0;14,0;oui
4a_effets;ensemble, sans_enseignes | secteur : Santé;fiches_touchees;27.0;97.0;70,0;oui
4a_effets;ensemble, sans_enseignes | secteur : Santé;fourchette_basse;0.51;0.7;0,19;oui
4a_effets;ensemble, sans_enseignes | secteur : Santé;fourchette_haute;1.68;1.53;-0,15;oui
4a_effets;ensemble, sans_enseignes | secteur : Santé;part_de_la_premiere_fiche;0.08;0.07;-0,01;oui
4a_effets;ensemble, sans_enseignes | secteur : Santé;risque_relatif;0.93;1.04;0,11;oui
4a_effets;ensemble, sans_enseignes | secteur : Santé;suppressions;125.0;334.0;209,0;oui
4a_effets;ensemble, sans_enseignes | secteur : Services à domicile;citable;oui;oui;;non
4a_effets;ensemble, sans_enseignes | secteur : Services à domicile;enseignes_touchees;33.0;64.0;31,0;oui
4a_effets;ensemble, sans_enseignes | secteur : Services à domicile;fiches;202.0;212.0;10,0;oui
4a_effets;ensemble, sans_enseignes | secteur : Services à domicile;fiches_touchees;45.0;90.0;45,0;oui
4a_effets;ensemble, sans_enseignes | secteur : Services à domicile;fourchette_basse;1.15;0.8;-0,35;oui
4a_effets;ensemble, sans_enseignes | secteur : Services à domicile;fourchette_haute;3.49;1.83;-1,66;oui
4a_effets;ensemble, sans_enseignes | secteur : Services à domicile;part_de_la_premiere_fiche;0.12;0.1;-0,02;oui
4a_effets;ensemble, sans_enseignes | secteur : Services à domicile;risque_relatif;2.01;1.21;-0,8;oui
4a_effets;ensemble, sans_enseignes | secteur : Services à domicile;suppressions;197.0;613.0;416,0;oui
4a_effets;ensemble, sans_enseignes | secteur : Sport et bien-être;citable;oui;oui;;non
4a_effets;ensemble, sans_enseignes | secteur : Sport et bien-être;enseignes_touchees;25.0;76.0;51,0;oui
4a_effets;ensemble, sans_enseignes | secteur : Sport et bien-être;fiches;186.0;199.0;13,0;oui
4a_effets;ensemble, sans_enseignes | secteur : Sport et bien-être;fiches_touchees;29.0;91.0;62,0;oui
4a_effets;ensemble, sans_enseignes | secteur : Sport et bien-être;fourchette_basse;0.9;1.08;0,18;oui
4a_effets;ensemble, sans_enseignes | secteur : Sport et bien-être;fourchette_haute;3.11;2.55;-0,56;oui
4a_effets;ensemble, sans_enseignes | secteur : Sport et bien-être;part_de_la_premiere_fiche;0.18;0.08;-0,1;oui
4a_effets;ensemble, sans_enseignes | secteur : Sport et bien-être;risque_relatif;1.68;1.66;-0,02;oui
4a_effets;ensemble, sans_enseignes | secteur : Sport et bien-être;suppressions;90.0;300.0;210,0;oui
4a_effets;ensemble, sans_enseignes | secteur : Voyage;citable;non;oui;;oui
4a_effets;ensemble, sans_enseignes | secteur : Voyage;enseignes_touchees;10.0;38.0;28,0;oui
4a_effets;ensemble, sans_enseignes | secteur : Voyage;fiches;130.0;134.0;4,0;oui
4a_effets;ensemble, sans_enseignes | secteur : Voyage;fiches_touchees;10.0;38.0;28,0;oui
4a_effets;ensemble, sans_enseignes | secteur : Voyage;fourchette_basse;0.28;0.47;0,19;oui
4a_effets;ensemble, sans_enseignes | secteur : Voyage;fourchette_haute;1.61;1.42;-0,19;oui
4a_effets;ensemble, sans_enseignes | secteur : Voyage;part_de_la_premiere_fiche;0.25;0.23;-0,02;oui
4a_effets;ensemble, sans_enseignes | secteur : Voyage;risque_relatif;0.67;0.82;0,15;oui
4a_effets;ensemble, sans_enseignes | secteur : Voyage;suppressions;63.0;196.0;133,0;oui
4a_effets;ensemble, sans_enseignes | taille : large;citable;oui;oui;;non
4a_effets;ensemble, sans_enseignes | taille : large;enseignes_touchees;77.0;222.0;145,0;oui
4a_effets;ensemble, sans_enseignes | taille : large;fiches;761.0;785.0;24,0;oui
4a_effets;ensemble, sans_enseignes | taille : large;fiches_touchees;91.0;303.0;212,0;oui
4a_effets;ensemble, sans_enseignes | taille : large;fourchette_basse;0.7;1.05;0,35;oui
4a_effets;ensemble, sans_enseignes | taille : large;fourchette_haute;1.85;1.94;0,09;oui
4a_effets;ensemble, sans_enseignes | taille : large;part_de_la_premiere_fiche;0.05;0.03;-0,02;oui
4a_effets;ensemble, sans_enseignes | taille : large;risque_relatif;1.14;1.43;0,29;oui
4a_effets;ensemble, sans_enseignes | taille : large;suppressions;288.0;847.0;559,0;oui
4a_effets;ensemble, sans_enseignes | taille : small;citable;oui;oui;;non
4a_effets;ensemble, sans_enseignes | taille : small;enseignes_touchees;75.0;217.0;142,0;oui
4a_effets;ensemble, sans_enseignes | taille : small;fiches;604.0;629.0;25,0;oui
4a_effets;ensemble, sans_enseignes | taille : small;fiches_touchees;87.0;241.0;154,0;oui
4a_effets;ensemble, sans_enseignes | taille : small;fourchette_basse;0.94;1.11;0,17;oui
4a_effets;ensemble, sans_enseignes | taille : small;fourchette_haute;2.5;2.07;-0,43;oui
4a_effets;ensemble, sans_enseignes | taille : small;part_de_la_premiere_fiche;0.09;0.06;-0,03;oui
4a_effets;ensemble, sans_enseignes | taille : small;risque_relatif;1.53;1.52;-0,01;oui
4a_effets;ensemble, sans_enseignes | taille : small;suppressions;360.0;959.0;599,0;oui
4a_effets;ensemble, tous | afflux : 1 à 2 fois l'habitude;citable;oui;oui;;non
4a_effets;ensemble, tous | afflux : 1 à 2 fois l'habitude;enseignes_touchees;97.0;248.0;151,0;oui
4a_effets;ensemble, tous | afflux : 1 à 2 fois l'habitude;fiches;839.0;824.0;-15,0;oui
4a_effets;ensemble, tous | afflux : 1 à 2 fois l'habitude;fiches_touchees;134.0;304.0;170,0;oui
4a_effets;ensemble, tous | afflux : 1 à 2 fois l'habitude;fourchette_basse;0.97;0.66;-0,31;oui
4a_effets;ensemble, tous | afflux : 1 à 2 fois l'habitude;fourchette_haute;2.28;1.18;-1,1;oui
4a_effets;ensemble, tous | afflux : 1 à 2 fois l'habitude;part_de_la_premiere_fiche;0.05;0.06;0,01;oui
4a_effets;ensemble, tous | afflux : 1 à 2 fois l'habitude;risque_relatif;1.49;0.88;-0,61;oui
4a_effets;ensemble, tous | afflux : 1 à 2 fois l'habitude;suppressions;682.0;1162.0;480,0;oui
4a_effets;ensemble, tous | afflux : plus de 2 fois l'habitude;citable;oui;oui;;non
4a_effets;ensemble, tous | afflux : plus de 2 fois l'habitude;enseignes_touchees;84.0;270.0;186,0;oui
4a_effets;ensemble, tous | afflux : plus de 2 fois l'habitude;fiches;709.0;811.0;102,0;oui
4a_effets;ensemble, tous | afflux : plus de 2 fois l'habitude;fiches_touchees;93.0;304.0;211,0;oui
4a_effets;ensemble, tous | afflux : plus de 2 fois l'habitude;fourchette_basse;0.93;0.73;-0,2;oui
4a_effets;ensemble, tous | afflux : plus de 2 fois l'habitude;fourchette_haute;2.36;1.34;-1,02;oui
4a_effets;ensemble, tous | afflux : plus de 2 fois l'habitude;part_de_la_premiere_fiche;0.12;0.09;-0,03;oui
4a_effets;ensemble, tous | afflux : plus de 2 fois l'habitude;risque_relatif;1.48;0.99;-0,49;oui
4a_effets;ensemble, tous | afflux : plus de 2 fois l'habitude;suppressions;443.0;2072.0;1629,0;oui
4a_effets;ensemble, tous | contrôle : nombre d'avis de la fiche (log);citable;contrôle, ne se cite pas;contrôle, ne se cite pas;;non
4a_effets;ensemble, tous | contrôle : nombre d'avis de la fiche (log);enseignes_touchees;;;;non
4a_effets;ensemble, tous | contrôle : nombre d'avis de la fiche (log);fiches;;;;non
4a_effets;ensemble, tous | contrôle : nombre d'avis de la fiche (log);fiches_touchees;;;;non
4a_effets;ensemble, tous | contrôle : nombre d'avis de la fiche (log);fourchette_basse;1.99;2.4;0,41;oui
4a_effets;ensemble, tous | contrôle : nombre d'avis de la fiche (log);fourchette_haute;2.86;3.26;0,4;oui
4a_effets;ensemble, tous | contrôle : nombre d'avis de la fiche (log);part_de_la_premiere_fiche;;;;non
4a_effets;ensemble, tous | contrôle : nombre d'avis de la fiche (log);risque_relatif;2.39;2.8;0,41;oui
4a_effets;ensemble, tous | contrôle : nombre d'avis de la fiche (log);suppressions;;;;non
4a_effets;ensemble, tous | habitude : plus de 75 %;citable;oui;oui;;non
4a_effets;ensemble, tous | habitude : plus de 75 %;enseignes_touchees;104.0;281.0;177,0;oui
4a_effets;ensemble, tous | habitude : plus de 75 %;fiches;969.0;1013.0;44,0;oui
4a_effets;ensemble, tous | habitude : plus de 75 %;fiches_touchees;148.0;390.0;242,0;oui
4a_effets;ensemble, tous | habitude : plus de 75 %;fourchette_basse;0.75;0.77;0,02;oui
4a_effets;ensemble, tous | habitude : plus de 75 %;fourchette_haute;1.37;1.17;-0,2;oui
4a_effets;ensemble, tous | habitude : plus de 75 %;part_de_la_premiere_fiche;0.04;0.02;-0,02;oui
4a_effets;ensemble, tous | habitude : plus de 75 %;risque_relatif;1.02;0.95;-0,07;oui
4a_effets;ensemble, tous | habitude : plus de 75 %;suppressions;661.0;1654.0;993,0;oui
4a_effets;ensemble, tous | region : US;citable;oui;oui;;non
4a_effets;ensemble, tous | region : US;enseignes_touchees;105.0;284.0;179,0;oui
4a_effets;ensemble, tous | region : US;fiches;1003.0;1040.0;37,0;oui
4a_effets;ensemble, tous | region : US;fiches_touchees;172.0;425.0;253,0;oui
4a_effets;ensemble, tous | region : US;fourchette_basse;1.03;0.97;-0,06;oui
4a_effets;ensemble, tous | region : US;fourchette_haute;1.99;1.5;-0,49;oui
4a_effets;ensemble, tous | region : US;part_de_la_premiere_fiche;0.05;0.03;-0,02;oui
4a_effets;ensemble, tous | region : US;risque_relatif;1.43;1.21;-0,22;oui
4a_effets;ensemble, tous | region : US;suppressions;993.0;2446.0;1453,0;oui
4a_effets;ensemble, tous | secteur : Hôtellerie;citable;oui;oui;;non
4a_effets;ensemble, tous | secteur : Hôtellerie;enseignes_touchees;47.0;134.0;87,0;oui
4a_effets;ensemble, tous | secteur : Hôtellerie;fiches;441.0;452.0;11,0;oui
4a_effets;ensemble, tous | secteur : Hôtellerie;fiches_touchees;47.0;134.0;87,0;oui
4a_effets;ensemble, tous | secteur : Hôtellerie;fourchette_basse;0.55;0.51;-0,04;oui
4a_effets;ensemble, tous | secteur : Hôtellerie;fourchette_haute;1.68;1.08;-0,6;oui
4a_effets;ensemble, tous | secteur : Hôtellerie;part_de_la_premiere_fiche;0.14;0.08;-0,06;oui
4a_effets;ensemble, tous | secteur : Hôtellerie;risque_relatif;0.96;0.74;-0,22;oui
4a_effets;ensemble, tous | secteur : Hôtellerie;suppressions;107.0;287.0;180,0;oui
4a_effets;ensemble, tous | secteur : Restauration;citable;non;oui;;oui
4a_effets;ensemble, tous | secteur : Restauration;enseignes_touchees;27.0;117.0;90,0;oui
4a_effets;ensemble, tous | secteur : Restauration;fiches;360.0;375.0;15,0;oui
4a_effets;ensemble, tous | secteur : Restauration;fiches_touchees;29.0;140.0;111,0;oui
4a_effets;ensemble, tous | secteur : Restauration;fourchette_basse;0.37;0.8;0,43;oui
4a_effets;ensemble, tous | secteur : Restauration;fourchette_haute;1.2;1.7;0,5;oui
4a_effets;ensemble, tous | secteur : Restauration;part_de_la_premiere_fiche;0.31;0.16;-0,15;oui
4a_effets;ensemble, tous | secteur : Restauration;risque_relatif;0.67;1.17;0,5;oui
4a_effets;ensemble, tous | secteur : Restauration;suppressions;101.0;298.0;197,0;oui
4a_effets;ensemble, tous | secteur : Santé;citable;oui;oui;;non
4a_effets;ensemble, tous | secteur : Santé;enseignes_touchees;22.0;78.0;56,0;oui
4a_effets;ensemble, tous | secteur : Santé;fiches;273.0;287.0;14,0;oui
4a_effets;ensemble, tous | secteur : Santé;fiches_touchees;27.0;97.0;70,0;oui
4a_effets;ensemble, tous | secteur : Santé;fourchette_basse;0.5;0.7;0,2;oui
4a_effets;ensemble, tous | secteur : Santé;fourchette_haute;1.62;1.52;-0,1;oui
4a_effets;ensemble, tous | secteur : Santé;part_de_la_premiere_fiche;0.08;0.07;-0,01;oui
4a_effets;ensemble, tous | secteur : Santé;risque_relatif;0.9;1.03;0,13;oui
4a_effets;ensemble, tous | secteur : Santé;suppressions;125.0;334.0;209,0;oui
4a_effets;ensemble, tous | secteur : Services à domicile;citable;oui;oui;;non
4a_effets;ensemble, tous | secteur : Services à domicile;enseignes_touchees;37.0;68.0;31,0;oui
4a_effets;ensemble, tous | secteur : Services à domicile;fiches;278.0;290.0;12,0;oui
4a_effets;ensemble, tous | secteur : Services à domicile;fiches_touchees;92.0;150.0;58,0;oui
4a_effets;ensemble, tous | secteur : Services à domicile;fourchette_basse;1.82;0.99;-0,83;oui
4a_effets;ensemble, tous | secteur : Services à domicile;fourchette_haute;5.02;2.17;-2,85;oui
4a_effets;ensemble, tous | secteur : Services à domicile;part_de_la_premiere_fiche;0.08;0.05;-0,03;oui
4a_effets;ensemble, tous | secteur : Services à domicile;risque_relatif;3.03;1.47;-1,56;oui
4a_effets;ensemble, tous | secteur : Services à domicile;suppressions;647.0;1483.0;836,0;oui
4a_effets;ensemble, tous | secteur : Sport et bien-être;citable;oui;non;;oui
4a_effets;ensemble, tous | secteur : Sport et bien-être;enseignes_touchees;26.0;78.0;52,0;oui
4a_effets;ensemble, tous | secteur : Sport et bien-être;fiches;187.0;201.0;14,0;oui
4a_effets;ensemble, tous | secteur : Sport et bien-être;fiches_touchees;30.0;93.0;63,0;oui
4a_effets;ensemble, tous | secteur : Sport et bien-être;fourchette_basse;0.96;1.11;0,15;oui
4a_effets;ensemble, tous | secteur : Sport et bien-être;fourchette_haute;3.27;2.61;-0,66;oui
4a_effets;ensemble, tous | secteur : Sport et bien-être;part_de_la_premiere_fiche;0.19;0.31;0,12;oui
4a_effets;ensemble, tous | secteur : Sport et bien-être;risque_relatif;1.78;1.7;-0,08;oui
4a_effets;ensemble, tous | secteur : Sport et bien-être;suppressions;111.0;629.0;518,0;oui
4a_effets;ensemble, tous | secteur : Voyage;citable;non;oui;;oui
4a_effets;ensemble, tous | secteur : Voyage;enseignes_touchees;10.0;38.0;28,0;oui
4a_effets;ensemble, tous | secteur : Voyage;fiches;130.0;134.0;4,0;oui
4a_effets;ensemble, tous | secteur : Voyage;fiches_touchees;10.0;38.0;28,0;oui
4a_effets;ensemble, tous | secteur : Voyage;fourchette_basse;0.32;0.49;0,17;oui
4a_effets;ensemble, tous | secteur : Voyage;fourchette_haute;1.86;1.47;-0,39;oui
4a_effets;ensemble, tous | secteur : Voyage;part_de_la_premiere_fiche;0.25;0.23;-0,02;oui
4a_effets;ensemble, tous | secteur : Voyage;risque_relatif;0.77;0.85;0,08;oui
4a_effets;ensemble, tous | secteur : Voyage;suppressions;63.0;196.0;133,0;oui
4a_effets;ensemble, tous | taille : large;citable;oui;oui;;non
4a_effets;ensemble, tous | taille : large;enseignes_touchees;82.0;228.0;146,0;oui
4a_effets;ensemble, tous | taille : large;fiches;838.0;865.0;27,0;oui
4a_effets;ensemble, tous | taille : large;fiches_touchees;139.0;365.0;226,0;oui
4a_effets;ensemble, tous | taille : large;fourchette_basse;0.88;1.11;0,23;oui
4a_effets;ensemble, tous | taille : large;fourchette_haute;2.28;2.06;-0,22;oui
4a_effets;ensemble, tous | taille : large;part_de_la_premiere_fiche;0.07;0.09;0,02;oui
4a_effets;ensemble, tous | taille : large;risque_relatif;1.42;1.51;0,09;oui
4a_effets;ensemble, tous | taille : large;suppressions;759.0;2046.0;1287,0;oui
4a_effets;ensemble, tous | taille : small;citable;oui;oui;;non
4a_effets;ensemble, tous | taille : small;enseignes_touchees;75.0;217.0;142,0;oui
4a_effets;ensemble, tous | taille : small;fiches;604.0;629.0;25,0;oui
4a_effets;ensemble, tous | taille : small;fiches_touchees;87.0;241.0;154,0;oui
4a_effets;ensemble, tous | taille : small;fourchette_basse;0.96;1.11;0,15;oui
4a_effets;ensemble, tous | taille : small;fourchette_haute;2.57;2.09;-0,48;oui
4a_effets;ensemble, tous | taille : small;part_de_la_premiere_fiche;0.09;0.06;-0,03;oui
4a_effets;ensemble, tous | taille : small;risque_relatif;1.57;1.52;-0,05;oui
4a_effets;ensemble, tous | taille : small;suppressions;360.0;959.0;599,0;oui
4b_effectifs;Europe, sans_enseignes | age_cat | 1 jour(s);avis;;13;;oui
4b_effectifs;Europe, sans_enseignes | age_cat | 1 jour(s);citable;;False;;oui
4b_effectifs;Europe, sans_enseignes | age_cat | 1 jour(s);enseignes_touchees;;5;;oui
4b_effectifs;Europe, sans_enseignes | age_cat | 1 jour(s);fiches_touchees;;5;;oui
4b_effectifs;Europe, sans_enseignes | age_cat | 1 jour(s);lignes;;13;;oui
4b_effectifs;Europe, sans_enseignes | age_cat | 1 jour(s);part_de_la_premiere_fiche;;0.2;;oui
4b_effectifs;Europe, sans_enseignes | age_cat | 1 jour(s);suppressions;;5;;oui
4b_effectifs;Europe, sans_enseignes | age_cat | 14 jours et plus;avis;307;1791;1484,0;oui
4b_effectifs;Europe, sans_enseignes | age_cat | 14 jours et plus;citable;False;True;1,0;oui
4b_effectifs;Europe, sans_enseignes | age_cat | 14 jours et plus;enseignes_touchees;14;317;303,0;oui
4b_effectifs;Europe, sans_enseignes | age_cat | 14 jours et plus;fiches_touchees;14;347;333,0;oui
4b_effectifs;Europe, sans_enseignes | age_cat | 14 jours et plus;lignes;451;2434;1983,0;oui
4b_effectifs;Europe, sans_enseignes | age_cat | 14 jours et plus;part_de_la_premiere_fiche;0.26;0.08;-0,18;oui
4b_effectifs;Europe, sans_enseignes | age_cat | 14 jours et plus;suppressions;35;578;543,0;oui
4b_effectifs;Europe, sans_enseignes | age_cat | 2 jour(s);avis;175;528;353,0;oui
4b_effectifs;Europe, sans_enseignes | age_cat | 2 jour(s);citable;True;True;0,0;non
4b_effectifs;Europe, sans_enseignes | age_cat | 2 jour(s);enseignes_touchees;24;44;20,0;oui
4b_effectifs;Europe, sans_enseignes | age_cat | 2 jour(s);fiches_touchees;24;45;21,0;oui
4b_effectifs;Europe, sans_enseignes | age_cat | 2 jour(s);lignes;175;528;353,0;oui
4b_effectifs;Europe, sans_enseignes | age_cat | 2 jour(s);part_de_la_premiere_fiche;0.1;0.06;-0,04;oui
4b_effectifs;Europe, sans_enseignes | age_cat | 2 jour(s);suppressions;30;52;22,0;oui
4b_effectifs;Europe, sans_enseignes | age_cat | 3 jour(s);avis;186;561;375,0;oui
4b_effectifs;Europe, sans_enseignes | age_cat | 3 jour(s);citable;True;True;0,0;non
4b_effectifs;Europe, sans_enseignes | age_cat | 3 jour(s);enseignes_touchees;24;31;7,0;oui
4b_effectifs;Europe, sans_enseignes | age_cat | 3 jour(s);fiches_touchees;25;32;7,0;oui
4b_effectifs;Europe, sans_enseignes | age_cat | 3 jour(s);lignes;186;561;375,0;oui
4b_effectifs;Europe, sans_enseignes | age_cat | 3 jour(s);part_de_la_premiere_fiche;0.07;0.13;0,06;oui
4b_effectifs;Europe, sans_enseignes | age_cat | 3 jour(s);suppressions;27;39;12,0;oui
4b_effectifs;Europe, sans_enseignes | age_cat | 4 jour(s);avis;229;573;344,0;oui
4b_effectifs;Europe, sans_enseignes | age_cat | 4 jour(s);citable;False;False;0,0;non
4b_effectifs;Europe, sans_enseignes | age_cat | 4 jour(s);enseignes_touchees;5;9;4,0;oui
4b_effectifs;Europe, sans_enseignes | age_cat | 4 jour(s);fiches_touchees;5;9;4,0;oui
4b_effectifs;Europe, sans_enseignes | age_cat | 4 jour(s);lignes;229;573;344,0;oui
4b_effectifs;Europe, sans_enseignes | age_cat | 4 jour(s);part_de_la_premiere_fiche;0.43;0.27;-0,16;oui
4b_effectifs;Europe, sans_enseignes | age_cat | 4 jour(s);suppressions;7;11;4,0;oui
4b_effectifs;Europe, sans_enseignes | age_cat | 5 jour(s);avis;214;676;462,0;oui
4b_effectifs;Europe, sans_enseignes | age_cat | 5 jour(s);citable;False;True;1,0;oui
4b_effectifs;Europe, sans_enseignes | age_cat | 5 jour(s);enseignes_touchees;7;10;3,0;oui
4b_effectifs;Europe, sans_enseignes | age_cat | 5 jour(s);fiches_touchees;7;10;3,0;oui
4b_effectifs;Europe, sans_enseignes | age_cat | 5 jour(s);lignes;214;676;462,0;oui
4b_effectifs;Europe, sans_enseignes | age_cat | 5 jour(s);part_de_la_premiere_fiche;0.14;0.1;-0,04;oui
4b_effectifs;Europe, sans_enseignes | age_cat | 5 jour(s);suppressions;7;10;3,0;oui
4b_effectifs;Europe, sans_enseignes | age_cat | 6 jour(s);avis;277;841;564,0;oui
4b_effectifs;Europe, sans_enseignes | age_cat | 6 jour(s);citable;True;True;0,0;non
4b_effectifs;Europe, sans_enseignes | age_cat | 6 jour(s);enseignes_touchees;18;22;4,0;oui
4b_effectifs;Europe, sans_enseignes | age_cat | 6 jour(s);fiches_touchees;18;22;4,0;oui
4b_effectifs;Europe, sans_enseignes | age_cat | 6 jour(s);lignes;277;841;564,0;oui
4b_effectifs;Europe, sans_enseignes | age_cat | 6 jour(s);part_de_la_premiere_fiche;0.17;0.14;-0,03;oui
4b_effectifs;Europe, sans_enseignes | age_cat | 6 jour(s);suppressions;29;35;6,0;oui
4b_effectifs;Europe, sans_enseignes | age_cat | 7 jour(s);avis;305;809;504,0;oui
4b_effectifs;Europe, sans_enseignes | age_cat | 7 jour(s);citable;True;True;0,0;non
4b_effectifs;Europe, sans_enseignes | age_cat | 7 jour(s);enseignes_touchees;20;21;1,0;oui
4b_effectifs;Europe, sans_enseignes | age_cat | 7 jour(s);fiches_touchees;20;21;1,0;oui
4b_effectifs;Europe, sans_enseignes | age_cat | 7 jour(s);lignes;305;809;504,0;oui
4b_effectifs;Europe, sans_enseignes | age_cat | 7 jour(s);part_de_la_premiere_fiche;0.17;0.17;0,0;non
4b_effectifs;Europe, sans_enseignes | age_cat | 7 jour(s);suppressions;64;65;1,0;oui
4b_effectifs;Europe, sans_enseignes | age_cat | 8 jour(s);avis;274;773;499,0;oui
4b_effectifs;Europe, sans_enseignes | age_cat | 8 jour(s);citable;True;True;0,0;non
4b_effectifs;Europe, sans_enseignes | age_cat | 8 jour(s);enseignes_touchees;17;17;0,0;non
4b_effectifs;Europe, sans_enseignes | age_cat | 8 jour(s);fiches_touchees;17;17;0,0;non
4b_effectifs;Europe, sans_enseignes | age_cat | 8 jour(s);lignes;274;773;499,0;oui
4b_effectifs;Europe, sans_enseignes | age_cat | 8 jour(s);part_de_la_premiere_fiche;0.17;0.17;0,0;non
4b_effectifs;Europe, sans_enseignes | age_cat | 8 jour(s);suppressions;23;23;0,0;non
4b_effectifs;Europe, sans_enseignes | age_cat | 9 à 13 jours;avis;627;2273;1646,0;oui
4b_effectifs;Europe, sans_enseignes | age_cat | 9 à 13 jours;citable;True;True;0,0;non
4b_effectifs;Europe, sans_enseignes | age_cat | 9 à 13 jours;enseignes_touchees;23;27;4,0;oui
4b_effectifs;Europe, sans_enseignes | age_cat | 9 à 13 jours;fiches_touchees;23;27;4,0;oui
4b_effectifs;Europe, sans_enseignes | age_cat | 9 à 13 jours;lignes;858;2884;2026,0;oui
4b_effectifs;Europe, sans_enseignes | age_cat | 9 à 13 jours;part_de_la_premiere_fiche;0.25;0.22;-0,03;oui
4b_effectifs;Europe, sans_enseignes | age_cat | 9 à 13 jours;suppressions;36;41;5,0;oui
4b_effectifs;Europe, sans_enseignes | avis_auteur | 1 avis ou moins;avis;620;1791;1171,0;oui
4b_effectifs;Europe, sans_enseignes | avis_auteur | 1 avis ou moins;citable;True;True;0,0;non
4b_effectifs;Europe, sans_enseignes | avis_auteur | 1 avis ou moins;enseignes_touchees;40;130;90,0;oui
4b_effectifs;Europe, sans_enseignes | avis_auteur | 1 avis ou moins;fiches_touchees;41;134;93,0;oui
4b_effectifs;Europe, sans_enseignes | avis_auteur | 1 avis ou moins;lignes;1127;3373;2246,0;oui
4b_effectifs;Europe, sans_enseignes | avis_auteur | 1 avis ou moins;part_de_la_premiere_fiche;0.11;0.06;-0,05;oui
4b_effectifs;Europe, sans_enseignes | avis_auteur | 1 avis ou moins;suppressions;120;265;145,0;oui
4b_effectifs;Europe, sans_enseignes | avis_auteur | 2 à 20 avis;avis;878;2901;2023,0;oui
4b_effectifs;Europe, sans_enseignes | avis_auteur | 2 à 20 avis;citable;True;True;0,0;non
4b_effectifs;Europe, sans_enseignes | avis_auteur | 2 à 20 avis;enseignes_touchees;65;251;186,0;oui
4b_effectifs;Europe, sans_enseignes | avis_auteur | 2 à 20 avis;fiches_touchees;65;272;207,0;oui
4b_effectifs;Europe, sans_enseignes | avis_auteur | 2 à 20 avis;lignes;1390;4961;3571,0;oui
4b_effectifs;Europe, sans_enseignes | avis_auteur | 2 à 20 avis;part_de_la_premiere_fiche;0.07;0.07;0,0;non
4b_effectifs;Europe, sans_enseignes | avis_auteur | 2 à 20 avis;suppressions;103;426;323,0;oui
4b_effectifs;Europe, sans_enseignes | avis_auteur | plus de 20 avis;avis;312;1176;864,0;oui
4b_effectifs;Europe, sans_enseignes | avis_auteur | plus de 20 avis;citable;True;True;0,0;non
4b_effectifs;Europe, sans_enseignes | avis_auteur | plus de 20 avis;enseignes_touchees;27;130;103,0;oui
4b_effectifs;Europe, sans_enseignes | avis_auteur | plus de 20 avis;fiches_touchees;27;138;111,0;oui
4b_effectifs;Europe, sans_enseignes | avis_auteur | plus de 20 avis;lignes;452;1758;1306,0;oui
4b_effectifs;Europe, sans_enseignes | avis_auteur | plus de 20 avis;part_de_la_premiere_fiche;0.17;0.07;-0,1;oui
4b_effectifs;Europe, sans_enseignes | avis_auteur | plus de 20 avis;suppressions;35;168;133,0;oui
4b_effectifs;Europe, sans_enseignes | local_guide | niveau 1 à 4;avis;1247;3971;2724,0;oui
4b_effectifs;Europe, sans_enseignes | local_guide | niveau 1 à 4;citable;True;True;0,0;non
4b_effectifs;Europe, sans_enseignes | local_guide | niveau 1 à 4;enseignes_touchees;81;299;218,0;oui
4b_effectifs;Europe, sans_enseignes | local_guide | niveau 1 à 4;fiches_touchees;84;325;241,0;oui
4b_effectifs;Europe, sans_enseignes | local_guide | niveau 1 à 4;lignes;2078;6992;4914,0;oui
4b_effectifs;Europe, sans_enseignes | local_guide | niveau 1 à 4;part_de_la_premiere_fiche;0.09;0.05;-0,04;oui
4b_effectifs;Europe, sans_enseignes | local_guide | niveau 1 à 4;suppressions;165;585;420,0;oui
4b_effectifs;Europe, sans_enseignes | local_guide | niveau 5 et plus;avis;359;1410;1051,0;oui
4b_effectifs;Europe, sans_enseignes | local_guide | niveau 5 et plus;citable;True;True;0,0;non
4b_effectifs;Europe, sans_enseignes | local_guide | niveau 5 et plus;enseignes_touchees;28;145;117,0;oui
4b_effectifs;Europe, sans_enseignes | local_guide | niveau 5 et plus;fiches_touchees;28;153;125,0;oui
4b_effectifs;Europe, sans_enseignes | local_guide | niveau 5 et plus;lignes;512;2124;1612,0;oui
4b_effectifs;Europe, sans_enseignes | local_guide | niveau 5 et plus;part_de_la_premiere_fiche;0.14;0.07;-0,07;oui
4b_effectifs;Europe, sans_enseignes | local_guide | niveau 5 et plus;suppressions;35;187;152,0;oui
4b_effectifs;Europe, sans_enseignes | local_guide | sans niveau;avis;204;487;283,0;oui
4b_effectifs;Europe, sans_enseignes | local_guide | sans niveau;citable;True;True;0,0;non
4b_effectifs;Europe, sans_enseignes | local_guide | sans niveau;enseignes_touchees;18;35;17,0;oui
4b_effectifs;Europe, sans_enseignes | local_guide | sans niveau;fiches_touchees;18;35;17,0;oui
4b_effectifs;Europe, sans_enseignes | local_guide | sans niveau;lignes;379;976;597,0;oui
4b_effectifs;Europe, sans_enseignes | local_guide | sans niveau;part_de_la_premiere_fiche;0.14;0.14;0,0;non
4b_effectifs;Europe, sans_enseignes | local_guide | sans niveau;suppressions;58;87;29,0;oui
4b_effectifs;Europe, sans_enseignes | note | 1 étoile(s);avis;184;587;403,0;oui
4b_effectifs;Europe, sans_enseignes | note | 1 étoile(s);citable;True;True;0,0;non
4b_effectifs;Europe, sans_enseignes | note | 1 étoile(s);enseignes_touchees;45;122;77,0;oui
4b_effectifs;Europe, sans_enseignes | note | 1 étoile(s);fiches_touchees;47;129;82,0;oui
4b_effectifs;Europe, sans_enseignes | note | 1 étoile(s);lignes;234;879;645,0;oui
4b_effectifs;Europe, sans_enseignes | note | 1 étoile(s);part_de_la_premiere_fiche;0.09;0.19;0,1;oui
4b_effectifs;Europe, sans_enseignes | note | 1 étoile(s);suppressions;58;225;167,0;oui
4b_effectifs;Europe, sans_enseignes | note | 2 étoile(s);avis;63;206;143,0;oui
4b_effectifs;Europe, sans_enseignes | note | 2 étoile(s);citable;True;True;0,0;non
4b_effectifs;Europe, sans_enseignes | note | 2 étoile(s);enseignes_touchees;9;35;26,0;oui
4b_effectifs;Europe, sans_enseignes | note | 2 étoile(s);fiches_touchees;9;38;29,0;oui
4b_effectifs;Europe, sans_enseignes | note | 2 étoile(s);lignes;80;331;251,0;oui
4b_effectifs;Europe, sans_enseignes | note | 2 étoile(s);part_de_la_premiere_fiche;0.2;0.07;-0,13;oui
4b_effectifs;Europe, sans_enseignes | note | 2 étoile(s);suppressions;10;41;31,0;oui
4b_effectifs;Europe, sans_enseignes | note | 3 étoile(s);avis;95;320;225,0;oui
4b_effectifs;Europe, sans_enseignes | note | 3 étoile(s);citable;False;True;1,0;oui
4b_effectifs;Europe, sans_enseignes | note | 3 étoile(s);enseignes_touchees;5;43;38,0;oui
4b_effectifs;Europe, sans_enseignes | note | 3 étoile(s);fiches_touchees;5;43;38,0;oui
4b_effectifs;Europe, sans_enseignes | note | 3 étoile(s);lignes;131;519;388,0;oui
4b_effectifs;Europe, sans_enseignes | note | 3 étoile(s);part_de_la_premiere_fiche;0.2;0.04;-0,16;oui
4b_effectifs;Europe, sans_enseignes | note | 3 étoile(s);suppressions;5;45;40,0;oui
4b_effectifs;Europe, sans_enseignes | note | 4 étoile(s);avis;242;695;453,0;oui
4b_effectifs;Europe, sans_enseignes | note | 4 étoile(s);citable;True;True;0,0;non
4b_effectifs;Europe, sans_enseignes | note | 4 étoile(s);enseignes_touchees;12;58;46,0;oui
4b_effectifs;Europe, sans_enseignes | note | 4 étoile(s);fiches_touchees;12;58;46,0;oui
4b_effectifs;Europe, sans_enseignes | note | 4 étoile(s);lignes;379;1176;797,0;oui
4b_effectifs;Europe, sans_enseignes | note | 4 étoile(s);part_de_la_premiere_fiche;0.24;0.07;-0,17;oui
4b_effectifs;Europe, sans_enseignes | note | 4 étoile(s);suppressions;17;71;54,0;oui
4b_effectifs;Europe, sans_enseignes | note | 5 étoile(s);avis;1226;4060;2834,0;oui
4b_effectifs;Europe, sans_enseignes | note | 5 étoile(s);citable;True;True;0,0;non
4b_effectifs;Europe, sans_enseignes | note | 5 étoile(s);enseignes_touchees;47;230;183,0;oui
4b_effectifs;Europe, sans_enseignes | note | 5 étoile(s);fiches_touchees;47;250;203,0;oui
4b_effectifs;Europe, sans_enseignes | note | 5 étoile(s);lignes;2145;7187;5042,0;oui
4b_effectifs;Europe, sans_enseignes | note | 5 étoile(s);part_de_la_premiere_fiche;0.12;0.05;-0,07;oui
4b_effectifs;Europe, sans_enseignes | note | 5 étoile(s);suppressions;168;477;309,0;oui
4b_effectifs;Europe, sans_enseignes | photo_jointe | avec photo;avis;186;526;340,0;oui
4b_effectifs;Europe, sans_enseignes | photo_jointe | avec photo;citable;True;True;0,0;non
4b_effectifs;Europe, sans_enseignes | photo_jointe | avec photo;enseignes_touchees;17;44;27,0;oui
4b_effectifs;Europe, sans_enseignes | photo_jointe | avec photo;fiches_touchees;17;44;27,0;oui
4b_effectifs;Europe, sans_enseignes | photo_jointe | avec photo;lignes;378;974;596,0;oui
4b_effectifs;Europe, sans_enseignes | photo_jointe | avec photo;part_de_la_premiere_fiche;0.21;0.12;-0,09;oui
4b_effectifs;Europe, sans_enseignes | photo_jointe | avec photo;suppressions;28;59;31,0;oui
4b_effectifs;Europe, sans_enseignes | photo_jointe | sans photo;avis;1624;5342;3718,0;oui
4b_effectifs;Europe, sans_enseignes | photo_jointe | sans photo;citable;True;True;0,0;non
4b_effectifs;Europe, sans_enseignes | photo_jointe | sans photo;enseignes_touchees;96;380;284,0;oui
4b_effectifs;Europe, sans_enseignes | photo_jointe | sans photo;fiches_touchees;100;417;317,0;oui
4b_effectifs;Europe, sans_enseignes | photo_jointe | sans photo;lignes;2591;9118;6527,0;oui
4b_effectifs;Europe, sans_enseignes | photo_jointe | sans photo;part_de_la_premiere_fiche;0.08;0.05;-0,03;oui
4b_effectifs;Europe, sans_enseignes | photo_jointe | sans photo;suppressions;230;800;570,0;oui
4b_effectifs;Europe, sans_enseignes | photos_auteur | 0 photo;avis;1083;3297;2214,0;oui
4b_effectifs;Europe, sans_enseignes | photos_auteur | 0 photo;citable;True;True;0,0;non
4b_effectifs;Europe, sans_enseignes | photos_auteur | 0 photo;enseignes_touchees;70;267;197,0;oui
4b_effectifs;Europe, sans_enseignes | photos_auteur | 0 photo;fiches_touchees;71;286;215,0;oui
4b_effectifs;Europe, sans_enseignes | photos_auteur | 0 photo;lignes;1802;5885;4083,0;oui
4b_effectifs;Europe, sans_enseignes | photos_auteur | 0 photo;part_de_la_premiere_fiche;0.1;0.05;-0,05;oui
4b_effectifs;Europe, sans_enseignes | photos_auteur | 0 photo;suppressions;159;519;360,0;oui
4b_effectifs;Europe, sans_enseignes | photos_auteur | 1 à 20 photos;avis;524;1793;1269,0;oui
4b_effectifs;Europe, sans_enseignes | photos_auteur | 1 à 20 photos;citable;True;True;0,0;non
4b_effectifs;Europe, sans_enseignes | photos_auteur | 1 à 20 photos;enseignes_touchees;45;156;111,0;oui
4b_effectifs;Europe, sans_enseignes | photos_auteur | 1 à 20 photos;fiches_touchees;46;167;121,0;oui
4b_effectifs;Europe, sans_enseignes | photos_auteur | 1 à 20 photos;lignes;859;2998;2139,0;oui
4b_effectifs;Europe, sans_enseignes | photos_auteur | 1 à 20 photos;part_de_la_premiere_fiche;0.12;0.05;-0,07;oui
4b_effectifs;Europe, sans_enseignes | photos_auteur | 1 à 20 photos;suppressions;80;248;168,0;oui
4b_effectifs;Europe, sans_enseignes | photos_auteur | plus de 20 photos;avis;203;778;575,0;oui
4b_effectifs;Europe, sans_enseignes | photos_auteur | plus de 20 photos;citable;True;True;0,0;non
4b_effectifs;Europe, sans_enseignes | photos_auteur | plus de 20 photos;enseignes_touchees;16;75;59,0;oui
4b_effectifs;Europe, sans_enseignes | photos_auteur | plus de 20 photos;fiches_touchees;16;76;60,0;oui
4b_effectifs;Europe, sans_enseignes | photos_auteur | plus de 20 photos;lignes;308;1209;901,0;oui
4b_effectifs;Europe, sans_enseignes | photos_auteur | plus de 20 photos;part_de_la_premiere_fiche;0.16;0.07;-0,09;oui
4b_effectifs;Europe, sans_enseignes | photos_auteur | plus de 20 photos;suppressions;19;92;73,0;oui
4b_effectifs;Europe, sans_enseignes | reponse | pas de réponse, fiche qui répond à 75 % ou moins;avis;764;2899;2135,0;oui
4b_effectifs;Europe, sans_enseignes | reponse | pas de réponse, fiche qui répond à 75 % ou moins;citable;True;True;0,0;non
4b_effectifs;Europe, sans_enseignes | reponse | pas de réponse, fiche qui répond à 75 % ou moins;enseignes_touchees;48;187;139,0;oui
4b_effectifs;Europe, sans_enseignes | reponse | pas de réponse, fiche qui répond à 75 % ou moins;fiches_touchees;48;188;140,0;oui
4b_effectifs;Europe, sans_enseignes | reponse | pas de réponse, fiche qui répond à 75 % ou moins;lignes;1271;4808;3537,0;oui
4b_effectifs;Europe, sans_enseignes | reponse | pas de réponse, fiche qui répond à 75 % ou moins;part_de_la_premiere_fiche;0.19;0.12;-0,07;oui
4b_effectifs;Europe, sans_enseignes | reponse | pas de réponse, fiche qui répond à 75 % ou moins;suppressions;110;380;270,0;oui
4b_effectifs;Europe, sans_enseignes | reponse | pas de réponse, fiche qui répond à plus de 75 %;avis;248;761;513,0;oui
4b_effectifs;Europe, sans_enseignes | reponse | pas de réponse, fiche qui répond à plus de 75 %;citable;True;True;0,0;non
4b_effectifs;Europe, sans_enseignes | reponse | pas de réponse, fiche qui répond à plus de 75 %;enseignes_touchees;34;80;46,0;oui
4b_effectifs;Europe, sans_enseignes | reponse | pas de réponse, fiche qui répond à plus de 75 %;fiches_touchees;37;92;55,0;oui
4b_effectifs;Europe, sans_enseignes | reponse | pas de réponse, fiche qui répond à plus de 75 %;lignes;435;1198;763,0;oui
4b_effectifs;Europe, sans_enseignes | reponse | pas de réponse, fiche qui répond à plus de 75 %;part_de_la_premiere_fiche;0.21;0.1;-0,11;oui
4b_effectifs;Europe, sans_enseignes | reponse | pas de réponse, fiche qui répond à plus de 75 %;suppressions;77;162;85,0;oui
4b_effectifs;Europe, sans_enseignes | reponse | pas de réponse, habitude inconnue;avis;;17;;oui
4b_effectifs;Europe, sans_enseignes | reponse | pas de réponse, habitude inconnue;citable;;False;;oui
4b_effectifs;Europe, sans_enseignes | reponse | pas de réponse, habitude inconnue;enseignes_touchees;;6;;oui
4b_effectifs;Europe, sans_enseignes | reponse | pas de réponse, habitude inconnue;fiches_touchees;;6;;oui
4b_effectifs;Europe, sans_enseignes | reponse | pas de réponse, habitude inconnue;lignes;;22;;oui
4b_effectifs;Europe, sans_enseignes | reponse | pas de réponse, habitude inconnue;part_de_la_premiere_fiche;;0.58;;oui
4b_effectifs;Europe, sans_enseignes | reponse | pas de réponse, habitude inconnue;suppressions;;12;;oui
4b_effectifs;Europe, sans_enseignes | reponse | réponse déjà là, fiche qui répond à 75 % ou moins;avis;217;484;267,0;oui
4b_effectifs;Europe, sans_enseignes | reponse | réponse déjà là, fiche qui répond à 75 % ou moins;citable;False;True;1,0;oui
4b_effectifs;Europe, sans_enseignes | reponse | réponse déjà là, fiche qui répond à 75 % ou moins;enseignes_touchees;10;61;51,0;oui
4b_effectifs;Europe, sans_enseignes | reponse | réponse déjà là, fiche qui répond à 75 % ou moins;fiches_touchees;10;63;53,0;oui
4b_effectifs;Europe, sans_enseignes | reponse | réponse déjà là, fiche qui répond à 75 % ou moins;lignes;329;791;462,0;oui
4b_effectifs;Europe, sans_enseignes | reponse | réponse déjà là, fiche qui répond à 75 % ou moins;part_de_la_premiere_fiche;0.5;0.19;-0,31;oui
4b_effectifs;Europe, sans_enseignes | reponse | réponse déjà là, fiche qui répond à 75 % ou moins;suppressions;24;94;70,0;oui
4b_effectifs;Europe, sans_enseignes | reponse | réponse déjà là, fiche qui répond à plus de 75 %;avis;608;1855;1247,0;oui
4b_effectifs;Europe, sans_enseignes | reponse | réponse déjà là, fiche qui répond à plus de 75 %;citable;True;True;0,0;non
4b_effectifs;Europe, sans_enseignes | reponse | réponse déjà là, fiche qui répond à plus de 75 %;enseignes_touchees;21;111;90,0;oui
4b_effectifs;Europe, sans_enseignes | reponse | réponse déjà là, fiche qui répond à plus de 75 %;fiches_touchees;21;129;108,0;oui
4b_effectifs;Europe, sans_enseignes | reponse | réponse déjà là, fiche qui répond à plus de 75 %;lignes;934;3273;2339,0;oui
4b_effectifs;Europe, sans_enseignes | reponse | réponse déjà là, fiche qui répond à plus de 75 %;part_de_la_premiere_fiche;0.19;0.07;-0,12;oui
4b_effectifs;Europe, sans_enseignes | reponse | réponse déjà là, fiche qui répond à plus de 75 %;suppressions;47;211;164,0;oui
4b_effectifs;Europe, sans_enseignes | texte | 1 à 50 caractères;avis;238;796;558,0;oui
4b_effectifs;Europe, sans_enseignes | texte | 1 à 50 caractères;citable;True;True;0,0;non
4b_effectifs;Europe, sans_enseignes | texte | 1 à 50 caractères;enseignes_touchees;20;75;55,0;oui
4b_effectifs;Europe, sans_enseignes | texte | 1 à 50 caractères;fiches_touchees;20;80;60,0;oui
4b_effectifs;Europe, sans_enseignes | texte | 1 à 50 caractères;lignes;381;1447;1066,0;oui
4b_effectifs;Europe, sans_enseignes | texte | 1 à 50 caractères;part_de_la_premiere_fiche;0.19;0.07;-0,12;oui
4b_effectifs;Europe, sans_enseignes | texte | 1 à 50 caractères;suppressions;32;107;75,0;oui
4b_effectifs;Europe, sans_enseignes | texte | 51 à 200 caractères;avis;452;1454;1002,0;oui
4b_effectifs;Europe, sans_enseignes | texte | 51 à 200 caractères;citable;True;True;0,0;non
4b_effectifs;Europe, sans_enseignes | texte | 51 à 200 caractères;enseignes_touchees;33;156;123,0;oui
4b_effectifs;Europe, sans_enseignes | texte | 51 à 200 caractères;fiches_touchees;34;164;130,0;oui
4b_effectifs;Europe, sans_enseignes | texte | 51 à 200 caractères;lignes;877;2576;1699,0;oui
4b_effectifs;Europe, sans_enseignes | texte | 51 à 200 caractères;part_de_la_premiere_fiche;0.16;0.05;-0,11;oui
4b_effectifs;Europe, sans_enseignes | texte | 51 à 200 caractères;suppressions;76;253;177,0;oui
4b_effectifs;Europe, sans_enseignes | texte | plus de 200 caractères;avis;661;1707;1046,0;oui
4b_effectifs;Europe, sans_enseignes | texte | plus de 200 caractères;citable;True;True;0,0;non
4b_effectifs;Europe, sans_enseignes | texte | plus de 200 caractères;enseignes_touchees;60;165;105,0;oui
4b_effectifs;Europe, sans_enseignes | texte | plus de 200 caractères;fiches_touchees;62;176;114,0;oui
4b_effectifs;Europe, sans_enseignes | texte | plus de 200 caractères;lignes;1018;2888;1870,0;oui
4b_effectifs;Europe, sans_enseignes | texte | plus de 200 caractères;part_de_la_premiere_fiche;0.07;0.1;0,03;oui
4b_effectifs;Europe, sans_enseignes | texte | plus de 200 caractères;suppressions;101;278;177,0;oui
4b_effectifs;Europe, sans_enseignes | texte | sans texte;avis;459;1911;1452,0;oui
4b_effectifs;Europe, sans_enseignes | texte | sans texte;citable;True;True;0,0;non
4b_effectifs;Europe, sans_enseignes | texte | sans texte;enseignes_touchees;25;153;128,0;oui
4b_effectifs;Europe, sans_enseignes | texte | sans texte;fiches_touchees;25;157;132,0;oui
4b_effectifs;Europe, sans_enseignes | texte | sans texte;lignes;693;3181;2488,0;oui
4b_effectifs;Europe, sans_enseignes | texte | sans texte;part_de_la_premiere_fiche;0.14;0.05;-0,09;oui
4b_effectifs;Europe, sans_enseignes | texte | sans texte;suppressions;49;221;172,0;oui
4b_effectifs;Europe, sans_enseignes | total du passage | 170 journées de fiche;avis;1810;;;oui
4b_effectifs;Europe, sans_enseignes | total du passage | 170 journées de fiche;citable;True;;;oui
4b_effectifs;Europe, sans_enseignes | total du passage | 170 journées de fiche;enseignes_touchees;103;;;oui
4b_effectifs;Europe, sans_enseignes | total du passage | 170 journées de fiche;fiches_touchees;107;;;oui
4b_effectifs;Europe, sans_enseignes | total du passage | 170 journées de fiche;lignes;2969;;;oui
4b_effectifs;Europe, sans_enseignes | total du passage | 170 journées de fiche;part_de_la_premiere_fiche;0.08;;;oui
4b_effectifs;Europe, sans_enseignes | total du passage | 170 journées de fiche;suppressions;258;;;oui
4b_effectifs;Europe, sans_enseignes | total du passage | 636 journées de fiche;avis;;5868;;oui
4b_effectifs;Europe, sans_enseignes | total du passage | 636 journées de fiche;citable;;True;;oui
4b_effectifs;Europe, sans_enseignes | total du passage | 636 journées de fiche;enseignes_touchees;;393;;oui
4b_effectifs;Europe, sans_enseignes | total du passage | 636 journées de fiche;fiches_touchees;;432;;oui
4b_effectifs;Europe, sans_enseignes | total du passage | 636 journées de fiche;lignes;;10092;;oui
4b_effectifs;Europe, sans_enseignes | total du passage | 636 journées de fiche;part_de_la_premiere_fiche;;0.05;;oui
4b_effectifs;Europe, sans_enseignes | total du passage | 636 journées de fiche;suppressions;;859;;oui
4b_effectifs;Europe, tous | age_cat | 1 jour(s);avis;;13;;oui
4b_effectifs;Europe, tous | age_cat | 1 jour(s);citable;;False;;oui
4b_effectifs;Europe, tous | age_cat | 1 jour(s);enseignes_touchees;;5;;oui
4b_effectifs;Europe, tous | age_cat | 1 jour(s);fiches_touchees;;5;;oui
4b_effectifs;Europe, tous | age_cat | 1 jour(s);lignes;;13;;oui
4b_effectifs;Europe, tous | age_cat | 1 jour(s);part_de_la_premiere_fiche;;0.2;;oui
4b_effectifs;Europe, tous | age_cat | 1 jour(s);suppressions;;5;;oui
4b_effectifs;Europe, tous | age_cat | 14 jours et plus;avis;323;2037;1714,0;oui
4b_effectifs;Europe, tous | age_cat | 14 jours et plus;citable;False;True;1,0;oui
4b_effectifs;Europe, tous | age_cat | 14 jours et plus;enseignes_touchees;15;319;304,0;oui
4b_effectifs;Europe, tous | age_cat | 14 jours et plus;fiches_touchees;15;349;334,0;oui
4b_effectifs;Europe, tous | age_cat | 14 jours et plus;lignes;484;2970;2486,0;oui
4b_effectifs;Europe, tous | age_cat | 14 jours et plus;part_de_la_premiere_fiche;0.3;0.2;-0,1;oui
4b_effectifs;Europe, tous | age_cat | 14 jours et plus;suppressions;50;795;745,0;oui
4b_effectifs;Europe, tous | age_cat | 2 jour(s);avis;175;528;353,0;oui
4b_effectifs;Europe, tous | age_cat | 2 jour(s);citable;True;True;0,0;non
4b_effectifs;Europe, tous | age_cat | 2 jour(s);enseignes_touchees;24;44;20,0;oui
4b_effectifs;Europe, tous | age_cat | 2 jour(s);fiches_touchees;24;45;21,0;oui
4b_effectifs;Europe, tous | age_cat | 2 jour(s);lignes;175;528;353,0;oui
4b_effectifs;Europe, tous | age_cat | 2 jour(s);part_de_la_premiere_fiche;0.1;0.06;-0,04;oui
4b_effectifs;Europe, tous | age_cat | 2 jour(s);suppressions;30;52;22,0;oui
4b_effectifs;Europe, tous | age_cat | 3 jour(s);avis;186;561;375,0;oui
4b_effectifs;Europe, tous | age_cat | 3 jour(s);citable;True;True;0,0;non
4b_effectifs;Europe, tous | age_cat | 3 jour(s);enseignes_touchees;24;31;7,0;oui
4b_effectifs;Europe, tous | age_cat | 3 jour(s);fiches_touchees;25;32;7,0;oui
4b_effectifs;Europe, tous | age_cat | 3 jour(s);lignes;186;561;375,0;oui
4b_effectifs;Europe, tous | age_cat | 3 jour(s);part_de_la_premiere_fiche;0.07;0.13;0,06;oui
4b_effectifs;Europe, tous | age_cat | 3 jour(s);suppressions;27;39;12,0;oui
4b_effectifs;Europe, tous | age_cat | 4 jour(s);avis;229;573;344,0;oui
4b_effectifs;Europe, tous | age_cat | 4 jour(s);citable;False;False;0,0;non
4b_effectifs;Europe, tous | age_cat | 4 jour(s);enseignes_touchees;5;9;4,0;oui
4b_effectifs;Europe, tous | age_cat | 4 jour(s);fiches_touchees;5;9;4,0;oui
4b_effectifs;Europe, tous | age_cat | 4 jour(s);lignes;229;573;344,0;oui
4b_effectifs;Europe, tous | age_cat | 4 jour(s);part_de_la_premiere_fiche;0.43;0.27;-0,16;oui
4b_effectifs;Europe, tous | age_cat | 4 jour(s);suppressions;7;11;4,0;oui
4b_effectifs;Europe, tous | age_cat | 5 jour(s);avis;214;676;462,0;oui
4b_effectifs;Europe, tous | age_cat | 5 jour(s);citable;False;True;1,0;oui
4b_effectifs;Europe, tous | age_cat | 5 jour(s);enseignes_touchees;7;10;3,0;oui
4b_effectifs;Europe, tous | age_cat | 5 jour(s);fiches_touchees;7;10;3,0;oui
4b_effectifs;Europe, tous | age_cat | 5 jour(s);lignes;214;676;462,0;oui
4b_effectifs;Europe, tous | age_cat | 5 jour(s);part_de_la_premiere_fiche;0.14;0.1;-0,04;oui
4b_effectifs;Europe, tous | age_cat | 5 jour(s);suppressions;7;10;3,0;oui
4b_effectifs;Europe, tous | age_cat | 6 jour(s);avis;277;841;564,0;oui
4b_effectifs;Europe, tous | age_cat | 6 jour(s);citable;True;True;0,0;non
4b_effectifs;Europe, tous | age_cat | 6 jour(s);enseignes_touchees;18;22;4,0;oui
4b_effectifs;Europe, tous | age_cat | 6 jour(s);fiches_touchees;18;22;4,0;oui
4b_effectifs;Europe, tous | age_cat | 6 jour(s);lignes;277;841;564,0;oui
4b_effectifs;Europe, tous | age_cat | 6 jour(s);part_de_la_premiere_fiche;0.17;0.14;-0,03;oui
4b_effectifs;Europe, tous | age_cat | 6 jour(s);suppressions;29;35;6,0;oui
4b_effectifs;Europe, tous | age_cat | 7 jour(s);avis;305;809;504,0;oui
4b_effectifs;Europe, tous | age_cat | 7 jour(s);citable;True;True;0,0;non
4b_effectifs;Europe, tous | age_cat | 7 jour(s);enseignes_touchees;20;21;1,0;oui
4b_effectifs;Europe, tous | age_cat | 7 jour(s);fiches_touchees;20;21;1,0;oui
4b_effectifs;Europe, tous | age_cat | 7 jour(s);lignes;305;809;504,0;oui
4b_effectifs;Europe, tous | age_cat | 7 jour(s);part_de_la_premiere_fiche;0.17;0.17;0,0;non
4b_effectifs;Europe, tous | age_cat | 7 jour(s);suppressions;64;65;1,0;oui
4b_effectifs;Europe, tous | age_cat | 8 jour(s);avis;274;774;500,0;oui
4b_effectifs;Europe, tous | age_cat | 8 jour(s);citable;True;True;0,0;non
4b_effectifs;Europe, tous | age_cat | 8 jour(s);enseignes_touchees;17;17;0,0;non
4b_effectifs;Europe, tous | age_cat | 8 jour(s);fiches_touchees;17;17;0,0;non
4b_effectifs;Europe, tous | age_cat | 8 jour(s);lignes;274;774;500,0;oui
4b_effectifs;Europe, tous | age_cat | 8 jour(s);part_de_la_premiere_fiche;0.17;0.17;0,0;non
4b_effectifs;Europe, tous | age_cat | 8 jour(s);suppressions;23;23;0,0;non
4b_effectifs;Europe, tous | age_cat | 9 à 13 jours;avis;651;2600;1949,0;oui
4b_effectifs;Europe, tous | age_cat | 9 à 13 jours;citable;True;False;-1,0;oui
4b_effectifs;Europe, tous | age_cat | 9 à 13 jours;enseignes_touchees;25;29;4,0;oui
4b_effectifs;Europe, tous | age_cat | 9 à 13 jours;fiches_touchees;25;29;4,0;oui
4b_effectifs;Europe, tous | age_cat | 9 à 13 jours;lignes;916;3407;2491,0;oui
4b_effectifs;Europe, tous | age_cat | 9 à 13 jours;part_de_la_premiere_fiche;0.21;0.64;0,43;oui
4b_effectifs;Europe, tous | age_cat | 9 à 13 jours;suppressions;43;125;82,0;oui
4b_effectifs;Europe, tous | avis_auteur | 1 avis ou moins;avis;636;2029;1393,0;oui
4b_effectifs;Europe, tous | avis_auteur | 1 avis ou moins;citable;True;False;-1,0;oui
4b_effectifs;Europe, tous | avis_auteur | 1 avis ou moins;enseignes_touchees;41;132;91,0;oui
4b_effectifs;Europe, tous | avis_auteur | 1 avis ou moins;fiches_touchees;42;136;94,0;oui
4b_effectifs;Europe, tous | avis_auteur | 1 avis ou moins;lignes;1192;4125;2933,0;oui
4b_effectifs;Europe, tous | avis_auteur | 1 avis ou moins;part_de_la_premiere_fiche;0.11;0.26;0,15;oui
4b_effectifs;Europe, tous | avis_auteur | 1 avis ou moins;suppressions;135;485;350,0;oui
4b_effectifs;Europe, tous | avis_auteur | 2 à 20 avis;avis;884;2978;2094,0;oui
4b_effectifs;Europe, tous | avis_auteur | 2 à 20 avis;citable;True;True;0,0;non
4b_effectifs;Europe, tous | avis_auteur | 2 à 20 avis;enseignes_touchees;67;253;186,0;oui
4b_effectifs;Europe, tous | avis_auteur | 2 à 20 avis;fiches_touchees;67;274;207,0;oui
4b_effectifs;Europe, tous | avis_auteur | 2 à 20 avis;lignes;1409;5219;3810,0;oui
4b_effectifs;Europe, tous | avis_auteur | 2 à 20 avis;part_de_la_premiere_fiche;0.06;0.07;0,01;oui
4b_effectifs;Europe, tous | avis_auteur | 2 à 20 avis;suppressions;108;494;386,0;oui
4b_effectifs;Europe, tous | avis_auteur | plus de 20 avis;avis;314;1191;877,0;oui
4b_effectifs;Europe, tous | avis_auteur | plus de 20 avis;citable;True;True;0,0;non
4b_effectifs;Europe, tous | avis_auteur | plus de 20 avis;enseignes_touchees;28;132;104,0;oui
4b_effectifs;Europe, tous | avis_auteur | plus de 20 avis;fiches_touchees;28;140;112,0;oui
4b_effectifs;Europe, tous | avis_auteur | plus de 20 avis;lignes;459;1808;1349,0;oui
4b_effectifs;Europe, tous | avis_auteur | plus de 20 avis;part_de_la_premiere_fiche;0.16;0.06;-0,1;oui
4b_effectifs;Europe, tous | avis_auteur | plus de 20 avis;suppressions;37;181;144,0;oui
4b_effectifs;Europe, tous | local_guide | niveau 1 à 4;avis;1263;4204;2941,0;oui
4b_effectifs;Europe, tous | local_guide | niveau 1 à 4;citable;True;True;0,0;non
4b_effectifs;Europe, tous | local_guide | niveau 1 à 4;enseignes_touchees;83;301;218,0;oui
4b_effectifs;Europe, tous | local_guide | niveau 1 à 4;fiches_touchees;86;327;241,0;oui
4b_effectifs;Europe, tous | local_guide | niveau 1 à 4;lignes;2132;7750;5618,0;oui
4b_effectifs;Europe, tous | local_guide | niveau 1 à 4;part_de_la_premiere_fiche;0.08;0.14;0,06;oui
4b_effectifs;Europe, tous | local_guide | niveau 1 à 4;suppressions;179;793;614,0;oui
4b_effectifs;Europe, tous | local_guide | niveau 5 et plus;avis;361;1428;1067,0;oui
4b_effectifs;Europe, tous | local_guide | niveau 5 et plus;citable;True;True;0,0;non
4b_effectifs;Europe, tous | local_guide | niveau 5 et plus;enseignes_touchees;29;147;118,0;oui
4b_effectifs;Europe, tous | local_guide | niveau 5 et plus;fiches_touchees;29;155;126,0;oui
4b_effectifs;Europe, tous | local_guide | niveau 5 et plus;lignes;519;2195;1676,0;oui
4b_effectifs;Europe, tous | local_guide | niveau 5 et plus;part_de_la_premiere_fiche;0.14;0.06;-0,08;oui
4b_effectifs;Europe, tous | local_guide | niveau 5 et plus;suppressions;37;203;166,0;oui
4b_effectifs;Europe, tous | local_guide | sans niveau;avis;210;566;356,0;oui
4b_effectifs;Europe, tous | local_guide | sans niveau;citable;True;False;-1,0;oui
4b_effectifs;Europe, tous | local_guide | sans niveau;enseignes_touchees;19;37;18,0;oui
4b_effectifs;Europe, tous | local_guide | sans niveau;fiches_touchees;19;37;18,0;oui
4b_effectifs;Europe, tous | local_guide | sans niveau;lignes;409;1207;798,0;oui
4b_effectifs;Europe, tous | local_guide | sans niveau;part_de_la_premiere_fiche;0.12;0.29;0,17;oui
4b_effectifs;Europe, tous | local_guide | sans niveau;suppressions;64;164;100,0;oui
4b_effectifs;Europe, tous | note | 1 étoile(s);avis;201;905;704,0;oui
4b_effectifs;Europe, tous | note | 1 étoile(s);citable;True;False;-1,0;oui
4b_effectifs;Europe, tous | note | 1 étoile(s);enseignes_touchees;47;124;77,0;oui
4b_effectifs;Europe, tous | note | 1 étoile(s);fiches_touchees;49;131;82,0;oui
4b_effectifs;Europe, tous | note | 1 étoile(s);lignes;293;1880;1587,0;oui
4b_effectifs;Europe, tous | note | 1 étoile(s);part_de_la_premiere_fiche;0.19;0.32;0,13;oui
4b_effectifs;Europe, tous | note | 1 étoile(s);suppressions;73;516;443,0;oui
4b_effectifs;Europe, tous | note | 2 étoile(s);avis;70;216;146,0;oui
4b_effectifs;Europe, tous | note | 2 étoile(s);citable;False;True;1,0;oui
4b_effectifs;Europe, tous | note | 2 étoile(s);enseignes_touchees;10;36;26,0;oui
4b_effectifs;Europe, tous | note | 2 étoile(s);fiches_touchees;10;39;29,0;oui
4b_effectifs;Europe, tous | note | 2 étoile(s);lignes;112;381;269,0;oui
4b_effectifs;Europe, tous | note | 2 étoile(s);part_de_la_premiere_fiche;0.41;0.18;-0,23;oui
4b_effectifs;Europe, tous | note | 2 étoile(s);suppressions;17;50;33,0;oui
4b_effectifs;Europe, tous | note | 3 étoile(s);avis;95;320;225,0;oui
4b_effectifs;Europe, tous | note | 3 étoile(s);citable;False;True;1,0;oui
4b_effectifs;Europe, tous | note | 3 étoile(s);enseignes_touchees;5;43;38,0;oui
4b_effectifs;Europe, tous | note | 3 étoile(s);fiches_touchees;5;43;38,0;oui
4b_effectifs;Europe, tous | note | 3 étoile(s);lignes;131;519;388,0;oui
4b_effectifs;Europe, tous | note | 3 étoile(s);part_de_la_premiere_fiche;0.2;0.04;-0,16;oui
4b_effectifs;Europe, tous | note | 3 étoile(s);suppressions;5;45;40,0;oui
4b_effectifs;Europe, tous | note | 4 étoile(s);avis;242;695;453,0;oui
4b_effectifs;Europe, tous | note | 4 étoile(s);citable;True;True;0,0;non
4b_effectifs;Europe, tous | note | 4 étoile(s);enseignes_touchees;12;58;46,0;oui
4b_effectifs;Europe, tous | note | 4 étoile(s);fiches_touchees;12;58;46,0;oui
4b_effectifs;Europe, tous | note | 4 étoile(s);lignes;379;1176;797,0;oui
4b_effectifs;Europe, tous | note | 4 étoile(s);part_de_la_premiere_fiche;0.24;0.07;-0,17;oui
4b_effectifs;Europe, tous | note | 4 étoile(s);suppressions;17;71;54,0;oui
4b_effectifs;Europe, tous | note | 5 étoile(s);avis;1226;4062;2836,0;oui
4b_effectifs;Europe, tous | note | 5 étoile(s);citable;True;True;0,0;non
4b_effectifs;Europe, tous | note | 5 étoile(s);enseignes_touchees;47;231;184,0;oui
4b_effectifs;Europe, tous | note | 5 étoile(s);fiches_touchees;47;251;204,0;oui
4b_effectifs;Europe, tous | note | 5 étoile(s);lignes;2145;7196;5051,0;oui
4b_effectifs;Europe, tous | note | 5 étoile(s);part_de_la_premiere_fiche;0.12;0.05;-0,07;oui
4b_effectifs;Europe, tous | note | 5 étoile(s);suppressions;168;478;310,0;oui
4b_effectifs;Europe, tous | photo_jointe | avec photo;avis;186;530;344,0;oui
4b_effectifs;Europe, tous | photo_jointe | avec photo;citable;True;True;0,0;non
4b_effectifs;Europe, tous | photo_jointe | avec photo;enseignes_touchees;17;45;28,0;oui
4b_effectifs;Europe, tous | photo_jointe | avec photo;fiches_touchees;17;45;28,0;oui
4b_effectifs;Europe, tous | photo_jointe | avec photo;lignes;378;988;610,0;oui
4b_effectifs;Europe, tous | photo_jointe | avec photo;part_de_la_premiere_fiche;0.21;0.11;-0,1;oui
4b_effectifs;Europe, tous | photo_jointe | avec photo;suppressions;28;62;34,0;oui
4b_effectifs;Europe, tous | photo_jointe | sans photo;avis;1648;5668;4020,0;oui
4b_effectifs;Europe, tous | photo_jointe | sans photo;citable;True;True;0,0;non
4b_effectifs;Europe, tous | photo_jointe | sans photo;enseignes_touchees;98;382;284,0;oui
4b_effectifs;Europe, tous | photo_jointe | sans photo;fiches_touchees;102;419;317,0;oui
4b_effectifs;Europe, tous | photo_jointe | sans photo;lignes;2682;10164;7482,0;oui
4b_effectifs;Europe, tous | photo_jointe | sans photo;part_de_la_premiere_fiche;0.08;0.15;0,07;oui
4b_effectifs;Europe, tous | photo_jointe | sans photo;suppressions;252;1098;846,0;oui
4b_effectifs;Europe, tous | photos_auteur | 0 photo;avis;1101;3567;2466,0;oui
4b_effectifs;Europe, tous | photos_auteur | 0 photo;citable;True;True;0,0;non
4b_effectifs;Europe, tous | photos_auteur | 0 photo;enseignes_touchees;72;269;197,0;oui
4b_effectifs;Europe, tous | photos_auteur | 0 photo;fiches_touchees;73;288;215,0;oui
4b_effectifs;Europe, tous | photos_auteur | 0 photo;lignes;1871;6742;4871,0;oui
4b_effectifs;Europe, tous | photos_auteur | 0 photo;part_de_la_premiere_fiche;0.09;0.18;0,09;oui
4b_effectifs;Europe, tous | photos_auteur | 0 photo;suppressions;176;767;591,0;oui
4b_effectifs;Europe, tous | photos_auteur | 1 à 20 photos;avis;529;1843;1314,0;oui
4b_effectifs;Europe, tous | photos_auteur | 1 à 20 photos;citable;True;True;0,0;non
4b_effectifs;Europe, tous | photos_auteur | 1 à 20 photos;enseignes_touchees;46;158;112,0;oui
4b_effectifs;Europe, tous | photos_auteur | 1 à 20 photos;fiches_touchees;47;169;122,0;oui
4b_effectifs;Europe, tous | photos_auteur | 1 à 20 photos;lignes;878;3165;2287,0;oui
4b_effectifs;Europe, tous | photos_auteur | 1 à 20 photos;part_de_la_premiere_fiche;0.12;0.08;-0,04;oui
4b_effectifs;Europe, tous | photos_auteur | 1 à 20 photos;suppressions;84;293;209,0;oui
4b_effectifs;Europe, tous | photos_auteur | plus de 20 photos;avis;204;788;584,0;oui
4b_effectifs;Europe, tous | photos_auteur | plus de 20 photos;citable;True;True;0,0;non
4b_effectifs;Europe, tous | photos_auteur | plus de 20 photos;enseignes_touchees;17;77;60,0;oui
4b_effectifs;Europe, tous | photos_auteur | plus de 20 photos;fiches_touchees;17;78;61,0;oui
4b_effectifs;Europe, tous | photos_auteur | plus de 20 photos;lignes;311;1245;934,0;oui
4b_effectifs;Europe, tous | photos_auteur | plus de 20 photos;part_de_la_premiere_fiche;0.15;0.06;-0,09;oui
4b_effectifs;Europe, tous | photos_auteur | plus de 20 photos;suppressions;20;100;80,0;oui
4b_effectifs;Europe, tous | reponse | pas de réponse, fiche qui répond à 75 % ou moins;avis;773;3021;2248,0;oui
4b_effectifs;Europe, tous | reponse | pas de réponse, fiche qui répond à 75 % ou moins;citable;True;True;0,0;non
4b_effectifs;Europe, tous | reponse | pas de réponse, fiche qui répond à 75 % ou moins;enseignes_touchees;49;189;140,0;oui
4b_effectifs;Europe, tous | reponse | pas de réponse, fiche qui répond à 75 % ou moins;fiches_touchees;49;190;141,0;oui
4b_effectifs;Europe, tous | reponse | pas de réponse, fiche qui répond à 75 % ou moins;lignes;1286;5080;3794,0;oui
4b_effectifs;Europe, tous | reponse | pas de réponse, fiche qui répond à 75 % ou moins;part_de_la_premiere_fiche;0.18;0.15;-0,03;oui
4b_effectifs;Europe, tous | reponse | pas de réponse, fiche qui répond à 75 % ou moins;suppressions;117;483;366,0;oui
4b_effectifs;Europe, tous | reponse | pas de réponse, fiche qui répond à plus de 75 %;avis;248;761;513,0;oui
4b_effectifs;Europe, tous | reponse | pas de réponse, fiche qui répond à plus de 75 %;citable;True;True;0,0;non
4b_effectifs;Europe, tous | reponse | pas de réponse, fiche qui répond à plus de 75 %;enseignes_touchees;34;80;46,0;oui
4b_effectifs;Europe, tous | reponse | pas de réponse, fiche qui répond à plus de 75 %;fiches_touchees;37;92;55,0;oui
4b_effectifs;Europe, tous | reponse | pas de réponse, fiche qui répond à plus de 75 %;lignes;435;1198;763,0;oui
4b_effectifs;Europe, tous | reponse | pas de réponse, fiche qui répond à plus de 75 %;part_de_la_premiere_fiche;0.21;0.1;-0,11;oui
4b_effectifs;Europe, tous | reponse | pas de réponse, fiche qui répond à plus de 75 %;suppressions;77;162;85,0;oui
4b_effectifs;Europe, tous | reponse | pas de réponse, habitude inconnue;avis;;17;;oui
4b_effectifs;Europe, tous | reponse | pas de réponse, habitude inconnue;citable;;False;;oui
4b_effectifs;Europe, tous | reponse | pas de réponse, habitude inconnue;enseignes_touchees;;6;;oui
4b_effectifs;Europe, tous | reponse | pas de réponse, habitude inconnue;fiches_touchees;;6;;oui
4b_effectifs;Europe, tous | reponse | pas de réponse, habitude inconnue;lignes;;22;;oui
4b_effectifs;Europe, tous | reponse | pas de réponse, habitude inconnue;part_de_la_premiere_fiche;;0.58;;oui
4b_effectifs;Europe, tous | reponse | pas de réponse, habitude inconnue;suppressions;;12;;oui
4b_effectifs;Europe, tous | reponse | réponse déjà là, fiche qui répond à 75 % ou moins;avis;234;711;477,0;oui
4b_effectifs;Europe, tous | reponse | réponse déjà là, fiche qui répond à 75 % ou moins;citable;False;False;0,0;non
4b_effectifs;Europe, tous | reponse | réponse déjà là, fiche qui répond à 75 % ou moins;enseignes_touchees;12;63;51,0;oui
4b_effectifs;Europe, tous | reponse | réponse déjà là, fiche qui répond à 75 % ou moins;fiches_touchees;12;65;53,0;oui
4b_effectifs;Europe, tous | reponse | réponse déjà là, fiche qui répond à 75 % ou moins;lignes;405;1579;1174,0;oui
4b_effectifs;Europe, tous | reponse | réponse déjà là, fiche qui répond à 75 % ou moins;part_de_la_premiere_fiche;0.36;0.36;0,0;non
4b_effectifs;Europe, tous | reponse | réponse déjà là, fiche qui répond à 75 % ou moins;suppressions;39;292;253,0;oui
4b_effectifs;Europe, tous | reponse | réponse déjà là, fiche qui répond à plus de 75 %;avis;608;1855;1247,0;oui
4b_effectifs;Europe, tous | reponse | réponse déjà là, fiche qui répond à plus de 75 %;citable;True;True;0,0;non
4b_effectifs;Europe, tous | reponse | réponse déjà là, fiche qui répond à plus de 75 %;enseignes_touchees;21;111;90,0;oui
4b_effectifs;Europe, tous | reponse | réponse déjà là, fiche qui répond à plus de 75 %;fiches_touchees;21;129;108,0;oui
4b_effectifs;Europe, tous | reponse | réponse déjà là, fiche qui répond à plus de 75 %;lignes;934;3273;2339,0;oui
4b_effectifs;Europe, tous | reponse | réponse déjà là, fiche qui répond à plus de 75 %;part_de_la_premiere_fiche;0.19;0.07;-0,12;oui
4b_effectifs;Europe, tous | reponse | réponse déjà là, fiche qui répond à plus de 75 %;suppressions;47;211;164,0;oui
4b_effectifs;Europe, tous | texte | 1 à 50 caractères;avis;241;846;605,0;oui
4b_effectifs;Europe, tous | texte | 1 à 50 caractères;citable;True;True;0,0;non
4b_effectifs;Europe, tous | texte | 1 à 50 caractères;enseignes_touchees;21;77;56,0;oui
4b_effectifs;Europe, tous | texte | 1 à 50 caractères;fiches_touchees;21;82;61,0;oui
4b_effectifs;Europe, tous | texte | 1 à 50 caractères;lignes;392;1623;1231,0;oui
4b_effectifs;Europe, tous | texte | 1 à 50 caractères;part_de_la_premiere_fiche;0.18;0.2;0,02;oui
4b_effectifs;Europe, tous | texte | 1 à 50 caractères;suppressions;34;153;119,0;oui
4b_effectifs;Europe, tous | texte | 51 à 200 caractères;avis;455;1502;1047,0;oui
4b_effectifs;Europe, tous | texte | 51 à 200 caractères;citable;True;True;0,0;non
4b_effectifs;Europe, tous | texte | 51 à 200 caractères;enseignes_touchees;34;158;124,0;oui
4b_effectifs;Europe, tous | texte | 51 à 200 caractères;fiches_touchees;35;166;131,0;oui
4b_effectifs;Europe, tous | texte | 51 à 200 caractères;lignes;889;2738;1849,0;oui
4b_effectifs;Europe, tous | texte | 51 à 200 caractères;part_de_la_premiere_fiche;0.15;0.07;-0,08;oui
4b_effectifs;Europe, tous | texte | 51 à 200 caractères;suppressions;79;295;216,0;oui
4b_effectifs;Europe, tous | texte | plus de 200 caractères;avis;662;1711;1049,0;oui
4b_effectifs;Europe, tous | texte | plus de 200 caractères;citable;True;True;0,0;non
4b_effectifs;Europe, tous | texte | plus de 200 caractères;enseignes_touchees;61;167;106,0;oui
4b_effectifs;Europe, tous | texte | plus de 200 caractères;fiches_touchees;63;178;115,0;oui
4b_effectifs;Europe, tous | texte | plus de 200 caractères;lignes;1019;2896;1877,0;oui
4b_effectifs;Europe, tous | texte | plus de 200 caractères;part_de_la_premiere_fiche;0.07;0.1;0,03;oui
4b_effectifs;Europe, tous | texte | plus de 200 caractères;suppressions;102;282;180,0;oui
4b_effectifs;Europe, tous | texte | sans texte;avis;476;2139;1663,0;oui
4b_effectifs;Europe, tous | texte | sans texte;citable;True;False;-1,0;oui
4b_effectifs;Europe, tous | texte | sans texte;enseignes_touchees;27;155;128,0;oui
4b_effectifs;Europe, tous | texte | sans texte;fiches_touchees;27;159;132,0;oui
4b_effectifs;Europe, tous | texte | sans texte;lignes;760;3895;3135,0;oui
4b_effectifs;Europe, tous | texte | sans texte;part_de_la_premiere_fiche;0.23;0.26;0,03;oui
4b_effectifs;Europe, tous | texte | sans texte;suppressions;65;430;365,0;oui
4b_effectifs;Europe, tous | total du passage | 177 journées de fiche;avis;1834;;;oui
4b_effectifs;Europe, tous | total du passage | 177 journées de fiche;citable;True;;;oui
4b_effectifs;Europe, tous | total du passage | 177 journées de fiche;enseignes_touchees;105;;;oui
4b_effectifs;Europe, tous | total du passage | 177 journées de fiche;fiches_touchees;109;;;oui
4b_effectifs;Europe, tous | total du passage | 177 journées de fiche;lignes;3060;;;oui
4b_effectifs;Europe, tous | total du passage | 177 journées de fiche;part_de_la_premiere_fiche;0.07;;;oui
4b_effectifs;Europe, tous | total du passage | 177 journées de fiche;suppressions;280;;;oui
4b_effectifs;Europe, tous | total du passage | 648 journées de fiche;avis;;6198;;oui
4b_effectifs;Europe, tous | total du passage | 648 journées de fiche;citable;;True;;oui
4b_effectifs;Europe, tous | total du passage | 648 journées de fiche;enseignes_touchees;;395;;oui
4b_effectifs;Europe, tous | total du passage | 648 journées de fiche;fiches_touchees;;434;;oui
4b_effectifs;Europe, tous | total du passage | 648 journées de fiche;lignes;;11152;;oui
4b_effectifs;Europe, tous | total du passage | 648 journées de fiche;part_de_la_premiere_fiche;;0.14;;oui
4b_effectifs;Europe, tous | total du passage | 648 journées de fiche;suppressions;;1160;;oui
4b_effectifs;US, sans_enseignes | age_cat | 1 jour(s);avis;74;177;103,0;oui
4b_effectifs;US, sans_enseignes | age_cat | 1 jour(s);citable;False;False;0,0;non
4b_effectifs;US, sans_enseignes | age_cat | 1 jour(s);enseignes_touchees;4;6;2,0;oui
4b_effectifs;US, sans_enseignes | age_cat | 1 jour(s);fiches_touchees;5;8;3,0;oui
4b_effectifs;US, sans_enseignes | age_cat | 1 jour(s);lignes;74;177;103,0;oui
4b_effectifs;US, sans_enseignes | age_cat | 1 jour(s);part_de_la_premiere_fiche;0.33;0.22;-0,11;oui
4b_effectifs;US, sans_enseignes | age_cat | 1 jour(s);suppressions;6;9;3,0;oui
4b_effectifs;US, sans_enseignes | age_cat | 14 jours et plus;avis;606;2609;2003,0;oui
4b_effectifs;US, sans_enseignes | age_cat | 14 jours et plus;citable;True;True;0,0;non
4b_effectifs;US, sans_enseignes | age_cat | 14 jours et plus;enseignes_touchees;16;336;320,0;oui
4b_effectifs;US, sans_enseignes | age_cat | 14 jours et plus;fiches_touchees;16;415;399,0;oui
4b_effectifs;US, sans_enseignes | age_cat | 14 jours et plus;lignes;1096;4383;3287,0;oui
4b_effectifs;US, sans_enseignes | age_cat | 14 jours et plus;part_de_la_premiere_fiche;0.16;0.03;-0,13;oui
4b_effectifs;US, sans_enseignes | age_cat | 14 jours et plus;suppressions;32;1029;997,0;oui
4b_effectifs;US, sans_enseignes | age_cat | 2 jour(s);avis;438;1005;567,0;oui
4b_effectifs;US, sans_enseignes | age_cat | 2 jour(s);citable;True;True;0,0;non
4b_effectifs;US, sans_enseignes | age_cat | 2 jour(s);enseignes_touchees;21;42;21,0;oui
4b_effectifs;US, sans_enseignes | age_cat | 2 jour(s);fiches_touchees;21;42;21,0;oui
4b_effectifs;US, sans_enseignes | age_cat | 2 jour(s);lignes;438;1005;567,0;oui
4b_effectifs;US, sans_enseignes | age_cat | 2 jour(s);part_de_la_premiere_fiche;0.05;0.04;-0,01;oui
4b_effectifs;US, sans_enseignes | age_cat | 2 jour(s);suppressions;21;46;25,0;oui
4b_effectifs;US, sans_enseignes | age_cat | 3 jour(s);avis;540;1055;515,0;oui
4b_effectifs;US, sans_enseignes | age_cat | 3 jour(s);citable;True;True;0,0;non
4b_effectifs;US, sans_enseignes | age_cat | 3 jour(s);enseignes_touchees;10;25;15,0;oui
4b_effectifs;US, sans_enseignes | age_cat | 3 jour(s);fiches_touchees;10;26;16,0;oui
4b_effectifs;US, sans_enseignes | age_cat | 3 jour(s);lignes;540;1055;515,0;oui
4b_effectifs;US, sans_enseignes | age_cat | 3 jour(s);part_de_la_premiere_fiche;0.1;0.04;-0,06;oui
4b_effectifs;US, sans_enseignes | age_cat | 3 jour(s);suppressions;10;26;16,0;oui
4b_effectifs;US, sans_enseignes | age_cat | 4 jour(s);avis;540;1029;489,0;oui
4b_effectifs;US, sans_enseignes | age_cat | 4 jour(s);citable;False;False;0,0;non
4b_effectifs;US, sans_enseignes | age_cat | 4 jour(s);enseignes_touchees;6;9;3,0;oui
4b_effectifs;US, sans_enseignes | age_cat | 4 jour(s);fiches_touchees;6;9;3,0;oui
4b_effectifs;US, sans_enseignes | age_cat | 4 jour(s);lignes;540;1029;489,0;oui
4b_effectifs;US, sans_enseignes | age_cat | 4 jour(s);part_de_la_premiere_fiche;0.44;0.33;-0,11;oui
4b_effectifs;US, sans_enseignes | age_cat | 4 jour(s);suppressions;9;12;3,0;oui
4b_effectifs;US, sans_enseignes | age_cat | 5 jour(s);avis;618;1185;567,0;oui
4b_effectifs;US, sans_enseignes | age_cat | 5 jour(s);citable;True;True;0,0;non
4b_effectifs;US, sans_enseignes | age_cat | 5 jour(s);enseignes_touchees;10;15;5,0;oui
4b_effectifs;US, sans_enseignes | age_cat | 5 jour(s);fiches_touchees;10;16;6,0;oui
4b_effectifs;US, sans_enseignes | age_cat | 5 jour(s);lignes;618;1185;567,0;oui
4b_effectifs;US, sans_enseignes | age_cat | 5 jour(s);part_de_la_premiere_fiche;0.1;0.12;0,02;oui
4b_effectifs;US, sans_enseignes | age_cat | 5 jour(s);suppressions;10;17;7,0;oui
4b_effectifs;US, sans_enseignes | age_cat | 6 jour(s);avis;727;1407;680,0;oui
4b_effectifs;US, sans_enseignes | age_cat | 6 jour(s);citable;True;True;0,0;non
4b_effectifs;US, sans_enseignes | age_cat | 6 jour(s);enseignes_touchees;47;52;5,0;oui
4b_effectifs;US, sans_enseignes | age_cat | 6 jour(s);fiches_touchees;58;64;6,0;oui
4b_effectifs;US, sans_enseignes | age_cat | 6 jour(s);lignes;727;1407;680,0;oui
4b_effectifs;US, sans_enseignes | age_cat | 6 jour(s);part_de_la_premiere_fiche;0.09;0.11;0,02;oui
4b_effectifs;US, sans_enseignes | age_cat | 6 jour(s);suppressions;116;135;19,0;oui
4b_effectifs;US, sans_enseignes | age_cat | 7 jour(s);avis;710;1418;708,0;oui
4b_effectifs;US, sans_enseignes | age_cat | 7 jour(s);citable;True;True;0,0;non
4b_effectifs;US, sans_enseignes | age_cat | 7 jour(s);enseignes_touchees;58;61;3,0;oui
4b_effectifs;US, sans_enseignes | age_cat | 7 jour(s);fiches_touchees;72;75;3,0;oui
4b_effectifs;US, sans_enseignes | age_cat | 7 jour(s);lignes;710;1418;708,0;oui
4b_effectifs;US, sans_enseignes | age_cat | 7 jour(s);part_de_la_premiere_fiche;0.08;0.07;-0,01;oui
4b_effectifs;US, sans_enseignes | age_cat | 7 jour(s);suppressions;185;188;3,0;oui
4b_effectifs;US, sans_enseignes | age_cat | 8 jour(s);avis;557;1180;623,0;oui
4b_effectifs;US, sans_enseignes | age_cat | 8 jour(s);citable;True;True;0,0;non
4b_effectifs;US, sans_enseignes | age_cat | 8 jour(s);enseignes_touchees;34;35;1,0;oui
4b_effectifs;US, sans_enseignes | age_cat | 8 jour(s);fiches_touchees;37;38;1,0;oui
4b_effectifs;US, sans_enseignes | age_cat | 8 jour(s);lignes;557;1180;623,0;oui
4b_effectifs;US, sans_enseignes | age_cat | 8 jour(s);part_de_la_premiere_fiche;0.08;0.08;0,0;non
4b_effectifs;US, sans_enseignes | age_cat | 8 jour(s);suppressions;50;51;1,0;oui
4b_effectifs;US, sans_enseignes | age_cat | 9 à 13 jours;avis;1438;3178;1740,0;oui
4b_effectifs;US, sans_enseignes | age_cat | 9 à 13 jours;citable;True;True;0,0;non
4b_effectifs;US, sans_enseignes | age_cat | 9 à 13 jours;enseignes_touchees;52;75;23,0;oui
4b_effectifs;US, sans_enseignes | age_cat | 9 à 13 jours;fiches_touchees;69;95;26,0;oui
4b_effectifs;US, sans_enseignes | age_cat | 9 à 13 jours;lignes;2373;4687;2314,0;oui
4b_effectifs;US, sans_enseignes | age_cat | 9 à 13 jours;part_de_la_premiere_fiche;0.05;0.04;-0,01;oui
4b_effectifs;US, sans_enseignes | age_cat | 9 à 13 jours;suppressions;136;207;71,0;oui
4b_effectifs;US, sans_enseignes | avis_auteur | 1 avis ou moins;avis;1064;2608;1544,0;oui
4b_effectifs;US, sans_enseignes | avis_auteur | 1 avis ou moins;citable;True;True;0,0;non
4b_effectifs;US, sans_enseignes | avis_auteur | 1 avis ou moins;enseignes_touchees;78;168;90,0;oui
4b_effectifs;US, sans_enseignes | avis_auteur | 1 avis ou moins;fiches_touchees;96;217;121,0;oui
4b_effectifs;US, sans_enseignes | avis_auteur | 1 avis ou moins;lignes;2580;5661;3081,0;oui
4b_effectifs;US, sans_enseignes | avis_auteur | 1 avis ou moins;part_de_la_premiere_fiche;0.1;0.07;-0,03;oui
4b_effectifs;US, sans_enseignes | avis_auteur | 1 avis ou moins;suppressions;226;513;287,0;oui
4b_effectifs;US, sans_enseignes | avis_auteur | 2 à 20 avis;avis;1674;4383;2709,0;oui
4b_effectifs;US, sans_enseignes | avis_auteur | 2 à 20 avis;citable;True;True;0,0;non
4b_effectifs;US, sans_enseignes | avis_auteur | 2 à 20 avis;enseignes_touchees;86;270;184,0;oui
4b_effectifs;US, sans_enseignes | avis_auteur | 2 à 20 avis;fiches_touchees;108;332;224,0;oui
4b_effectifs;US, sans_enseignes | avis_auteur | 2 à 20 avis;lignes;4305;9803;5498,0;oui
4b_effectifs;US, sans_enseignes | avis_auteur | 2 à 20 avis;part_de_la_premiere_fiche;0.06;0.04;-0,02;oui
4b_effectifs;US, sans_enseignes | avis_auteur | 2 à 20 avis;suppressions;308;1013;705,0;oui
4b_effectifs;US, sans_enseignes | avis_auteur | plus de 20 avis;avis;300;1040;740,0;oui
4b_effectifs;US, sans_enseignes | avis_auteur | plus de 20 avis;citable;True;True;0,0;non
4b_effectifs;US, sans_enseignes | avis_auteur | plus de 20 avis;enseignes_touchees;33;134;101,0;oui
4b_effectifs;US, sans_enseignes | avis_auteur | plus de 20 avis;fiches_touchees;36;152;116,0;oui
4b_effectifs;US, sans_enseignes | avis_auteur | plus de 20 avis;lignes;788;2062;1274,0;oui
4b_effectifs;US, sans_enseignes | avis_auteur | plus de 20 avis;part_de_la_premiere_fiche;0.05;0.03;-0,02;oui
4b_effectifs;US, sans_enseignes | avis_auteur | plus de 20 avis;suppressions;41;194;153,0;oui
4b_effectifs;US, sans_enseignes | local_guide | niveau 1 à 4;avis;2379;6160;3781,0;oui
4b_effectifs;US, sans_enseignes | local_guide | niveau 1 à 4;citable;True;True;0,0;non
4b_effectifs;US, sans_enseignes | local_guide | niveau 1 à 4;enseignes_touchees;98;319;221,0;oui
4b_effectifs;US, sans_enseignes | local_guide | niveau 1 à 4;fiches_touchees;122;398;276,0;oui
4b_effectifs;US, sans_enseignes | local_guide | niveau 1 à 4;lignes;6047;13747;7700,0;oui
4b_effectifs;US, sans_enseignes | local_guide | niveau 1 à 4;part_de_la_premiere_fiche;0.05;0.04;-0,01;oui
4b_effectifs;US, sans_enseignes | local_guide | niveau 1 à 4;suppressions;436;1392;956,0;oui
4b_effectifs;US, sans_enseignes | local_guide | niveau 5 et plus;avis;318;1108;790,0;oui
4b_effectifs;US, sans_enseignes | local_guide | niveau 5 et plus;citable;True;True;0,0;non
4b_effectifs;US, sans_enseignes | local_guide | niveau 5 et plus;enseignes_touchees;34;133;99,0;oui
4b_effectifs;US, sans_enseignes | local_guide | niveau 5 et plus;fiches_touchees;36;148;112,0;oui
4b_effectifs;US, sans_enseignes | local_guide | niveau 5 et plus;lignes;819;2143;1324,0;oui
4b_effectifs;US, sans_enseignes | local_guide | niveau 5 et plus;part_de_la_premiere_fiche;0.07;0.04;-0,03;oui
4b_effectifs;US, sans_enseignes | local_guide | niveau 5 et plus;suppressions;41;184;143,0;oui
4b_effectifs;US, sans_enseignes | local_guide | sans niveau;avis;341;763;422,0;oui
4b_effectifs;US, sans_enseignes | local_guide | sans niveau;citable;True;True;0,0;non
4b_effectifs;US, sans_enseignes | local_guide | sans niveau;enseignes_touchees;50;79;29,0;oui
4b_effectifs;US, sans_enseignes | local_guide | sans niveau;fiches_touchees;54;86;32,0;oui
4b_effectifs;US, sans_enseignes | local_guide | sans niveau;lignes;807;1636;829,0;oui
4b_effectifs;US, sans_enseignes | local_guide | sans niveau;part_de_la_premiere_fiche;0.07;0.06;-0,01;oui
4b_effectifs;US, sans_enseignes | local_guide | sans niveau;suppressions;98;144;46,0;oui
4b_effectifs;US, sans_enseignes | note | 1 étoile(s);avis;230;587;357,0;oui
4b_effectifs;US, sans_enseignes | note | 1 étoile(s);citable;True;True;0,0;non
4b_effectifs;US, sans_enseignes | note | 1 étoile(s);enseignes_touchees;38;111;73,0;oui
4b_effectifs;US, sans_enseignes | note | 1 étoile(s);fiches_touchees;40;118;78,0;oui
4b_effectifs;US, sans_enseignes | note | 1 étoile(s);lignes;464;1139;675,0;oui
4b_effectifs;US, sans_enseignes | note | 1 étoile(s);part_de_la_premiere_fiche;0.08;0.07;-0,01;oui
4b_effectifs;US, sans_enseignes | note | 1 étoile(s);suppressions;84;231;147,0;oui
4b_effectifs;US, sans_enseignes | note | 2 étoile(s);avis;42;127;85,0;oui
4b_effectifs;US, sans_enseignes | note | 2 étoile(s);citable;True;True;0,0;non
4b_effectifs;US, sans_enseignes | note | 2 étoile(s);enseignes_touchees;10;33;23,0;oui
4b_effectifs;US, sans_enseignes | note | 2 étoile(s);fiches_touchees;10;34;24,0;oui
4b_effectifs;US, sans_enseignes | note | 2 étoile(s);lignes;74;226;152,0;oui
4b_effectifs;US, sans_enseignes | note | 2 étoile(s);part_de_la_premiere_fiche;0.18;0.07;-0,11;oui
4b_effectifs;US, sans_enseignes | note | 2 étoile(s);suppressions;11;40;29,0;oui
4b_effectifs;US, sans_enseignes | note | 3 étoile(s);avis;;140;;oui
4b_effectifs;US, sans_enseignes | note | 3 étoile(s);citable;;True;;oui
4b_effectifs;US, sans_enseignes | note | 3 étoile(s);enseignes_touchees;;34;;oui
4b_effectifs;US, sans_enseignes | note | 3 étoile(s);fiches_touchees;;35;;oui
4b_effectifs;US, sans_enseignes | note | 3 étoile(s);lignes;;250;;oui
4b_effectifs;US, sans_enseignes | note | 3 étoile(s);part_de_la_premiere_fiche;;0.05;;oui
4b_effectifs;US, sans_enseignes | note | 3 étoile(s);suppressions;;37;;oui
4b_effectifs;US, sans_enseignes | note | 4 étoile(s);avis;107;360;253,0;oui
4b_effectifs;US, sans_enseignes | note | 4 étoile(s);citable;True;True;0,0;non
4b_effectifs;US, sans_enseignes | note | 4 étoile(s);enseignes_touchees;13;38;25,0;oui
4b_effectifs;US, sans_enseignes | note | 4 étoile(s);fiches_touchees;13;41;28,0;oui
4b_effectifs;US, sans_enseignes | note | 4 étoile(s);lignes;237;667;430,0;oui
4b_effectifs;US, sans_enseignes | note | 4 étoile(s);part_de_la_premiere_fiche;0.14;0.1;-0,04;oui
4b_effectifs;US, sans_enseignes | note | 4 étoile(s);suppressions;14;50;36,0;oui
4b_effectifs;US, sans_enseignes | note | 5 étoile(s);avis;2659;6817;4158,0;oui
4b_effectifs;US, sans_enseignes | note | 5 étoile(s);citable;True;True;0,0;non
4b_effectifs;US, sans_enseignes | note | 5 étoile(s);enseignes_touchees;84;278;194,0;oui
4b_effectifs;US, sans_enseignes | note | 5 étoile(s);fiches_touchees;107;357;250,0;oui
4b_effectifs;US, sans_enseignes | note | 5 étoile(s);lignes;6898;15244;8346,0;oui
4b_effectifs;US, sans_enseignes | note | 5 étoile(s);part_de_la_premiere_fiche;0.06;0.04;-0,02;oui
4b_effectifs;US, sans_enseignes | note | 5 étoile(s);suppressions;466;1362;896,0;oui
4b_effectifs;US, sans_enseignes | photo_jointe | avec photo;avis;185;499;314,0;oui
4b_effectifs;US, sans_enseignes | photo_jointe | avec photo;citable;True;True;0,0;non
4b_effectifs;US, sans_enseignes | photo_jointe | avec photo;enseignes_touchees;27;71;44,0;oui
4b_effectifs;US, sans_enseignes | photo_jointe | avec photo;fiches_touchees;27;77;50,0;oui
4b_effectifs;US, sans_enseignes | photo_jointe | avec photo;lignes;417;973;556,0;oui
4b_effectifs;US, sans_enseignes | photo_jointe | avec photo;part_de_la_premiere_fiche;0.1;0.05;-0,05;oui
4b_effectifs;US, sans_enseignes | photo_jointe | avec photo;suppressions;39;118;79,0;oui
4b_effectifs;US, sans_enseignes | photo_jointe | sans photo;avis;2853;7532;4679,0;oui
4b_effectifs;US, sans_enseignes | photo_jointe | sans photo;citable;True;True;0,0;non
4b_effectifs;US, sans_enseignes | photo_jointe | sans photo;enseignes_touchees;120;380;260,0;oui
4b_effectifs;US, sans_enseignes | photo_jointe | sans photo;fiches_touchees;146;476;330,0;oui
4b_effectifs;US, sans_enseignes | photo_jointe | sans photo;lignes;7256;16553;9297,0;oui
4b_effectifs;US, sans_enseignes | photo_jointe | sans photo;part_de_la_premiere_fiche;0.06;0.04;-0,02;oui
4b_effectifs;US, sans_enseignes | photo_jointe | sans photo;suppressions;536;1602;1066,0;oui
4b_effectifs;US, sans_enseignes | photos_auteur | 0 photo;avis;2113;5419;3306,0;oui
4b_effectifs;US, sans_enseignes | photos_auteur | 0 photo;citable;True;True;0,0;non
4b_effectifs;US, sans_enseignes | photos_auteur | 0 photo;enseignes_touchees;105;293;188,0;oui
4b_effectifs;US, sans_enseignes | photos_auteur | 0 photo;fiches_touchees;130;370;240,0;oui
4b_effectifs;US, sans_enseignes | photos_auteur | 0 photo;lignes;5390;12123;6733,0;oui
4b_effectifs;US, sans_enseignes | photos_auteur | 0 photo;part_de_la_premiere_fiche;0.06;0.04;-0,02;oui
4b_effectifs;US, sans_enseignes | photos_auteur | 0 photo;suppressions;423;1197;774,0;oui
4b_effectifs;US, sans_enseignes | photos_auteur | 1 à 20 photos;avis;778;2096;1318,0;oui
4b_effectifs;US, sans_enseignes | photos_auteur | 1 à 20 photos;citable;True;True;0,0;non
4b_effectifs;US, sans_enseignes | photos_auteur | 1 à 20 photos;enseignes_touchees;68;195;127,0;oui
4b_effectifs;US, sans_enseignes | photos_auteur | 1 à 20 photos;fiches_touchees;83;236;153,0;oui
4b_effectifs;US, sans_enseignes | photos_auteur | 1 à 20 photos;lignes;1925;4457;2532,0;oui
4b_effectifs;US, sans_enseignes | photos_auteur | 1 à 20 photos;part_de_la_premiere_fiche;0.03;0.03;0,0;non
4b_effectifs;US, sans_enseignes | photos_auteur | 1 à 20 photos;suppressions;143;464;321,0;oui
4b_effectifs;US, sans_enseignes | photos_auteur | plus de 20 photos;avis;147;516;369,0;oui
4b_effectifs;US, sans_enseignes | photos_auteur | plus de 20 photos;citable;False;True;1,0;oui
4b_effectifs;US, sans_enseignes | photos_auteur | plus de 20 photos;enseignes_touchees;8;54;46,0;oui
4b_effectifs;US, sans_enseignes | photos_auteur | plus de 20 photos;fiches_touchees;8;55;47,0;oui
4b_effectifs;US, sans_enseignes | photos_auteur | plus de 20 photos;lignes;358;946;588,0;oui
4b_effectifs;US, sans_enseignes | photos_auteur | plus de 20 photos;part_de_la_premiere_fiche;0.22;0.03;-0,19;oui
4b_effectifs;US, sans_enseignes | photos_auteur | plus de 20 photos;suppressions;9;59;50,0;oui
4b_effectifs;US, sans_enseignes | reponse | pas de réponse, fiche qui répond à 75 % ou moins;avis;1019;2478;1459,0;oui
4b_effectifs;US, sans_enseignes | reponse | pas de réponse, fiche qui répond à 75 % ou moins;citable;True;True;0,0;non
4b_effectifs;US, sans_enseignes | reponse | pas de réponse, fiche qui répond à 75 % ou moins;enseignes_touchees;47;160;113,0;oui
4b_effectifs;US, sans_enseignes | reponse | pas de réponse, fiche qui répond à 75 % ou moins;fiches_touchees;55;184;129,0;oui
4b_effectifs;US, sans_enseignes | reponse | pas de réponse, fiche qui répond à 75 % ou moins;lignes;2948;5995;3047,0;oui
4b_effectifs;US, sans_enseignes | reponse | pas de réponse, fiche qui répond à 75 % ou moins;part_de_la_premiere_fiche;0.14;0.08;-0,06;oui
4b_effectifs;US, sans_enseignes | reponse | pas de réponse, fiche qui répond à 75 % ou moins;suppressions;221;581;360,0;oui
4b_effectifs;US, sans_enseignes | reponse | pas de réponse, fiche qui répond à plus de 75 %;avis;377;826;449,0;oui
4b_effectifs;US, sans_enseignes | reponse | pas de réponse, fiche qui répond à plus de 75 %;citable;True;True;0,0;non
4b_effectifs;US, sans_enseignes | reponse | pas de réponse, fiche qui répond à plus de 75 %;enseignes_touchees;38;96;58,0;oui
4b_effectifs;US, sans_enseignes | reponse | pas de réponse, fiche qui répond à plus de 75 %;fiches_touchees;44;112;68,0;oui
4b_effectifs;US, sans_enseignes | reponse | pas de réponse, fiche qui répond à plus de 75 %;lignes;868;1678;810,0;oui
4b_effectifs;US, sans_enseignes | reponse | pas de réponse, fiche qui répond à plus de 75 %;part_de_la_premiere_fiche;0.08;0.04;-0,04;oui
4b_effectifs;US, sans_enseignes | reponse | pas de réponse, fiche qui répond à plus de 75 %;suppressions;118;223;105,0;oui
4b_effectifs;US, sans_enseignes | reponse | pas de réponse, habitude inconnue;avis;4;15;11,0;oui
4b_effectifs;US, sans_enseignes | reponse | pas de réponse, habitude inconnue;citable;False;False;0,0;non
4b_effectifs;US, sans_enseignes | reponse | pas de réponse, habitude inconnue;enseignes_touchees;2;5;3,0;oui
4b_effectifs;US, sans_enseignes | reponse | pas de réponse, habitude inconnue;fiches_touchees;2;5;3,0;oui
4b_effectifs;US, sans_enseignes | reponse | pas de réponse, habitude inconnue;lignes;4;16;12,0;oui
4b_effectifs;US, sans_enseignes | reponse | pas de réponse, habitude inconnue;part_de_la_premiere_fiche;0.5;0.33;-0,17;oui
4b_effectifs;US, sans_enseignes | reponse | pas de réponse, habitude inconnue;suppressions;2;6;4,0;oui
4b_effectifs;US, sans_enseignes | reponse | réponse déjà là, fiche qui répond à 75 % ou moins;avis;158;401;243,0;oui
4b_effectifs;US, sans_enseignes | reponse | réponse déjà là, fiche qui répond à 75 % ou moins;citable;False;False;0,0;non
4b_effectifs;US, sans_enseignes | reponse | réponse déjà là, fiche qui répond à 75 % ou moins;enseignes_touchees;9;43;34,0;oui
4b_effectifs;US, sans_enseignes | reponse | réponse déjà là, fiche qui répond à 75 % ou moins;fiches_touchees;10;49;39,0;oui
4b_effectifs;US, sans_enseignes | reponse | réponse déjà là, fiche qui répond à 75 % ou moins;lignes;633;1316;683,0;oui
4b_effectifs;US, sans_enseignes | reponse | réponse déjà là, fiche qui répond à 75 % ou moins;part_de_la_premiere_fiche;0.58;0.34;-0,24;oui
4b_effectifs;US, sans_enseignes | reponse | réponse déjà là, fiche qui répond à 75 % ou moins;suppressions;36;160;124,0;oui
4b_effectifs;US, sans_enseignes | reponse | réponse déjà là, fiche qui répond à plus de 75 %;avis;1533;4474;2941,0;oui
4b_effectifs;US, sans_enseignes | reponse | réponse déjà là, fiche qui répond à plus de 75 %;citable;True;True;0,0;non
4b_effectifs;US, sans_enseignes | reponse | réponse déjà là, fiche qui répond à plus de 75 %;enseignes_touchees;55;166;111,0;oui
4b_effectifs;US, sans_enseignes | reponse | réponse déjà là, fiche qui répond à plus de 75 %;fiches_touchees;64;220;156,0;oui
4b_effectifs;US, sans_enseignes | reponse | réponse déjà là, fiche qui répond à plus de 75 %;lignes;3220;8521;5301,0;oui
4b_effectifs;US, sans_enseignes | reponse | réponse déjà là, fiche qui répond à plus de 75 %;part_de_la_premiere_fiche;0.05;0.05;0,0;non
4b_effectifs;US, sans_enseignes | reponse | réponse déjà là, fiche qui répond à plus de 75 %;suppressions;198;750;552,0;oui
4b_effectifs;US, sans_enseignes | texte | 1 à 50 caractères;avis;675;1494;819,0;oui
4b_effectifs;US, sans_enseignes | texte | 1 à 50 caractères;citable;True;True;0,0;non
4b_effectifs;US, sans_enseignes | texte | 1 à 50 caractères;enseignes_touchees;46;102;56,0;oui
4b_effectifs;US, sans_enseignes | texte | 1 à 50 caractères;fiches_touchees;56;125;69,0;oui
4b_effectifs;US, sans_enseignes | texte | 1 à 50 caractères;lignes;1726;3455;1729,0;oui
4b_effectifs;US, sans_enseignes | texte | 1 à 50 caractères;part_de_la_premiere_fiche;0.08;0.05;-0,03;oui
4b_effectifs;US, sans_enseignes | texte | 1 à 50 caractères;suppressions;91;258;167,0;oui
4b_effectifs;US, sans_enseignes | texte | 51 à 200 caractères;avis;1158;2909;1751,0;oui
4b_effectifs;US, sans_enseignes | texte | 51 à 200 caractères;citable;True;True;0,0;non
4b_effectifs;US, sans_enseignes | texte | 51 à 200 caractères;enseignes_touchees;61;172;111,0;oui
4b_effectifs;US, sans_enseignes | texte | 51 à 200 caractères;fiches_touchees;74;218;144,0;oui
4b_effectifs;US, sans_enseignes | texte | 51 à 200 caractères;lignes;3037;6693;3656,0;oui
4b_effectifs;US, sans_enseignes | texte | 51 à 200 caractères;part_de_la_premiere_fiche;0.1;0.05;-0,05;oui
4b_effectifs;US, sans_enseignes | texte | 51 à 200 caractères;suppressions;199;614;415,0;oui
4b_effectifs;US, sans_enseignes | texte | plus de 200 caractères;avis;640;1870;1230,0;oui
4b_effectifs;US, sans_enseignes | texte | plus de 200 caractères;citable;True;True;0,0;non
4b_effectifs;US, sans_enseignes | texte | plus de 200 caractères;enseignes_touchees;78;229;151,0;oui
4b_effectifs;US, sans_enseignes | texte | plus de 200 caractères;fiches_touchees;87;257;170,0;oui
4b_effectifs;US, sans_enseignes | texte | plus de 200 caractères;lignes;1542;3826;2284,0;oui
4b_effectifs;US, sans_enseignes | texte | plus de 200 caractères;part_de_la_premiere_fiche;0.05;0.04;-0,01;oui
4b_effectifs;US, sans_enseignes | texte | plus de 200 caractères;suppressions;165;512;347,0;oui
4b_effectifs;US, sans_enseignes | texte | sans texte;avis;565;1758;1193,0;oui
4b_effectifs;US, sans_enseignes | texte | sans texte;citable;True;True;0,0;non
4b_effectifs;US, sans_enseignes | texte | sans texte;enseignes_touchees;41;133;92,0;oui
4b_effectifs;US, sans_enseignes | texte | sans texte;fiches_touchees;55;172;117,0;oui
4b_effectifs;US, sans_enseignes | texte | sans texte;lignes;1368;3552;2184,0;oui
4b_effectifs;US, sans_enseignes | texte | sans texte;part_de_la_premiere_fiche;0.06;0.04;-0,02;oui
4b_effectifs;US, sans_enseignes | texte | sans texte;suppressions;120;336;216,0;oui
4b_effectifs;US, sans_enseignes | total du passage | 352 journées de fiche;avis;3038;;;oui
4b_effectifs;US, sans_enseignes | total du passage | 352 journées de fiche;citable;True;;;oui
4b_effectifs;US, sans_enseignes | total du passage | 352 journées de fiche;enseignes_touchees;127;;;oui
4b_effectifs;US, sans_enseignes | total du passage | 352 journées de fiche;fiches_touchees;153;;;oui
4b_effectifs;US, sans_enseignes | total du passage | 352 journées de fiche;lignes;7673;;;oui
4b_effectifs;US, sans_enseignes | total du passage | 352 journées de fiche;part_de_la_premiere_fiche;0.05;;;oui
4b_effectifs;US, sans_enseignes | total du passage | 352 journées de fiche;suppressions;575;;;oui
4b_effectifs;US, sans_enseignes | total du passage | 941 journées de fiche;avis;;8031;;oui
4b_effectifs;US, sans_enseignes | total du passage | 941 journées de fiche;citable;;True;;oui
4b_effectifs;US, sans_enseignes | total du passage | 941 journées de fiche;enseignes_touchees;;406;;oui
4b_effectifs;US, sans_enseignes | total du passage | 941 journées de fiche;fiches_touchees;;506;;oui
4b_effectifs;US, sans_enseignes | total du passage | 941 journées de fiche;lignes;;17526;;oui
4b_effectifs;US, sans_enseignes | total du passage | 941 journées de fiche;part_de_la_premiere_fiche;;0.03;;oui
4b_effectifs;US, sans_enseignes | total du passage | 941 journées de fiche;suppressions;;1720;;oui
4b_effectifs;US, tous | age_cat | 1 jour(s);avis;101;233;132,0;oui
4b_effectifs;US, tous | age_cat | 1 jour(s);citable;False;True;1,0;oui
4b_effectifs;US, tous | age_cat | 1 jour(s);enseignes_touchees;4;7;3,0;oui
4b_effectifs;US, tous | age_cat | 1 jour(s);fiches_touchees;5;9;4,0;oui
4b_effectifs;US, tous | age_cat | 1 jour(s);lignes;101;233;132,0;oui
4b_effectifs;US, tous | age_cat | 1 jour(s);part_de_la_premiere_fiche;0.33;0.2;-0,13;oui
4b_effectifs;US, tous | age_cat | 1 jour(s);suppressions;6;10;4,0;oui
4b_effectifs;US, tous | age_cat | 14 jours et plus;avis;1003;3549;2546,0;oui
4b_effectifs;US, tous | age_cat | 14 jours et plus;citable;True;True;0,0;non
4b_effectifs;US, tous | age_cat | 14 jours et plus;enseignes_touchees;18;340;322,0;oui
4b_effectifs;US, tous | age_cat | 14 jours et plus;fiches_touchees;18;467;449,0;oui
4b_effectifs;US, tous | age_cat | 14 jours et plus;lignes;1984;6815;4831,0;oui
4b_effectifs;US, tous | age_cat | 14 jours et plus;part_de_la_premiere_fiche;0.15;0.04;-0,11;oui
4b_effectifs;US, tous | age_cat | 14 jours et plus;suppressions;34;1385;1351,0;oui
4b_effectifs;US, tous | age_cat | 2 jour(s);avis;758;1486;728,0;oui
4b_effectifs;US, tous | age_cat | 2 jour(s);citable;True;True;0,0;non
4b_effectifs;US, tous | age_cat | 2 jour(s);enseignes_touchees;23;43;20,0;oui
4b_effectifs;US, tous | age_cat | 2 jour(s);fiches_touchees;24;45;21,0;oui
4b_effectifs;US, tous | age_cat | 2 jour(s);lignes;758;1486;728,0;oui
4b_effectifs;US, tous | age_cat | 2 jour(s);part_de_la_premiere_fiche;0.04;0.04;0,0;non
4b_effectifs;US, tous | age_cat | 2 jour(s);suppressions;24;49;25,0;oui
4b_effectifs;US, tous | age_cat | 3 jour(s);avis;846;1559;713,0;oui
4b_effectifs;US, tous | age_cat | 3 jour(s);citable;False;True;1,0;oui
4b_effectifs;US, tous | age_cat | 3 jour(s);enseignes_touchees;12;28;16,0;oui
4b_effectifs;US, tous | age_cat | 3 jour(s);fiches_touchees;12;29;17,0;oui
4b_effectifs;US, tous | age_cat | 3 jour(s);lignes;846;1559;713,0;oui
4b_effectifs;US, tous | age_cat | 3 jour(s);part_de_la_premiere_fiche;0.31;0.15;-0,16;oui
4b_effectifs;US, tous | age_cat | 3 jour(s);suppressions;16;33;17,0;oui
4b_effectifs;US, tous | age_cat | 4 jour(s);avis;971;1597;626,0;oui
4b_effectifs;US, tous | age_cat | 4 jour(s);citable;False;False;0,0;non
4b_effectifs;US, tous | age_cat | 4 jour(s);enseignes_touchees;7;10;3,0;oui
4b_effectifs;US, tous | age_cat | 4 jour(s);fiches_touchees;7;10;3,0;oui
4b_effectifs;US, tous | age_cat | 4 jour(s);lignes;971;1597;626,0;oui
4b_effectifs;US, tous | age_cat | 4 jour(s);part_de_la_premiere_fiche;0.47;0.4;-0,07;oui
4b_effectifs;US, tous | age_cat | 4 jour(s);suppressions;17;20;3,0;oui
4b_effectifs;US, tous | age_cat | 5 jour(s);avis;1130;1898;768,0;oui
4b_effectifs;US, tous | age_cat | 5 jour(s);citable;True;True;0,0;non
4b_effectifs;US, tous | age_cat | 5 jour(s);enseignes_touchees;14;19;5,0;oui
4b_effectifs;US, tous | age_cat | 5 jour(s);fiches_touchees;15;24;9,0;oui
4b_effectifs;US, tous | age_cat | 5 jour(s);lignes;1130;1898;768,0;oui
4b_effectifs;US, tous | age_cat | 5 jour(s);part_de_la_premiere_fiche;0.12;0.07;-0,05;oui
4b_effectifs;US, tous | age_cat | 5 jour(s);suppressions;16;28;12,0;oui
4b_effectifs;US, tous | age_cat | 6 jour(s);avis;1266;2229;963,0;oui
4b_effectifs;US, tous | age_cat | 6 jour(s);citable;True;True;0,0;non
4b_effectifs;US, tous | age_cat | 6 jour(s);enseignes_touchees;52;56;4,0;oui
4b_effectifs;US, tous | age_cat | 6 jour(s);fiches_touchees;94;99;5,0;oui
4b_effectifs;US, tous | age_cat | 6 jour(s);lignes;1266;2229;963,0;oui
4b_effectifs;US, tous | age_cat | 6 jour(s);part_de_la_premiere_fiche;0.05;0.06;0,01;oui
4b_effectifs;US, tous | age_cat | 6 jour(s);suppressions;213;238;25,0;oui
4b_effectifs;US, tous | age_cat | 7 jour(s);avis;1260;2190;930,0;oui
4b_effectifs;US, tous | age_cat | 7 jour(s);citable;True;True;0,0;non
4b_effectifs;US, tous | age_cat | 7 jour(s);enseignes_touchees;63;65;2,0;oui
4b_effectifs;US, tous | age_cat | 7 jour(s);fiches_touchees;117;119;2,0;oui
4b_effectifs;US, tous | age_cat | 7 jour(s);lignes;1260;2190;930,0;oui
4b_effectifs;US, tous | age_cat | 7 jour(s);part_de_la_premiere_fiche;0.07;0.07;0,0;non
4b_effectifs;US, tous | age_cat | 7 jour(s);suppressions;373;375;2,0;oui
4b_effectifs;US, tous | age_cat | 8 jour(s);avis;969;1835;866,0;oui
4b_effectifs;US, tous | age_cat | 8 jour(s);citable;True;True;0,0;non
4b_effectifs;US, tous | age_cat | 8 jour(s);enseignes_touchees;38;39;1,0;oui
4b_effectifs;US, tous | age_cat | 8 jour(s);fiches_touchees;59;60;1,0;oui
4b_effectifs;US, tous | age_cat | 8 jour(s);lignes;969;1835;866,0;oui
4b_effectifs;US, tous | age_cat | 8 jour(s);part_de_la_premiere_fiche;0.07;0.07;0,0;non
4b_effectifs;US, tous | age_cat | 8 jour(s);suppressions;90;91;1,0;oui
4b_effectifs;US, tous | age_cat | 9 à 13 jours;avis;2256;4335;2079,0;oui
4b_effectifs;US, tous | age_cat | 9 à 13 jours;citable;True;True;0,0;non
4b_effectifs;US, tous | age_cat | 9 à 13 jours;enseignes_touchees;56;79;23,0;oui
4b_effectifs;US, tous | age_cat | 9 à 13 jours;fiches_touchees;104;137;33,0;oui
4b_effectifs;US, tous | age_cat | 9 à 13 jours;lignes;4168;7410;3242,0;oui
4b_effectifs;US, tous | age_cat | 9 à 13 jours;part_de_la_premiere_fiche;0.05;0.05;0,0;non
4b_effectifs;US, tous | age_cat | 9 à 13 jours;suppressions;241;361;120,0;oui
4b_effectifs;US, tous | avis_auteur | 1 avis ou moins;avis;1503;3269;1766,0;oui
4b_effectifs;US, tous | avis_auteur | 1 avis ou moins;citable;True;True;0,0;non
4b_effectifs;US, tous | avis_auteur | 1 avis ou moins;enseignes_touchees;82;172;90,0;oui
4b_effectifs;US, tous | avis_auteur | 1 avis ou moins;fiches_touchees;133;261;128,0;oui
4b_effectifs;US, tous | avis_auteur | 1 avis ou moins;lignes;4337;8478;4141,0;oui
4b_effectifs;US, tous | avis_auteur | 1 avis ou moins;part_de_la_premiere_fiche;0.08;0.05;-0,03;oui
4b_effectifs;US, tous | avis_auteur | 1 avis ou moins;suppressions;359;732;373,0;oui
4b_effectifs;US, tous | avis_auteur | 2 à 20 avis;avis;2586;5829;3243,0;oui
4b_effectifs;US, tous | avis_auteur | 2 à 20 avis;citable;True;True;0,0;non
4b_effectifs;US, tous | avis_auteur | 2 à 20 avis;enseignes_touchees;91;274;183,0;oui
4b_effectifs;US, tous | avis_auteur | 2 à 20 avis;fiches_touchees;156;391;235,0;oui
4b_effectifs;US, tous | avis_auteur | 2 à 20 avis;lignes;7869;15965;8096,0;oui
4b_effectifs;US, tous | avis_auteur | 2 à 20 avis;part_de_la_premiere_fiche;0.03;0.03;0,0;non
4b_effectifs;US, tous | avis_auteur | 2 à 20 avis;suppressions;604;1605;1001,0;oui
4b_effectifs;US, tous | avis_auteur | plus de 20 avis;avis;421;1209;788,0;oui
4b_effectifs;US, tous | avis_auteur | plus de 20 avis;citable;True;True;0,0;non
4b_effectifs;US, tous | avis_auteur | plus de 20 avis;enseignes_touchees;39;138;99,0;oui
4b_effectifs;US, tous | avis_auteur | plus de 20 avis;fiches_touchees;53;179;126,0;oui
4b_effectifs;US, tous | avis_auteur | plus de 20 avis;lignes;1247;2809;1562,0;oui
4b_effectifs;US, tous | avis_auteur | plus de 20 avis;part_de_la_premiere_fiche;0.04;0.02;-0,02;oui
4b_effectifs;US, tous | avis_auteur | plus de 20 avis;suppressions;67;253;186,0;oui
4b_effectifs;US, tous | local_guide | niveau 1 à 4;avis;3619;8117;4498,0;oui
4b_effectifs;US, tous | local_guide | niveau 1 à 4;citable;True;True;0,0;non
4b_effectifs;US, tous | local_guide | niveau 1 à 4;enseignes_touchees;103;323;220,0;oui
4b_effectifs;US, tous | local_guide | niveau 1 à 4;fiches_touchees;170;458;288,0;oui
4b_effectifs;US, tous | local_guide | niveau 1 à 4;lignes;10962;22130;11168,0;oui
4b_effectifs;US, tous | local_guide | niveau 1 à 4;part_de_la_premiere_fiche;0.04;0.03;-0,01;oui
4b_effectifs;US, tous | local_guide | niveau 1 à 4;suppressions;828;2160;1332,0;oui
4b_effectifs;US, tous | local_guide | niveau 5 et plus;avis;441;1268;827,0;oui
4b_effectifs;US, tous | local_guide | niveau 5 et plus;citable;True;True;0,0;non
4b_effectifs;US, tous | local_guide | niveau 5 et plus;enseignes_touchees;39;137;98,0;oui
4b_effectifs;US, tous | local_guide | niveau 5 et plus;fiches_touchees;47;171;124,0;oui
4b_effectifs;US, tous | local_guide | niveau 5 et plus;lignes;1276;2848;1572,0;oui
4b_effectifs;US, tous | local_guide | niveau 5 et plus;part_de_la_premiere_fiche;0.08;0.03;-0,05;oui
4b_effectifs;US, tous | local_guide | niveau 5 et plus;suppressions;65;231;166,0;oui
4b_effectifs;US, tous | local_guide | sans niveau;avis;450;922;472,0;oui
4b_effectifs;US, tous | local_guide | sans niveau;citable;True;True;0,0;non
4b_effectifs;US, tous | local_guide | sans niveau;enseignes_touchees;55;83;28,0;oui
4b_effectifs;US, tous | local_guide | sans niveau;fiches_touchees;73;111;38,0;oui
4b_effectifs;US, tous | local_guide | sans niveau;lignes;1215;2274;1059,0;oui
4b_effectifs;US, tous | local_guide | sans niveau;part_de_la_premiere_fiche;0.07;0.06;-0,01;oui
4b_effectifs;US, tous | local_guide | sans niveau;suppressions;137;199;62,0;oui
4b_effectifs;US, tous | note | 1 étoile(s);avis;297;687;390,0;oui
4b_effectifs;US, tous | note | 1 étoile(s);citable;True;True;0,0;non
4b_effectifs;US, tous | note | 1 étoile(s);enseignes_touchees;39;113;74,0;oui
4b_effectifs;US, tous | note | 1 étoile(s);fiches_touchees;45;128;83,0;oui
4b_effectifs;US, tous | note | 1 étoile(s);lignes;733;1613;880,0;oui
4b_effectifs;US, tous | note | 1 étoile(s);part_de_la_premiere_fiche;0.07;0.07;0,0;non
4b_effectifs;US, tous | note | 1 étoile(s);suppressions;96;254;158,0;oui
4b_effectifs;US, tous | note | 2 étoile(s);avis;48;134;86,0;oui
4b_effectifs;US, tous | note | 2 étoile(s);citable;True;True;0,0;non
4b_effectifs;US, tous | note | 2 étoile(s);enseignes_touchees;11;34;23,0;oui
4b_effectifs;US, tous | note | 2 étoile(s);fiches_touchees;11;35;24,0;oui
4b_effectifs;US, tous | note | 2 étoile(s);lignes;107;282;175,0;oui
4b_effectifs;US, tous | note | 2 étoile(s);part_de_la_premiere_fiche;0.17;0.07;-0,1;oui
4b_effectifs;US, tous | note | 2 étoile(s);suppressions;12;41;29,0;oui
4b_effectifs;US, tous | note | 3 étoile(s);avis;41;149;108,0;oui
4b_effectifs;US, tous | note | 3 étoile(s);citable;False;True;1,0;oui
4b_effectifs;US, tous | note | 3 étoile(s);enseignes_touchees;5;35;30,0;oui
4b_effectifs;US, tous | note | 3 étoile(s);fiches_touchees;5;36;31,0;oui
4b_effectifs;US, tous | note | 3 étoile(s);lignes;109;304;195,0;oui
4b_effectifs;US, tous | note | 3 étoile(s);part_de_la_premiere_fiche;0.2;0.05;-0,15;oui
4b_effectifs;US, tous | note | 3 étoile(s);suppressions;5;38;33,0;oui
4b_effectifs;US, tous | note | 4 étoile(s);avis;154;429;275,0;oui
4b_effectifs;US, tous | note | 4 étoile(s);citable;True;True;0,0;non
4b_effectifs;US, tous | note | 4 étoile(s);enseignes_touchees;16;41;25,0;oui
4b_effectifs;US, tous | note | 4 étoile(s);fiches_touchees;23;54;31,0;oui
4b_effectifs;US, tous | note | 4 étoile(s);lignes;440;977;537,0;oui
4b_effectifs;US, tous | note | 4 étoile(s);part_de_la_premiere_fiche;0.11;0.07;-0,04;oui
4b_effectifs;US, tous | note | 4 étoile(s);suppressions;28;69;41,0;oui
4b_effectifs;US, tous | note | 5 étoile(s);avis;3970;8908;4938,0;oui
4b_effectifs;US, tous | note | 5 étoile(s);citable;True;True;0,0;non
4b_effectifs;US, tous | note | 5 étoile(s);enseignes_touchees;88;282;194,0;oui
4b_effectifs;US, tous | note | 5 étoile(s);fiches_touchees;152;414;262,0;oui
4b_effectifs;US, tous | note | 5 étoile(s);lignes;12064;24076;12012,0;oui
4b_effectifs;US, tous | note | 5 étoile(s);part_de_la_premiere_fiche;0.05;0.03;-0,02;oui
4b_effectifs;US, tous | note | 5 étoile(s);suppressions;889;2188;1299,0;oui
4b_effectifs;US, tous | photo_jointe | avec photo;avis;203;522;319,0;oui
4b_effectifs;US, tous | photo_jointe | avec photo;citable;True;True;0,0;non
4b_effectifs;US, tous | photo_jointe | avec photo;enseignes_touchees;28;74;46,0;oui
4b_effectifs;US, tous | photo_jointe | avec photo;fiches_touchees;29;83;54,0;oui
4b_effectifs;US, tous | photo_jointe | avec photo;lignes;488;1088;600,0;oui
4b_effectifs;US, tous | photo_jointe | avec photo;part_de_la_premiere_fiche;0.1;0.05;-0,05;oui
4b_effectifs;US, tous | photo_jointe | avec photo;suppressions;41;124;83,0;oui
4b_effectifs;US, tous | photo_jointe | sans photo;avis;4307;9785;5478,0;oui
4b_effectifs;US, tous | photo_jointe | sans photo;citable;True;True;0,0;non
4b_effectifs;US, tous | photo_jointe | sans photo;enseignes_touchees;126;384;258,0;oui
4b_effectifs;US, tous | photo_jointe | sans photo;fiches_touchees;196;536;340,0;oui
4b_effectifs;US, tous | photo_jointe | sans photo;lignes;12965;26164;13199,0;oui
4b_effectifs;US, tous | photo_jointe | sans photo;part_de_la_premiere_fiche;0.05;0.03;-0,02;oui
4b_effectifs;US, tous | photo_jointe | sans photo;suppressions;989;2466;1477,0;oui
4b_effectifs;US, tous | photos_auteur | 0 photo;avis;3199;7116;3917,0;oui
4b_effectifs;US, tous | photos_auteur | 0 photo;citable;True;True;0,0;non
4b_effectifs;US, tous | photos_auteur | 0 photo;enseignes_touchees;110;297;187,0;oui
4b_effectifs;US, tous | photos_auteur | 0 photo;fiches_touchees;177;430;253,0;oui
4b_effectifs;US, tous | photos_auteur | 0 photo;lignes;9721;19404;9683,0;oui
4b_effectifs;US, tous | photos_auteur | 0 photo;part_de_la_premiere_fiche;0.06;0.03;-0,03;oui
4b_effectifs;US, tous | photos_auteur | 0 photo;suppressions;767;1854;1087,0;oui
4b_effectifs;US, tous | photos_auteur | 1 à 20 photos;avis;1121;2625;1504,0;oui
4b_effectifs;US, tous | photos_auteur | 1 à 20 photos;citable;True;True;0,0;non
4b_effectifs;US, tous | photos_auteur | 1 à 20 photos;enseignes_touchees;72;199;127,0;oui
4b_effectifs;US, tous | photos_auteur | 1 à 20 photos;fiches_touchees;122;280;158,0;oui
4b_effectifs;US, tous | photos_auteur | 1 à 20 photos;lignes;3229;6663;3434,0;oui
4b_effectifs;US, tous | photos_auteur | 1 à 20 photos;part_de_la_premiere_fiche;0.04;0.02;-0,02;oui
4b_effectifs;US, tous | photos_auteur | 1 à 20 photos;suppressions;251;669;418,0;oui
4b_effectifs;US, tous | photos_auteur | plus de 20 photos;avis;190;566;376,0;oui
4b_effectifs;US, tous | photos_auteur | plus de 20 photos;citable;True;True;0,0;non
4b_effectifs;US, tous | photos_auteur | plus de 20 photos;enseignes_touchees;11;57;46,0;oui
4b_effectifs;US, tous | photos_auteur | plus de 20 photos;fiches_touchees;11;63;52,0;oui
4b_effectifs;US, tous | photos_auteur | plus de 20 photos;lignes;503;1185;682,0;oui
4b_effectifs;US, tous | photos_auteur | plus de 20 photos;part_de_la_premiere_fiche;0.17;0.03;-0,14;oui
4b_effectifs;US, tous | photos_auteur | plus de 20 photos;suppressions;12;67;55,0;oui
4b_effectifs;US, tous | reponse | pas de réponse, fiche qui répond à 75 % ou moins;avis;1804;3810;2006,0;oui
4b_effectifs;US, tous | reponse | pas de réponse, fiche qui répond à 75 % ou moins;citable;True;True;0,0;non
4b_effectifs;US, tous | reponse | pas de réponse, fiche qui répond à 75 % ou moins;enseignes_touchees;50;162;112,0;oui
4b_effectifs;US, tous | reponse | pas de réponse, fiche qui répond à 75 % ou moins;fiches_touchees;71;206;135,0;oui
4b_effectifs;US, tous | reponse | pas de réponse, fiche qui répond à 75 % ou moins;lignes;6204;11928;5724,0;oui
4b_effectifs;US, tous | reponse | pas de réponse, fiche qui répond à 75 % ou moins;part_de_la_premiere_fiche;0.12;0.08;-0,04;oui
4b_effectifs;US, tous | reponse | pas de réponse, fiche qui répond à 75 % ou moins;suppressions;411;999;588,0;oui
4b_effectifs;US, tous | reponse | pas de réponse, fiche qui répond à plus de 75 %;avis;394;841;447,0;oui
4b_effectifs;US, tous | reponse | pas de réponse, fiche qui répond à plus de 75 %;citable;True;True;0,0;non
4b_effectifs;US, tous | reponse | pas de réponse, fiche qui répond à plus de 75 %;enseignes_touchees;40;98;58,0;oui
4b_effectifs;US, tous | reponse | pas de réponse, fiche qui répond à plus de 75 %;fiches_touchees;46;116;70,0;oui
4b_effectifs;US, tous | reponse | pas de réponse, fiche qui répond à plus de 75 %;lignes;903;1720;817,0;oui
4b_effectifs;US, tous | reponse | pas de réponse, fiche qui répond à plus de 75 %;part_de_la_premiere_fiche;0.08;0.04;-0,04;oui
4b_effectifs;US, tous | reponse | pas de réponse, fiche qui répond à plus de 75 %;suppressions;123;230;107,0;oui
4b_effectifs;US, tous | reponse | pas de réponse, habitude inconnue;avis;4;15;11,0;oui
4b_effectifs;US, tous | reponse | pas de réponse, habitude inconnue;citable;False;False;0,0;non
4b_effectifs;US, tous | reponse | pas de réponse, habitude inconnue;enseignes_touchees;2;5;3,0;oui
4b_effectifs;US, tous | reponse | pas de réponse, habitude inconnue;fiches_touchees;2;5;3,0;oui
4b_effectifs;US, tous | reponse | pas de réponse, habitude inconnue;lignes;4;16;12,0;oui
4b_effectifs;US, tous | reponse | pas de réponse, habitude inconnue;part_de_la_premiere_fiche;0.5;0.33;-0,17;oui
4b_effectifs;US, tous | reponse | pas de réponse, habitude inconnue;suppressions;2;6;4,0;oui
4b_effectifs;US, tous | reponse | réponse déjà là, fiche qui répond à 75 % ou moins;avis;216;496;280,0;oui
4b_effectifs;US, tous | reponse | réponse déjà là, fiche qui répond à 75 % ou moins;citable;False;False;0,0;non
4b_effectifs;US, tous | reponse | réponse déjà là, fiche qui répond à 75 % ou moins;enseignes_touchees;10;45;35,0;oui
4b_effectifs;US, tous | reponse | réponse déjà là, fiche qui répond à 75 % ou moins;fiches_touchees;15;60;45,0;oui
4b_effectifs;US, tous | reponse | réponse déjà là, fiche qui répond à 75 % ou moins;lignes;856;1746;890,0;oui
4b_effectifs;US, tous | reponse | réponse déjà là, fiche qui répond à 75 % ou moins;part_de_la_premiere_fiche;0.43;0.29;-0,14;oui
4b_effectifs;US, tous | reponse | réponse déjà là, fiche qui répond à 75 % ou moins;suppressions;49;189;140,0;oui
4b_effectifs;US, tous | reponse | réponse déjà là, fiche qui répond à plus de 75 %;avis;2154;5323;3169,0;oui
4b_effectifs;US, tous | reponse | réponse déjà là, fiche qui répond à plus de 75 %;citable;True;True;0,0;non
4b_effectifs;US, tous | reponse | réponse déjà là, fiche qui répond à plus de 75 %;enseignes_touchees;58;169;111,0;oui
4b_effectifs;US, tous | reponse | réponse déjà là, fiche qui répond à plus de 75 %;fiches_touchees;95;254;159,0;oui
4b_effectifs;US, tous | reponse | réponse déjà là, fiche qui répond à plus de 75 %;lignes;5486;11842;6356,0;oui
4b_effectifs;US, tous | reponse | réponse déjà là, fiche qui répond à plus de 75 %;part_de_la_premiere_fiche;0.05;0.03;-0,02;oui
4b_effectifs;US, tous | reponse | réponse déjà là, fiche qui répond à plus de 75 %;suppressions;445;1166;721,0;oui
4b_effectifs;US, tous | texte | 1 à 50 caractères;avis;907;1879;972,0;oui
4b_effectifs;US, tous | texte | 1 à 50 caractères;citable;True;True;0,0;non
4b_effectifs;US, tous | texte | 1 à 50 caractères;enseignes_touchees;51;106;55,0;oui
4b_effectifs;US, tous | texte | 1 à 50 caractères;fiches_touchees;90;170;80,0;oui
4b_effectifs;US, tous | texte | 1 à 50 caractères;lignes;2623;5074;2451,0;oui
4b_effectifs;US, tous | texte | 1 à 50 caractères;part_de_la_premiere_fiche;0.05;0.04;-0,01;oui
4b_effectifs;US, tous | texte | 1 à 50 caractères;suppressions;164;425;261,0;oui
4b_effectifs;US, tous | texte | 51 à 200 caractères;avis;1693;3762;2069,0;oui
4b_effectifs;US, tous | texte | 51 à 200 caractères;citable;True;True;0,0;non
4b_effectifs;US, tous | texte | 51 à 200 caractères;enseignes_touchees;65;176;111,0;oui
4b_effectifs;US, tous | texte | 51 à 200 caractères;fiches_touchees;112;265;153,0;oui
4b_effectifs;US, tous | texte | 51 à 200 caractères;lignes;5163;10389;5226,0;oui
4b_effectifs;US, tous | texte | 51 à 200 caractères;part_de_la_premiere_fiche;0.06;0.04;-0,02;oui
4b_effectifs;US, tous | texte | 51 à 200 caractères;suppressions;360;943;583,0;oui
4b_effectifs;US, tous | texte | plus de 200 caractères;avis;918;2256;1338,0;oui
4b_effectifs;US, tous | texte | plus de 200 caractères;citable;True;True;0,0;non
4b_effectifs;US, tous | texte | plus de 200 caractères;enseignes_touchees;83;233;150,0;oui
4b_effectifs;US, tous | texte | plus de 200 caractères;fiches_touchees;119;298;179,0;oui
4b_effectifs;US, tous | texte | plus de 200 caractères;lignes;2607;5492;2885,0;oui
4b_effectifs;US, tous | texte | plus de 200 caractères;part_de_la_premiere_fiche;0.08;0.04;-0,04;oui
4b_effectifs;US, tous | texte | plus de 200 caractères;suppressions;246;637;391,0;oui
4b_effectifs;US, tous | texte | sans texte;avis;992;2410;1418,0;oui
4b_effectifs;US, tous | texte | sans texte;citable;True;True;0,0;non
4b_effectifs;US, tous | texte | sans texte;enseignes_touchees;44;137;93,0;oui
4b_effectifs;US, tous | texte | sans texte;fiches_touchees;91;214;123,0;oui
4b_effectifs;US, tous | texte | sans texte;lignes;3060;6297;3237,0;oui
4b_effectifs;US, tous | texte | sans texte;part_de_la_premiere_fiche;0.08;0.05;-0,03;oui
4b_effectifs;US, tous | texte | sans texte;suppressions;260;585;325,0;oui
4b_effectifs;US, tous | total du passage | 1255 journées de fiche;avis;;10307;;oui
4b_effectifs;US, tous | total du passage | 1255 journées de fiche;citable;;True;;oui
4b_effectifs;US, tous | total du passage | 1255 journées de fiche;enseignes_touchees;;410;;oui
4b_effectifs;US, tous | total du passage | 1255 journées de fiche;fiches_touchees;;566;;oui
4b_effectifs;US, tous | total du passage | 1255 journées de fiche;lignes;;27252;;oui
4b_effectifs;US, tous | total du passage | 1255 journées de fiche;part_de_la_premiere_fiche;;0.03;;oui
4b_effectifs;US, tous | total du passage | 1255 journées de fiche;suppressions;;2590;;oui
4b_effectifs;US, tous | total du passage | 561 journées de fiche;avis;4510;;;oui
4b_effectifs;US, tous | total du passage | 561 journées de fiche;citable;True;;;oui
4b_effectifs;US, tous | total du passage | 561 journées de fiche;enseignes_touchees;133;;;oui
4b_effectifs;US, tous | total du passage | 561 journées de fiche;fiches_touchees;203;;;oui
4b_effectifs;US, tous | total du passage | 561 journées de fiche;lignes;13453;;;oui
4b_effectifs;US, tous | total du passage | 561 journées de fiche;part_de_la_premiere_fiche;0.05;;;oui
4b_effectifs;US, tous | total du passage | 561 journées de fiche;suppressions;1030;;;oui
4b_effectifs;ensemble, sans_enseignes | age_cat | 1 jour(s);avis;80;190;110,0;oui
4b_effectifs;ensemble, sans_enseignes | age_cat | 1 jour(s);citable;True;True;0,0;non
4b_effectifs;ensemble, sans_enseignes | age_cat | 1 jour(s);enseignes_touchees;8;11;3,0;oui
4b_effectifs;ensemble, sans_enseignes | age_cat | 1 jour(s);fiches_touchees;9;13;4,0;oui
4b_effectifs;ensemble, sans_enseignes | age_cat | 1 jour(s);lignes;80;190;110,0;oui
4b_effectifs;ensemble, sans_enseignes | age_cat | 1 jour(s);part_de_la_premiere_fiche;0.2;0.14;-0,06;oui
4b_effectifs;ensemble, sans_enseignes | age_cat | 1 jour(s);suppressions;10;14;4,0;oui
4b_effectifs;ensemble, sans_enseignes | age_cat | 14 jours et plus;avis;921;4411;3490,0;oui
4b_effectifs;ensemble, sans_enseignes | age_cat | 14 jours et plus;citable;True;True;0,0;non
4b_effectifs;ensemble, sans_enseignes | age_cat | 14 jours et plus;enseignes_touchees;30;659;629,0;oui
4b_effectifs;ensemble, sans_enseignes | age_cat | 14 jours et plus;fiches_touchees;30;768;738,0;oui
4b_effectifs;ensemble, sans_enseignes | age_cat | 14 jours et plus;lignes;1568;6829;5261,0;oui
4b_effectifs;ensemble, sans_enseignes | age_cat | 14 jours et plus;part_de_la_premiere_fiche;0.13;0.03;-0,1;oui
4b_effectifs;ensemble, sans_enseignes | age_cat | 14 jours et plus;suppressions;67;1613;1546,0;oui
4b_effectifs;ensemble, sans_enseignes | age_cat | 2 jour(s);avis;615;1537;922,0;oui
4b_effectifs;ensemble, sans_enseignes | age_cat | 2 jour(s);citable;True;True;0,0;non
4b_effectifs;ensemble, sans_enseignes | age_cat | 2 jour(s);enseignes_touchees;46;87;41,0;oui
4b_effectifs;ensemble, sans_enseignes | age_cat | 2 jour(s);fiches_touchees;46;88;42,0;oui
4b_effectifs;ensemble, sans_enseignes | age_cat | 2 jour(s);lignes;615;1537;922,0;oui
4b_effectifs;ensemble, sans_enseignes | age_cat | 2 jour(s);part_de_la_premiere_fiche;0.06;0.03;-0,03;oui
4b_effectifs;ensemble, sans_enseignes | age_cat | 2 jour(s);suppressions;52;99;47,0;oui
4b_effectifs;ensemble, sans_enseignes | age_cat | 3 jour(s);avis;729;1616;887,0;oui
4b_effectifs;ensemble, sans_enseignes | age_cat | 3 jour(s);citable;True;True;0,0;non
4b_effectifs;ensemble, sans_enseignes | age_cat | 3 jour(s);enseignes_touchees;34;56;22,0;oui
4b_effectifs;ensemble, sans_enseignes | age_cat | 3 jour(s);fiches_touchees;35;58;23,0;oui
4b_effectifs;ensemble, sans_enseignes | age_cat | 3 jour(s);lignes;729;1616;887,0;oui
4b_effectifs;ensemble, sans_enseignes | age_cat | 3 jour(s);part_de_la_premiere_fiche;0.05;0.08;0,03;oui
4b_effectifs;ensemble, sans_enseignes | age_cat | 3 jour(s);suppressions;37;65;28,0;oui
4b_effectifs;ensemble, sans_enseignes | age_cat | 4 jour(s);avis;772;1602;830,0;oui
4b_effectifs;ensemble, sans_enseignes | age_cat | 4 jour(s);citable;True;True;0,0;non
4b_effectifs;ensemble, sans_enseignes | age_cat | 4 jour(s);enseignes_touchees;11;18;7,0;oui
4b_effectifs;ensemble, sans_enseignes | age_cat | 4 jour(s);fiches_touchees;11;18;7,0;oui
4b_effectifs;ensemble, sans_enseignes | age_cat | 4 jour(s);lignes;772;1602;830,0;oui
4b_effectifs;ensemble, sans_enseignes | age_cat | 4 jour(s);part_de_la_premiere_fiche;0.25;0.17;-0,08;oui
4b_effectifs;ensemble, sans_enseignes | age_cat | 4 jour(s);suppressions;16;23;7,0;oui
4b_effectifs;ensemble, sans_enseignes | age_cat | 5 jour(s);avis;836;1862;1026,0;oui
4b_effectifs;ensemble, sans_enseignes | age_cat | 5 jour(s);citable;True;True;0,0;non
4b_effectifs;ensemble, sans_enseignes | age_cat | 5 jour(s);enseignes_touchees;17;25;8,0;oui
4b_effectifs;ensemble, sans_enseignes | age_cat | 5 jour(s);fiches_touchees;17;26;9,0;oui
4b_effectifs;ensemble, sans_enseignes | age_cat | 5 jour(s);lignes;836;1862;1026,0;oui
4b_effectifs;ensemble, sans_enseignes | age_cat | 5 jour(s);part_de_la_premiere_fiche;0.06;0.07;0,01;oui
4b_effectifs;ensemble, sans_enseignes | age_cat | 5 jour(s);suppressions;17;27;10,0;oui
4b_effectifs;ensemble, sans_enseignes | age_cat | 6 jour(s);avis;1006;2248;1242,0;oui
4b_effectifs;ensemble, sans_enseignes | age_cat | 6 jour(s);citable;True;True;0,0;non
4b_effectifs;ensemble, sans_enseignes | age_cat | 6 jour(s);enseignes_touchees;66;74;8,0;oui
4b_effectifs;ensemble, sans_enseignes | age_cat | 6 jour(s);fiches_touchees;77;86;9,0;oui
4b_effectifs;ensemble, sans_enseignes | age_cat | 6 jour(s);lignes;1006;2248;1242,0;oui
4b_effectifs;ensemble, sans_enseignes | age_cat | 6 jour(s);part_de_la_premiere_fiche;0.07;0.09;0,02;oui
4b_effectifs;ensemble, sans_enseignes | age_cat | 6 jour(s);suppressions;146;170;24,0;oui
4b_effectifs;ensemble, sans_enseignes | age_cat | 7 jour(s);avis;1022;2227;1205,0;oui
4b_effectifs;ensemble, sans_enseignes | age_cat | 7 jour(s);citable;True;True;0,0;non
4b_effectifs;ensemble, sans_enseignes | age_cat | 7 jour(s);enseignes_touchees;79;82;3,0;oui
4b_effectifs;ensemble, sans_enseignes | age_cat | 7 jour(s);fiches_touchees;93;96;3,0;oui
4b_effectifs;ensemble, sans_enseignes | age_cat | 7 jour(s);lignes;1022;2227;1205,0;oui
4b_effectifs;ensemble, sans_enseignes | age_cat | 7 jour(s);part_de_la_premiere_fiche;0.06;0.06;0,0;non
4b_effectifs;ensemble, sans_enseignes | age_cat | 7 jour(s);suppressions;250;253;3,0;oui
4b_effectifs;ensemble, sans_enseignes | age_cat | 8 jour(s);avis;837;1954;1117,0;oui
4b_effectifs;ensemble, sans_enseignes | age_cat | 8 jour(s);citable;True;True;0,0;non
4b_effectifs;ensemble, sans_enseignes | age_cat | 8 jour(s);enseignes_touchees;51;52;1,0;oui
4b_effectifs;ensemble, sans_enseignes | age_cat | 8 jour(s);fiches_touchees;54;55;1,0;oui
4b_effectifs;ensemble, sans_enseignes | age_cat | 8 jour(s);lignes;837;1954;1117,0;oui
4b_effectifs;ensemble, sans_enseignes | age_cat | 8 jour(s);part_de_la_premiere_fiche;0.05;0.05;0,0;non
4b_effectifs;ensemble, sans_enseignes | age_cat | 8 jour(s);suppressions;73;74;1,0;oui
4b_effectifs;ensemble, sans_enseignes | age_cat | 9 à 13 jours;avis;2080;5455;3375,0;oui
4b_effectifs;ensemble, sans_enseignes | age_cat | 9 à 13 jours;citable;True;True;0,0;non
4b_effectifs;ensemble, sans_enseignes | age_cat | 9 à 13 jours;enseignes_touchees;75;102;27,0;oui
4b_effectifs;ensemble, sans_enseignes | age_cat | 9 à 13 jours;fiches_touchees;92;122;30,0;oui
4b_effectifs;ensemble, sans_enseignes | age_cat | 9 à 13 jours;lignes;3255;7575;4320,0;oui
4b_effectifs;ensemble, sans_enseignes | age_cat | 9 à 13 jours;part_de_la_premiere_fiche;0.05;0.04;-0,01;oui
4b_effectifs;ensemble, sans_enseignes | age_cat | 9 à 13 jours;suppressions;173;248;75,0;oui
4b_effectifs;ensemble, sans_enseignes | avis_auteur | 1 avis ou moins;avis;1694;4404;2710,0;oui
4b_effectifs;ensemble, sans_enseignes | avis_auteur | 1 avis ou moins;citable;True;True;0,0;non
4b_effectifs;ensemble, sans_enseignes | avis_auteur | 1 avis ou moins;enseignes_touchees;119;299;180,0;oui
4b_effectifs;ensemble, sans_enseignes | avis_auteur | 1 avis ou moins;fiches_touchees;138;352;214,0;oui
4b_effectifs;ensemble, sans_enseignes | avis_auteur | 1 avis ou moins;lignes;3732;9040;5308,0;oui
4b_effectifs;ensemble, sans_enseignes | avis_auteur | 1 avis ou moins;part_de_la_premiere_fiche;0.07;0.04;-0,03;oui
4b_effectifs;ensemble, sans_enseignes | avis_auteur | 1 avis ou moins;suppressions;348;779;431,0;oui
4b_effectifs;ensemble, sans_enseignes | avis_auteur | 2 à 20 avis;avis;2564;7296;4732,0;oui
4b_effectifs;ensemble, sans_enseignes | avis_auteur | 2 à 20 avis;citable;True;True;0,0;non
4b_effectifs;ensemble, sans_enseignes | avis_auteur | 2 à 20 avis;enseignes_touchees;153;525;372,0;oui
4b_effectifs;ensemble, sans_enseignes | avis_auteur | 2 à 20 avis;fiches_touchees;175;608;433,0;oui
4b_effectifs;ensemble, sans_enseignes | avis_auteur | 2 à 20 avis;lignes;5718;14778;9060,0;oui
4b_effectifs;ensemble, sans_enseignes | avis_auteur | 2 à 20 avis;part_de_la_premiere_fiche;0.04;0.03;-0,01;oui
4b_effectifs;ensemble, sans_enseignes | avis_auteur | 2 à 20 avis;suppressions;413;1443;1030,0;oui
4b_effectifs;ensemble, sans_enseignes | avis_auteur | plus de 20 avis;avis;630;2218;1588,0;oui
4b_effectifs;ensemble, sans_enseignes | avis_auteur | plus de 20 avis;citable;True;True;0,0;non
4b_effectifs;ensemble, sans_enseignes | avis_auteur | plus de 20 avis;enseignes_touchees;64;266;202,0;oui
4b_effectifs;ensemble, sans_enseignes | avis_auteur | plus de 20 avis;fiches_touchees;67;292;225,0;oui
4b_effectifs;ensemble, sans_enseignes | avis_auteur | plus de 20 avis;lignes;1270;3822;2552,0;oui
4b_effectifs;ensemble, sans_enseignes | avis_auteur | plus de 20 avis;part_de_la_premiere_fiche;0.07;0.03;-0,04;oui
4b_effectifs;ensemble, sans_enseignes | avis_auteur | plus de 20 avis;suppressions;80;364;284,0;oui
4b_effectifs;ensemble, sans_enseignes | local_guide | niveau 1 à 4;avis;3645;10147;6502,0;oui
4b_effectifs;ensemble, sans_enseignes | local_guide | niveau 1 à 4;citable;True;True;0,0;non
4b_effectifs;ensemble, sans_enseignes | local_guide | niveau 1 à 4;enseignes_touchees;182;623;441,0;oui
4b_effectifs;ensemble, sans_enseignes | local_guide | niveau 1 à 4;fiches_touchees;209;728;519,0;oui
4b_effectifs;ensemble, sans_enseignes | local_guide | niveau 1 à 4;lignes;8160;20758;12598,0;oui
4b_effectifs;ensemble, sans_enseignes | local_guide | niveau 1 à 4;part_de_la_premiere_fiche;0.04;0.03;-0,01;oui
4b_effectifs;ensemble, sans_enseignes | local_guide | niveau 1 à 4;suppressions;604;1982;1378,0;oui
4b_effectifs;ensemble, sans_enseignes | local_guide | niveau 5 et plus;avis;696;2520;1824,0;oui
4b_effectifs;ensemble, sans_enseignes | local_guide | niveau 5 et plus;citable;True;True;0,0;non
4b_effectifs;ensemble, sans_enseignes | local_guide | niveau 5 et plus;enseignes_touchees;65;280;215,0;oui
4b_effectifs;ensemble, sans_enseignes | local_guide | niveau 5 et plus;fiches_touchees;67;303;236,0;oui
4b_effectifs;ensemble, sans_enseignes | local_guide | niveau 5 et plus;lignes;1371;4269;2898,0;oui
4b_effectifs;ensemble, sans_enseignes | local_guide | niveau 5 et plus;part_de_la_premiere_fiche;0.06;0.03;-0,03;oui
4b_effectifs;ensemble, sans_enseignes | local_guide | niveau 5 et plus;suppressions;80;373;293,0;oui
4b_effectifs;ensemble, sans_enseignes | local_guide | sans niveau;avis;547;1251;704,0;oui
4b_effectifs;ensemble, sans_enseignes | local_guide | sans niveau;citable;True;True;0,0;non
4b_effectifs;ensemble, sans_enseignes | local_guide | sans niveau;enseignes_touchees;69;114;45,0;oui
4b_effectifs;ensemble, sans_enseignes | local_guide | sans niveau;fiches_touchees;73;121;48,0;oui
4b_effectifs;ensemble, sans_enseignes | local_guide | sans niveau;lignes;1189;2613;1424,0;oui
4b_effectifs;ensemble, sans_enseignes | local_guide | sans niveau;part_de_la_premiere_fiche;0.05;0.05;0,0;non
4b_effectifs;ensemble, sans_enseignes | local_guide | sans niveau;suppressions;157;231;74,0;oui
4b_effectifs;ensemble, sans_enseignes | note | 1 étoile(s);avis;417;1175;758,0;oui
4b_effectifs;ensemble, sans_enseignes | note | 1 étoile(s);citable;True;True;0,0;non
4b_effectifs;ensemble, sans_enseignes | note | 1 étoile(s);enseignes_touchees;85;233;148,0;oui
4b_effectifs;ensemble, sans_enseignes | note | 1 étoile(s);fiches_touchees;89;247;158,0;oui
4b_effectifs;ensemble, sans_enseignes | note | 1 étoile(s);lignes;701;2019;1318,0;oui
4b_effectifs;ensemble, sans_enseignes | note | 1 étoile(s);part_de_la_premiere_fiche;0.05;0.09;0,04;oui
4b_effectifs;ensemble, sans_enseignes | note | 1 étoile(s);suppressions;145;456;311,0;oui
4b_effectifs;ensemble, sans_enseignes | note | 2 étoile(s);avis;106;333;227,0;oui
4b_effectifs;ensemble, sans_enseignes | note | 2 étoile(s);citable;True;True;0,0;non
4b_effectifs;ensemble, sans_enseignes | note | 2 étoile(s);enseignes_touchees;20;68;48,0;oui
4b_effectifs;ensemble, sans_enseignes | note | 2 étoile(s);fiches_touchees;20;72;52,0;oui
4b_effectifs;ensemble, sans_enseignes | note | 2 étoile(s);lignes;155;557;402,0;oui
4b_effectifs;ensemble, sans_enseignes | note | 2 étoile(s);part_de_la_premiere_fiche;0.09;0.04;-0,05;oui
4b_effectifs;ensemble, sans_enseignes | note | 2 étoile(s);suppressions;22;81;59,0;oui
4b_effectifs;ensemble, sans_enseignes | note | 3 étoile(s);avis;129;460;331,0;oui
4b_effectifs;ensemble, sans_enseignes | note | 3 étoile(s);citable;False;True;1,0;oui
4b_effectifs;ensemble, sans_enseignes | note | 3 étoile(s);enseignes_touchees;9;77;68,0;oui
4b_effectifs;ensemble, sans_enseignes | note | 3 étoile(s);fiches_touchees;9;78;69,0;oui
4b_effectifs;ensemble, sans_enseignes | note | 3 étoile(s);lignes;203;769;566,0;oui
4b_effectifs;ensemble, sans_enseignes | note | 3 étoile(s);part_de_la_premiere_fiche;0.11;0.02;-0,09;oui
4b_effectifs;ensemble, sans_enseignes | note | 3 étoile(s);suppressions;9;82;73,0;oui
4b_effectifs;ensemble, sans_enseignes | note | 4 étoile(s);avis;350;1056;706,0;oui
4b_effectifs;ensemble, sans_enseignes | note | 4 étoile(s);citable;True;True;0,0;non
4b_effectifs;ensemble, sans_enseignes | note | 4 étoile(s);enseignes_touchees;25;97;72,0;oui
4b_effectifs;ensemble, sans_enseignes | note | 4 étoile(s);fiches_touchees;25;100;75,0;oui
4b_effectifs;ensemble, sans_enseignes | note | 4 étoile(s);lignes;617;1844;1227,0;oui
4b_effectifs;ensemble, sans_enseignes | note | 4 étoile(s);part_de_la_premiere_fiche;0.13;0.04;-0,09;oui
4b_effectifs;ensemble, sans_enseignes | note | 4 étoile(s);suppressions;31;122;91,0;oui
4b_effectifs;ensemble, sans_enseignes | note | 5 étoile(s);avis;3886;10894;7008,0;oui
4b_effectifs;ensemble, sans_enseignes | note | 5 étoile(s);citable;True;True;0,0;non
4b_effectifs;ensemble, sans_enseignes | note | 5 étoile(s);enseignes_touchees;131;514;383,0;oui
4b_effectifs;ensemble, sans_enseignes | note | 5 étoile(s);fiches_touchees;154;613;459,0;oui
4b_effectifs;ensemble, sans_enseignes | note | 5 étoile(s);lignes;9044;22451;13407,0;oui
4b_effectifs;ensemble, sans_enseignes | note | 5 étoile(s);part_de_la_premiere_fiche;0.05;0.03;-0,02;oui
4b_effectifs;ensemble, sans_enseignes | note | 5 étoile(s);suppressions;634;1845;1211,0;oui
4b_effectifs;ensemble, sans_enseignes | photo_jointe | avec photo;avis;375;1026;651,0;oui
4b_effectifs;ensemble, sans_enseignes | photo_jointe | avec photo;citable;True;True;0,0;non
4b_effectifs;ensemble, sans_enseignes | photo_jointe | avec photo;enseignes_touchees;44;115;71,0;oui
4b_effectifs;ensemble, sans_enseignes | photo_jointe | avec photo;fiches_touchees;44;121;77,0;oui
4b_effectifs;ensemble, sans_enseignes | photo_jointe | avec photo;lignes;799;1948;1149,0;oui
4b_effectifs;ensemble, sans_enseignes | photo_jointe | avec photo;part_de_la_premiere_fiche;0.09;0.04;-0,05;oui
4b_effectifs;ensemble, sans_enseignes | photo_jointe | avec photo;suppressions;67;177;110,0;oui
4b_effectifs;ensemble, sans_enseignes | photo_jointe | sans photo;avis;4513;12892;8379,0;oui
4b_effectifs;ensemble, sans_enseignes | photo_jointe | sans photo;citable;True;True;0,0;non
4b_effectifs;ensemble, sans_enseignes | photo_jointe | sans photo;enseignes_touchees;220;766;546,0;oui
4b_effectifs;ensemble, sans_enseignes | photo_jointe | sans photo;fiches_touchees;250;900;650,0;oui
4b_effectifs;ensemble, sans_enseignes | photo_jointe | sans photo;lignes;9921;25692;15771,0;oui
4b_effectifs;ensemble, sans_enseignes | photo_jointe | sans photo;part_de_la_premiere_fiche;0.04;0.02;-0,02;oui
4b_effectifs;ensemble, sans_enseignes | photo_jointe | sans photo;suppressions;774;2409;1635,0;oui
4b_effectifs;ensemble, sans_enseignes | photos_auteur | 0 photo;avis;3212;8727;5515,0;oui
4b_effectifs;ensemble, sans_enseignes | photos_auteur | 0 photo;citable;True;True;0,0;non
4b_effectifs;ensemble, sans_enseignes | photos_auteur | 0 photo;enseignes_touchees;177;562;385,0;oui
4b_effectifs;ensemble, sans_enseignes | photos_auteur | 0 photo;fiches_touchees;203;659;456,0;oui
4b_effectifs;ensemble, sans_enseignes | photos_auteur | 0 photo;lignes;7222;18021;10799,0;oui
4b_effectifs;ensemble, sans_enseignes | photos_auteur | 0 photo;part_de_la_premiere_fiche;0.04;0.03;-0,01;oui
4b_effectifs;ensemble, sans_enseignes | photos_auteur | 0 photo;suppressions;586;1719;1133,0;oui
4b_effectifs;ensemble, sans_enseignes | photos_auteur | 1 à 20 photos;avis;1316;3895;2579,0;oui
4b_effectifs;ensemble, sans_enseignes | photos_auteur | 1 à 20 photos;citable;True;True;0,0;non
4b_effectifs;ensemble, sans_enseignes | photos_auteur | 1 à 20 photos;enseignes_touchees;114;353;239,0;oui
4b_effectifs;ensemble, sans_enseignes | photos_auteur | 1 à 20 photos;fiches_touchees;130;405;275,0;oui
4b_effectifs;ensemble, sans_enseignes | photos_auteur | 1 à 20 photos;lignes;2819;7462;4643,0;oui
4b_effectifs;ensemble, sans_enseignes | photos_auteur | 1 à 20 photos;part_de_la_premiere_fiche;0.04;0.02;-0,02;oui
4b_effectifs;ensemble, sans_enseignes | photos_auteur | 1 à 20 photos;suppressions;225;714;489,0;oui
4b_effectifs;ensemble, sans_enseignes | photos_auteur | plus de 20 photos;avis;360;1296;936,0;oui
4b_effectifs;ensemble, sans_enseignes | photos_auteur | plus de 20 photos;citable;True;True;0,0;non
4b_effectifs;ensemble, sans_enseignes | photos_auteur | plus de 20 photos;enseignes_touchees;26;131;105,0;oui
4b_effectifs;ensemble, sans_enseignes | photos_auteur | plus de 20 photos;fiches_touchees;26;133;107,0;oui
4b_effectifs;ensemble, sans_enseignes | photos_auteur | plus de 20 photos;lignes;679;2157;1478,0;oui
4b_effectifs;ensemble, sans_enseignes | photos_auteur | plus de 20 photos;part_de_la_premiere_fiche;0.1;0.04;-0,06;oui
4b_effectifs;ensemble, sans_enseignes | photos_auteur | plus de 20 photos;suppressions;30;153;123,0;oui
4b_effectifs;ensemble, sans_enseignes | reponse | pas de réponse, fiche qui répond à 75 % ou moins;avis;1798;5377;3579,0;oui
4b_effectifs;ensemble, sans_enseignes | reponse | pas de réponse, fiche qui répond à 75 % ou moins;citable;True;True;0,0;non
4b_effectifs;ensemble, sans_enseignes | reponse | pas de réponse, fiche qui répond à 75 % ou moins;enseignes_touchees;98;347;249,0;oui
4b_effectifs;ensemble, sans_enseignes | reponse | pas de réponse, fiche qui répond à 75 % ou moins;fiches_touchees;106;372;266,0;oui
4b_effectifs;ensemble, sans_enseignes | reponse | pas de réponse, fiche qui répond à 75 % ou moins;lignes;4244;10803;6559,0;oui
4b_effectifs;ensemble, sans_enseignes | reponse | pas de réponse, fiche qui répond à 75 % ou moins;part_de_la_premiere_fiche;0.09;0.05;-0,04;oui
4b_effectifs;ensemble, sans_enseignes | reponse | pas de réponse, fiche qui répond à 75 % ou moins;suppressions;337;961;624,0;oui
4b_effectifs;ensemble, sans_enseignes | reponse | pas de réponse, fiche qui répond à plus de 75 %;avis;632;1587;955,0;oui
4b_effectifs;ensemble, sans_enseignes | reponse | pas de réponse, fiche qui répond à plus de 75 %;citable;True;True;0,0;non
4b_effectifs;ensemble, sans_enseignes | reponse | pas de réponse, fiche qui répond à plus de 75 %;enseignes_touchees;73;176;103,0;oui
4b_effectifs;ensemble, sans_enseignes | reponse | pas de réponse, fiche qui répond à plus de 75 %;fiches_touchees;82;204;122,0;oui
4b_effectifs;ensemble, sans_enseignes | reponse | pas de réponse, fiche qui répond à plus de 75 %;lignes;1312;2876;1564,0;oui
4b_effectifs;ensemble, sans_enseignes | reponse | pas de réponse, fiche qui répond à plus de 75 %;part_de_la_premiere_fiche;0.08;0.04;-0,04;oui
4b_effectifs;ensemble, sans_enseignes | reponse | pas de réponse, fiche qui répond à plus de 75 %;suppressions;197;385;188,0;oui
4b_effectifs;ensemble, sans_enseignes | reponse | pas de réponse, habitude inconnue;avis;4;32;28,0;oui
4b_effectifs;ensemble, sans_enseignes | reponse | pas de réponse, habitude inconnue;citable;False;False;0,0;non
4b_effectifs;ensemble, sans_enseignes | reponse | pas de réponse, habitude inconnue;enseignes_touchees;2;11;9,0;oui
4b_effectifs;ensemble, sans_enseignes | reponse | pas de réponse, habitude inconnue;fiches_touchees;2;11;9,0;oui
4b_effectifs;ensemble, sans_enseignes | reponse | pas de réponse, habitude inconnue;lignes;4;38;34,0;oui
4b_effectifs;ensemble, sans_enseignes | reponse | pas de réponse, habitude inconnue;part_de_la_premiere_fiche;0.5;0.39;-0,11;oui
4b_effectifs;ensemble, sans_enseignes | reponse | pas de réponse, habitude inconnue;suppressions;2;18;16,0;oui
4b_effectifs;ensemble, sans_enseignes | reponse | réponse déjà là, fiche qui répond à 75 % ou moins;avis;377;885;508,0;oui
4b_effectifs;ensemble, sans_enseignes | reponse | réponse déjà là, fiche qui répond à 75 % ou moins;citable;False;True;1,0;oui
4b_effectifs;ensemble, sans_enseignes | reponse | réponse déjà là, fiche qui répond à 75 % ou moins;enseignes_touchees;19;104;85,0;oui
4b_effectifs;ensemble, sans_enseignes | reponse | réponse déjà là, fiche qui répond à 75 % ou moins;fiches_touchees;20;112;92,0;oui
4b_effectifs;ensemble, sans_enseignes | reponse | réponse déjà là, fiche qui répond à 75 % ou moins;lignes;973;2107;1134,0;oui
4b_effectifs;ensemble, sans_enseignes | reponse | réponse déjà là, fiche qui répond à 75 % ou moins;part_de_la_premiere_fiche;0.35;0.22;-0,13;oui
4b_effectifs;ensemble, sans_enseignes | reponse | réponse déjà là, fiche qui répond à 75 % ou moins;suppressions;60;254;194,0;oui
4b_effectifs;ensemble, sans_enseignes | reponse | réponse déjà là, fiche qui répond à plus de 75 %;avis;2158;6329;4171,0;oui
4b_effectifs;ensemble, sans_enseignes | reponse | réponse déjà là, fiche qui répond à plus de 75 %;citable;True;True;0,0;non
4b_effectifs;ensemble, sans_enseignes | reponse | réponse déjà là, fiche qui répond à plus de 75 %;enseignes_touchees;76;277;201,0;oui
4b_effectifs;ensemble, sans_enseignes | reponse | réponse déjà là, fiche qui répond à plus de 75 %;fiches_touchees;85;349;264,0;oui
4b_effectifs;ensemble, sans_enseignes | reponse | réponse déjà là, fiche qui répond à plus de 75 %;lignes;4187;11794;7607,0;oui
4b_effectifs;ensemble, sans_enseignes | reponse | réponse déjà là, fiche qui répond à plus de 75 %;part_de_la_premiere_fiche;0.04;0.04;0,0;non
4b_effectifs;ensemble, sans_enseignes | reponse | réponse déjà là, fiche qui répond à plus de 75 %;suppressions;245;961;716,0;oui
4b_effectifs;ensemble, sans_enseignes | reponse | réponse déjà là, habitude inconnue;avis;;19;;oui
4b_effectifs;ensemble, sans_enseignes | reponse | réponse déjà là, habitude inconnue;citable;;False;;oui
4b_effectifs;ensemble, sans_enseignes | reponse | réponse déjà là, habitude inconnue;enseignes_touchees;;7;;oui
4b_effectifs;ensemble, sans_enseignes | reponse | réponse déjà là, habitude inconnue;fiches_touchees;;7;;oui
4b_effectifs;ensemble, sans_enseignes | reponse | réponse déjà là, habitude inconnue;lignes;;22;;oui
4b_effectifs;ensemble, sans_enseignes | reponse | réponse déjà là, habitude inconnue;part_de_la_premiere_fiche;;0.14;;oui
4b_effectifs;ensemble, sans_enseignes | reponse | réponse déjà là, habitude inconnue;suppressions;;7;;oui
4b_effectifs;ensemble, sans_enseignes | texte | 1 à 50 caractères;avis;917;2291;1374,0;oui
4b_effectifs;ensemble, sans_enseignes | texte | 1 à 50 caractères;citable;True;True;0,0;non
4b_effectifs;ensemble, sans_enseignes | texte | 1 à 50 caractères;enseignes_touchees;67;178;111,0;oui
4b_effectifs;ensemble, sans_enseignes | texte | 1 à 50 caractères;fiches_touchees;77;206;129,0;oui
4b_effectifs;ensemble, sans_enseignes | texte | 1 à 50 caractères;lignes;2112;4903;2791,0;oui
4b_effectifs;ensemble, sans_enseignes | texte | 1 à 50 caractères;part_de_la_premiere_fiche;0.06;0.04;-0,02;oui
4b_effectifs;ensemble, sans_enseignes | texte | 1 à 50 caractères;suppressions;125;366;241,0;oui
4b_effectifs;ensemble, sans_enseignes | texte | 51 à 200 caractères;avis;1623;4372;2749,0;oui
4b_effectifs;ensemble, sans_enseignes | texte | 51 à 200 caractères;citable;True;True;0,0;non
4b_effectifs;ensemble, sans_enseignes | texte | 51 à 200 caractères;enseignes_touchees;96;332;236,0;oui
4b_effectifs;ensemble, sans_enseignes | texte | 51 à 200 caractères;fiches_touchees;110;386;276,0;oui
4b_effectifs;ensemble, sans_enseignes | texte | 51 à 200 caractères;lignes;3934;9280;5346,0;oui
4b_effectifs;ensemble, sans_enseignes | texte | 51 à 200 caractères;part_de_la_premiere_fiche;0.07;0.03;-0,04;oui
4b_effectifs;ensemble, sans_enseignes | texte | 51 à 200 caractères;suppressions;277;871;594,0;oui
4b_effectifs;ensemble, sans_enseignes | texte | plus de 200 caractères;avis;1316;3585;2269,0;oui
4b_effectifs;ensemble, sans_enseignes | texte | plus de 200 caractères;citable;True;True;0,0;non
4b_effectifs;ensemble, sans_enseignes | texte | plus de 200 caractères;enseignes_touchees;139;396;257,0;oui
4b_effectifs;ensemble, sans_enseignes | texte | plus de 200 caractères;fiches_touchees;150;435;285,0;oui
4b_effectifs;ensemble, sans_enseignes | texte | plus de 200 caractères;lignes;2593;6723;4130,0;oui
4b_effectifs;ensemble, sans_enseignes | texte | plus de 200 caractères;part_de_la_premiere_fiche;0.03;0.03;0,0;non
4b_effectifs;ensemble, sans_enseignes | texte | plus de 200 caractères;suppressions;270;792;522,0;oui
4b_effectifs;ensemble, sans_enseignes | texte | sans texte;avis;1032;3670;2638,0;oui
4b_effectifs;ensemble, sans_enseignes | texte | sans texte;citable;True;True;0,0;non
4b_effectifs;ensemble, sans_enseignes | texte | sans texte;enseignes_touchees;66;286;220,0;oui
4b_effectifs;ensemble, sans_enseignes | texte | sans texte;fiches_touchees;80;329;249,0;oui
4b_effectifs;ensemble, sans_enseignes | texte | sans texte;lignes;2081;6734;4653,0;oui
4b_effectifs;ensemble, sans_enseignes | texte | sans texte;part_de_la_premiere_fiche;0.04;0.02;-0,02;oui
4b_effectifs;ensemble, sans_enseignes | texte | sans texte;suppressions;169;557;388,0;oui
4b_effectifs;ensemble, sans_enseignes | total du passage | 1580 journées de fiche;avis;;13918;;oui
4b_effectifs;ensemble, sans_enseignes | total du passage | 1580 journées de fiche;citable;;True;;oui
4b_effectifs;ensemble, sans_enseignes | total du passage | 1580 journées de fiche;enseignes_touchees;;805;;oui
4b_effectifs;ensemble, sans_enseignes | total du passage | 1580 journées de fiche;fiches_touchees;;945;;oui
4b_effectifs;ensemble, sans_enseignes | total du passage | 1580 journées de fiche;lignes;;27640;;oui
4b_effectifs;ensemble, sans_enseignes | total du passage | 1580 journées de fiche;part_de_la_premiere_fiche;;0.02;;oui
4b_effectifs;ensemble, sans_enseignes | total du passage | 1580 journées de fiche;suppressions;;2586;;oui
4b_effectifs;ensemble, sans_enseignes | total du passage | 522 journées de fiche;avis;4888;;;oui
4b_effectifs;ensemble, sans_enseignes | total du passage | 522 journées de fiche;citable;True;;;oui
4b_effectifs;ensemble, sans_enseignes | total du passage | 522 journées de fiche;enseignes_touchees;234;;;oui
4b_effectifs;ensemble, sans_enseignes | total du passage | 522 journées de fiche;fiches_touchees;264;;;oui
4b_effectifs;ensemble, sans_enseignes | total du passage | 522 journées de fiche;lignes;10720;;;oui
4b_effectifs;ensemble, sans_enseignes | total du passage | 522 journées de fiche;part_de_la_premiere_fiche;0.04;;;oui
4b_effectifs;ensemble, sans_enseignes | total du passage | 522 journées de fiche;suppressions;841;;;oui
4b_effectifs;ensemble, tous | age_cat | 1 jour(s);avis;107;246;139,0;oui
4b_effectifs;ensemble, tous | age_cat | 1 jour(s);citable;True;True;0,0;non
4b_effectifs;ensemble, tous | age_cat | 1 jour(s);enseignes_touchees;8;12;4,0;oui
4b_effectifs;ensemble, tous | age_cat | 1 jour(s);fiches_touchees;9;14;5,0;oui
4b_effectifs;ensemble, tous | age_cat | 1 jour(s);lignes;107;246;139,0;oui
4b_effectifs;ensemble, tous | age_cat | 1 jour(s);part_de_la_premiere_fiche;0.2;0.13;-0,07;oui
4b_effectifs;ensemble, tous | age_cat | 1 jour(s);suppressions;10;15;5,0;oui
4b_effectifs;ensemble, tous | age_cat | 14 jours et plus;avis;1326;5597;4271,0;oui
4b_effectifs;ensemble, tous | age_cat | 14 jours et plus;citable;True;True;0,0;non
4b_effectifs;ensemble, tous | age_cat | 14 jours et plus;enseignes_touchees;33;665;632,0;oui
4b_effectifs;ensemble, tous | age_cat | 14 jours et plus;fiches_touchees;33;822;789,0;oui
4b_effectifs;ensemble, tous | age_cat | 14 jours et plus;lignes;2468;9797;7329,0;oui
4b_effectifs;ensemble, tous | age_cat | 14 jours et plus;part_de_la_premiere_fiche;0.18;0.07;-0,11;oui
4b_effectifs;ensemble, tous | age_cat | 14 jours et plus;suppressions;84;2186;2102,0;oui
4b_effectifs;ensemble, tous | age_cat | 2 jour(s);avis;933;2018;1085,0;oui
4b_effectifs;ensemble, tous | age_cat | 2 jour(s);citable;True;True;0,0;non
4b_effectifs;ensemble, tous | age_cat | 2 jour(s);enseignes_touchees;47;88;41,0;oui
4b_effectifs;ensemble, tous | age_cat | 2 jour(s);fiches_touchees;48;91;43,0;oui
4b_effectifs;ensemble, tous | age_cat | 2 jour(s);lignes;933;2018;1085,0;oui
4b_effectifs;ensemble, tous | age_cat | 2 jour(s);part_de_la_premiere_fiche;0.06;0.03;-0,03;oui
4b_effectifs;ensemble, tous | age_cat | 2 jour(s);suppressions;54;102;48,0;oui
4b_effectifs;ensemble, tous | age_cat | 3 jour(s);avis;1032;2120;1088,0;oui
4b_effectifs;ensemble, tous | age_cat | 3 jour(s);citable;True;True;0,0;non
4b_effectifs;ensemble, tous | age_cat | 3 jour(s);enseignes_touchees;36;59;23,0;oui
4b_effectifs;ensemble, tous | age_cat | 3 jour(s);fiches_touchees;37;61;24,0;oui
4b_effectifs;ensemble, tous | age_cat | 3 jour(s);lignes;1032;2120;1088,0;oui
4b_effectifs;ensemble, tous | age_cat | 3 jour(s);part_de_la_premiere_fiche;0.12;0.07;-0,05;oui
4b_effectifs;ensemble, tous | age_cat | 3 jour(s);suppressions;43;72;29,0;oui
4b_effectifs;ensemble, tous | age_cat | 4 jour(s);avis;1200;2170;970,0;oui
4b_effectifs;ensemble, tous | age_cat | 4 jour(s);citable;False;False;0,0;non
4b_effectifs;ensemble, tous | age_cat | 4 jour(s);enseignes_touchees;12;19;7,0;oui
4b_effectifs;ensemble, tous | age_cat | 4 jour(s);fiches_touchees;12;19;7,0;oui
4b_effectifs;ensemble, tous | age_cat | 4 jour(s);lignes;1200;2170;970,0;oui
4b_effectifs;ensemble, tous | age_cat | 4 jour(s);part_de_la_premiere_fiche;0.33;0.26;-0,07;oui
4b_effectifs;ensemble, tous | age_cat | 4 jour(s);suppressions;24;31;7,0;oui
4b_effectifs;ensemble, tous | age_cat | 5 jour(s);avis;1344;2575;1231,0;oui
4b_effectifs;ensemble, tous | age_cat | 5 jour(s);citable;True;True;0,0;non
4b_effectifs;ensemble, tous | age_cat | 5 jour(s);enseignes_touchees;21;29;8,0;oui
4b_effectifs;ensemble, tous | age_cat | 5 jour(s);fiches_touchees;22;34;12,0;oui
4b_effectifs;ensemble, tous | age_cat | 5 jour(s);lignes;1344;2575;1231,0;oui
4b_effectifs;ensemble, tous | age_cat | 5 jour(s);part_de_la_premiere_fiche;0.09;0.05;-0,04;oui
4b_effectifs;ensemble, tous | age_cat | 5 jour(s);suppressions;23;38;15,0;oui
4b_effectifs;ensemble, tous | age_cat | 6 jour(s);avis;1543;3070;1527,0;oui
4b_effectifs;ensemble, tous | age_cat | 6 jour(s);citable;True;True;0,0;non
4b_effectifs;ensemble, tous | age_cat | 6 jour(s);enseignes_touchees;70;78;8,0;oui
4b_effectifs;ensemble, tous | age_cat | 6 jour(s);fiches_touchees;112;121;9,0;oui
4b_effectifs;ensemble, tous | age_cat | 6 jour(s);lignes;1543;3070;1527,0;oui
4b_effectifs;ensemble, tous | age_cat | 6 jour(s);part_de_la_premiere_fiche;0.04;0.05;0,01;oui
4b_effectifs;ensemble, tous | age_cat | 6 jour(s);suppressions;242;273;31,0;oui
4b_effectifs;ensemble, tous | age_cat | 7 jour(s);avis;1565;2999;1434,0;oui
4b_effectifs;ensemble, tous | age_cat | 7 jour(s);citable;True;True;0,0;non
4b_effectifs;ensemble, tous | age_cat | 7 jour(s);enseignes_touchees;83;86;3,0;oui
4b_effectifs;ensemble, tous | age_cat | 7 jour(s);fiches_touchees;137;140;3,0;oui
4b_effectifs;ensemble, tous | age_cat | 7 jour(s);lignes;1565;2999;1434,0;oui
4b_effectifs;ensemble, tous | age_cat | 7 jour(s);part_de_la_premiere_fiche;0.06;0.06;0,0;non
4b_effectifs;ensemble, tous | age_cat | 7 jour(s);suppressions;437;440;3,0;oui
4b_effectifs;ensemble, tous | age_cat | 8 jour(s);avis;1243;2610;1367,0;oui
4b_effectifs;ensemble, tous | age_cat | 8 jour(s);citable;True;True;0,0;non
4b_effectifs;ensemble, tous | age_cat | 8 jour(s);enseignes_touchees;55;56;1,0;oui
4b_effectifs;ensemble, tous | age_cat | 8 jour(s);fiches_touchees;76;77;1,0;oui
4b_effectifs;ensemble, tous | age_cat | 8 jour(s);lignes;1243;2610;1367,0;oui
4b_effectifs;ensemble, tous | age_cat | 8 jour(s);part_de_la_premiere_fiche;0.05;0.05;0,0;non
4b_effectifs;ensemble, tous | age_cat | 8 jour(s);suppressions;113;114;1,0;oui
4b_effectifs;ensemble, tous | age_cat | 9 à 13 jours;avis;2907;6939;4032,0;oui
4b_effectifs;ensemble, tous | age_cat | 9 à 13 jours;citable;True;True;0,0;non
4b_effectifs;ensemble, tous | age_cat | 9 à 13 jours;enseignes_touchees;81;108;27,0;oui
4b_effectifs;ensemble, tous | age_cat | 9 à 13 jours;fiches_touchees;129;166;37,0;oui
4b_effectifs;ensemble, tous | age_cat | 9 à 13 jours;lignes;5084;10821;5737,0;oui
4b_effectifs;ensemble, tous | age_cat | 9 à 13 jours;part_de_la_premiere_fiche;0.05;0.16;0,11;oui
4b_effectifs;ensemble, tous | age_cat | 9 à 13 jours;suppressions;284;486;202,0;oui
4b_effectifs;ensemble, tous | avis_auteur | 1 avis ou moins;avis;2141;5303;3162,0;oui
4b_effectifs;ensemble, tous | avis_auteur | 1 avis ou moins;citable;True;True;0,0;non
4b_effectifs;ensemble, tous | avis_auteur | 1 avis ou moins;enseignes_touchees;124;305;181,0;oui
4b_effectifs;ensemble, tous | avis_auteur | 1 avis ou moins;fiches_touchees;176;398;222,0;oui
4b_effectifs;ensemble, tous | avis_auteur | 1 avis ou moins;lignes;5531;12609;7078,0;oui
4b_effectifs;ensemble, tous | avis_auteur | 1 avis ou moins;part_de_la_premiere_fiche;0.06;0.1;0,04;oui
4b_effectifs;ensemble, tous | avis_auteur | 1 avis ou moins;suppressions;495;1218;723,0;oui
4b_effectifs;ensemble, tous | avis_auteur | 2 à 20 avis;avis;3472;8819;5347,0;oui
4b_effectifs;ensemble, tous | avis_auteur | 2 à 20 avis;citable;True;True;0,0;non
4b_effectifs;ensemble, tous | avis_auteur | 2 à 20 avis;enseignes_touchees;159;531;372,0;oui
4b_effectifs;ensemble, tous | avis_auteur | 2 à 20 avis;fiches_touchees;224;669;445,0;oui
4b_effectifs;ensemble, tous | avis_auteur | 2 à 20 avis;lignes;9280;21198;11918,0;oui
4b_effectifs;ensemble, tous | avis_auteur | 2 à 20 avis;part_de_la_premiere_fiche;0.03;0.02;-0,01;oui
4b_effectifs;ensemble, tous | avis_auteur | 2 à 20 avis;suppressions;713;2103;1390,0;oui
4b_effectifs;ensemble, tous | avis_auteur | plus de 20 avis;avis;737;2402;1665,0;oui
4b_effectifs;ensemble, tous | avis_auteur | plus de 20 avis;citable;True;True;0,0;non
4b_effectifs;ensemble, tous | avis_auteur | plus de 20 avis;enseignes_touchees;69;272;203,0;oui
4b_effectifs;ensemble, tous | avis_auteur | plus de 20 avis;fiches_touchees;83;321;238,0;oui
4b_effectifs;ensemble, tous | avis_auteur | plus de 20 avis;lignes;1708;4619;2911,0;oui
4b_effectifs;ensemble, tous | avis_auteur | plus de 20 avis;part_de_la_premiere_fiche;0.06;0.03;-0,03;oui
4b_effectifs;ensemble, tous | avis_auteur | plus de 20 avis;suppressions;106;436;330,0;oui
4b_effectifs;ensemble, tous | local_guide | niveau 1 à 4;avis;4885;12337;7452,0;oui
4b_effectifs;ensemble, tous | local_guide | niveau 1 à 4;citable;True;True;0,0;non
4b_effectifs;ensemble, tous | local_guide | niveau 1 à 4;enseignes_touchees;188;629;441,0;oui
4b_effectifs;ensemble, tous | local_guide | niveau 1 à 4;fiches_touchees;258;790;532,0;oui
4b_effectifs;ensemble, tous | local_guide | niveau 1 à 4;lignes;13097;29899;16802,0;oui
4b_effectifs;ensemble, tous | local_guide | niveau 1 à 4;part_de_la_premiere_fiche;0.04;0.04;0,0;non
4b_effectifs;ensemble, tous | local_guide | niveau 1 à 4;suppressions;1009;2958;1949,0;oui
4b_effectifs;ensemble, tous | local_guide | niveau 5 et plus;avis;804;2698;1894,0;oui
4b_effectifs;ensemble, tous | local_guide | niveau 5 et plus;citable;True;True;0,0;non
4b_effectifs;ensemble, tous | local_guide | niveau 5 et plus;enseignes_touchees;70;286;216,0;oui
4b_effectifs;ensemble, tous | local_guide | niveau 5 et plus;fiches_touchees;78;328;250,0;oui
4b_effectifs;ensemble, tous | local_guide | niveau 5 et plus;lignes;1797;5045;3248,0;oui
4b_effectifs;ensemble, tous | local_guide | niveau 5 et plus;part_de_la_premiere_fiche;0.05;0.03;-0,02;oui
4b_effectifs;ensemble, tous | local_guide | niveau 5 et plus;suppressions;104;436;332,0;oui
4b_effectifs;ensemble, tous | local_guide | sans niveau;avis;661;1489;828,0;oui
4b_effectifs;ensemble, tous | local_guide | sans niveau;citable;True;True;0,0;non
4b_effectifs;ensemble, tous | local_guide | sans niveau;enseignes_touchees;74;120;46,0;oui
4b_effectifs;ensemble, tous | local_guide | sans niveau;fiches_touchees;92;148;56,0;oui
4b_effectifs;ensemble, tous | local_guide | sans niveau;lignes;1625;3482;1857,0;oui
4b_effectifs;ensemble, tous | local_guide | sans niveau;part_de_la_premiere_fiche;0.05;0.13;0,08;oui
4b_effectifs;ensemble, tous | local_guide | sans niveau;suppressions;201;363;162,0;oui
4b_effectifs;ensemble, tous | note | 1 étoile(s);avis;501;1593;1092,0;oui
4b_effectifs;ensemble, tous | note | 1 étoile(s);citable;True;True;0,0;non
4b_effectifs;ensemble, tous | note | 1 étoile(s);enseignes_touchees;88;237;149,0;oui
4b_effectifs;ensemble, tous | note | 1 étoile(s);fiches_touchees;96;259;163,0;oui
4b_effectifs;ensemble, tous | note | 1 étoile(s);lignes;1029;3494;2465,0;oui
4b_effectifs;ensemble, tous | note | 1 étoile(s);part_de_la_premiere_fiche;0.08;0.21;0,13;oui
4b_effectifs;ensemble, tous | note | 1 étoile(s);suppressions;172;770;598,0;oui
4b_effectifs;ensemble, tous | note | 2 étoile(s);avis;119;350;231,0;oui
4b_effectifs;ensemble, tous | note | 2 étoile(s);citable;True;True;0,0;non
4b_effectifs;ensemble, tous | note | 2 étoile(s);enseignes_touchees;22;70;48,0;oui
4b_effectifs;ensemble, tous | note | 2 étoile(s);fiches_touchees;22;74;52,0;oui
4b_effectifs;ensemble, tous | note | 2 étoile(s);lignes;220;663;443,0;oui
4b_effectifs;ensemble, tous | note | 2 étoile(s);part_de_la_premiere_fiche;0.23;0.1;-0,13;oui
4b_effectifs;ensemble, tous | note | 2 étoile(s);suppressions;30;91;61,0;oui
4b_effectifs;ensemble, tous | note | 3 étoile(s);avis;136;469;333,0;oui
4b_effectifs;ensemble, tous | note | 3 étoile(s);citable;True;True;0,0;non
4b_effectifs;ensemble, tous | note | 3 étoile(s);enseignes_touchees;10;78;68,0;oui
4b_effectifs;ensemble, tous | note | 3 étoile(s);fiches_touchees;10;79;69,0;oui
4b_effectifs;ensemble, tous | note | 3 étoile(s);lignes;240;823;583,0;oui
4b_effectifs;ensemble, tous | note | 3 étoile(s);part_de_la_premiere_fiche;0.1;0.02;-0,08;oui
4b_effectifs;ensemble, tous | note | 3 étoile(s);suppressions;10;83;73,0;oui
4b_effectifs;ensemble, tous | note | 4 étoile(s);avis;397;1125;728,0;oui
4b_effectifs;ensemble, tous | note | 4 étoile(s);citable;True;True;0,0;non
4b_effectifs;ensemble, tous | note | 4 étoile(s);enseignes_touchees;28;100;72,0;oui
4b_effectifs;ensemble, tous | note | 4 étoile(s);fiches_touchees;35;113;78,0;oui
4b_effectifs;ensemble, tous | note | 4 étoile(s);lignes;820;2154;1334,0;oui
4b_effectifs;ensemble, tous | note | 4 étoile(s);part_de_la_premiere_fiche;0.09;0.04;-0,05;oui
4b_effectifs;ensemble, tous | note | 4 étoile(s);suppressions;45;141;96,0;oui
4b_effectifs;ensemble, tous | note | 5 étoile(s);avis;5197;12987;7790,0;oui
4b_effectifs;ensemble, tous | note | 5 étoile(s);citable;True;True;0,0;non
4b_effectifs;ensemble, tous | note | 5 étoile(s);enseignes_touchees;135;519;384,0;oui
4b_effectifs;ensemble, tous | note | 5 étoile(s);fiches_touchees;199;671;472,0;oui
4b_effectifs;ensemble, tous | note | 5 étoile(s);lignes;14210;31292;17082,0;oui
4b_effectifs;ensemble, tous | note | 5 étoile(s);part_de_la_premiere_fiche;0.05;0.03;-0,02;oui
4b_effectifs;ensemble, tous | note | 5 étoile(s);suppressions;1057;2672;1615,0;oui
4b_effectifs;ensemble, tous | photo_jointe | avec photo;avis;389;1053;664,0;oui
4b_effectifs;ensemble, tous | photo_jointe | avec photo;citable;True;True;0,0;non
4b_effectifs;ensemble, tous | photo_jointe | avec photo;enseignes_touchees;45;119;74,0;oui
4b_effectifs;ensemble, tous | photo_jointe | avec photo;fiches_touchees;46;128;82,0;oui
4b_effectifs;ensemble, tous | photo_jointe | avec photo;lignes;866;2077;1211,0;oui
4b_effectifs;ensemble, tous | photo_jointe | avec photo;part_de_la_premiere_fiche;0.09;0.04;-0,05;oui
4b_effectifs;ensemble, tous | photo_jointe | avec photo;suppressions;69;186;117,0;oui
4b_effectifs;ensemble, tous | photo_jointe | sans photo;avis;5961;15471;9510,0;oui
4b_effectifs;ensemble, tous | photo_jointe | sans photo;citable;True;True;0,0;non
4b_effectifs;ensemble, tous | photo_jointe | sans photo;enseignes_touchees;226;772;546,0;oui
4b_effectifs;ensemble, tous | photo_jointe | sans photo;fiches_touchees;300;962;662,0;oui
4b_effectifs;ensemble, tous | photo_jointe | sans photo;lignes;15653;36349;20696,0;oui
4b_effectifs;ensemble, tous | photo_jointe | sans photo;part_de_la_premiere_fiche;0.04;0.05;0,01;oui
4b_effectifs;ensemble, tous | photo_jointe | sans photo;suppressions;1245;3571;2326,0;oui
4b_effectifs;ensemble, tous | photos_auteur | 0 photo;avis;4304;10694;6390,0;oui
4b_effectifs;ensemble, tous | photos_auteur | 0 photo;citable;True;True;0,0;non
4b_effectifs;ensemble, tous | photos_auteur | 0 photo;enseignes_touchees;183;568;385,0;oui
4b_effectifs;ensemble, tous | photos_auteur | 0 photo;fiches_touchees;251;721;470,0;oui
4b_effectifs;ensemble, tous | photos_auteur | 0 photo;lignes;11596;26159;14563,0;oui
4b_effectifs;ensemble, tous | photos_auteur | 0 photo;part_de_la_premiere_fiche;0.05;0.05;0,0;non
4b_effectifs;ensemble, tous | photos_auteur | 0 photo;suppressions;945;2624;1679,0;oui
4b_effectifs;ensemble, tous | photos_auteur | 1 à 20 photos;avis;1651;4474;2823,0;oui
4b_effectifs;ensemble, tous | photos_auteur | 1 à 20 photos;citable;True;True;0,0;non
4b_effectifs;ensemble, tous | photos_auteur | 1 à 20 photos;enseignes_touchees;119;359;240,0;oui
4b_effectifs;ensemble, tous | photos_auteur | 1 à 20 photos;fiches_touchees;170;451;281,0;oui
4b_effectifs;ensemble, tous | photos_auteur | 1 à 20 photos;lignes;4108;9835;5727,0;oui
4b_effectifs;ensemble, tous | photos_auteur | 1 à 20 photos;part_de_la_premiere_fiche;0.03;0.02;-0,01;oui
4b_effectifs;ensemble, tous | photos_auteur | 1 à 20 photos;suppressions;336;964;628,0;oui
4b_effectifs;ensemble, tous | photos_auteur | plus de 20 photos;avis;395;1356;961,0;oui
4b_effectifs;ensemble, tous | photos_auteur | plus de 20 photos;citable;True;True;0,0;non
4b_effectifs;ensemble, tous | photos_auteur | plus de 20 photos;enseignes_touchees;29;136;107,0;oui
4b_effectifs;ensemble, tous | photos_auteur | plus de 20 photos;fiches_touchees;29;143;114,0;oui
4b_effectifs;ensemble, tous | photos_auteur | plus de 20 photos;lignes;815;2432;1617,0;oui
4b_effectifs;ensemble, tous | photos_auteur | plus de 20 photos;part_de_la_premiere_fiche;0.09;0.04;-0,05;oui
4b_effectifs;ensemble, tous | photos_auteur | plus de 20 photos;suppressions;33;169;136,0;oui
4b_effectifs;ensemble, tous | reponse | pas de réponse, fiche qui répond à 75 % ou moins;avis;2582;6831;4249,0;oui
4b_effectifs;ensemble, tous | reponse | pas de réponse, fiche qui répond à 75 % ou moins;citable;True;True;0,0;non
4b_effectifs;ensemble, tous | reponse | pas de réponse, fiche qui répond à 75 % ou moins;enseignes_touchees;101;351;250,0;oui
4b_effectifs;ensemble, tous | reponse | pas de réponse, fiche qui répond à 75 % ou moins;fiches_touchees;122;396;274,0;oui
4b_effectifs;ensemble, tous | reponse | pas de réponse, fiche qui répond à 75 % ou moins;lignes;7495;17008;9513,0;oui
4b_effectifs;ensemble, tous | reponse | pas de réponse, fiche qui répond à 75 % ou moins;part_de_la_premiere_fiche;0.1;0.05;-0,05;oui
4b_effectifs;ensemble, tous | reponse | pas de réponse, fiche qui répond à 75 % ou moins;suppressions;532;1482;950,0;oui
4b_effectifs;ensemble, tous | reponse | pas de réponse, fiche qui répond à plus de 75 %;avis;642;1602;960,0;oui
4b_effectifs;ensemble, tous | reponse | pas de réponse, fiche qui répond à plus de 75 %;citable;True;True;0,0;non
4b_effectifs;ensemble, tous | reponse | pas de réponse, fiche qui répond à plus de 75 %;enseignes_touchees;74;178;104,0;oui
4b_effectifs;ensemble, tous | reponse | pas de réponse, fiche qui répond à plus de 75 %;fiches_touchees;83;208;125,0;oui
4b_effectifs;ensemble, tous | reponse | pas de réponse, fiche qui répond à plus de 75 %;lignes;1338;2918;1580,0;oui
4b_effectifs;ensemble, tous | reponse | pas de réponse, fiche qui répond à plus de 75 %;part_de_la_premiere_fiche;0.08;0.04;-0,04;oui
4b_effectifs;ensemble, tous | reponse | pas de réponse, fiche qui répond à plus de 75 %;suppressions;200;392;192,0;oui
4b_effectifs;ensemble, tous | reponse | pas de réponse, habitude inconnue;avis;4;32;28,0;oui
4b_effectifs;ensemble, tous | reponse | pas de réponse, habitude inconnue;citable;False;False;0,0;non
4b_effectifs;ensemble, tous | reponse | pas de réponse, habitude inconnue;enseignes_touchees;2;11;9,0;oui
4b_effectifs;ensemble, tous | reponse | pas de réponse, habitude inconnue;fiches_touchees;2;11;9,0;oui
4b_effectifs;ensemble, tous | reponse | pas de réponse, habitude inconnue;lignes;4;38;34,0;oui
4b_effectifs;ensemble, tous | reponse | pas de réponse, habitude inconnue;part_de_la_premiere_fiche;0.5;0.39;-0,11;oui
4b_effectifs;ensemble, tous | reponse | pas de réponse, habitude inconnue;suppressions;2;18;16,0;oui
4b_effectifs;ensemble, tous | reponse | réponse déjà là, fiche qui répond à 75 % ou moins;avis;450;1207;757,0;oui
4b_effectifs;ensemble, tous | reponse | réponse déjà là, fiche qui répond à 75 % ou moins;citable;True;True;0,0;non
4b_effectifs;ensemble, tous | reponse | réponse déjà là, fiche qui répond à 75 % ou moins;enseignes_touchees;22;108;86,0;oui
4b_effectifs;ensemble, tous | reponse | réponse déjà là, fiche qui répond à 75 % ou moins;fiches_touchees;27;125;98,0;oui
4b_effectifs;ensemble, tous | reponse | réponse déjà là, fiche qui répond à 75 % ou moins;lignes;1261;3325;2064,0;oui
4b_effectifs;ensemble, tous | reponse | réponse déjà là, fiche qui répond à 75 % ou moins;part_de_la_premiere_fiche;0.24;0.22;-0,02;oui
4b_effectifs;ensemble, tous | reponse | réponse déjà là, fiche qui répond à 75 % ou moins;suppressions;88;481;393,0;oui
4b_effectifs;ensemble, tous | reponse | réponse déjà là, fiche qui répond à plus de 75 %;avis;2763;7178;4415,0;oui
4b_effectifs;ensemble, tous | reponse | réponse déjà là, fiche qui répond à plus de 75 %;citable;True;True;0,0;non
4b_effectifs;ensemble, tous | reponse | réponse déjà là, fiche qui répond à plus de 75 %;enseignes_touchees;79;280;201,0;oui
4b_effectifs;ensemble, tous | reponse | réponse déjà là, fiche qui répond à plus de 75 %;fiches_touchees;116;383;267,0;oui
4b_effectifs;ensemble, tous | reponse | réponse déjà là, fiche qui répond à plus de 75 %;lignes;6421;15115;8694,0;oui
4b_effectifs;ensemble, tous | reponse | réponse déjà là, fiche qui répond à plus de 75 %;part_de_la_premiere_fiche;0.04;0.03;-0,01;oui
4b_effectifs;ensemble, tous | reponse | réponse déjà là, fiche qui répond à plus de 75 %;suppressions;492;1377;885,0;oui
4b_effectifs;ensemble, tous | reponse | réponse déjà là, habitude inconnue;avis;;19;;oui
4b_effectifs;ensemble, tous | reponse | réponse déjà là, habitude inconnue;citable;;False;;oui
4b_effectifs;ensemble, tous | reponse | réponse déjà là, habitude inconnue;enseignes_touchees;;7;;oui
4b_effectifs;ensemble, tous | reponse | réponse déjà là, habitude inconnue;fiches_touchees;;7;;oui
4b_effectifs;ensemble, tous | reponse | réponse déjà là, habitude inconnue;lignes;;22;;oui
4b_effectifs;ensemble, tous | reponse | réponse déjà là, habitude inconnue;part_de_la_premiere_fiche;;0.14;;oui
4b_effectifs;ensemble, tous | reponse | réponse déjà là, habitude inconnue;suppressions;;7;;oui
4b_effectifs;ensemble, tous | texte | 1 à 50 caractères;avis;1148;2726;1578,0;oui
4b_effectifs;ensemble, tous | texte | 1 à 50 caractères;citable;True;True;0,0;non
4b_effectifs;ensemble, tous | texte | 1 à 50 caractères;enseignes_touchees;72;184;112,0;oui
4b_effectifs;ensemble, tous | texte | 1 à 50 caractères;fiches_touchees;111;253;142,0;oui
4b_effectifs;ensemble, tous | texte | 1 à 50 caractères;lignes;3015;6698;3683,0;oui
4b_effectifs;ensemble, tous | texte | 1 à 50 caractères;part_de_la_premiere_fiche;0.04;0.05;0,01;oui
4b_effectifs;ensemble, tous | texte | 1 à 50 caractères;suppressions;198;579;381,0;oui
4b_effectifs;ensemble, tous | texte | 51 à 200 caractères;avis;2150;5273;3123,0;oui
4b_effectifs;ensemble, tous | texte | 51 à 200 caractères;citable;True;True;0,0;non
4b_effectifs;ensemble, tous | texte | 51 à 200 caractères;enseignes_touchees;101;338;237,0;oui
4b_effectifs;ensemble, tous | texte | 51 à 200 caractères;fiches_touchees;149;435;286,0;oui
4b_effectifs;ensemble, tous | texte | 51 à 200 caractères;lignes;6054;13138;7084,0;oui
4b_effectifs;ensemble, tous | texte | 51 à 200 caractères;part_de_la_premiere_fiche;0.05;0.03;-0,02;oui
4b_effectifs;ensemble, tous | texte | 51 à 200 caractères;suppressions;441;1242;801,0;oui
4b_effectifs;ensemble, tous | texte | plus de 200 caractères;avis;1583;3975;2392,0;oui
4b_effectifs;ensemble, tous | texte | plus de 200 caractères;citable;True;True;0,0;non
4b_effectifs;ensemble, tous | texte | plus de 200 caractères;enseignes_touchees;144;402;258,0;oui
4b_effectifs;ensemble, tous | texte | plus de 200 caractères;fiches_touchees;182;478;296,0;oui
4b_effectifs;ensemble, tous | texte | plus de 200 caractères;lignes;3629;8397;4768,0;oui
4b_effectifs;ensemble, tous | texte | plus de 200 caractères;part_de_la_premiere_fiche;0.05;0.03;-0,02;oui
4b_effectifs;ensemble, tous | texte | plus de 200 caractères;suppressions;350;921;571,0;oui
4b_effectifs;ensemble, tous | texte | sans texte;avis;1469;4550;3081,0;oui
4b_effectifs;ensemble, tous | texte | sans texte;citable;True;True;0,0;non
4b_effectifs;ensemble, tous | texte | sans texte;enseignes_touchees;71;292;221,0;oui
4b_effectifs;ensemble, tous | texte | sans texte;fiches_touchees;118;373;255,0;oui
4b_effectifs;ensemble, tous | texte | sans texte;lignes;3821;10193;6372,0;oui
4b_effectifs;ensemble, tous | texte | sans texte;part_de_la_premiere_fiche;0.06;0.11;0,05;oui
4b_effectifs;ensemble, tous | texte | sans texte;suppressions;325;1015;690,0;oui
4b_effectifs;ensemble, tous | total du passage | 1906 journées de fiche;avis;;16524;;oui
4b_effectifs;ensemble, tous | total du passage | 1906 journées de fiche;citable;;True;;oui
4b_effectifs;ensemble, tous | total du passage | 1906 journées de fiche;enseignes_touchees;;811;;oui
4b_effectifs;ensemble, tous | total du passage | 1906 journées de fiche;fiches_touchees;;1007;;oui
4b_effectifs;ensemble, tous | total du passage | 1906 journées de fiche;lignes;;38426;;oui
4b_effectifs;ensemble, tous | total du passage | 1906 journées de fiche;part_de_la_premiere_fiche;;0.04;;oui
4b_effectifs;ensemble, tous | total du passage | 1906 journées de fiche;suppressions;;3757;;oui
4b_effectifs;ensemble, tous | total du passage | 738 journées de fiche;avis;6350;;;oui
4b_effectifs;ensemble, tous | total du passage | 738 journées de fiche;citable;True;;;oui
4b_effectifs;ensemble, tous | total du passage | 738 journées de fiche;enseignes_touchees;240;;;oui
4b_effectifs;ensemble, tous | total du passage | 738 journées de fiche;fiches_touchees;314;;;oui
4b_effectifs;ensemble, tous | total du passage | 738 journées de fiche;lignes;16519;;;oui
4b_effectifs;ensemble, tous | total du passage | 738 journées de fiche;part_de_la_premiere_fiche;0.04;;;oui
4b_effectifs;ensemble, tous | total du passage | 738 journées de fiche;suppressions;1314;;;oui
4b_effets;Europe, sans_enseignes | age_cat : 1 jour(s);avis_jours;6;13;7,0;oui
4b_effets;Europe, sans_enseignes | age_cat : 1 jour(s);citable;non;non;;non
4b_effets;Europe, sans_enseignes | age_cat : 1 jour(s);enseignes_touchees;;5.0;;oui
4b_effets;Europe, sans_enseignes | age_cat : 1 jour(s);fiches_touchees;;5.0;;oui
4b_effets;Europe, sans_enseignes | age_cat : 1 jour(s);fourchette_basse;;5.57;;oui
4b_effets;Europe, sans_enseignes | age_cat : 1 jour(s);fourchette_haute;;97.33;;oui
4b_effets;Europe, sans_enseignes | age_cat : 1 jour(s);part_de_la_premiere_fiche;;0.2;;oui
4b_effets;Europe, sans_enseignes | age_cat : 1 jour(s);remarque;écartée : moins de 5 suppressions;;;oui
4b_effets;Europe, sans_enseignes | age_cat : 1 jour(s);risque_relatif;;23.28;;oui
4b_effets;Europe, sans_enseignes | age_cat : 1 jour(s);suppressions;4;5;1,0;oui
4b_effets;Europe, sans_enseignes | age_cat : 14 jours et plus;avis_jours;451;2434;1983,0;oui
4b_effets;Europe, sans_enseignes | age_cat : 14 jours et plus;citable;non;oui;;oui
4b_effets;Europe, sans_enseignes | age_cat : 14 jours et plus;enseignes_touchees;14.0;317.0;303,0;oui
4b_effets;Europe, sans_enseignes | age_cat : 14 jours et plus;fiches_touchees;14.0;347.0;333,0;oui
4b_effets;Europe, sans_enseignes | age_cat : 14 jours et plus;fourchette_basse;0.67;14.43;13,76;oui
4b_effets;Europe, sans_enseignes | age_cat : 14 jours et plus;fourchette_haute;2.16;29.41;27,25;oui
4b_effets;Europe, sans_enseignes | age_cat : 14 jours et plus;part_de_la_premiere_fiche;0.26;0.08;-0,18;oui
4b_effets;Europe, sans_enseignes | age_cat : 14 jours et plus;remarque;;;;non
4b_effets;Europe, sans_enseignes | age_cat : 14 jours et plus;risque_relatif;1.2;20.61;19,41;oui
4b_effets;Europe, sans_enseignes | age_cat : 14 jours et plus;suppressions;35;578;543,0;oui
4b_effets;Europe, sans_enseignes | age_cat : 2 jour(s);avis_jours;175;528;353,0;oui
4b_effets;Europe, sans_enseignes | age_cat : 2 jour(s);citable;oui;oui;;non
4b_effets;Europe, sans_enseignes | age_cat : 2 jour(s);enseignes_touchees;24.0;44.0;20,0;oui
4b_effets;Europe, sans_enseignes | age_cat : 2 jour(s);fiches_touchees;24.0;45.0;21,0;oui
4b_effets;Europe, sans_enseignes | age_cat : 2 jour(s);fourchette_basse;1.29;2.45;1,16;oui
4b_effets;Europe, sans_enseignes | age_cat : 2 jour(s);fourchette_haute;5.48;6.53;1,05;oui
4b_effets;Europe, sans_enseignes | age_cat : 2 jour(s);part_de_la_premiere_fiche;0.1;0.06;-0,04;oui
4b_effets;Europe, sans_enseignes | age_cat : 2 jour(s);remarque;;;;non
4b_effets;Europe, sans_enseignes | age_cat : 2 jour(s);risque_relatif;2.66;4.0;1,34;oui
4b_effets;Europe, sans_enseignes | age_cat : 2 jour(s);suppressions;30;52;22,0;oui
4b_effets;Europe, sans_enseignes | age_cat : 3 jour(s);avis_jours;186;561;375,0;oui
4b_effets;Europe, sans_enseignes | age_cat : 3 jour(s);citable;oui;oui;;non
4b_effets;Europe, sans_enseignes | age_cat : 3 jour(s);enseignes_touchees;24.0;31.0;7,0;oui
4b_effets;Europe, sans_enseignes | age_cat : 3 jour(s);fiches_touchees;25.0;32.0;7,0;oui
4b_effets;Europe, sans_enseignes | age_cat : 3 jour(s);fourchette_basse;1.37;1.72;0,35;oui
4b_effets;Europe, sans_enseignes | age_cat : 3 jour(s);fourchette_haute;5.18;4.78;-0,4;oui
4b_effets;Europe, sans_enseignes | age_cat : 3 jour(s);part_de_la_premiere_fiche;0.07;0.13;0,06;oui
4b_effets;Europe, sans_enseignes | age_cat : 3 jour(s);remarque;;;;non
4b_effets;Europe, sans_enseignes | age_cat : 3 jour(s);risque_relatif;2.66;2.87;0,21;oui
4b_effets;Europe, sans_enseignes | age_cat : 3 jour(s);suppressions;27;39;12,0;oui
4b_effets;Europe, sans_enseignes | age_cat : 4 jour(s);avis_jours;229;573;344,0;oui
4b_effets;Europe, sans_enseignes | age_cat : 4 jour(s);citable;non;non;;non
4b_effets;Europe, sans_enseignes | age_cat : 4 jour(s);enseignes_touchees;5.0;9.0;4,0;oui
4b_effets;Europe, sans_enseignes | age_cat : 4 jour(s);fiches_touchees;5.0;9.0;4,0;oui
4b_effets;Europe, sans_enseignes | age_cat : 4 jour(s);fourchette_basse;0.21;0.4;0,19;oui
4b_effets;Europe, sans_enseignes | age_cat : 4 jour(s);fourchette_haute;1.25;1.69;0,44;oui
4b_effets;Europe, sans_enseignes | age_cat : 4 jour(s);part_de_la_premiere_fiche;0.43;0.27;-0,16;oui
4b_effets;Europe, sans_enseignes | age_cat : 4 jour(s);remarque;;;;non
4b_effets;Europe, sans_enseignes | age_cat : 4 jour(s);risque_relatif;0.51;0.82;0,31;oui
4b_effets;Europe, sans_enseignes | age_cat : 4 jour(s);suppressions;7;11;4,0;oui
4b_effets;Europe, sans_enseignes | age_cat : 5 jour(s);avis_jours;214;676;462,0;oui
4b_effets;Europe, sans_enseignes | age_cat : 5 jour(s);citable;non;oui;;oui
4b_effets;Europe, sans_enseignes | age_cat : 5 jour(s);enseignes_touchees;7.0;10.0;3,0;oui
4b_effets;Europe, sans_enseignes | age_cat : 5 jour(s);fiches_touchees;7.0;10.0;3,0;oui
4b_effets;Europe, sans_enseignes | age_cat : 5 jour(s);fourchette_basse;0.16;0.32;0,16;oui
4b_effets;Europe, sans_enseignes | age_cat : 5 jour(s);fourchette_haute;1.1;1.45;0,35;oui
4b_effets;Europe, sans_enseignes | age_cat : 5 jour(s);part_de_la_premiere_fiche;0.14;0.1;-0,04;oui
4b_effets;Europe, sans_enseignes | age_cat : 5 jour(s);remarque;;;;non
4b_effets;Europe, sans_enseignes | age_cat : 5 jour(s);risque_relatif;0.41;0.69;0,28;oui
4b_effets;Europe, sans_enseignes | age_cat : 5 jour(s);suppressions;7;10;3,0;oui
4b_effets;Europe, sans_enseignes | age_cat : 6 jour(s);avis_jours;277;841;564,0;oui
4b_effets;Europe, sans_enseignes | age_cat : 6 jour(s);citable;oui;oui;;non
4b_effets;Europe, sans_enseignes | age_cat : 6 jour(s);enseignes_touchees;18.0;22.0;4,0;oui
4b_effets;Europe, sans_enseignes | age_cat : 6 jour(s);fiches_touchees;18.0;22.0;4,0;oui
4b_effets;Europe, sans_enseignes | age_cat : 6 jour(s);fourchette_basse;1.37;1.59;0,22;oui
4b_effets;Europe, sans_enseignes | age_cat : 6 jour(s);fourchette_haute;4.43;4.26;-0,17;oui
4b_effets;Europe, sans_enseignes | age_cat : 6 jour(s);part_de_la_premiere_fiche;0.17;0.14;-0,03;oui
4b_effets;Europe, sans_enseignes | age_cat : 6 jour(s);remarque;;;;non
4b_effets;Europe, sans_enseignes | age_cat : 6 jour(s);risque_relatif;2.46;2.6;0,14;oui
4b_effets;Europe, sans_enseignes | age_cat : 6 jour(s);suppressions;29;35;6,0;oui
4b_effets;Europe, sans_enseignes | age_cat : 7 jour(s);avis_jours;305;809;504,0;oui
4b_effets;Europe, sans_enseignes | age_cat : 7 jour(s);citable;oui;oui;;non
4b_effets;Europe, sans_enseignes | age_cat : 7 jour(s);enseignes_touchees;20.0;21.0;1,0;oui
4b_effets;Europe, sans_enseignes | age_cat : 7 jour(s);fiches_touchees;20.0;21.0;1,0;oui
4b_effets;Europe, sans_enseignes | age_cat : 7 jour(s);fourchette_basse;4.2;3.6;-0,6;oui
4b_effets;Europe, sans_enseignes | age_cat : 7 jour(s);fourchette_haute;11.68;8.63;-3,05;oui
4b_effets;Europe, sans_enseignes | age_cat : 7 jour(s);part_de_la_premiere_fiche;0.17;0.17;0,0;non
4b_effets;Europe, sans_enseignes | age_cat : 7 jour(s);remarque;;;;non
4b_effets;Europe, sans_enseignes | age_cat : 7 jour(s);risque_relatif;7.01;5.57;-1,44;oui
4b_effets;Europe, sans_enseignes | age_cat : 7 jour(s);suppressions;64;65;1,0;oui
4b_effets;Europe, sans_enseignes | age_cat : 8 jour(s);avis_jours;274;773;499,0;oui
4b_effets;Europe, sans_enseignes | age_cat : 8 jour(s);citable;oui;oui;;non
4b_effets;Europe, sans_enseignes | age_cat : 8 jour(s);enseignes_touchees;17.0;17.0;0,0;non
4b_effets;Europe, sans_enseignes | age_cat : 8 jour(s);fiches_touchees;17.0;17.0;0,0;non
4b_effets;Europe, sans_enseignes | age_cat : 8 jour(s);fourchette_basse;1.17;1.06;-0,11;oui
4b_effets;Europe, sans_enseignes | age_cat : 8 jour(s);fourchette_haute;3.86;3.22;-0,64;oui
4b_effets;Europe, sans_enseignes | age_cat : 8 jour(s);part_de_la_premiere_fiche;0.17;0.17;0,0;non
4b_effets;Europe, sans_enseignes | age_cat : 8 jour(s);remarque;;;;non
4b_effets;Europe, sans_enseignes | age_cat : 8 jour(s);risque_relatif;2.12;1.85;-0,27;oui
4b_effets;Europe, sans_enseignes | age_cat : 8 jour(s);suppressions;23;23;0,0;non
4b_effets;Europe, sans_enseignes | avis_auteur : 2 à 20 avis;avis_jours;1390;4961;3571,0;oui
4b_effets;Europe, sans_enseignes | avis_auteur : 2 à 20 avis;citable;oui;oui;;non
4b_effets;Europe, sans_enseignes | avis_auteur : 2 à 20 avis;enseignes_touchees;65.0;251.0;186,0;oui
4b_effets;Europe, sans_enseignes | avis_auteur : 2 à 20 avis;fiches_touchees;65.0;272.0;207,0;oui
4b_effets;Europe, sans_enseignes | avis_auteur : 2 à 20 avis;fourchette_basse;0.37;0.78;0,41;oui
4b_effets;Europe, sans_enseignes | avis_auteur : 2 à 20 avis;fourchette_haute;0.82;1.25;0,43;oui
4b_effets;Europe, sans_enseignes | avis_auteur : 2 à 20 avis;part_de_la_premiere_fiche;0.07;0.07;0,0;non
4b_effets;Europe, sans_enseignes | avis_auteur : 2 à 20 avis;remarque;;;;non
4b_effets;Europe, sans_enseignes | avis_auteur : 2 à 20 avis;risque_relatif;0.55;0.99;0,44;oui
4b_effets;Europe, sans_enseignes | avis_auteur : 2 à 20 avis;suppressions;103;426;323,0;oui
4b_effets;Europe, sans_enseignes | avis_auteur : plus de 20 avis;avis_jours;452;1758;1306,0;oui
4b_effets;Europe, sans_enseignes | avis_auteur : plus de 20 avis;citable;oui;oui;;non
4b_effets;Europe, sans_enseignes | avis_auteur : plus de 20 avis;enseignes_touchees;27.0;130.0;103,0;oui
4b_effets;Europe, sans_enseignes | avis_auteur : plus de 20 avis;fiches_touchees;27.0;138.0;111,0;oui
4b_effets;Europe, sans_enseignes | avis_auteur : plus de 20 avis;fourchette_basse;0.42;0.61;0,19;oui
4b_effets;Europe, sans_enseignes | avis_auteur : plus de 20 avis;fourchette_haute;2.56;1.57;-0,99;oui
4b_effets;Europe, sans_enseignes | avis_auteur : plus de 20 avis;part_de_la_premiere_fiche;0.17;0.07;-0,1;oui
4b_effets;Europe, sans_enseignes | avis_auteur : plus de 20 avis;remarque;;;;non
4b_effets;Europe, sans_enseignes | avis_auteur : plus de 20 avis;risque_relatif;1.04;0.98;-0,06;oui
4b_effets;Europe, sans_enseignes | avis_auteur : plus de 20 avis;suppressions;35;168;133,0;oui
4b_effets;Europe, sans_enseignes | local_guide : niveau 5 et plus;avis_jours;512;2124;1612,0;oui
4b_effets;Europe, sans_enseignes | local_guide : niveau 5 et plus;citable;oui;oui;;non
4b_effets;Europe, sans_enseignes | local_guide : niveau 5 et plus;enseignes_touchees;28.0;145.0;117,0;oui
4b_effets;Europe, sans_enseignes | local_guide : niveau 5 et plus;fiches_touchees;28.0;153.0;125,0;oui
4b_effets;Europe, sans_enseignes | local_guide : niveau 5 et plus;fourchette_basse;0.2;0.6;0,4;oui
4b_effets;Europe, sans_enseignes | local_guide : niveau 5 et plus;fourchette_haute;1.16;1.41;0,25;oui
4b_effets;Europe, sans_enseignes | local_guide : niveau 5 et plus;part_de_la_premiere_fiche;0.14;0.07;-0,07;oui
4b_effets;Europe, sans_enseignes | local_guide : niveau 5 et plus;remarque;;;;non
4b_effets;Europe, sans_enseignes | local_guide : niveau 5 et plus;risque_relatif;0.48;0.92;0,44;oui
4b_effets;Europe, sans_enseignes | local_guide : niveau 5 et plus;suppressions;35;187;152,0;oui
4b_effets;Europe, sans_enseignes | local_guide : sans niveau;avis_jours;379;976;597,0;oui
4b_effets;Europe, sans_enseignes | local_guide : sans niveau;citable;oui;oui;;non
4b_effets;Europe, sans_enseignes | local_guide : sans niveau;enseignes_touchees;18.0;35.0;17,0;oui
4b_effets;Europe, sans_enseignes | local_guide : sans niveau;fiches_touchees;18.0;35.0;17,0;oui
4b_effets;Europe, sans_enseignes | local_guide : sans niveau;fourchette_basse;0.99;0.94;-0,05;oui
4b_effets;Europe, sans_enseignes | local_guide : sans niveau;fourchette_haute;2.42;1.83;-0,59;oui
4b_effets;Europe, sans_enseignes | local_guide : sans niveau;part_de_la_premiere_fiche;0.14;0.14;0,0;non
4b_effets;Europe, sans_enseignes | local_guide : sans niveau;remarque;;;;non
4b_effets;Europe, sans_enseignes | local_guide : sans niveau;risque_relatif;1.55;1.32;-0,23;oui
4b_effets;Europe, sans_enseignes | local_guide : sans niveau;suppressions;58;87;29,0;oui
4b_effets;Europe, sans_enseignes | note : 1 étoile(s);avis_jours;234;879;645,0;oui
4b_effets;Europe, sans_enseignes | note : 1 étoile(s);citable;oui;oui;;non
4b_effets;Europe, sans_enseignes | note : 1 étoile(s);enseignes_touchees;45.0;122.0;77,0;oui
4b_effets;Europe, sans_enseignes | note : 1 étoile(s);fiches_touchees;47.0;129.0;82,0;oui
4b_effets;Europe, sans_enseignes | note : 1 étoile(s);fourchette_basse;2.76;2.93;0,17;oui
4b_effets;Europe, sans_enseignes | note : 1 étoile(s);fourchette_haute;8.03;5.27;-2,76;oui
4b_effets;Europe, sans_enseignes | note : 1 étoile(s);part_de_la_premiere_fiche;0.09;0.19;0,1;oui
4b_effets;Europe, sans_enseignes | note : 1 étoile(s);remarque;;;;non
4b_effets;Europe, sans_enseignes | note : 1 étoile(s);risque_relatif;4.71;3.93;-0,78;oui
4b_effets;Europe, sans_enseignes | note : 1 étoile(s);suppressions;58;225;167,0;oui
4b_effets;Europe, sans_enseignes | note : 2 étoile(s);avis_jours;80;331;251,0;oui
4b_effets;Europe, sans_enseignes | note : 2 étoile(s);citable;oui;oui;;non
4b_effets;Europe, sans_enseignes | note : 2 étoile(s);enseignes_touchees;9.0;35.0;26,0;oui
4b_effets;Europe, sans_enseignes | note : 2 étoile(s);fiches_touchees;9.0;38.0;29,0;oui
4b_effets;Europe, sans_enseignes | note : 2 étoile(s);fourchette_basse;0.78;1.82;1,04;oui
4b_effets;Europe, sans_enseignes | note : 2 étoile(s);fourchette_haute;4.55;4.47;-0,08;oui
4b_effets;Europe, sans_enseignes | note : 2 étoile(s);part_de_la_premiere_fiche;0.2;0.07;-0,13;oui
4b_effets;Europe, sans_enseignes | note : 2 étoile(s);remarque;;;;non
4b_effets;Europe, sans_enseignes | note : 2 étoile(s);risque_relatif;1.89;2.85;0,96;oui
4b_effets;Europe, sans_enseignes | note : 2 étoile(s);suppressions;10;41;31,0;oui
4b_effets;Europe, sans_enseignes | note : 3 étoile(s);avis_jours;131;519;388,0;oui
4b_effets;Europe, sans_enseignes | note : 3 étoile(s);citable;non;oui;;oui
4b_effets;Europe, sans_enseignes | note : 3 étoile(s);enseignes_touchees;5.0;43.0;38,0;oui
4b_effets;Europe, sans_enseignes | note : 3 étoile(s);fiches_touchees;5.0;43.0;38,0;oui
4b_effets;Europe, sans_enseignes | note : 3 étoile(s);fourchette_basse;0.32;1.13;0,81;oui
4b_effets;Europe, sans_enseignes | note : 3 étoile(s);fourchette_haute;2.25;2.58;0,33;oui
4b_effets;Europe, sans_enseignes | note : 3 étoile(s);part_de_la_premiere_fiche;0.2;0.04;-0,16;oui
4b_effets;Europe, sans_enseignes | note : 3 étoile(s);remarque;;;;non
4b_effets;Europe, sans_enseignes | note : 3 étoile(s);risque_relatif;0.84;1.71;0,87;oui
4b_effets;Europe, sans_enseignes | note : 3 étoile(s);suppressions;5;45;40,0;oui
4b_effets;Europe, sans_enseignes | note : 4 étoile(s);avis_jours;379;1176;797,0;oui
4b_effets;Europe, sans_enseignes | note : 4 étoile(s);citable;oui;oui;;non
4b_effets;Europe, sans_enseignes | note : 4 étoile(s);enseignes_touchees;12.0;58.0;46,0;oui
4b_effets;Europe, sans_enseignes | note : 4 étoile(s);fiches_touchees;12.0;58.0;46,0;oui
4b_effets;Europe, sans_enseignes | note : 4 étoile(s);fourchette_basse;0.28;0.64;0,36;oui
4b_effets;Europe, sans_enseignes | note : 4 étoile(s);fourchette_haute;0.98;1.23;0,25;oui
4b_effets;Europe, sans_enseignes | note : 4 étoile(s);part_de_la_premiere_fiche;0.24;0.07;-0,17;oui
4b_effets;Europe, sans_enseignes | note : 4 étoile(s);remarque;;;;non
4b_effets;Europe, sans_enseignes | note : 4 étoile(s);risque_relatif;0.52;0.89;0,37;oui
4b_effets;Europe, sans_enseignes | note : 4 étoile(s);suppressions;17;71;54,0;oui
4b_effets;Europe, sans_enseignes | photo_jointe : avec photo;avis_jours;378;974;596,0;oui
4b_effets;Europe, sans_enseignes | photo_jointe : avec photo;citable;oui;oui;;non
4b_effets;Europe, sans_enseignes | photo_jointe : avec photo;enseignes_touchees;17.0;44.0;27,0;oui
4b_effets;Europe, sans_enseignes | photo_jointe : avec photo;fiches_touchees;17.0;44.0;27,0;oui
4b_effets;Europe, sans_enseignes | photo_jointe : avec photo;fourchette_basse;0.44;0.58;0,14;oui
4b_effets;Europe, sans_enseignes | photo_jointe : avec photo;fourchette_haute;1.36;1.19;-0,17;oui
4b_effets;Europe, sans_enseignes | photo_jointe : avec photo;part_de_la_premiere_fiche;0.21;0.12;-0,09;oui
4b_effets;Europe, sans_enseignes | photo_jointe : avec photo;remarque;;;;non
4b_effets;Europe, sans_enseignes | photo_jointe : avec photo;risque_relatif;0.77;0.83;0,06;oui
4b_effets;Europe, sans_enseignes | photo_jointe : avec photo;suppressions;28;59;31,0;oui
4b_effets;Europe, sans_enseignes | photos_auteur : 1 à 20 photos;avis_jours;859;2998;2139,0;oui
4b_effets;Europe, sans_enseignes | photos_auteur : 1 à 20 photos;citable;oui;oui;;non
4b_effets;Europe, sans_enseignes | photos_auteur : 1 à 20 photos;enseignes_touchees;45.0;156.0;111,0;oui
4b_effets;Europe, sans_enseignes | photos_auteur : 1 à 20 photos;fiches_touchees;46.0;167.0;121,0;oui
4b_effets;Europe, sans_enseignes | photos_auteur : 1 à 20 photos;fourchette_basse;0.89;0.72;-0,17;oui
4b_effets;Europe, sans_enseignes | photos_auteur : 1 à 20 photos;fourchette_haute;2.18;1.15;-1,03;oui
4b_effets;Europe, sans_enseignes | photos_auteur : 1 à 20 photos;part_de_la_premiere_fiche;0.12;0.05;-0,07;oui
4b_effets;Europe, sans_enseignes | photos_auteur : 1 à 20 photos;remarque;;;;non
4b_effets;Europe, sans_enseignes | photos_auteur : 1 à 20 photos;risque_relatif;1.4;0.91;-0,49;oui
4b_effets;Europe, sans_enseignes | photos_auteur : 1 à 20 photos;suppressions;80;248;168,0;oui
4b_effets;Europe, sans_enseignes | photos_auteur : plus de 20 photos;avis_jours;308;1209;901,0;oui
4b_effets;Europe, sans_enseignes | photos_auteur : plus de 20 photos;citable;oui;oui;;non
4b_effets;Europe, sans_enseignes | photos_auteur : plus de 20 photos;enseignes_touchees;16.0;75.0;59,0;oui
4b_effets;Europe, sans_enseignes | photos_auteur : plus de 20 photos;fiches_touchees;16.0;76.0;60,0;oui
4b_effets;Europe, sans_enseignes | photos_auteur : plus de 20 photos;fourchette_basse;0.3;0.58;0,28;oui
4b_effets;Europe, sans_enseignes | photos_auteur : plus de 20 photos;fourchette_haute;1.86;1.28;-0,58;oui
4b_effets;Europe, sans_enseignes | photos_auteur : plus de 20 photos;part_de_la_premiere_fiche;0.16;0.07;-0,09;oui
4b_effets;Europe, sans_enseignes | photos_auteur : plus de 20 photos;remarque;;;;non
4b_effets;Europe, sans_enseignes | photos_auteur : plus de 20 photos;risque_relatif;0.75;0.86;0,11;oui
4b_effets;Europe, sans_enseignes | photos_auteur : plus de 20 photos;suppressions;19;92;73,0;oui
4b_effets;Europe, sans_enseignes | reponse : réponse déjà là, fiche qui répond à 75 % ou moins;avis_jours;329;791;462,0;oui
4b_effets;Europe, sans_enseignes | reponse : réponse déjà là, fiche qui répond à 75 % ou moins;citable;non;oui;;oui
4b_effets;Europe, sans_enseignes | reponse : réponse déjà là, fiche qui répond à 75 % ou moins;enseignes_touchees;10.0;61.0;51,0;oui
4b_effets;Europe, sans_enseignes | reponse : réponse déjà là, fiche qui répond à 75 % ou moins;fiches_touchees;10.0;63.0;53,0;oui
4b_effets;Europe, sans_enseignes | reponse : réponse déjà là, fiche qui répond à 75 % ou moins;fourchette_basse;0.32;1.2;0,88;oui
4b_effets;Europe, sans_enseignes | reponse : réponse déjà là, fiche qui répond à 75 % ou moins;fourchette_haute;1.41;2.68;1,27;oui
4b_effets;Europe, sans_enseignes | reponse : réponse déjà là, fiche qui répond à 75 % ou moins;part_de_la_premiere_fiche;0.5;0.19;-0,31;oui
4b_effets;Europe, sans_enseignes | reponse : réponse déjà là, fiche qui répond à 75 % ou moins;remarque;;;;non
4b_effets;Europe, sans_enseignes | reponse : réponse déjà là, fiche qui répond à 75 % ou moins;risque_relatif;0.67;1.79;1,12;oui
4b_effets;Europe, sans_enseignes | reponse : réponse déjà là, fiche qui répond à 75 % ou moins;suppressions;24;94;70,0;oui
4b_effets;Europe, sans_enseignes | reponse : réponse déjà là, fiche qui répond à plus de 75 %;avis_jours;934;3273;2339,0;oui
4b_effets;Europe, sans_enseignes | reponse : réponse déjà là, fiche qui répond à plus de 75 %;citable;oui;oui;;non
4b_effets;Europe, sans_enseignes | reponse : réponse déjà là, fiche qui répond à plus de 75 %;enseignes_touchees;21.0;111.0;90,0;oui
4b_effets;Europe, sans_enseignes | reponse : réponse déjà là, fiche qui répond à plus de 75 %;fiches_touchees;21.0;129.0;108,0;oui
4b_effets;Europe, sans_enseignes | reponse : réponse déjà là, fiche qui répond à plus de 75 %;fourchette_basse;0.1;0.24;0,14;oui
4b_effets;Europe, sans_enseignes | reponse : réponse déjà là, fiche qui répond à plus de 75 %;fourchette_haute;0.34;0.46;0,12;oui
4b_effets;Europe, sans_enseignes | reponse : réponse déjà là, fiche qui répond à plus de 75 %;part_de_la_premiere_fiche;0.19;0.07;-0,12;oui
4b_effets;Europe, sans_enseignes | reponse : réponse déjà là, fiche qui répond à plus de 75 %;remarque;;;;non
4b_effets;Europe, sans_enseignes | reponse : réponse déjà là, fiche qui répond à plus de 75 %;risque_relatif;0.18;0.33;0,15;oui
4b_effets;Europe, sans_enseignes | reponse : réponse déjà là, fiche qui répond à plus de 75 %;suppressions;47;211;164,0;oui
4b_effets;Europe, sans_enseignes | reponse : réponse déjà là, habitude inconnue;avis_jours;;8;;oui
4b_effets;Europe, sans_enseignes | reponse : réponse déjà là, habitude inconnue;citable;;non;;oui
4b_effets;Europe, sans_enseignes | reponse : réponse déjà là, habitude inconnue;enseignes_touchees;;;;non
4b_effets;Europe, sans_enseignes | reponse : réponse déjà là, habitude inconnue;fiches_touchees;;;;non
4b_effets;Europe, sans_enseignes | reponse : réponse déjà là, habitude inconnue;fourchette_basse;;;;non
4b_effets;Europe, sans_enseignes | reponse : réponse déjà là, habitude inconnue;fourchette_haute;;;;non
4b_effets;Europe, sans_enseignes | reponse : réponse déjà là, habitude inconnue;part_de_la_premiere_fiche;;;;non
4b_effets;Europe, sans_enseignes | reponse : réponse déjà là, habitude inconnue;remarque;;écartée : moins de 5 suppressions;;oui
4b_effets;Europe, sans_enseignes | reponse : réponse déjà là, habitude inconnue;risque_relatif;;;;non
4b_effets;Europe, sans_enseignes | reponse : réponse déjà là, habitude inconnue;suppressions;;3;;oui
4b_effets;Europe, sans_enseignes | texte : 1 à 50 caractères;avis_jours;381;1447;1066,0;oui
4b_effets;Europe, sans_enseignes | texte : 1 à 50 caractères;citable;oui;oui;;non
4b_effets;Europe, sans_enseignes | texte : 1 à 50 caractères;enseignes_touchees;20.0;75.0;55,0;oui
4b_effets;Europe, sans_enseignes | texte : 1 à 50 caractères;fiches_touchees;20.0;80.0;60,0;oui
4b_effets;Europe, sans_enseignes | texte : 1 à 50 caractères;fourchette_basse;0.98;0.78;-0,2;oui
4b_effets;Europe, sans_enseignes | texte : 1 à 50 caractères;fourchette_haute;3.2;1.44;-1,76;oui
4b_effets;Europe, sans_enseignes | texte : 1 à 50 caractères;part_de_la_premiere_fiche;0.19;0.07;-0,12;oui
4b_effets;Europe, sans_enseignes | texte : 1 à 50 caractères;remarque;;;;non
4b_effets;Europe, sans_enseignes | texte : 1 à 50 caractères;risque_relatif;1.77;1.06;-0,71;oui
4b_effets;Europe, sans_enseignes | texte : 1 à 50 caractères;suppressions;32;107;75,0;oui
4b_effets;Europe, sans_enseignes | texte : 51 à 200 caractères;avis_jours;877;2576;1699,0;oui
4b_effets;Europe, sans_enseignes | texte : 51 à 200 caractères;citable;oui;oui;;non
4b_effets;Europe, sans_enseignes | texte : 51 à 200 caractères;enseignes_touchees;33.0;156.0;123,0;oui
4b_effets;Europe, sans_enseignes | texte : 51 à 200 caractères;fiches_touchees;34.0;164.0;130,0;oui
4b_effets;Europe, sans_enseignes | texte : 51 à 200 caractères;fourchette_basse;0.88;0.89;0,01;oui
4b_effets;Europe, sans_enseignes | texte : 51 à 200 caractères;fourchette_haute;2.47;1.47;-1,0;oui
4b_effets;Europe, sans_enseignes | texte : 51 à 200 caractères;part_de_la_premiere_fiche;0.16;0.05;-0,11;oui
4b_effets;Europe, sans_enseignes | texte : 51 à 200 caractères;remarque;;;;non
4b_effets;Europe, sans_enseignes | texte : 51 à 200 caractères;risque_relatif;1.48;1.15;-0,33;oui
4b_effets;Europe, sans_enseignes | texte : 51 à 200 caractères;suppressions;76;253;177,0;oui
4b_effets;Europe, sans_enseignes | texte : plus de 200 caractères;avis_jours;1018;2888;1870,0;oui
4b_effets;Europe, sans_enseignes | texte : plus de 200 caractères;citable;oui;oui;;non
4b_effets;Europe, sans_enseignes | texte : plus de 200 caractères;enseignes_touchees;60.0;165.0;105,0;oui
4b_effets;Europe, sans_enseignes | texte : plus de 200 caractères;fiches_touchees;62.0;176.0;114,0;oui
4b_effets;Europe, sans_enseignes | texte : plus de 200 caractères;fourchette_basse;1.1;0.76;-0,34;oui
4b_effets;Europe, sans_enseignes | texte : plus de 200 caractères;fourchette_haute;3.06;1.29;-1,77;oui
4b_effets;Europe, sans_enseignes | texte : plus de 200 caractères;part_de_la_premiere_fiche;0.07;0.1;0,03;oui
4b_effets;Europe, sans_enseignes | texte : plus de 200 caractères;remarque;;;;non
4b_effets;Europe, sans_enseignes | texte : plus de 200 caractères;risque_relatif;1.84;0.99;-0,85;oui
4b_effets;Europe, sans_enseignes | texte : plus de 200 caractères;suppressions;101;278;177,0;oui
4b_effets;Europe, tous | age_cat : 1 jour(s);avis_jours;6;13;7,0;oui
4b_effets;Europe, tous | age_cat : 1 jour(s);citable;non;non;;non
4b_effets;Europe, tous | age_cat : 1 jour(s);enseignes_touchees;;5.0;;oui
4b_effets;Europe, tous | age_cat : 1 jour(s);fiches_touchees;;5.0;;oui
4b_effets;Europe, tous | age_cat : 1 jour(s);fourchette_basse;;0.21;;oui
4b_effets;Europe, tous | age_cat : 1 jour(s);fourchette_haute;;10.66;;oui
4b_effets;Europe, tous | age_cat : 1 jour(s);part_de_la_premiere_fiche;;0.2;;oui
4b_effets;Europe, tous | age_cat : 1 jour(s);remarque;écartée : moins de 5 suppressions;calcul non convergé;;oui
4b_effets;Europe, tous | age_cat : 1 jour(s);risque_relatif;;1.5;;oui
4b_effets;Europe, tous | age_cat : 1 jour(s);suppressions;4;5;1,0;oui
4b_effets;Europe, tous | age_cat : 14 jours et plus;avis_jours;484;2970;2486,0;oui
4b_effets;Europe, tous | age_cat : 14 jours et plus;citable;non;non;;non
4b_effets;Europe, tous | age_cat : 14 jours et plus;enseignes_touchees;15.0;319.0;304,0;oui
4b_effets;Europe, tous | age_cat : 14 jours et plus;fiches_touchees;15.0;349.0;334,0;oui
4b_effets;Europe, tous | age_cat : 14 jours et plus;fourchette_basse;0.68;11.08;10,4;oui
4b_effets;Europe, tous | age_cat : 14 jours et plus;fourchette_haute;2.18;20.73;18,55;oui
4b_effets;Europe, tous | age_cat : 14 jours et plus;part_de_la_premiere_fiche;0.3;0.2;-0,1;oui
4b_effets;Europe, tous | age_cat : 14 jours et plus;remarque;;calcul non convergé;;oui
4b_effets;Europe, tous | age_cat : 14 jours et plus;risque_relatif;1.22;15.15;13,93;oui
4b_effets;Europe, tous | age_cat : 14 jours et plus;suppressions;50;795;745,0;oui
4b_effets;Europe, tous | age_cat : 2 jour(s);avis_jours;175;528;353,0;oui
4b_effets;Europe, tous | age_cat : 2 jour(s);citable;oui;non;;oui
4b_effets;Europe, tous | age_cat : 2 jour(s);enseignes_touchees;24.0;44.0;20,0;oui
4b_effets;Europe, tous | age_cat : 2 jour(s);fiches_touchees;24.0;45.0;21,0;oui
4b_effets;Europe, tous | age_cat : 2 jour(s);fourchette_basse;1.24;1.5;0,26;oui
4b_effets;Europe, tous | age_cat : 2 jour(s);fourchette_haute;5.23;3.8;-1,43;oui
4b_effets;Europe, tous | age_cat : 2 jour(s);part_de_la_premiere_fiche;0.1;0.06;-0,04;oui
4b_effets;Europe, tous | age_cat : 2 jour(s);remarque;;calcul non convergé;;oui
4b_effets;Europe, tous | age_cat : 2 jour(s);risque_relatif;2.55;2.39;-0,16;oui
4b_effets;Europe, tous | age_cat : 2 jour(s);suppressions;30;52;22,0;oui
4b_effets;Europe, tous | age_cat : 3 jour(s);avis_jours;186;561;375,0;oui
4b_effets;Europe, tous | age_cat : 3 jour(s);citable;oui;non;;oui
4b_effets;Europe, tous | age_cat : 3 jour(s);enseignes_touchees;24.0;31.0;7,0;oui
4b_effets;Europe, tous | age_cat : 3 jour(s);fiches_touchees;25.0;32.0;7,0;oui
4b_effets;Europe, tous | age_cat : 3 jour(s);fourchette_basse;1.32;1.03;-0,29;oui
4b_effets;Europe, tous | age_cat : 3 jour(s);fourchette_haute;4.96;2.77;-2,19;oui
4b_effets;Europe, tous | age_cat : 3 jour(s);part_de_la_premiere_fiche;0.07;0.13;0,06;oui
4b_effets;Europe, tous | age_cat : 3 jour(s);remarque;;calcul non convergé;;oui
4b_effets;Europe, tous | age_cat : 3 jour(s);risque_relatif;2.56;1.69;-0,87;oui
4b_effets;Europe, tous | age_cat : 3 jour(s);suppressions;27;39;12,0;oui
4b_effets;Europe, tous | age_cat : 4 jour(s);avis_jours;229;573;344,0;oui
4b_effets;Europe, tous | age_cat : 4 jour(s);citable;non;non;;non
4b_effets;Europe, tous | age_cat : 4 jour(s);enseignes_touchees;5.0;9.0;4,0;oui
4b_effets;Europe, tous | age_cat : 4 jour(s);fiches_touchees;5.0;9.0;4,0;oui
4b_effets;Europe, tous | age_cat : 4 jour(s);fourchette_basse;0.2;0.22;0,02;oui
4b_effets;Europe, tous | age_cat : 4 jour(s);fourchette_haute;1.22;0.98;-0,24;oui
4b_effets;Europe, tous | age_cat : 4 jour(s);part_de_la_premiere_fiche;0.43;0.27;-0,16;oui
4b_effets;Europe, tous | age_cat : 4 jour(s);remarque;;calcul non convergé;;oui
4b_effets;Europe, tous | age_cat : 4 jour(s);risque_relatif;0.5;0.47;-0,03;oui
4b_effets;Europe, tous | age_cat : 4 jour(s);suppressions;7;11;4,0;oui
4b_effets;Europe, tous | age_cat : 5 jour(s);avis_jours;214;676;462,0;oui
4b_effets;Europe, tous | age_cat : 5 jour(s);citable;non;non;;non
4b_effets;Europe, tous | age_cat : 5 jour(s);enseignes_touchees;7.0;10.0;3,0;oui
4b_effets;Europe, tous | age_cat : 5 jour(s);fiches_touchees;7.0;10.0;3,0;oui
4b_effets;Europe, tous | age_cat : 5 jour(s);fourchette_basse;0.15;0.18;0,03;oui
4b_effets;Europe, tous | age_cat : 5 jour(s);fourchette_haute;1.09;0.86;-0,23;oui
4b_effets;Europe, tous | age_cat : 5 jour(s);part_de_la_premiere_fiche;0.14;0.1;-0,04;oui
4b_effets;Europe, tous | age_cat : 5 jour(s);remarque;;calcul non convergé;;oui
4b_effets;Europe, tous | age_cat : 5 jour(s);risque_relatif;0.41;0.4;-0,01;oui
4b_effets;Europe, tous | age_cat : 5 jour(s);suppressions;7;10;3,0;oui
4b_effets;Europe, tous | age_cat : 6 jour(s);avis_jours;277;841;564,0;oui
4b_effets;Europe, tous | age_cat : 6 jour(s);citable;oui;non;;oui
4b_effets;Europe, tous | age_cat : 6 jour(s);enseignes_touchees;18.0;22.0;4,0;oui
4b_effets;Europe, tous | age_cat : 6 jour(s);fiches_touchees;18.0;22.0;4,0;oui
4b_effets;Europe, tous | age_cat : 6 jour(s);fourchette_basse;1.38;1.0;-0,38;oui
4b_effets;Europe, tous | age_cat : 6 jour(s);fourchette_haute;4.46;2.6;-1,86;oui
4b_effets;Europe, tous | age_cat : 6 jour(s);part_de_la_premiere_fiche;0.17;0.14;-0,03;oui
4b_effets;Europe, tous | age_cat : 6 jour(s);remarque;;calcul non convergé;;oui
4b_effets;Europe, tous | age_cat : 6 jour(s);risque_relatif;2.48;1.62;-0,86;oui
4b_effets;Europe, tous | age_cat : 6 jour(s);suppressions;29;35;6,0;oui
4b_effets;Europe, tous | age_cat : 7 jour(s);avis_jours;305;809;504,0;oui
4b_effets;Europe, tous | age_cat : 7 jour(s);citable;oui;non;;oui
4b_effets;Europe, tous | age_cat : 7 jour(s);enseignes_touchees;20.0;21.0;1,0;oui
4b_effets;Europe, tous | age_cat : 7 jour(s);fiches_touchees;20.0;21.0;1,0;oui
4b_effets;Europe, tous | age_cat : 7 jour(s);fourchette_basse;4.29;2.73;-1,56;oui
4b_effets;Europe, tous | age_cat : 7 jour(s);fourchette_haute;11.93;6.08;-5,85;oui
4b_effets;Europe, tous | age_cat : 7 jour(s);part_de_la_premiere_fiche;0.17;0.17;0,0;non
4b_effets;Europe, tous | age_cat : 7 jour(s);remarque;;calcul non convergé;;oui
4b_effets;Europe, tous | age_cat : 7 jour(s);risque_relatif;7.16;4.07;-3,09;oui
4b_effets;Europe, tous | age_cat : 7 jour(s);suppressions;64;65;1,0;oui
4b_effets;Europe, tous | age_cat : 8 jour(s);avis_jours;274;774;500,0;oui
4b_effets;Europe, tous | age_cat : 8 jour(s);citable;oui;non;;oui
4b_effets;Europe, tous | age_cat : 8 jour(s);enseignes_touchees;17.0;17.0;0,0;non
4b_effets;Europe, tous | age_cat : 8 jour(s);fiches_touchees;17.0;17.0;0,0;non
4b_effets;Europe, tous | age_cat : 8 jour(s);fourchette_basse;1.18;0.56;-0,62;oui
4b_effets;Europe, tous | age_cat : 8 jour(s);fourchette_haute;3.89;1.73;-2,16;oui
4b_effets;Europe, tous | age_cat : 8 jour(s);part_de_la_premiere_fiche;0.17;0.17;0,0;non
4b_effets;Europe, tous | age_cat : 8 jour(s);remarque;;calcul non convergé;;oui
4b_effets;Europe, tous | age_cat : 8 jour(s);risque_relatif;2.15;0.98;-1,17;oui
4b_effets;Europe, tous | age_cat : 8 jour(s);suppressions;23;23;0,0;non
4b_effets;Europe, tous | avis_auteur : 2 à 20 avis;avis_jours;1409;5219;3810,0;oui
4b_effets;Europe, tous | avis_auteur : 2 à 20 avis;citable;oui;non;;oui
4b_effets;Europe, tous | avis_auteur : 2 à 20 avis;enseignes_touchees;67.0;253.0;186,0;oui
4b_effets;Europe, tous | avis_auteur : 2 à 20 avis;fiches_touchees;67.0;274.0;207,0;oui
4b_effets;Europe, tous | avis_auteur : 2 à 20 avis;fourchette_basse;0.38;0.81;0,43;oui
4b_effets;Europe, tous | avis_auteur : 2 à 20 avis;fourchette_haute;0.82;1.24;0,42;oui
4b_effets;Europe, tous | avis_auteur : 2 à 20 avis;part_de_la_premiere_fiche;0.06;0.07;0,01;oui
4b_effets;Europe, tous | avis_auteur : 2 à 20 avis;remarque;;calcul non convergé;;oui
4b_effets;Europe, tous | avis_auteur : 2 à 20 avis;risque_relatif;0.56;1.0;0,44;oui
4b_effets;Europe, tous | avis_auteur : 2 à 20 avis;suppressions;108;494;386,0;oui
4b_effets;Europe, tous | avis_auteur : plus de 20 avis;avis_jours;459;1808;1349,0;oui
4b_effets;Europe, tous | avis_auteur : plus de 20 avis;citable;oui;non;;oui
4b_effets;Europe, tous | avis_auteur : plus de 20 avis;enseignes_touchees;28.0;132.0;104,0;oui
4b_effets;Europe, tous | avis_auteur : plus de 20 avis;fiches_touchees;28.0;140.0;112,0;oui
4b_effets;Europe, tous | avis_auteur : plus de 20 avis;fourchette_basse;0.46;0.73;0,27;oui
4b_effets;Europe, tous | avis_auteur : plus de 20 avis;fourchette_haute;2.71;1.79;-0,92;oui
4b_effets;Europe, tous | avis_auteur : plus de 20 avis;part_de_la_premiere_fiche;0.16;0.06;-0,1;oui
4b_effets;Europe, tous | avis_auteur : plus de 20 avis;remarque;;calcul non convergé;;oui
4b_effets;Europe, tous | avis_auteur : plus de 20 avis;risque_relatif;1.11;1.14;0,03;oui
4b_effets;Europe, tous | avis_auteur : plus de 20 avis;suppressions;37;181;144,0;oui
4b_effets;Europe, tous | local_guide : niveau 5 et plus;avis_jours;519;2195;1676,0;oui
4b_effets;Europe, tous | local_guide : niveau 5 et plus;citable;oui;non;;oui
4b_effets;Europe, tous | local_guide : niveau 5 et plus;enseignes_touchees;29.0;147.0;118,0;oui
4b_effets;Europe, tous | local_guide : niveau 5 et plus;fiches_touchees;29.0;155.0;126,0;oui
4b_effets;Europe, tous | local_guide : niveau 5 et plus;fourchette_basse;0.21;0.57;0,36;oui
4b_effets;Europe, tous | local_guide : niveau 5 et plus;fourchette_haute;1.21;1.3;0,09;oui
4b_effets;Europe, tous | local_guide : niveau 5 et plus;part_de_la_premiere_fiche;0.14;0.06;-0,08;oui
4b_effets;Europe, tous | local_guide : niveau 5 et plus;remarque;;calcul non convergé;;oui
4b_effets;Europe, tous | local_guide : niveau 5 et plus;risque_relatif;0.51;0.86;0,35;oui
4b_effets;Europe, tous | local_guide : niveau 5 et plus;suppressions;37;203;166,0;oui
4b_effets;Europe, tous | local_guide : sans niveau;avis_jours;409;1207;798,0;oui
4b_effets;Europe, tous | local_guide : sans niveau;citable;oui;non;;oui
4b_effets;Europe, tous | local_guide : sans niveau;enseignes_touchees;19.0;37.0;18,0;oui
4b_effets;Europe, tous | local_guide : sans niveau;fiches_touchees;19.0;37.0;18,0;oui
4b_effets;Europe, tous | local_guide : sans niveau;fourchette_basse;0.95;1.08;0,13;oui
4b_effets;Europe, tous | local_guide : sans niveau;fourchette_haute;2.24;1.89;-0,35;oui
4b_effets;Europe, tous | local_guide : sans niveau;part_de_la_premiere_fiche;0.12;0.29;0,17;oui
4b_effets;Europe, tous | local_guide : sans niveau;remarque;;calcul non convergé;;oui
4b_effets;Europe, tous | local_guide : sans niveau;risque_relatif;1.46;1.43;-0,03;oui
4b_effets;Europe, tous | local_guide : sans niveau;suppressions;64;164;100,0;oui
4b_effets;Europe, tous | note : 1 étoile(s);avis_jours;293;1880;1587,0;oui
4b_effets;Europe, tous | note : 1 étoile(s);citable;oui;non;;oui
4b_effets;Europe, tous | note : 1 étoile(s);enseignes_touchees;47.0;124.0;77,0;oui
4b_effets;Europe, tous | note : 1 étoile(s);fiches_touchees;49.0;131.0;82,0;oui
4b_effets;Europe, tous | note : 1 étoile(s);fourchette_basse;2.81;2.8;-0,01;oui
4b_effets;Europe, tous | note : 1 étoile(s);fourchette_haute;7.96;4.96;-3,0;oui
4b_effets;Europe, tous | note : 1 étoile(s);part_de_la_premiere_fiche;0.19;0.32;0,13;oui
4b_effets;Europe, tous | note : 1 étoile(s);remarque;;calcul non convergé;;oui
4b_effets;Europe, tous | note : 1 étoile(s);risque_relatif;4.73;3.73;-1,0;oui
4b_effets;Europe, tous | note : 1 étoile(s);suppressions;73;516;443,0;oui
4b_effets;Europe, tous | note : 2 étoile(s);avis_jours;112;381;269,0;oui
4b_effets;Europe, tous | note : 2 étoile(s);citable;non;non;;non
4b_effets;Europe, tous | note : 2 étoile(s);enseignes_touchees;10.0;36.0;26,0;oui
4b_effets;Europe, tous | note : 2 étoile(s);fiches_touchees;10.0;39.0;29,0;oui
4b_effets;Europe, tous | note : 2 étoile(s);fourchette_basse;0.79;1.79;1,0;oui
4b_effets;Europe, tous | note : 2 étoile(s);fourchette_haute;3.8;4.15;0,35;oui
4b_effets;Europe, tous | note : 2 étoile(s);part_de_la_premiere_fiche;0.41;0.18;-0,23;oui
4b_effets;Europe, tous | note : 2 étoile(s);remarque;;calcul non convergé;;oui
4b_effets;Europe, tous | note : 2 étoile(s);risque_relatif;1.73;2.73;1,0;oui
4b_effets;Europe, tous | note : 2 étoile(s);suppressions;17;50;33,0;oui
4b_effets;Europe, tous | note : 3 étoile(s);avis_jours;131;519;388,0;oui
4b_effets;Europe, tous | note : 3 étoile(s);citable;non;non;;non
4b_effets;Europe, tous | note : 3 étoile(s);enseignes_touchees;5.0;43.0;38,0;oui
4b_effets;Europe, tous | note : 3 étoile(s);fiches_touchees;5.0;43.0;38,0;oui
4b_effets;Europe, tous | note : 3 étoile(s);fourchette_basse;0.3;1.06;0,76;oui
4b_effets;Europe, tous | note : 3 étoile(s);fourchette_haute;2.15;2.42;0,27;oui
4b_effets;Europe, tous | note : 3 étoile(s);part_de_la_premiere_fiche;0.2;0.04;-0,16;oui
4b_effets;Europe, tous | note : 3 étoile(s);remarque;;calcul non convergé;;oui
4b_effets;Europe, tous | note : 3 étoile(s);risque_relatif;0.8;1.6;0,8;oui
4b_effets;Europe, tous | note : 3 étoile(s);suppressions;5;45;40,0;oui
4b_effets;Europe, tous | note : 4 étoile(s);avis_jours;379;1176;797,0;oui
4b_effets;Europe, tous | note : 4 étoile(s);citable;oui;non;;oui
4b_effets;Europe, tous | note : 4 étoile(s);enseignes_touchees;12.0;58.0;46,0;oui
4b_effets;Europe, tous | note : 4 étoile(s);fiches_touchees;12.0;58.0;46,0;oui
4b_effets;Europe, tous | note : 4 étoile(s);fourchette_basse;0.27;0.66;0,39;oui
4b_effets;Europe, tous | note : 4 étoile(s);fourchette_haute;0.97;1.25;0,28;oui
4b_effets;Europe, tous | note : 4 étoile(s);part_de_la_premiere_fiche;0.24;0.07;-0,17;oui
4b_effets;Europe, tous | note : 4 étoile(s);remarque;;calcul non convergé;;oui
4b_effets;Europe, tous | note : 4 étoile(s);risque_relatif;0.51;0.91;0,4;oui
4b_effets;Europe, tous | note : 4 étoile(s);suppressions;17;71;54,0;oui
4b_effets;Europe, tous | photo_jointe : avec photo;avis_jours;378;988;610,0;oui
4b_effets;Europe, tous | photo_jointe : avec photo;citable;oui;non;;oui
4b_effets;Europe, tous | photo_jointe : avec photo;enseignes_touchees;17.0;45.0;28,0;oui
4b_effets;Europe, tous | photo_jointe : avec photo;fiches_touchees;17.0;45.0;28,0;oui
4b_effets;Europe, tous | photo_jointe : avec photo;fourchette_basse;0.45;0.57;0,12;oui
4b_effets;Europe, tous | photo_jointe : avec photo;fourchette_haute;1.38;1.16;-0,22;oui
4b_effets;Europe, tous | photo_jointe : avec photo;part_de_la_premiere_fiche;0.21;0.11;-0,1;oui
4b_effets;Europe, tous | photo_jointe : avec photo;remarque;;calcul non convergé;;oui
4b_effets;Europe, tous | photo_jointe : avec photo;risque_relatif;0.79;0.81;0,02;oui
4b_effets;Europe, tous | photo_jointe : avec photo;suppressions;28;62;34,0;oui
4b_effets;Europe, tous | photos_auteur : 1 à 20 photos;avis_jours;878;3165;2287,0;oui
4b_effets;Europe, tous | photos_auteur : 1 à 20 photos;citable;oui;non;;oui
4b_effets;Europe, tous | photos_auteur : 1 à 20 photos;enseignes_touchees;46.0;158.0;112,0;oui
4b_effets;Europe, tous | photos_auteur : 1 à 20 photos;fiches_touchees;47.0;169.0;122,0;oui
4b_effets;Europe, tous | photos_auteur : 1 à 20 photos;fourchette_basse;0.85;0.72;-0,13;oui
4b_effets;Europe, tous | photos_auteur : 1 à 20 photos;fourchette_haute;2.02;1.11;-0,91;oui
4b_effets;Europe, tous | photos_auteur : 1 à 20 photos;part_de_la_premiere_fiche;0.12;0.08;-0,04;oui
4b_effets;Europe, tous | photos_auteur : 1 à 20 photos;remarque;;calcul non convergé;;oui
4b_effets;Europe, tous | photos_auteur : 1 à 20 photos;risque_relatif;1.31;0.9;-0,41;oui
4b_effets;Europe, tous | photos_auteur : 1 à 20 photos;suppressions;84;293;209,0;oui
4b_effets;Europe, tous | photos_auteur : plus de 20 photos;avis_jours;311;1245;934,0;oui
4b_effets;Europe, tous | photos_auteur : plus de 20 photos;citable;oui;non;;oui
4b_effets;Europe, tous | photos_auteur : plus de 20 photos;enseignes_touchees;17.0;77.0;60,0;oui
4b_effets;Europe, tous | photos_auteur : plus de 20 photos;fiches_touchees;17.0;78.0;61,0;oui
4b_effets;Europe, tous | photos_auteur : plus de 20 photos;fourchette_basse;0.29;0.56;0,27;oui
4b_effets;Europe, tous | photos_auteur : plus de 20 photos;fourchette_haute;1.69;1.2;-0,49;oui
4b_effets;Europe, tous | photos_auteur : plus de 20 photos;part_de_la_premiere_fiche;0.15;0.06;-0,09;oui
4b_effets;Europe, tous | photos_auteur : plus de 20 photos;remarque;;calcul non convergé;;oui
4b_effets;Europe, tous | photos_auteur : plus de 20 photos;risque_relatif;0.7;0.81;0,11;oui
4b_effets;Europe, tous | photos_auteur : plus de 20 photos;suppressions;20;100;80,0;oui
4b_effets;Europe, tous | reponse : réponse déjà là, fiche qui répond à 75 % ou moins;avis_jours;405;1579;1174,0;oui
4b_effets;Europe, tous | reponse : réponse déjà là, fiche qui répond à 75 % ou moins;citable;non;non;;non
4b_effets;Europe, tous | reponse : réponse déjà là, fiche qui répond à 75 % ou moins;enseignes_touchees;12.0;63.0;51,0;oui
4b_effets;Europe, tous | reponse : réponse déjà là, fiche qui répond à 75 % ou moins;fiches_touchees;12.0;65.0;53,0;oui
4b_effets;Europe, tous | reponse : réponse déjà là, fiche qui répond à 75 % ou moins;fourchette_basse;0.21;0.67;0,46;oui
4b_effets;Europe, tous | reponse : réponse déjà là, fiche qui répond à 75 % ou moins;fourchette_haute;0.81;1.27;0,46;oui
4b_effets;Europe, tous | reponse : réponse déjà là, fiche qui répond à 75 % ou moins;part_de_la_premiere_fiche;0.36;0.36;0,0;non
4b_effets;Europe, tous | reponse : réponse déjà là, fiche qui répond à 75 % ou moins;remarque;;calcul non convergé;;oui
4b_effets;Europe, tous | reponse : réponse déjà là, fiche qui répond à 75 % ou moins;risque_relatif;0.41;0.92;0,51;oui
4b_effets;Europe, tous | reponse : réponse déjà là, fiche qui répond à 75 % ou moins;suppressions;39;292;253,0;oui
4b_effets;Europe, tous | reponse : réponse déjà là, fiche qui répond à plus de 75 %;avis_jours;934;3273;2339,0;oui
4b_effets;Europe, tous | reponse : réponse déjà là, fiche qui répond à plus de 75 %;citable;oui;non;;oui
4b_effets;Europe, tous | reponse : réponse déjà là, fiche qui répond à plus de 75 %;enseignes_touchees;21.0;111.0;90,0;oui
4b_effets;Europe, tous | reponse : réponse déjà là, fiche qui répond à plus de 75 %;fiches_touchees;21.0;129.0;108,0;oui
4b_effets;Europe, tous | reponse : réponse déjà là, fiche qui répond à plus de 75 %;fourchette_basse;0.09;0.2;0,11;oui
4b_effets;Europe, tous | reponse : réponse déjà là, fiche qui répond à plus de 75 %;fourchette_haute;0.33;0.4;0,07;oui
4b_effets;Europe, tous | reponse : réponse déjà là, fiche qui répond à plus de 75 %;part_de_la_premiere_fiche;0.19;0.07;-0,12;oui
4b_effets;Europe, tous | reponse : réponse déjà là, fiche qui répond à plus de 75 %;remarque;;calcul non convergé;;oui
4b_effets;Europe, tous | reponse : réponse déjà là, fiche qui répond à plus de 75 %;risque_relatif;0.17;0.28;0,11;oui
4b_effets;Europe, tous | reponse : réponse déjà là, fiche qui répond à plus de 75 %;suppressions;47;211;164,0;oui
4b_effets;Europe, tous | reponse : réponse déjà là, habitude inconnue;avis_jours;;8;;oui
4b_effets;Europe, tous | reponse : réponse déjà là, habitude inconnue;citable;;non;;oui
4b_effets;Europe, tous | reponse : réponse déjà là, habitude inconnue;enseignes_touchees;;;;non
4b_effets;Europe, tous | reponse : réponse déjà là, habitude inconnue;fiches_touchees;;;;non
4b_effets;Europe, tous | reponse : réponse déjà là, habitude inconnue;fourchette_basse;;;;non
4b_effets;Europe, tous | reponse : réponse déjà là, habitude inconnue;fourchette_haute;;;;non
4b_effets;Europe, tous | reponse : réponse déjà là, habitude inconnue;part_de_la_premiere_fiche;;;;non
4b_effets;Europe, tous | reponse : réponse déjà là, habitude inconnue;remarque;;écartée : moins de 5 suppressions;;oui
4b_effets;Europe, tous | reponse : réponse déjà là, habitude inconnue;risque_relatif;;;;non
4b_effets;Europe, tous | reponse : réponse déjà là, habitude inconnue;suppressions;;3;;oui
4b_effets;Europe, tous | texte : 1 à 50 caractères;avis_jours;392;1623;1231,0;oui
4b_effets;Europe, tous | texte : 1 à 50 caractères;citable;oui;non;;oui
4b_effets;Europe, tous | texte : 1 à 50 caractères;enseignes_touchees;21.0;77.0;56,0;oui
4b_effets;Europe, tous | texte : 1 à 50 caractères;fiches_touchees;21.0;82.0;61,0;oui
4b_effets;Europe, tous | texte : 1 à 50 caractères;fourchette_basse;0.97;0.76;-0,21;oui
4b_effets;Europe, tous | texte : 1 à 50 caractères;fourchette_haute;3.01;1.3;-1,71;oui
4b_effets;Europe, tous | texte : 1 à 50 caractères;part_de_la_premiere_fiche;0.18;0.2;0,02;oui
4b_effets;Europe, tous | texte : 1 à 50 caractères;remarque;;calcul non convergé;;oui
4b_effets;Europe, tous | texte : 1 à 50 caractères;risque_relatif;1.71;1.0;-0,71;oui
4b_effets;Europe, tous | texte : 1 à 50 caractères;suppressions;34;153;119,0;oui
4b_effets;Europe, tous | texte : 51 à 200 caractères;avis_jours;889;2738;1849,0;oui
4b_effets;Europe, tous | texte : 51 à 200 caractères;citable;oui;non;;oui
4b_effets;Europe, tous | texte : 51 à 200 caractères;enseignes_touchees;34.0;158.0;124,0;oui
4b_effets;Europe, tous | texte : 51 à 200 caractères;fiches_touchees;35.0;166.0;131,0;oui
4b_effets;Europe, tous | texte : 51 à 200 caractères;fourchette_basse;0.92;0.87;-0,05;oui
4b_effets;Europe, tous | texte : 51 à 200 caractères;fourchette_haute;2.47;1.36;-1,11;oui
4b_effets;Europe, tous | texte : 51 à 200 caractères;part_de_la_premiere_fiche;0.15;0.07;-0,08;oui
4b_effets;Europe, tous | texte : 51 à 200 caractères;remarque;;calcul non convergé;;oui
4b_effets;Europe, tous | texte : 51 à 200 caractères;risque_relatif;1.51;1.08;-0,43;oui
4b_effets;Europe, tous | texte : 51 à 200 caractères;suppressions;79;295;216,0;oui
4b_effets;Europe, tous | texte : plus de 200 caractères;avis_jours;1019;2896;1877,0;oui
4b_effets;Europe, tous | texte : plus de 200 caractères;citable;oui;non;;oui
4b_effets;Europe, tous | texte : plus de 200 caractères;enseignes_touchees;61.0;167.0;106,0;oui
4b_effets;Europe, tous | texte : plus de 200 caractères;fiches_touchees;63.0;178.0;115,0;oui
4b_effets;Europe, tous | texte : plus de 200 caractères;fourchette_basse;1.17;0.78;-0,39;oui
4b_effets;Europe, tous | texte : plus de 200 caractères;fourchette_haute;3.18;1.29;-1,89;oui
4b_effets;Europe, tous | texte : plus de 200 caractères;part_de_la_premiere_fiche;0.07;0.1;0,03;oui
4b_effets;Europe, tous | texte : plus de 200 caractères;remarque;;calcul non convergé;;oui
4b_effets;Europe, tous | texte : plus de 200 caractères;risque_relatif;1.93;1.0;-0,93;oui
4b_effets;Europe, tous | texte : plus de 200 caractères;suppressions;102;282;180,0;oui
4b_effets;US, sans_enseignes | age_cat : 1 jour(s);avis_jours;74;177;103,0;oui
4b_effets;US, sans_enseignes | age_cat : 1 jour(s);citable;non;non;;non
4b_effets;US, sans_enseignes | age_cat : 1 jour(s);enseignes_touchees;4.0;6.0;2,0;oui
4b_effets;US, sans_enseignes | age_cat : 1 jour(s);fiches_touchees;5.0;8.0;3,0;oui
4b_effets;US, sans_enseignes | age_cat : 1 jour(s);fourchette_basse;0.28;0.37;0,09;oui
4b_effets;US, sans_enseignes | age_cat : 1 jour(s);fourchette_haute;2.45;1.71;-0,74;oui
4b_effets;US, sans_enseignes | age_cat : 1 jour(s);part_de_la_premiere_fiche;0.33;0.22;-0,11;oui
4b_effets;US, sans_enseignes | age_cat : 1 jour(s);remarque;;;;non
4b_effets;US, sans_enseignes | age_cat : 1 jour(s);risque_relatif;0.82;0.79;-0,03;oui
4b_effets;US, sans_enseignes | age_cat : 1 jour(s);suppressions;6;9;3,0;oui
4b_effets;US, sans_enseignes | age_cat : 14 jours et plus;avis_jours;1096;4383;3287,0;oui
4b_effets;US, sans_enseignes | age_cat : 14 jours et plus;citable;oui;oui;;non
4b_effets;US, sans_enseignes | age_cat : 14 jours et plus;enseignes_touchees;16.0;336.0;320,0;oui
4b_effets;US, sans_enseignes | age_cat : 14 jours et plus;fiches_touchees;16.0;415.0;399,0;oui
4b_effets;US, sans_enseignes | age_cat : 14 jours et plus;fourchette_basse;0.25;5.52;5,27;oui
4b_effets;US, sans_enseignes | age_cat : 14 jours et plus;fourchette_haute;0.66;8.02;7,36;oui
4b_effets;US, sans_enseignes | age_cat : 14 jours et plus;part_de_la_premiere_fiche;0.16;0.03;-0,13;oui
4b_effets;US, sans_enseignes | age_cat : 14 jours et plus;remarque;;;;non
4b_effets;US, sans_enseignes | age_cat : 14 jours et plus;risque_relatif;0.41;6.65;6,24;oui
4b_effets;US, sans_enseignes | age_cat : 14 jours et plus;suppressions;32;1029;997,0;oui
4b_effets;US, sans_enseignes | age_cat : 2 jour(s);avis_jours;438;1005;567,0;oui
4b_effets;US, sans_enseignes | age_cat : 2 jour(s);citable;oui;oui;;non
4b_effets;US, sans_enseignes | age_cat : 2 jour(s);enseignes_touchees;21.0;42.0;21,0;oui
4b_effets;US, sans_enseignes | age_cat : 2 jour(s);fiches_touchees;21.0;42.0;21,0;oui
4b_effets;US, sans_enseignes | age_cat : 2 jour(s);fourchette_basse;0.21;0.49;0,28;oui
4b_effets;US, sans_enseignes | age_cat : 2 jour(s);fourchette_haute;0.71;1.02;0,31;oui
4b_effets;US, sans_enseignes | age_cat : 2 jour(s);part_de_la_premiere_fiche;0.05;0.04;-0,01;oui
4b_effets;US, sans_enseignes | age_cat : 2 jour(s);remarque;;;;non
4b_effets;US, sans_enseignes | age_cat : 2 jour(s);risque_relatif;0.39;0.71;0,32;oui
4b_effets;US, sans_enseignes | age_cat : 2 jour(s);suppressions;21;46;25,0;oui
4b_effets;US, sans_enseignes | age_cat : 3 jour(s);avis_jours;540;1055;515,0;oui
4b_effets;US, sans_enseignes | age_cat : 3 jour(s);citable;oui;oui;;non
4b_effets;US, sans_enseignes | age_cat : 3 jour(s);enseignes_touchees;10.0;25.0;15,0;oui
4b_effets;US, sans_enseignes | age_cat : 3 jour(s);fiches_touchees;10.0;26.0;16,0;oui
4b_effets;US, sans_enseignes | age_cat : 3 jour(s);fourchette_basse;0.07;0.24;0,17;oui
4b_effets;US, sans_enseignes | age_cat : 3 jour(s);fourchette_haute;0.33;0.6;0,27;oui
4b_effets;US, sans_enseignes | age_cat : 3 jour(s);part_de_la_premiere_fiche;0.1;0.04;-0,06;oui
4b_effets;US, sans_enseignes | age_cat : 3 jour(s);remarque;;;;non
4b_effets;US, sans_enseignes | age_cat : 3 jour(s);risque_relatif;0.15;0.38;0,23;oui
4b_effets;US, sans_enseignes | age_cat : 3 jour(s);suppressions;10;26;16,0;oui
4b_effets;US, sans_enseignes | age_cat : 4 jour(s);avis_jours;540;1029;489,0;oui
4b_effets;US, sans_enseignes | age_cat : 4 jour(s);citable;non;non;;non
4b_effets;US, sans_enseignes | age_cat : 4 jour(s);enseignes_touchees;6.0;9.0;3,0;oui
4b_effets;US, sans_enseignes | age_cat : 4 jour(s);fiches_touchees;6.0;9.0;3,0;oui
4b_effets;US, sans_enseignes | age_cat : 4 jour(s);fourchette_basse;0.08;0.09;0,01;oui
4b_effets;US, sans_enseignes | age_cat : 4 jour(s);fourchette_haute;0.37;0.31;-0,06;oui
4b_effets;US, sans_enseignes | age_cat : 4 jour(s);part_de_la_premiere_fiche;0.44;0.33;-0,11;oui
4b_effets;US, sans_enseignes | age_cat : 4 jour(s);remarque;;;;non
4b_effets;US, sans_enseignes | age_cat : 4 jour(s);risque_relatif;0.18;0.17;-0,01;oui
4b_effets;US, sans_enseignes | age_cat : 4 jour(s);suppressions;9;12;3,0;oui
4b_effets;US, sans_enseignes | age_cat : 5 jour(s);avis_jours;618;1185;567,0;oui
4b_effets;US, sans_enseignes | age_cat : 5 jour(s);citable;oui;oui;;non
4b_effets;US, sans_enseignes | age_cat : 5 jour(s);enseignes_touchees;10.0;15.0;5,0;oui
4b_effets;US, sans_enseignes | age_cat : 5 jour(s);fiches_touchees;10.0;16.0;6,0;oui
4b_effets;US, sans_enseignes | age_cat : 5 jour(s);fourchette_basse;0.12;0.15;0,03;oui
4b_effets;US, sans_enseignes | age_cat : 5 jour(s);fourchette_haute;0.45;0.41;-0,04;oui
4b_effets;US, sans_enseignes | age_cat : 5 jour(s);part_de_la_premiere_fiche;0.1;0.12;0,02;oui
4b_effets;US, sans_enseignes | age_cat : 5 jour(s);remarque;;;;non
4b_effets;US, sans_enseignes | age_cat : 5 jour(s);risque_relatif;0.23;0.25;0,02;oui
4b_effets;US, sans_enseignes | age_cat : 5 jour(s);suppressions;10;17;7,0;oui
4b_effets;US, sans_enseignes | age_cat : 6 jour(s);avis_jours;727;1407;680,0;oui
4b_effets;US, sans_enseignes | age_cat : 6 jour(s);citable;oui;oui;;non
4b_effets;US, sans_enseignes | age_cat : 6 jour(s);enseignes_touchees;47.0;52.0;5,0;oui
4b_effets;US, sans_enseignes | age_cat : 6 jour(s);fiches_touchees;58.0;64.0;6,0;oui
4b_effets;US, sans_enseignes | age_cat : 6 jour(s);fourchette_basse;2.04;1.6;-0,44;oui
4b_effets;US, sans_enseignes | age_cat : 6 jour(s);fourchette_haute;3.87;2.68;-1,19;oui
4b_effets;US, sans_enseignes | age_cat : 6 jour(s);part_de_la_premiere_fiche;0.09;0.11;0,02;oui
4b_effets;US, sans_enseignes | age_cat : 6 jour(s);remarque;;;;non
4b_effets;US, sans_enseignes | age_cat : 6 jour(s);risque_relatif;2.81;2.07;-0,74;oui
4b_effets;US, sans_enseignes | age_cat : 6 jour(s);suppressions;116;135;19,0;oui
4b_effets;US, sans_enseignes | age_cat : 7 jour(s);avis_jours;710;1418;708,0;oui
4b_effets;US, sans_enseignes | age_cat : 7 jour(s);citable;oui;oui;;non
4b_effets;US, sans_enseignes | age_cat : 7 jour(s);enseignes_touchees;58.0;61.0;3,0;oui
4b_effets;US, sans_enseignes | age_cat : 7 jour(s);fiches_touchees;72.0;75.0;3,0;oui
4b_effets;US, sans_enseignes | age_cat : 7 jour(s);fourchette_basse;5.46;2.74;-2,72;oui
4b_effets;US, sans_enseignes | age_cat : 7 jour(s);fourchette_haute;10.13;4.41;-5,72;oui
4b_effets;US, sans_enseignes | age_cat : 7 jour(s);part_de_la_premiere_fiche;0.08;0.07;-0,01;oui
4b_effets;US, sans_enseignes | age_cat : 7 jour(s);remarque;;;;non
4b_effets;US, sans_enseignes | age_cat : 7 jour(s);risque_relatif;7.44;3.47;-3,97;oui
4b_effets;US, sans_enseignes | age_cat : 7 jour(s);suppressions;185;188;3,0;oui
4b_effets;US, sans_enseignes | age_cat : 8 jour(s);avis_jours;557;1180;623,0;oui
4b_effets;US, sans_enseignes | age_cat : 8 jour(s);citable;oui;oui;;non
4b_effets;US, sans_enseignes | age_cat : 8 jour(s);enseignes_touchees;34.0;35.0;1,0;oui
4b_effets;US, sans_enseignes | age_cat : 8 jour(s);fiches_touchees;37.0;38.0;1,0;oui
4b_effets;US, sans_enseignes | age_cat : 8 jour(s);fourchette_basse;1.22;0.7;-0,52;oui
4b_effets;US, sans_enseignes | age_cat : 8 jour(s);fourchette_haute;2.71;1.4;-1,31;oui
4b_effets;US, sans_enseignes | age_cat : 8 jour(s);part_de_la_premiere_fiche;0.08;0.08;0,0;non
4b_effets;US, sans_enseignes | age_cat : 8 jour(s);remarque;;;;non
4b_effets;US, sans_enseignes | age_cat : 8 jour(s);risque_relatif;1.82;0.99;-0,83;oui
4b_effets;US, sans_enseignes | age_cat : 8 jour(s);suppressions;50;51;1,0;oui
4b_effets;US, sans_enseignes | avis_auteur : 2 à 20 avis;avis_jours;4305;9803;5498,0;oui
4b_effets;US, sans_enseignes | avis_auteur : 2 à 20 avis;citable;oui;oui;;non
4b_effets;US, sans_enseignes | avis_auteur : 2 à 20 avis;enseignes_touchees;86.0;270.0;184,0;oui
4b_effets;US, sans_enseignes | avis_auteur : 2 à 20 avis;fiches_touchees;108.0;332.0;224,0;oui
4b_effets;US, sans_enseignes | avis_auteur : 2 à 20 avis;fourchette_basse;0.61;0.84;0,23;oui
4b_effets;US, sans_enseignes | avis_auteur : 2 à 20 avis;fourchette_haute;1.03;1.15;0,12;oui
4b_effets;US, sans_enseignes | avis_auteur : 2 à 20 avis;part_de_la_premiere_fiche;0.06;0.04;-0,02;oui
4b_effets;US, sans_enseignes | avis_auteur : 2 à 20 avis;remarque;;;;non
4b_effets;US, sans_enseignes | avis_auteur : 2 à 20 avis;risque_relatif;0.8;0.99;0,19;oui
4b_effets;US, sans_enseignes | avis_auteur : 2 à 20 avis;suppressions;308;1013;705,0;oui
4b_effets;US, sans_enseignes | avis_auteur : plus de 20 avis;avis_jours;788;2062;1274,0;oui
4b_effets;US, sans_enseignes | avis_auteur : plus de 20 avis;citable;oui;oui;;non
4b_effets;US, sans_enseignes | avis_auteur : plus de 20 avis;enseignes_touchees;33.0;134.0;101,0;oui
4b_effets;US, sans_enseignes | avis_auteur : plus de 20 avis;fiches_touchees;36.0;152.0;116,0;oui
4b_effets;US, sans_enseignes | avis_auteur : plus de 20 avis;fourchette_basse;0.36;0.7;0,34;oui
4b_effets;US, sans_enseignes | avis_auteur : plus de 20 avis;fourchette_haute;1.43;1.44;0,01;oui
4b_effets;US, sans_enseignes | avis_auteur : plus de 20 avis;part_de_la_premiere_fiche;0.05;0.03;-0,02;oui
4b_effets;US, sans_enseignes | avis_auteur : plus de 20 avis;remarque;;;;non
4b_effets;US, sans_enseignes | avis_auteur : plus de 20 avis;risque_relatif;0.71;1.0;0,29;oui
4b_effets;US, sans_enseignes | avis_auteur : plus de 20 avis;suppressions;41;194;153,0;oui
4b_effets;US, sans_enseignes | local_guide : niveau 5 et plus;avis_jours;819;2143;1324,0;oui
4b_effets;US, sans_enseignes | local_guide : niveau 5 et plus;citable;oui;oui;;non
4b_effets;US, sans_enseignes | local_guide : niveau 5 et plus;enseignes_touchees;34.0;133.0;99,0;oui
4b_effets;US, sans_enseignes | local_guide : niveau 5 et plus;fiches_touchees;36.0;148.0;112,0;oui
4b_effets;US, sans_enseignes | local_guide : niveau 5 et plus;fourchette_basse;0.53;0.66;0,13;oui
4b_effets;US, sans_enseignes | local_guide : niveau 5 et plus;fourchette_haute;2.04;1.33;-0,71;oui
4b_effets;US, sans_enseignes | local_guide : niveau 5 et plus;part_de_la_premiere_fiche;0.07;0.04;-0,03;oui
4b_effets;US, sans_enseignes | local_guide : niveau 5 et plus;remarque;;;;non
4b_effets;US, sans_enseignes | local_guide : niveau 5 et plus;risque_relatif;1.04;0.94;-0,1;oui
4b_effets;US, sans_enseignes | local_guide : niveau 5 et plus;suppressions;41;184;143,0;oui
4b_effets;US, sans_enseignes | local_guide : sans niveau;avis_jours;807;1636;829,0;oui
4b_effets;US, sans_enseignes | local_guide : sans niveau;citable;oui;oui;;non
4b_effets;US, sans_enseignes | local_guide : sans niveau;enseignes_touchees;50.0;79.0;29,0;oui
4b_effets;US, sans_enseignes | local_guide : sans niveau;fiches_touchees;54.0;86.0;32,0;oui
4b_effets;US, sans_enseignes | local_guide : sans niveau;fourchette_basse;1.12;0.99;-0,13;oui
4b_effets;US, sans_enseignes | local_guide : sans niveau;fourchette_haute;2.2;1.61;-0,59;oui
4b_effets;US, sans_enseignes | local_guide : sans niveau;part_de_la_premiere_fiche;0.07;0.06;-0,01;oui
4b_effets;US, sans_enseignes | local_guide : sans niveau;remarque;;;;non
4b_effets;US, sans_enseignes | local_guide : sans niveau;risque_relatif;1.57;1.26;-0,31;oui
4b_effets;US, sans_enseignes | local_guide : sans niveau;suppressions;98;144;46,0;oui
4b_effets;US, sans_enseignes | note : 1 étoile(s);avis_jours;464;1139;675,0;oui
4b_effets;US, sans_enseignes | note : 1 étoile(s);citable;oui;oui;;non
4b_effets;US, sans_enseignes | note : 1 étoile(s);enseignes_touchees;38.0;111.0;73,0;oui
4b_effets;US, sans_enseignes | note : 1 étoile(s);fiches_touchees;40.0;118.0;78,0;oui
4b_effets;US, sans_enseignes | note : 1 étoile(s);fourchette_basse;3.22;2.31;-0,91;oui
4b_effets;US, sans_enseignes | note : 1 étoile(s);fourchette_haute;7.54;3.78;-3,76;oui
4b_effets;US, sans_enseignes | note : 1 étoile(s);part_de_la_premiere_fiche;0.08;0.07;-0,01;oui
4b_effets;US, sans_enseignes | note : 1 étoile(s);remarque;;;;non
4b_effets;US, sans_enseignes | note : 1 étoile(s);risque_relatif;4.93;2.95;-1,98;oui
4b_effets;US, sans_enseignes | note : 1 étoile(s);suppressions;84;231;147,0;oui
4b_effets;US, sans_enseignes | note : 2 étoile(s);avis_jours;74;226;152,0;oui
4b_effets;US, sans_enseignes | note : 2 étoile(s);citable;oui;oui;;non
4b_effets;US, sans_enseignes | note : 2 étoile(s);enseignes_touchees;10.0;33.0;23,0;oui
4b_effets;US, sans_enseignes | note : 2 étoile(s);fiches_touchees;10.0;34.0;24,0;oui
4b_effets;US, sans_enseignes | note : 2 étoile(s);fourchette_basse;2.04;1.37;-0,67;oui
4b_effets;US, sans_enseignes | note : 2 étoile(s);fourchette_haute;10.15;3.25;-6,9;oui
4b_effets;US, sans_enseignes | note : 2 étoile(s);part_de_la_premiere_fiche;0.18;0.07;-0,11;oui
4b_effets;US, sans_enseignes | note : 2 étoile(s);remarque;;;;non
4b_effets;US, sans_enseignes | note : 2 étoile(s);risque_relatif;4.55;2.11;-2,44;oui
4b_effets;US, sans_enseignes | note : 2 étoile(s);suppressions;11;40;29,0;oui
4b_effets;US, sans_enseignes | note : 3 étoile(s);avis_jours;72;250;178,0;oui
4b_effets;US, sans_enseignes | note : 3 étoile(s);citable;non;oui;;oui
4b_effets;US, sans_enseignes | note : 3 étoile(s);enseignes_touchees;;34.0;;oui
4b_effets;US, sans_enseignes | note : 3 étoile(s);fiches_touchees;;35.0;;oui
4b_effets;US, sans_enseignes | note : 3 étoile(s);fourchette_basse;;0.79;;oui
4b_effets;US, sans_enseignes | note : 3 étoile(s);fourchette_haute;;1.93;;oui
4b_effets;US, sans_enseignes | note : 3 étoile(s);part_de_la_premiere_fiche;;0.05;;oui
4b_effets;US, sans_enseignes | note : 3 étoile(s);remarque;écartée : moins de 5 suppressions;;;oui
4b_effets;US, sans_enseignes | note : 3 étoile(s);risque_relatif;;1.23;;oui
4b_effets;US, sans_enseignes | note : 3 étoile(s);suppressions;4;37;33,0;oui
4b_effets;US, sans_enseignes | note : 4 étoile(s);avis_jours;237;667;430,0;oui
4b_effets;US, sans_enseignes | note : 4 étoile(s);citable;oui;oui;;non
4b_effets;US, sans_enseignes | note : 4 étoile(s);enseignes_touchees;13.0;38.0;25,0;oui
4b_effets;US, sans_enseignes | note : 4 étoile(s);fiches_touchees;13.0;41.0;28,0;oui
4b_effets;US, sans_enseignes | note : 4 étoile(s);fourchette_basse;0.31;0.62;0,31;oui
4b_effets;US, sans_enseignes | note : 4 étoile(s);fourchette_haute;1.19;1.27;0,08;oui
4b_effets;US, sans_enseignes | note : 4 étoile(s);part_de_la_premiere_fiche;0.14;0.1;-0,04;oui
4b_effets;US, sans_enseignes | note : 4 étoile(s);remarque;;;;non
4b_effets;US, sans_enseignes | note : 4 étoile(s);risque_relatif;0.61;0.89;0,28;oui
4b_effets;US, sans_enseignes | note : 4 étoile(s);suppressions;14;50;36,0;oui
4b_effets;US, sans_enseignes | photo_jointe : avec photo;avis_jours;417;973;556,0;oui
4b_effets;US, sans_enseignes | photo_jointe : avec photo;citable;oui;oui;;non
4b_effets;US, sans_enseignes | photo_jointe : avec photo;enseignes_touchees;27.0;71.0;44,0;oui
4b_effets;US, sans_enseignes | photo_jointe : avec photo;fiches_touchees;27.0;77.0;50,0;oui
4b_effets;US, sans_enseignes | photo_jointe : avec photo;fourchette_basse;0.72;0.76;0,04;oui
4b_effets;US, sans_enseignes | photo_jointe : avec photo;fourchette_haute;2.03;1.35;-0,68;oui
4b_effets;US, sans_enseignes | photo_jointe : avec photo;part_de_la_premiere_fiche;0.1;0.05;-0,05;oui
4b_effets;US, sans_enseignes | photo_jointe : avec photo;remarque;;;;non
4b_effets;US, sans_enseignes | photo_jointe : avec photo;risque_relatif;1.21;1.01;-0,2;oui
4b_effets;US, sans_enseignes | photo_jointe : avec photo;suppressions;39;118;79,0;oui
4b_effets;US, sans_enseignes | photos_auteur : 1 à 20 photos;avis_jours;1925;4457;2532,0;oui
4b_effets;US, sans_enseignes | photos_auteur : 1 à 20 photos;citable;oui;oui;;non
4b_effets;US, sans_enseignes | photos_auteur : 1 à 20 photos;enseignes_touchees;68.0;195.0;127,0;oui
4b_effets;US, sans_enseignes | photos_auteur : 1 à 20 photos;fiches_touchees;83.0;236.0;153,0;oui
4b_effets;US, sans_enseignes | photos_auteur : 1 à 20 photos;fourchette_basse;0.65;0.86;0,21;oui
4b_effets;US, sans_enseignes | photos_auteur : 1 à 20 photos;fourchette_haute;1.17;1.19;0,02;oui
4b_effets;US, sans_enseignes | photos_auteur : 1 à 20 photos;part_de_la_premiere_fiche;0.03;0.03;0,0;non
4b_effets;US, sans_enseignes | photos_auteur : 1 à 20 photos;remarque;;;;non
4b_effets;US, sans_enseignes | photos_auteur : 1 à 20 photos;risque_relatif;0.87;1.01;0,14;oui
4b_effets;US, sans_enseignes | photos_auteur : 1 à 20 photos;suppressions;143;464;321,0;oui
4b_effets;US, sans_enseignes | photos_auteur : plus de 20 photos;avis_jours;358;946;588,0;oui
4b_effets;US, sans_enseignes | photos_auteur : plus de 20 photos;citable;non;oui;;oui
4b_effets;US, sans_enseignes | photos_auteur : plus de 20 photos;enseignes_touchees;8.0;54.0;46,0;oui
4b_effets;US, sans_enseignes | photos_auteur : plus de 20 photos;fiches_touchees;8.0;55.0;47,0;oui
4b_effets;US, sans_enseignes | photos_auteur : plus de 20 photos;fourchette_basse;0.1;0.34;0,24;oui
4b_effets;US, sans_enseignes | photos_auteur : plus de 20 photos;fourchette_haute;0.55;0.74;0,19;oui
4b_effets;US, sans_enseignes | photos_auteur : plus de 20 photos;part_de_la_premiere_fiche;0.22;0.03;-0,19;oui
4b_effets;US, sans_enseignes | photos_auteur : plus de 20 photos;remarque;;;;non
4b_effets;US, sans_enseignes | photos_auteur : plus de 20 photos;risque_relatif;0.24;0.5;0,26;oui
4b_effets;US, sans_enseignes | photos_auteur : plus de 20 photos;suppressions;9;59;50,0;oui
4b_effets;US, sans_enseignes | reponse : réponse déjà là, fiche qui répond à 75 % ou moins;avis_jours;633;1316;683,0;oui
4b_effets;US, sans_enseignes | reponse : réponse déjà là, fiche qui répond à 75 % ou moins;citable;non;non;;non
4b_effets;US, sans_enseignes | reponse : réponse déjà là, fiche qui répond à 75 % ou moins;enseignes_touchees;9.0;43.0;34,0;oui
4b_effets;US, sans_enseignes | reponse : réponse déjà là, fiche qui répond à 75 % ou moins;fiches_touchees;10.0;49.0;39,0;oui
4b_effets;US, sans_enseignes | reponse : réponse déjà là, fiche qui répond à 75 % ou moins;fourchette_basse;0.29;0.81;0,52;oui
4b_effets;US, sans_enseignes | reponse : réponse déjà là, fiche qui répond à 75 % ou moins;fourchette_haute;1.53;1.79;0,26;oui
4b_effets;US, sans_enseignes | reponse : réponse déjà là, fiche qui répond à 75 % ou moins;part_de_la_premiere_fiche;0.58;0.34;-0,24;oui
4b_effets;US, sans_enseignes | reponse : réponse déjà là, fiche qui répond à 75 % ou moins;remarque;;;;non
4b_effets;US, sans_enseignes | reponse : réponse déjà là, fiche qui répond à 75 % ou moins;risque_relatif;0.66;1.21;0,55;oui
4b_effets;US, sans_enseignes | reponse : réponse déjà là, fiche qui répond à 75 % ou moins;suppressions;36;160;124,0;oui
4b_effets;US, sans_enseignes | reponse : réponse déjà là, fiche qui répond à plus de 75 %;avis_jours;3220;8521;5301,0;oui
4b_effets;US, sans_enseignes | reponse : réponse déjà là, fiche qui répond à plus de 75 %;citable;oui;oui;;non
4b_effets;US, sans_enseignes | reponse : réponse déjà là, fiche qui répond à plus de 75 %;enseignes_touchees;55.0;166.0;111,0;oui
4b_effets;US, sans_enseignes | reponse : réponse déjà là, fiche qui répond à plus de 75 %;fiches_touchees;64.0;220.0;156,0;oui
4b_effets;US, sans_enseignes | reponse : réponse déjà là, fiche qui répond à plus de 75 %;fourchette_basse;0.13;0.27;0,14;oui
4b_effets;US, sans_enseignes | reponse : réponse déjà là, fiche qui répond à plus de 75 %;fourchette_haute;0.38;0.47;0,09;oui
4b_effets;US, sans_enseignes | reponse : réponse déjà là, fiche qui répond à plus de 75 %;part_de_la_premiere_fiche;0.05;0.05;0,0;non
4b_effets;US, sans_enseignes | reponse : réponse déjà là, fiche qui répond à plus de 75 %;remarque;;;;non
4b_effets;US, sans_enseignes | reponse : réponse déjà là, fiche qui répond à plus de 75 %;risque_relatif;0.22;0.36;0,14;oui
4b_effets;US, sans_enseignes | reponse : réponse déjà là, fiche qui répond à plus de 75 %;suppressions;198;750;552,0;oui
4b_effets;US, sans_enseignes | reponse : réponse déjà là, habitude inconnue;avis_jours;3;14;11,0;oui
4b_effets;US, sans_enseignes | reponse : réponse déjà là, habitude inconnue;citable;non;non;;non
4b_effets;US, sans_enseignes | reponse : réponse déjà là, habitude inconnue;enseignes_touchees;;;;non
4b_effets;US, sans_enseignes | reponse : réponse déjà là, habitude inconnue;fiches_touchees;;;;non
4b_effets;US, sans_enseignes | reponse : réponse déjà là, habitude inconnue;fourchette_basse;;;;non
4b_effets;US, sans_enseignes | reponse : réponse déjà là, habitude inconnue;fourchette_haute;;;;non
4b_effets;US, sans_enseignes | reponse : réponse déjà là, habitude inconnue;part_de_la_premiere_fiche;;;;non
4b_effets;US, sans_enseignes | reponse : réponse déjà là, habitude inconnue;remarque;écartée : moins de 5 suppressions;écartée : moins de 5 suppressions;;non
4b_effets;US, sans_enseignes | reponse : réponse déjà là, habitude inconnue;risque_relatif;;;;non
4b_effets;US, sans_enseignes | reponse : réponse déjà là, habitude inconnue;suppressions;1;4;3,0;oui
4b_effets;US, sans_enseignes | texte : 1 à 50 caractères;avis_jours;1726;3455;1729,0;oui
4b_effets;US, sans_enseignes | texte : 1 à 50 caractères;citable;oui;oui;;non
4b_effets;US, sans_enseignes | texte : 1 à 50 caractères;enseignes_touchees;46.0;102.0;56,0;oui
4b_effets;US, sans_enseignes | texte : 1 à 50 caractères;fiches_touchees;56.0;125.0;69,0;oui
4b_effets;US, sans_enseignes | texte : 1 à 50 caractères;fourchette_basse;0.68;0.92;0,24;oui
4b_effets;US, sans_enseignes | texte : 1 à 50 caractères;fourchette_haute;1.37;1.4;0,03;oui
4b_effets;US, sans_enseignes | texte : 1 à 50 caractères;part_de_la_premiere_fiche;0.08;0.05;-0,03;oui
4b_effets;US, sans_enseignes | texte : 1 à 50 caractères;remarque;;;;non
4b_effets;US, sans_enseignes | texte : 1 à 50 caractères;risque_relatif;0.97;1.14;0,17;oui
4b_effets;US, sans_enseignes | texte : 1 à 50 caractères;suppressions;91;258;167,0;oui
4b_effets;US, sans_enseignes | texte : 51 à 200 caractères;avis_jours;3037;6693;3656,0;oui
4b_effets;US, sans_enseignes | texte : 51 à 200 caractères;citable;oui;oui;;non
4b_effets;US, sans_enseignes | texte : 51 à 200 caractères;enseignes_touchees;61.0;172.0;111,0;oui
4b_effets;US, sans_enseignes | texte : 51 à 200 caractères;fiches_touchees;74.0;218.0;144,0;oui
4b_effets;US, sans_enseignes | texte : 51 à 200 caractères;fourchette_basse;0.56;0.85;0,29;oui
4b_effets;US, sans_enseignes | texte : 51 à 200 caractères;fourchette_haute;1.03;1.21;0,18;oui
4b_effets;US, sans_enseignes | texte : 51 à 200 caractères;part_de_la_premiere_fiche;0.1;0.05;-0,05;oui
4b_effets;US, sans_enseignes | texte : 51 à 200 caractères;remarque;;;;non
4b_effets;US, sans_enseignes | texte : 51 à 200 caractères;risque_relatif;0.76;1.02;0,26;oui
4b_effets;US, sans_enseignes | texte : 51 à 200 caractères;suppressions;199;614;415,0;oui
4b_effets;US, sans_enseignes | texte : plus de 200 caractères;avis_jours;1542;3826;2284,0;oui
4b_effets;US, sans_enseignes | texte : plus de 200 caractères;citable;oui;oui;;non
4b_effets;US, sans_enseignes | texte : plus de 200 caractères;enseignes_touchees;78.0;229.0;151,0;oui
4b_effets;US, sans_enseignes | texte : plus de 200 caractères;fiches_touchees;87.0;257.0;170,0;oui
4b_effets;US, sans_enseignes | texte : plus de 200 caractères;fourchette_basse;0.71;0.93;0,22;oui
4b_effets;US, sans_enseignes | texte : plus de 200 caractères;fourchette_haute;1.43;1.4;-0,03;oui
4b_effets;US, sans_enseignes | texte : plus de 200 caractères;part_de_la_premiere_fiche;0.05;0.04;-0,01;oui
4b_effets;US, sans_enseignes | texte : plus de 200 caractères;remarque;;;;non
4b_effets;US, sans_enseignes | texte : plus de 200 caractères;risque_relatif;1.0;1.14;0,14;oui
4b_effets;US, sans_enseignes | texte : plus de 200 caractères;suppressions;165;512;347,0;oui
4b_effets;US, tous | age_cat : 1 jour(s);avis_jours;101;233;132,0;oui
4b_effets;US, tous | age_cat : 1 jour(s);citable;non;oui;;oui
4b_effets;US, tous | age_cat : 1 jour(s);enseignes_touchees;4.0;7.0;3,0;oui
4b_effets;US, tous | age_cat : 1 jour(s);fiches_touchees;5.0;9.0;4,0;oui
4b_effets;US, tous | age_cat : 1 jour(s);fourchette_basse;0.22;0.31;0,09;oui
4b_effets;US, tous | age_cat : 1 jour(s);fourchette_haute;1.66;1.29;-0,37;oui
4b_effets;US, tous | age_cat : 1 jour(s);part_de_la_premiere_fiche;0.33;0.2;-0,13;oui
4b_effets;US, tous | age_cat : 1 jour(s);remarque;;;;non
4b_effets;US, tous | age_cat : 1 jour(s);risque_relatif;0.61;0.64;0,03;oui
4b_effets;US, tous | age_cat : 1 jour(s);suppressions;6;10;4,0;oui
4b_effets;US, tous | age_cat : 14 jours et plus;avis_jours;1984;6815;4831,0;oui
4b_effets;US, tous | age_cat : 14 jours et plus;citable;oui;oui;;non
4b_effets;US, tous | age_cat : 14 jours et plus;enseignes_touchees;18.0;340.0;322,0;oui
4b_effets;US, tous | age_cat : 14 jours et plus;fiches_touchees;18.0;467.0;449,0;oui
4b_effets;US, tous | age_cat : 14 jours et plus;fourchette_basse;0.2;4.7;4,5;oui
4b_effets;US, tous | age_cat : 14 jours et plus;fourchette_haute;0.47;6.27;5,8;oui
4b_effets;US, tous | age_cat : 14 jours et plus;part_de_la_premiere_fiche;0.15;0.04;-0,11;oui
4b_effets;US, tous | age_cat : 14 jours et plus;remarque;;;;non
4b_effets;US, tous | age_cat : 14 jours et plus;risque_relatif;0.31;5.43;5,12;oui
4b_effets;US, tous | age_cat : 14 jours et plus;suppressions;34;1385;1351,0;oui
4b_effets;US, tous | age_cat : 2 jour(s);avis_jours;758;1486;728,0;oui
4b_effets;US, tous | age_cat : 2 jour(s);citable;oui;oui;;non
4b_effets;US, tous | age_cat : 2 jour(s);enseignes_touchees;23.0;43.0;20,0;oui
4b_effets;US, tous | age_cat : 2 jour(s);fiches_touchees;24.0;45.0;21,0;oui
4b_effets;US, tous | age_cat : 2 jour(s);fourchette_basse;0.17;0.32;0,15;oui
4b_effets;US, tous | age_cat : 2 jour(s);fourchette_haute;0.48;0.63;0,15;oui
4b_effets;US, tous | age_cat : 2 jour(s);part_de_la_premiere_fiche;0.04;0.04;0,0;non
4b_effets;US, tous | age_cat : 2 jour(s);remarque;;;;non
4b_effets;US, tous | age_cat : 2 jour(s);risque_relatif;0.29;0.45;0,16;oui
4b_effets;US, tous | age_cat : 2 jour(s);suppressions;24;49;25,0;oui
4b_effets;US, tous | age_cat : 3 jour(s);avis_jours;846;1559;713,0;oui
4b_effets;US, tous | age_cat : 3 jour(s);citable;non;oui;;oui
4b_effets;US, tous | age_cat : 3 jour(s);enseignes_touchees;12.0;28.0;16,0;oui
4b_effets;US, tous | age_cat : 3 jour(s);fiches_touchees;12.0;29.0;17,0;oui
4b_effets;US, tous | age_cat : 3 jour(s);fourchette_basse;0.1;0.2;0,1;oui
4b_effets;US, tous | age_cat : 3 jour(s);fourchette_haute;0.32;0.43;0,11;oui
4b_effets;US, tous | age_cat : 3 jour(s);part_de_la_premiere_fiche;0.31;0.15;-0,16;oui
4b_effets;US, tous | age_cat : 3 jour(s);remarque;;;;non
4b_effets;US, tous | age_cat : 3 jour(s);risque_relatif;0.18;0.3;0,12;oui
4b_effets;US, tous | age_cat : 3 jour(s);suppressions;16;33;17,0;oui
4b_effets;US, tous | age_cat : 4 jour(s);avis_jours;971;1597;626,0;oui
4b_effets;US, tous | age_cat : 4 jour(s);citable;non;non;;non
4b_effets;US, tous | age_cat : 4 jour(s);enseignes_touchees;7.0;10.0;3,0;oui
4b_effets;US, tous | age_cat : 4 jour(s);fiches_touchees;7.0;10.0;3,0;oui
4b_effets;US, tous | age_cat : 4 jour(s);fourchette_basse;0.13;0.1;-0,03;oui
4b_effets;US, tous | age_cat : 4 jour(s);fourchette_haute;0.36;0.26;-0,1;oui
4b_effets;US, tous | age_cat : 4 jour(s);part_de_la_premiere_fiche;0.47;0.4;-0,07;oui
4b_effets;US, tous | age_cat : 4 jour(s);remarque;;;;non
4b_effets;US, tous | age_cat : 4 jour(s);risque_relatif;0.22;0.16;-0,06;oui
4b_effets;US, tous | age_cat : 4 jour(s);suppressions;17;20;3,0;oui
4b_effets;US, tous | age_cat : 5 jour(s);avis_jours;1130;1898;768,0;oui
4b_effets;US, tous | age_cat : 5 jour(s);citable;oui;oui;;non
4b_effets;US, tous | age_cat : 5 jour(s);enseignes_touchees;14.0;19.0;5,0;oui
4b_effets;US, tous | age_cat : 5 jour(s);fiches_touchees;15.0;24.0;9,0;oui
4b_effets;US, tous | age_cat : 5 jour(s);fourchette_basse;0.12;0.15;0,03;oui
4b_effets;US, tous | age_cat : 5 jour(s);fourchette_haute;0.34;0.33;-0,01;oui
4b_effets;US, tous | age_cat : 5 jour(s);part_de_la_premiere_fiche;0.12;0.07;-0,05;oui
4b_effets;US, tous | age_cat : 5 jour(s);remarque;;;;non
4b_effets;US, tous | age_cat : 5 jour(s);risque_relatif;0.2;0.22;0,02;oui
4b_effets;US, tous | age_cat : 5 jour(s);suppressions;16;28;12,0;oui
4b_effets;US, tous | age_cat : 6 jour(s);avis_jours;1266;2229;963,0;oui
4b_effets;US, tous | age_cat : 6 jour(s);citable;oui;oui;;non
4b_effets;US, tous | age_cat : 6 jour(s);enseignes_touchees;52.0;56.0;4,0;oui
4b_effets;US, tous | age_cat : 6 jour(s);fiches_touchees;94.0;99.0;5,0;oui
4b_effets;US, tous | age_cat : 6 jour(s);fourchette_basse;2.65;1.75;-0,9;oui
4b_effets;US, tous | age_cat : 6 jour(s);fourchette_haute;4.2;2.57;-1,63;oui
4b_effets;US, tous | age_cat : 6 jour(s);part_de_la_premiere_fiche;0.05;0.06;0,01;oui
4b_effets;US, tous | age_cat : 6 jour(s);remarque;;;;non
4b_effets;US, tous | age_cat : 6 jour(s);risque_relatif;3.33;2.12;-1,21;oui
4b_effets;US, tous | age_cat : 6 jour(s);suppressions;213;238;25,0;oui
4b_effets;US, tous | age_cat : 7 jour(s);avis_jours;1260;2190;930,0;oui
4b_effets;US, tous | age_cat : 7 jour(s);citable;oui;oui;;non
4b_effets;US, tous | age_cat : 7 jour(s);enseignes_touchees;63.0;65.0;2,0;oui
4b_effets;US, tous | age_cat : 7 jour(s);fiches_touchees;117.0;119.0;2,0;oui
4b_effets;US, tous | age_cat : 7 jour(s);fourchette_basse;8.0;3.99;-4,01;oui
4b_effets;US, tous | age_cat : 7 jour(s);fourchette_haute;12.5;5.69;-6,81;oui
4b_effets;US, tous | age_cat : 7 jour(s);part_de_la_premiere_fiche;0.07;0.07;0,0;non
4b_effets;US, tous | age_cat : 7 jour(s);remarque;;;;non
4b_effets;US, tous | age_cat : 7 jour(s);risque_relatif;10.0;4.77;-5,23;oui
4b_effets;US, tous | age_cat : 7 jour(s);suppressions;373;375;2,0;oui
4b_effets;US, tous | age_cat : 8 jour(s);avis_jours;969;1835;866,0;oui
4b_effets;US, tous | age_cat : 8 jour(s);citable;oui;oui;;non
4b_effets;US, tous | age_cat : 8 jour(s);enseignes_touchees;38.0;39.0;1,0;oui
4b_effets;US, tous | age_cat : 8 jour(s);fiches_touchees;59.0;60.0;1,0;oui
4b_effets;US, tous | age_cat : 8 jour(s);fourchette_basse;1.33;0.81;-0,52;oui
4b_effets;US, tous | age_cat : 8 jour(s);fourchette_haute;2.38;1.35;-1,03;oui
4b_effets;US, tous | age_cat : 8 jour(s);part_de_la_premiere_fiche;0.07;0.07;0,0;non
4b_effets;US, tous | age_cat : 8 jour(s);remarque;;;;non
4b_effets;US, tous | age_cat : 8 jour(s);risque_relatif;1.78;1.04;-0,74;oui
4b_effets;US, tous | age_cat : 8 jour(s);suppressions;90;91;1,0;oui
4b_effets;US, tous | avis_auteur : 2 à 20 avis;avis_jours;7869;15965;8096,0;oui
4b_effets;US, tous | avis_auteur : 2 à 20 avis;citable;oui;oui;;non
4b_effets;US, tous | avis_auteur : 2 à 20 avis;enseignes_touchees;91.0;274.0;183,0;oui
4b_effets;US, tous | avis_auteur : 2 à 20 avis;fiches_touchees;156.0;391.0;235,0;oui
4b_effets;US, tous | avis_auteur : 2 à 20 avis;fourchette_basse;0.76;0.96;0,2;oui
4b_effets;US, tous | avis_auteur : 2 à 20 avis;fourchette_haute;1.11;1.23;0,12;oui
4b_effets;US, tous | avis_auteur : 2 à 20 avis;part_de_la_premiere_fiche;0.03;0.03;0,0;non
4b_effets;US, tous | avis_auteur : 2 à 20 avis;remarque;;;;non
4b_effets;US, tous | avis_auteur : 2 à 20 avis;risque_relatif;0.92;1.09;0,17;oui
4b_effets;US, tous | avis_auteur : 2 à 20 avis;suppressions;604;1605;1001,0;oui
4b_effets;US, tous | avis_auteur : plus de 20 avis;avis_jours;1247;2809;1562,0;oui
4b_effets;US, tous | avis_auteur : plus de 20 avis;citable;oui;oui;;non
4b_effets;US, tous | avis_auteur : plus de 20 avis;enseignes_touchees;39.0;138.0;99,0;oui
4b_effets;US, tous | avis_auteur : plus de 20 avis;fiches_touchees;53.0;179.0;126,0;oui
4b_effets;US, tous | avis_auteur : plus de 20 avis;fourchette_basse;0.43;0.84;0,41;oui
4b_effets;US, tous | avis_auteur : plus de 20 avis;fourchette_haute;1.3;1.54;0,24;oui
4b_effets;US, tous | avis_auteur : plus de 20 avis;part_de_la_premiere_fiche;0.04;0.02;-0,02;oui
4b_effets;US, tous | avis_auteur : plus de 20 avis;remarque;;;;non
4b_effets;US, tous | avis_auteur : plus de 20 avis;risque_relatif;0.75;1.14;0,39;oui
4b_effets;US, tous | avis_auteur : plus de 20 avis;suppressions;67;253;186,0;oui
4b_effets;US, tous | local_guide : niveau 5 et plus;avis_jours;1276;2848;1572,0;oui
4b_effets;US, tous | local_guide : niveau 5 et plus;citable;oui;oui;;non
4b_effets;US, tous | local_guide : niveau 5 et plus;enseignes_touchees;39.0;137.0;98,0;oui
4b_effets;US, tous | local_guide : niveau 5 et plus;fiches_touchees;47.0;171.0;124,0;oui
4b_effets;US, tous | local_guide : niveau 5 et plus;fourchette_basse;0.55;0.64;0,09;oui
4b_effets;US, tous | local_guide : niveau 5 et plus;fourchette_haute;1.62;1.19;-0,43;oui
4b_effets;US, tous | local_guide : niveau 5 et plus;part_de_la_premiere_fiche;0.08;0.03;-0,05;oui
4b_effets;US, tous | local_guide : niveau 5 et plus;remarque;;;;non
4b_effets;US, tous | local_guide : niveau 5 et plus;risque_relatif;0.94;0.87;-0,07;oui
4b_effets;US, tous | local_guide : niveau 5 et plus;suppressions;65;231;166,0;oui
4b_effets;US, tous | local_guide : sans niveau;avis_jours;1215;2274;1059,0;oui
4b_effets;US, tous | local_guide : sans niveau;citable;oui;oui;;non
4b_effets;US, tous | local_guide : sans niveau;enseignes_touchees;55.0;83.0;28,0;oui
4b_effets;US, tous | local_guide : sans niveau;fiches_touchees;73.0;111.0;38,0;oui
4b_effets;US, tous | local_guide : sans niveau;fourchette_basse;1.16;1.04;-0,12;oui
4b_effets;US, tous | local_guide : sans niveau;fourchette_haute;1.99;1.56;-0,43;oui
4b_effets;US, tous | local_guide : sans niveau;part_de_la_premiere_fiche;0.07;0.06;-0,01;oui
4b_effets;US, tous | local_guide : sans niveau;remarque;;;;non
4b_effets;US, tous | local_guide : sans niveau;risque_relatif;1.52;1.28;-0,24;oui
4b_effets;US, tous | local_guide : sans niveau;suppressions;137;199;62,0;oui
4b_effets;US, tous | note : 1 étoile(s);avis_jours;733;1613;880,0;oui
4b_effets;US, tous | note : 1 étoile(s);citable;oui;oui;;non
4b_effets;US, tous | note : 1 étoile(s);enseignes_touchees;39.0;113.0;74,0;oui
4b_effets;US, tous | note : 1 étoile(s);fiches_touchees;45.0;128.0;83,0;oui
4b_effets;US, tous | note : 1 étoile(s);fourchette_basse;1.77;1.63;-0,14;oui
4b_effets;US, tous | note : 1 étoile(s);fourchette_haute;3.61;2.5;-1,11;oui
4b_effets;US, tous | note : 1 étoile(s);part_de_la_premiere_fiche;0.07;0.07;0,0;non
4b_effets;US, tous | note : 1 étoile(s);remarque;;;;non
4b_effets;US, tous | note : 1 étoile(s);risque_relatif;2.52;2.01;-0,51;oui
4b_effets;US, tous | note : 1 étoile(s);suppressions;96;254;158,0;oui
4b_effets;US, tous | note : 2 étoile(s);avis_jours;107;282;175,0;oui
4b_effets;US, tous | note : 2 étoile(s);citable;oui;oui;;non
4b_effets;US, tous | note : 2 étoile(s);enseignes_touchees;11.0;34.0;23,0;oui
4b_effets;US, tous | note : 2 étoile(s);fiches_touchees;11.0;35.0;24,0;oui
4b_effets;US, tous | note : 2 étoile(s);fourchette_basse;1.23;1.09;-0,14;oui
4b_effets;US, tous | note : 2 étoile(s);fourchette_haute;5.37;2.47;-2,9;oui
4b_effets;US, tous | note : 2 étoile(s);part_de_la_premiere_fiche;0.17;0.07;-0,1;oui
4b_effets;US, tous | note : 2 étoile(s);remarque;;;;non
4b_effets;US, tous | note : 2 étoile(s);risque_relatif;2.57;1.64;-0,93;oui
4b_effets;US, tous | note : 2 étoile(s);suppressions;12;41;29,0;oui
4b_effets;US, tous | note : 3 étoile(s);avis_jours;109;304;195,0;oui
4b_effets;US, tous | note : 3 étoile(s);citable;non;oui;;oui
4b_effets;US, tous | note : 3 étoile(s);enseignes_touchees;5.0;35.0;30,0;oui
4b_effets;US, tous | note : 3 étoile(s);fiches_touchees;5.0;36.0;31,0;oui
4b_effets;US, tous | note : 3 étoile(s);fourchette_basse;0.23;0.64;0,41;oui
4b_effets;US, tous | note : 3 étoile(s);fourchette_haute;1.71;1.5;-0,21;oui
4b_effets;US, tous | note : 3 étoile(s);part_de_la_premiere_fiche;0.2;0.05;-0,15;oui
4b_effets;US, tous | note : 3 étoile(s);remarque;;;;non
4b_effets;US, tous | note : 3 étoile(s);risque_relatif;0.62;0.98;0,36;oui
4b_effets;US, tous | note : 3 étoile(s);suppressions;5;38;33,0;oui
4b_effets;US, tous | note : 4 étoile(s);avis_jours;440;977;537,0;oui
4b_effets;US, tous | note : 4 étoile(s);citable;oui;oui;;non
4b_effets;US, tous | note : 4 étoile(s);enseignes_touchees;16.0;41.0;25,0;oui
4b_effets;US, tous | note : 4 étoile(s);fiches_touchees;23.0;54.0;31,0;oui
4b_effets;US, tous | note : 4 étoile(s);fourchette_basse;0.38;0.53;0,15;oui
4b_effets;US, tous | note : 4 étoile(s);fourchette_haute;0.97;0.96;-0,01;oui
4b_effets;US, tous | note : 4 étoile(s);part_de_la_premiere_fiche;0.11;0.07;-0,04;oui
4b_effets;US, tous | note : 4 étoile(s);remarque;;;;non
4b_effets;US, tous | note : 4 étoile(s);risque_relatif;0.6;0.72;0,12;oui
4b_effets;US, tous | note : 4 étoile(s);suppressions;28;69;41,0;oui
4b_effets;US, tous | photo_jointe : avec photo;avis_jours;488;1088;600,0;oui
4b_effets;US, tous | photo_jointe : avec photo;citable;oui;oui;;non
4b_effets;US, tous | photo_jointe : avec photo;enseignes_touchees;28.0;74.0;46,0;oui
4b_effets;US, tous | photo_jointe : avec photo;fiches_touchees;29.0;83.0;54,0;oui
4b_effets;US, tous | photo_jointe : avec photo;fourchette_basse;0.61;0.74;0,13;oui
4b_effets;US, tous | photo_jointe : avec photo;fourchette_haute;1.54;1.26;-0,28;oui
4b_effets;US, tous | photo_jointe : avec photo;part_de_la_premiere_fiche;0.1;0.05;-0,05;oui
4b_effets;US, tous | photo_jointe : avec photo;remarque;;;;non
4b_effets;US, tous | photo_jointe : avec photo;risque_relatif;0.97;0.96;-0,01;oui
4b_effets;US, tous | photo_jointe : avec photo;suppressions;41;124;83,0;oui
4b_effets;US, tous | photos_auteur : 1 à 20 photos;avis_jours;3229;6663;3434,0;oui
4b_effets;US, tous | photos_auteur : 1 à 20 photos;citable;oui;oui;;non
4b_effets;US, tous | photos_auteur : 1 à 20 photos;enseignes_touchees;72.0;199.0;127,0;oui
4b_effets;US, tous | photos_auteur : 1 à 20 photos;fiches_touchees;122.0;280.0;158,0;oui
4b_effets;US, tous | photos_auteur : 1 à 20 photos;fourchette_basse;0.81;0.89;0,08;oui
4b_effets;US, tous | photos_auteur : 1 à 20 photos;fourchette_haute;1.22;1.14;-0,08;oui
4b_effets;US, tous | photos_auteur : 1 à 20 photos;part_de_la_premiere_fiche;0.04;0.02;-0,02;oui
4b_effets;US, tous | photos_auteur : 1 à 20 photos;remarque;;;;non
4b_effets;US, tous | photos_auteur : 1 à 20 photos;risque_relatif;0.99;1.01;0,02;oui
4b_effets;US, tous | photos_auteur : 1 à 20 photos;suppressions;251;669;418,0;oui
4b_effets;US, tous | photos_auteur : plus de 20 photos;avis_jours;503;1185;682,0;oui
4b_effets;US, tous | photos_auteur : plus de 20 photos;citable;oui;oui;;non
4b_effets;US, tous | photos_auteur : plus de 20 photos;enseignes_touchees;11.0;57.0;46,0;oui
4b_effets;US, tous | photos_auteur : plus de 20 photos;fiches_touchees;11.0;63.0;52,0;oui
4b_effets;US, tous | photos_auteur : plus de 20 photos;fourchette_basse;0.14;0.34;0,2;oui
4b_effets;US, tous | photos_auteur : plus de 20 photos;fourchette_haute;0.55;0.68;0,13;oui
4b_effets;US, tous | photos_auteur : plus de 20 photos;part_de_la_premiere_fiche;0.17;0.03;-0,14;oui
4b_effets;US, tous | photos_auteur : plus de 20 photos;remarque;;;;non
4b_effets;US, tous | photos_auteur : plus de 20 photos;risque_relatif;0.28;0.48;0,2;oui
4b_effets;US, tous | photos_auteur : plus de 20 photos;suppressions;12;67;55,0;oui
4b_effets;US, tous | reponse : réponse déjà là, fiche qui répond à 75 % ou moins;avis_jours;856;1746;890,0;oui
4b_effets;US, tous | reponse : réponse déjà là, fiche qui répond à 75 % ou moins;citable;non;non;;non
4b_effets;US, tous | reponse : réponse déjà là, fiche qui répond à 75 % ou moins;enseignes_touchees;10.0;45.0;35,0;oui
4b_effets;US, tous | reponse : réponse déjà là, fiche qui répond à 75 % ou moins;fiches_touchees;15.0;60.0;45,0;oui
4b_effets;US, tous | reponse : réponse déjà là, fiche qui répond à 75 % ou moins;fourchette_basse;0.32;0.72;0,4;oui
4b_effets;US, tous | reponse : réponse déjà là, fiche qui répond à 75 % ou moins;fourchette_haute;0.92;1.28;0,36;oui
4b_effets;US, tous | reponse : réponse déjà là, fiche qui répond à 75 % ou moins;part_de_la_premiere_fiche;0.43;0.29;-0,14;oui
4b_effets;US, tous | reponse : réponse déjà là, fiche qui répond à 75 % ou moins;remarque;;;;non
4b_effets;US, tous | reponse : réponse déjà là, fiche qui répond à 75 % ou moins;risque_relatif;0.54;0.96;0,42;oui
4b_effets;US, tous | reponse : réponse déjà là, fiche qui répond à 75 % ou moins;suppressions;49;189;140,0;oui
4b_effets;US, tous | reponse : réponse déjà là, fiche qui répond à plus de 75 %;avis_jours;5486;11842;6356,0;oui
4b_effets;US, tous | reponse : réponse déjà là, fiche qui répond à plus de 75 %;citable;oui;oui;;non
4b_effets;US, tous | reponse : réponse déjà là, fiche qui répond à plus de 75 %;enseignes_touchees;58.0;169.0;111,0;oui
4b_effets;US, tous | reponse : réponse déjà là, fiche qui répond à plus de 75 %;fiches_touchees;95.0;254.0;159,0;oui
4b_effets;US, tous | reponse : réponse déjà là, fiche qui répond à plus de 75 %;fourchette_basse;0.15;0.28;0,13;oui
4b_effets;US, tous | reponse : réponse déjà là, fiche qui répond à plus de 75 %;fourchette_haute;0.4;0.47;0,07;oui
4b_effets;US, tous | reponse : réponse déjà là, fiche qui répond à plus de 75 %;part_de_la_premiere_fiche;0.05;0.03;-0,02;oui
4b_effets;US, tous | reponse : réponse déjà là, fiche qui répond à plus de 75 %;remarque;;;;non
4b_effets;US, tous | reponse : réponse déjà là, fiche qui répond à plus de 75 %;risque_relatif;0.24;0.36;0,12;oui
4b_effets;US, tous | reponse : réponse déjà là, fiche qui répond à plus de 75 %;suppressions;445;1166;721,0;oui
4b_effets;US, tous | reponse : réponse déjà là, habitude inconnue;avis_jours;3;14;11,0;oui
4b_effets;US, tous | reponse : réponse déjà là, habitude inconnue;citable;non;non;;non
4b_effets;US, tous | reponse : réponse déjà là, habitude inconnue;enseignes_touchees;;;;non
4b_effets;US, tous | reponse : réponse déjà là, habitude inconnue;fiches_touchees;;;;non
4b_effets;US, tous | reponse : réponse déjà là, habitude inconnue;fourchette_basse;;;;non
4b_effets;US, tous | reponse : réponse déjà là, habitude inconnue;fourchette_haute;;;;non
4b_effets;US, tous | reponse : réponse déjà là, habitude inconnue;part_de_la_premiere_fiche;;;;non
4b_effets;US, tous | reponse : réponse déjà là, habitude inconnue;remarque;écartée : moins de 5 suppressions;écartée : moins de 5 suppressions;;non
4b_effets;US, tous | reponse : réponse déjà là, habitude inconnue;risque_relatif;;;;non
4b_effets;US, tous | reponse : réponse déjà là, habitude inconnue;suppressions;1;4;3,0;oui
4b_effets;US, tous | texte : 1 à 50 caractères;avis_jours;2623;5074;2451,0;oui
4b_effets;US, tous | texte : 1 à 50 caractères;citable;oui;oui;;non
4b_effets;US, tous | texte : 1 à 50 caractères;enseignes_touchees;51.0;106.0;55,0;oui
4b_effets;US, tous | texte : 1 à 50 caractères;fiches_touchees;90.0;170.0;80,0;oui
4b_effets;US, tous | texte : 1 à 50 caractères;fourchette_basse;0.81;0.94;0,13;oui
4b_effets;US, tous | texte : 1 à 50 caractères;fourchette_haute;1.32;1.29;-0,03;oui
4b_effets;US, tous | texte : 1 à 50 caractères;part_de_la_premiere_fiche;0.05;0.04;-0,01;oui
4b_effets;US, tous | texte : 1 à 50 caractères;remarque;;;;non
4b_effets;US, tous | texte : 1 à 50 caractères;risque_relatif;1.03;1.1;0,07;oui
4b_effets;US, tous | texte : 1 à 50 caractères;suppressions;164;425;261,0;oui
4b_effets;US, tous | texte : 51 à 200 caractères;avis_jours;5163;10389;5226,0;oui
4b_effets;US, tous | texte : 51 à 200 caractères;citable;oui;oui;;non
4b_effets;US, tous | texte : 51 à 200 caractères;enseignes_touchees;65.0;176.0;111,0;oui
4b_effets;US, tous | texte : 51 à 200 caractères;fiches_touchees;112.0;265.0;153,0;oui
4b_effets;US, tous | texte : 51 à 200 caractères;fourchette_basse;0.74;0.86;0,12;oui
4b_effets;US, tous | texte : 51 à 200 caractères;fourchette_haute;1.11;1.12;0,01;oui
4b_effets;US, tous | texte : 51 à 200 caractères;part_de_la_premiere_fiche;0.06;0.04;-0,02;oui
4b_effets;US, tous | texte : 51 à 200 caractères;remarque;;;;non
4b_effets;US, tous | texte : 51 à 200 caractères;risque_relatif;0.91;0.98;0,07;oui
4b_effets;US, tous | texte : 51 à 200 caractères;suppressions;360;943;583,0;oui
4b_effets;US, tous | texte : plus de 200 caractères;avis_jours;2607;5492;2885,0;oui
4b_effets;US, tous | texte : plus de 200 caractères;citable;oui;oui;;non
4b_effets;US, tous | texte : plus de 200 caractères;enseignes_touchees;83.0;233.0;150,0;oui
4b_effets;US, tous | texte : plus de 200 caractères;fiches_touchees;119.0;298.0;179,0;oui
4b_effets;US, tous | texte : plus de 200 caractères;fourchette_basse;0.85;0.9;0,05;oui
4b_effets;US, tous | texte : plus de 200 caractères;fourchette_haute;1.4;1.24;-0,16;oui
4b_effets;US, tous | texte : plus de 200 caractères;part_de_la_premiere_fiche;0.08;0.04;-0,04;oui
4b_effets;US, tous | texte : plus de 200 caractères;remarque;;;;non
4b_effets;US, tous | texte : plus de 200 caractères;risque_relatif;1.09;1.06;-0,03;oui
4b_effets;US, tous | texte : plus de 200 caractères;suppressions;246;637;391,0;oui
4b_effets;ensemble, sans_enseignes | age_cat : 1 jour(s);avis_jours;80;190;110,0;oui
4b_effets;ensemble, sans_enseignes | age_cat : 1 jour(s);citable;oui;oui;;non
4b_effets;ensemble, sans_enseignes | age_cat : 1 jour(s);enseignes_touchees;8.0;11.0;3,0;oui
4b_effets;ensemble, sans_enseignes | age_cat : 1 jour(s);fiches_touchees;9.0;13.0;4,0;oui
4b_effets;ensemble, sans_enseignes | age_cat : 1 jour(s);fourchette_basse;0.74;0.81;0,07;oui
4b_effets;ensemble, sans_enseignes | age_cat : 1 jour(s);fourchette_haute;4.31;2.96;-1,35;oui
4b_effets;ensemble, sans_enseignes | age_cat : 1 jour(s);part_de_la_premiere_fiche;0.2;0.14;-0,06;oui
4b_effets;ensemble, sans_enseignes | age_cat : 1 jour(s);remarque;;;;non
4b_effets;ensemble, sans_enseignes | age_cat : 1 jour(s);risque_relatif;1.78;1.55;-0,23;oui
4b_effets;ensemble, sans_enseignes | age_cat : 1 jour(s);suppressions;10;14;4,0;oui
4b_effets;ensemble, sans_enseignes | age_cat : 14 jours et plus;avis_jours;1568;6829;5261,0;oui
4b_effets;ensemble, sans_enseignes | age_cat : 14 jours et plus;citable;oui;oui;;non
4b_effets;ensemble, sans_enseignes | age_cat : 14 jours et plus;enseignes_touchees;30.0;659.0;629,0;oui
4b_effets;ensemble, sans_enseignes | age_cat : 14 jours et plus;fiches_touchees;30.0;768.0;738,0;oui
4b_effets;ensemble, sans_enseignes | age_cat : 14 jours et plus;fourchette_basse;0.41;7.74;7,33;oui
4b_effets;ensemble, sans_enseignes | age_cat : 14 jours et plus;fourchette_haute;0.85;10.71;9,86;oui
4b_effets;ensemble, sans_enseignes | age_cat : 14 jours et plus;part_de_la_premiere_fiche;0.13;0.03;-0,1;oui
4b_effets;ensemble, sans_enseignes | age_cat : 14 jours et plus;remarque;;;;non
4b_effets;ensemble, sans_enseignes | age_cat : 14 jours et plus;risque_relatif;0.59;9.11;8,52;oui
4b_effets;ensemble, sans_enseignes | age_cat : 14 jours et plus;suppressions;67;1613;1546,0;oui
4b_effets;ensemble, sans_enseignes | age_cat : 2 jour(s);avis_jours;615;1537;922,0;oui
4b_effets;ensemble, sans_enseignes | age_cat : 2 jour(s);citable;oui;oui;;non
4b_effets;ensemble, sans_enseignes | age_cat : 2 jour(s);enseignes_touchees;46.0;87.0;41,0;oui
4b_effets;ensemble, sans_enseignes | age_cat : 2 jour(s);fiches_touchees;46.0;88.0;42,0;oui
4b_effets;ensemble, sans_enseignes | age_cat : 2 jour(s);fourchette_basse;0.57;0.97;0,4;oui
4b_effets;ensemble, sans_enseignes | age_cat : 2 jour(s);fourchette_haute;1.31;1.7;0,39;oui
4b_effets;ensemble, sans_enseignes | age_cat : 2 jour(s);part_de_la_premiere_fiche;0.06;0.03;-0,03;oui
4b_effets;ensemble, sans_enseignes | age_cat : 2 jour(s);remarque;;;;non
4b_effets;ensemble, sans_enseignes | age_cat : 2 jour(s);risque_relatif;0.86;1.29;0,43;oui
4b_effets;ensemble, sans_enseignes | age_cat : 2 jour(s);suppressions;52;99;47,0;oui
4b_effets;ensemble, sans_enseignes | age_cat : 3 jour(s);avis_jours;729;1616;887,0;oui
4b_effets;ensemble, sans_enseignes | age_cat : 3 jour(s);citable;oui;oui;;non
4b_effets;ensemble, sans_enseignes | age_cat : 3 jour(s);enseignes_touchees;34.0;56.0;22,0;oui
4b_effets;ensemble, sans_enseignes | age_cat : 3 jour(s);fiches_touchees;35.0;58.0;23,0;oui
4b_effets;ensemble, sans_enseignes | age_cat : 3 jour(s);fourchette_basse;0.36;0.59;0,23;oui
4b_effets;ensemble, sans_enseignes | age_cat : 3 jour(s);fourchette_haute;0.87;1.1;0,23;oui
4b_effets;ensemble, sans_enseignes | age_cat : 3 jour(s);part_de_la_premiere_fiche;0.05;0.08;0,03;oui
4b_effets;ensemble, sans_enseignes | age_cat : 3 jour(s);remarque;;;;non
4b_effets;ensemble, sans_enseignes | age_cat : 3 jour(s);risque_relatif;0.56;0.81;0,25;oui
4b_effets;ensemble, sans_enseignes | age_cat : 3 jour(s);suppressions;37;65;28,0;oui
4b_effets;ensemble, sans_enseignes | age_cat : 4 jour(s);avis_jours;772;1602;830,0;oui
4b_effets;ensemble, sans_enseignes | age_cat : 4 jour(s);citable;oui;oui;;non
4b_effets;ensemble, sans_enseignes | age_cat : 4 jour(s);enseignes_touchees;11.0;18.0;7,0;oui
4b_effets;ensemble, sans_enseignes | age_cat : 4 jour(s);fiches_touchees;11.0;18.0;7,0;oui
4b_effets;ensemble, sans_enseignes | age_cat : 4 jour(s);fourchette_basse;0.15;0.18;0,03;oui
4b_effets;ensemble, sans_enseignes | age_cat : 4 jour(s);fourchette_haute;0.45;0.44;-0,01;oui
4b_effets;ensemble, sans_enseignes | age_cat : 4 jour(s);part_de_la_premiere_fiche;0.25;0.17;-0,08;oui
4b_effets;ensemble, sans_enseignes | age_cat : 4 jour(s);remarque;;;;non
4b_effets;ensemble, sans_enseignes | age_cat : 4 jour(s);risque_relatif;0.26;0.28;0,02;oui
4b_effets;ensemble, sans_enseignes | age_cat : 4 jour(s);suppressions;16;23;7,0;oui
4b_effets;ensemble, sans_enseignes | age_cat : 5 jour(s);avis_jours;836;1862;1026,0;oui
4b_effets;ensemble, sans_enseignes | age_cat : 5 jour(s);citable;oui;oui;;non
4b_effets;ensemble, sans_enseignes | age_cat : 5 jour(s);enseignes_touchees;17.0;25.0;8,0;oui
4b_effets;ensemble, sans_enseignes | age_cat : 5 jour(s);fiches_touchees;17.0;26.0;9,0;oui
4b_effets;ensemble, sans_enseignes | age_cat : 5 jour(s);fourchette_basse;0.16;0.21;0,05;oui
4b_effets;ensemble, sans_enseignes | age_cat : 5 jour(s);fourchette_haute;0.48;0.48;0,0;non
4b_effets;ensemble, sans_enseignes | age_cat : 5 jour(s);part_de_la_premiere_fiche;0.06;0.07;0,01;oui
4b_effets;ensemble, sans_enseignes | age_cat : 5 jour(s);remarque;;;;non
4b_effets;ensemble, sans_enseignes | age_cat : 5 jour(s);risque_relatif;0.28;0.32;0,04;oui
4b_effets;ensemble, sans_enseignes | age_cat : 5 jour(s);suppressions;17;27;10,0;oui
4b_effets;ensemble, sans_enseignes | age_cat : 6 jour(s);avis_jours;1006;2248;1242,0;oui
4b_effets;ensemble, sans_enseignes | age_cat : 6 jour(s);citable;oui;oui;;non
4b_effets;ensemble, sans_enseignes | age_cat : 6 jour(s);enseignes_touchees;66.0;74.0;8,0;oui
4b_effets;ensemble, sans_enseignes | age_cat : 6 jour(s);fiches_touchees;77.0;86.0;9,0;oui
4b_effets;ensemble, sans_enseignes | age_cat : 6 jour(s);fourchette_basse;2.1;1.73;-0,37;oui
4b_effets;ensemble, sans_enseignes | age_cat : 6 jour(s);fourchette_haute;3.66;2.72;-0,94;oui
4b_effets;ensemble, sans_enseignes | age_cat : 6 jour(s);part_de_la_premiere_fiche;0.07;0.09;0,02;oui
4b_effets;ensemble, sans_enseignes | age_cat : 6 jour(s);remarque;;;;non
4b_effets;ensemble, sans_enseignes | age_cat : 6 jour(s);risque_relatif;2.77;2.17;-0,6;oui
4b_effets;ensemble, sans_enseignes | age_cat : 6 jour(s);suppressions;146;170;24,0;oui
4b_effets;ensemble, sans_enseignes | age_cat : 7 jour(s);avis_jours;1022;2227;1205,0;oui
4b_effets;ensemble, sans_enseignes | age_cat : 7 jour(s);citable;oui;oui;;non
4b_effets;ensemble, sans_enseignes | age_cat : 7 jour(s);enseignes_touchees;79.0;82.0;3,0;oui
4b_effets;ensemble, sans_enseignes | age_cat : 7 jour(s);fiches_touchees;93.0;96.0;3,0;oui
4b_effets;ensemble, sans_enseignes | age_cat : 7 jour(s);fourchette_basse;5.49;3.13;-2,36;oui
4b_effets;ensemble, sans_enseignes | age_cat : 7 jour(s);fourchette_haute;9.22;4.74;-4,48;oui
4b_effets;ensemble, sans_enseignes | age_cat : 7 jour(s);part_de_la_premiere_fiche;0.06;0.06;0,0;non
4b_effets;ensemble, sans_enseignes | age_cat : 7 jour(s);remarque;;;;non
4b_effets;ensemble, sans_enseignes | age_cat : 7 jour(s);risque_relatif;7.11;3.85;-3,26;oui
4b_effets;ensemble, sans_enseignes | age_cat : 7 jour(s);suppressions;250;253;3,0;oui
4b_effets;ensemble, sans_enseignes | age_cat : 8 jour(s);avis_jours;837;1954;1117,0;oui
4b_effets;ensemble, sans_enseignes | age_cat : 8 jour(s);citable;oui;oui;;non
4b_effets;ensemble, sans_enseignes | age_cat : 8 jour(s);enseignes_touchees;51.0;52.0;1,0;oui
4b_effets;ensemble, sans_enseignes | age_cat : 8 jour(s);fiches_touchees;54.0;55.0;1,0;oui
4b_effets;ensemble, sans_enseignes | age_cat : 8 jour(s);fourchette_basse;1.3;0.85;-0,45;oui
4b_effets;ensemble, sans_enseignes | age_cat : 8 jour(s);fourchette_haute;2.52;1.52;-1,0;oui
4b_effets;ensemble, sans_enseignes | age_cat : 8 jour(s);part_de_la_premiere_fiche;0.05;0.05;0,0;non
4b_effets;ensemble, sans_enseignes | age_cat : 8 jour(s);remarque;;;;non
4b_effets;ensemble, sans_enseignes | age_cat : 8 jour(s);risque_relatif;1.81;1.14;-0,67;oui
4b_effets;ensemble, sans_enseignes | age_cat : 8 jour(s);suppressions;73;74;1,0;oui
4b_effets;ensemble, sans_enseignes | avis_auteur : 2 à 20 avis;avis_jours;5718;14778;9060,0;oui
4b_effets;ensemble, sans_enseignes | avis_auteur : 2 à 20 avis;citable;oui;oui;;non
4b_effets;ensemble, sans_enseignes | avis_auteur : 2 à 20 avis;enseignes_touchees;153.0;525.0;372,0;oui
4b_effets;ensemble, sans_enseignes | avis_auteur : 2 à 20 avis;fiches_touchees;175.0;608.0;433,0;oui
4b_effets;ensemble, sans_enseignes | avis_auteur : 2 à 20 avis;fourchette_basse;0.61;0.87;0,26;oui
4b_effets;ensemble, sans_enseignes | avis_auteur : 2 à 20 avis;fourchette_haute;0.93;1.13;0,2;oui
4b_effets;ensemble, sans_enseignes | avis_auteur : 2 à 20 avis;part_de_la_premiere_fiche;0.04;0.03;-0,01;oui
4b_effets;ensemble, sans_enseignes | avis_auteur : 2 à 20 avis;remarque;;;;non
4b_effets;ensemble, sans_enseignes | avis_auteur : 2 à 20 avis;risque_relatif;0.75;0.99;0,24;oui
4b_effets;ensemble, sans_enseignes | avis_auteur : 2 à 20 avis;suppressions;413;1443;1030,0;oui
4b_effets;ensemble, sans_enseignes | avis_auteur : plus de 20 avis;avis_jours;1270;3822;2552,0;oui
4b_effets;ensemble, sans_enseignes | avis_auteur : plus de 20 avis;citable;oui;oui;;non
4b_effets;ensemble, sans_enseignes | avis_auteur : plus de 20 avis;enseignes_touchees;64.0;266.0;202,0;oui
4b_effets;ensemble, sans_enseignes | avis_auteur : plus de 20 avis;fiches_touchees;67.0;292.0;225,0;oui
4b_effets;ensemble, sans_enseignes | avis_auteur : plus de 20 avis;fourchette_basse;0.53;0.75;0,22;oui
4b_effets;ensemble, sans_enseignes | avis_auteur : plus de 20 avis;fourchette_haute;1.5;1.32;-0,18;oui
4b_effets;ensemble, sans_enseignes | avis_auteur : plus de 20 avis;part_de_la_premiere_fiche;0.07;0.03;-0,04;oui
4b_effets;ensemble, sans_enseignes | avis_auteur : plus de 20 avis;remarque;;;;non
4b_effets;ensemble, sans_enseignes | avis_auteur : plus de 20 avis;risque_relatif;0.9;0.99;0,09;oui
4b_effets;ensemble, sans_enseignes | avis_auteur : plus de 20 avis;suppressions;80;364;284,0;oui
4b_effets;ensemble, sans_enseignes | local_guide : niveau 5 et plus;avis_jours;1371;4269;2898,0;oui
4b_effets;ensemble, sans_enseignes | local_guide : niveau 5 et plus;citable;oui;oui;;non
4b_effets;ensemble, sans_enseignes | local_guide : niveau 5 et plus;enseignes_touchees;65.0;280.0;215,0;oui
4b_effets;ensemble, sans_enseignes | local_guide : niveau 5 et plus;fiches_touchees;67.0;303.0;236,0;oui
4b_effets;ensemble, sans_enseignes | local_guide : niveau 5 et plus;fourchette_basse;0.45;0.72;0,27;oui
4b_effets;ensemble, sans_enseignes | local_guide : niveau 5 et plus;fourchette_haute;1.26;1.23;-0,03;oui
4b_effets;ensemble, sans_enseignes | local_guide : niveau 5 et plus;part_de_la_premiere_fiche;0.06;0.03;-0,03;oui
4b_effets;ensemble, sans_enseignes | local_guide : niveau 5 et plus;remarque;;;;non
4b_effets;ensemble, sans_enseignes | local_guide : niveau 5 et plus;risque_relatif;0.75;0.94;0,19;oui
4b_effets;ensemble, sans_enseignes | local_guide : niveau 5 et plus;suppressions;80;373;293,0;oui
4b_effets;ensemble, sans_enseignes | local_guide : sans niveau;avis_jours;1189;2613;1424,0;oui
4b_effets;ensemble, sans_enseignes | local_guide : sans niveau;citable;oui;oui;;non
4b_effets;ensemble, sans_enseignes | local_guide : sans niveau;enseignes_touchees;69.0;114.0;45,0;oui
4b_effets;ensemble, sans_enseignes | local_guide : sans niveau;fiches_touchees;73.0;121.0;48,0;oui
4b_effets;ensemble, sans_enseignes | local_guide : sans niveau;fourchette_basse;1.19;1.05;-0,14;oui
4b_effets;ensemble, sans_enseignes | local_guide : sans niveau;fourchette_haute;2.03;1.55;-0,48;oui
4b_effets;ensemble, sans_enseignes | local_guide : sans niveau;part_de_la_premiere_fiche;0.05;0.05;0,0;non
4b_effets;ensemble, sans_enseignes | local_guide : sans niveau;remarque;;;;non
4b_effets;ensemble, sans_enseignes | local_guide : sans niveau;risque_relatif;1.56;1.28;-0,28;oui
4b_effets;ensemble, sans_enseignes | local_guide : sans niveau;suppressions;157;231;74,0;oui
4b_effets;ensemble, sans_enseignes | note : 1 étoile(s);avis_jours;701;2019;1318,0;oui
4b_effets;ensemble, sans_enseignes | note : 1 étoile(s);citable;oui;oui;;non
4b_effets;ensemble, sans_enseignes | note : 1 étoile(s);enseignes_touchees;85.0;233.0;148,0;oui
4b_effets;ensemble, sans_enseignes | note : 1 étoile(s);fiches_touchees;89.0;247.0;158,0;oui
4b_effets;ensemble, sans_enseignes | note : 1 étoile(s);fourchette_basse;3.73;2.73;-1,0;oui
4b_effets;ensemble, sans_enseignes | note : 1 étoile(s);fourchette_haute;7.06;3.94;-3,12;oui
4b_effets;ensemble, sans_enseignes | note : 1 étoile(s);part_de_la_premiere_fiche;0.05;0.09;0,04;oui
4b_effets;ensemble, sans_enseignes | note : 1 étoile(s);remarque;;;;non
4b_effets;ensemble, sans_enseignes | note : 1 étoile(s);risque_relatif;5.13;3.28;-1,85;oui
4b_effets;ensemble, sans_enseignes | note : 1 étoile(s);suppressions;145;456;311,0;oui
4b_effets;ensemble, sans_enseignes | note : 2 étoile(s);avis_jours;155;557;402,0;oui
4b_effets;ensemble, sans_enseignes | note : 2 étoile(s);citable;oui;oui;;non
4b_effets;ensemble, sans_enseignes | note : 2 étoile(s);enseignes_touchees;20.0;68.0;48,0;oui
4b_effets;ensemble, sans_enseignes | note : 2 étoile(s);fiches_touchees;20.0;72.0;52,0;oui
4b_effets;ensemble, sans_enseignes | note : 2 étoile(s);fourchette_basse;1.59;1.73;0,14;oui
4b_effets;ensemble, sans_enseignes | note : 2 étoile(s);fourchette_haute;5.02;3.19;-1,83;oui
4b_effets;ensemble, sans_enseignes | note : 2 étoile(s);part_de_la_premiere_fiche;0.09;0.04;-0,05;oui
4b_effets;ensemble, sans_enseignes | note : 2 étoile(s);remarque;;;;non
4b_effets;ensemble, sans_enseignes | note : 2 étoile(s);risque_relatif;2.82;2.35;-0,47;oui
4b_effets;ensemble, sans_enseignes | note : 2 étoile(s);suppressions;22;81;59,0;oui
4b_effets;ensemble, sans_enseignes | note : 3 étoile(s);avis_jours;203;769;566,0;oui
4b_effets;ensemble, sans_enseignes | note : 3 étoile(s);citable;non;oui;;oui
4b_effets;ensemble, sans_enseignes | note : 3 étoile(s);enseignes_touchees;9.0;77.0;68,0;oui
4b_effets;ensemble, sans_enseignes | note : 3 étoile(s);fiches_touchees;9.0;78.0;69,0;oui
4b_effets;ensemble, sans_enseignes | note : 3 étoile(s);fourchette_basse;0.43;1.08;0,65;oui
4b_effets;ensemble, sans_enseignes | note : 3 étoile(s);fourchette_haute;1.88;1.95;0,07;oui
4b_effets;ensemble, sans_enseignes | note : 3 étoile(s);part_de_la_premiere_fiche;0.11;0.02;-0,09;oui
4b_effets;ensemble, sans_enseignes | note : 3 étoile(s);remarque;;;;non
4b_effets;ensemble, sans_enseignes | note : 3 étoile(s);risque_relatif;0.9;1.45;0,55;oui
4b_effets;ensemble, sans_enseignes | note : 3 étoile(s);suppressions;9;82;73,0;oui
4b_effets;ensemble, sans_enseignes | note : 4 étoile(s);avis_jours;617;1844;1227,0;oui
4b_effets;ensemble, sans_enseignes | note : 4 étoile(s);citable;oui;oui;;non
4b_effets;ensemble, sans_enseignes | note : 4 étoile(s);enseignes_touchees;25.0;97.0;72,0;oui
4b_effets;ensemble, sans_enseignes | note : 4 étoile(s);fiches_touchees;25.0;100.0;75,0;oui
4b_effets;ensemble, sans_enseignes | note : 4 étoile(s);fourchette_basse;0.36;0.7;0,34;oui
4b_effets;ensemble, sans_enseignes | note : 4 étoile(s);fourchette_haute;0.89;1.11;0,22;oui
4b_effets;ensemble, sans_enseignes | note : 4 étoile(s);part_de_la_premiere_fiche;0.13;0.04;-0,09;oui
4b_effets;ensemble, sans_enseignes | note : 4 étoile(s);remarque;;;;non
4b_effets;ensemble, sans_enseignes | note : 4 étoile(s);risque_relatif;0.56;0.88;0,32;oui
4b_effets;ensemble, sans_enseignes | note : 4 étoile(s);suppressions;31;122;91,0;oui
4b_effets;ensemble, sans_enseignes | photo_jointe : avec photo;avis_jours;799;1948;1149,0;oui
4b_effets;ensemble, sans_enseignes | photo_jointe : avec photo;citable;oui;oui;;non
4b_effets;ensemble, sans_enseignes | photo_jointe : avec photo;enseignes_touchees;44.0;115.0;71,0;oui
4b_effets;ensemble, sans_enseignes | photo_jointe : avec photo;fiches_touchees;44.0;121.0;77,0;oui
4b_effets;ensemble, sans_enseignes | photo_jointe : avec photo;fourchette_basse;0.67;0.73;0,06;oui
4b_effets;ensemble, sans_enseignes | photo_jointe : avec photo;fourchette_haute;1.41;1.15;-0,26;oui
4b_effets;ensemble, sans_enseignes | photo_jointe : avec photo;part_de_la_premiere_fiche;0.09;0.04;-0,05;oui
4b_effets;ensemble, sans_enseignes | photo_jointe : avec photo;remarque;;;;non
4b_effets;ensemble, sans_enseignes | photo_jointe : avec photo;risque_relatif;0.97;0.92;-0,05;oui
4b_effets;ensemble, sans_enseignes | photo_jointe : avec photo;suppressions;67;177;110,0;oui
4b_effets;ensemble, sans_enseignes | photos_auteur : 1 à 20 photos;avis_jours;2819;7462;4643,0;oui
4b_effets;ensemble, sans_enseignes | photos_auteur : 1 à 20 photos;citable;oui;oui;;non
4b_effets;ensemble, sans_enseignes | photos_auteur : 1 à 20 photos;enseignes_touchees;114.0;353.0;239,0;oui
4b_effets;ensemble, sans_enseignes | photos_auteur : 1 à 20 photos;fiches_touchees;130.0;405.0;275,0;oui
4b_effets;ensemble, sans_enseignes | photos_auteur : 1 à 20 photos;fourchette_basse;0.77;0.85;0,08;oui
4b_effets;ensemble, sans_enseignes | photos_auteur : 1 à 20 photos;fourchette_haute;1.24;1.11;-0,13;oui
4b_effets;ensemble, sans_enseignes | photos_auteur : 1 à 20 photos;part_de_la_premiere_fiche;0.04;0.02;-0,02;oui
4b_effets;ensemble, sans_enseignes | photos_auteur : 1 à 20 photos;remarque;;;;non
4b_effets;ensemble, sans_enseignes | photos_auteur : 1 à 20 photos;risque_relatif;0.97;0.97;0,0;non
4b_effets;ensemble, sans_enseignes | photos_auteur : 1 à 20 photos;suppressions;225;714;489,0;oui
4b_effets;ensemble, sans_enseignes | photos_auteur : plus de 20 photos;avis_jours;679;2157;1478,0;oui
4b_effets;ensemble, sans_enseignes | photos_auteur : plus de 20 photos;citable;oui;oui;;non
4b_effets;ensemble, sans_enseignes | photos_auteur : plus de 20 photos;enseignes_touchees;26.0;131.0;105,0;oui
4b_effets;ensemble, sans_enseignes | photos_auteur : plus de 20 photos;fiches_touchees;26.0;133.0;107,0;oui
4b_effets;ensemble, sans_enseignes | photos_auteur : plus de 20 photos;fourchette_basse;0.24;0.51;0,27;oui
4b_effets;ensemble, sans_enseignes | photos_auteur : plus de 20 photos;fourchette_haute;0.72;0.87;0,15;oui
4b_effets;ensemble, sans_enseignes | photos_auteur : plus de 20 photos;part_de_la_premiere_fiche;0.1;0.04;-0,06;oui
4b_effets;ensemble, sans_enseignes | photos_auteur : plus de 20 photos;remarque;;;;non
4b_effets;ensemble, sans_enseignes | photos_auteur : plus de 20 photos;risque_relatif;0.41;0.67;0,26;oui
4b_effets;ensemble, sans_enseignes | photos_auteur : plus de 20 photos;suppressions;30;153;123,0;oui
4b_effets;ensemble, sans_enseignes | reponse : réponse déjà là, fiche qui répond à 75 % ou moins;avis_jours;973;2107;1134,0;oui
4b_effets;ensemble, sans_enseignes | reponse : réponse déjà là, fiche qui répond à 75 % ou moins;citable;non;oui;;oui
4b_effets;ensemble, sans_enseignes | reponse : réponse déjà là, fiche qui répond à 75 % ou moins;enseignes_touchees;19.0;104.0;85,0;oui
4b_effets;ensemble, sans_enseignes | reponse : réponse déjà là, fiche qui répond à 75 % ou moins;fiches_touchees;20.0;112.0;92,0;oui
4b_effets;ensemble, sans_enseignes | reponse : réponse déjà là, fiche qui répond à 75 % ou moins;fourchette_basse;0.34;1.07;0,73;oui
4b_effets;ensemble, sans_enseignes | reponse : réponse déjà là, fiche qui répond à 75 % ou moins;fourchette_haute;0.94;1.86;0,92;oui
4b_effets;ensemble, sans_enseignes | reponse : réponse déjà là, fiche qui répond à 75 % ou moins;part_de_la_premiere_fiche;0.35;0.22;-0,13;oui
4b_effets;ensemble, sans_enseignes | reponse : réponse déjà là, fiche qui répond à 75 % ou moins;remarque;;;;non
4b_effets;ensemble, sans_enseignes | reponse : réponse déjà là, fiche qui répond à 75 % ou moins;risque_relatif;0.56;1.41;0,85;oui
4b_effets;ensemble, sans_enseignes | reponse : réponse déjà là, fiche qui répond à 75 % ou moins;suppressions;60;254;194,0;oui
4b_effets;ensemble, sans_enseignes | reponse : réponse déjà là, fiche qui répond à plus de 75 %;avis_jours;4187;11794;7607,0;oui
4b_effets;ensemble, sans_enseignes | reponse : réponse déjà là, fiche qui répond à plus de 75 %;citable;oui;oui;;non
4b_effets;ensemble, sans_enseignes | reponse : réponse déjà là, fiche qui répond à plus de 75 %;enseignes_touchees;76.0;277.0;201,0;oui
4b_effets;ensemble, sans_enseignes | reponse : réponse déjà là, fiche qui répond à plus de 75 %;fiches_touchees;85.0;349.0;264,0;oui
4b_effets;ensemble, sans_enseignes | reponse : réponse déjà là, fiche qui répond à plus de 75 %;fourchette_basse;0.15;0.27;0,12;oui
4b_effets;ensemble, sans_enseignes | reponse : réponse déjà là, fiche qui répond à plus de 75 %;fourchette_haute;0.31;0.42;0,11;oui
4b_effets;ensemble, sans_enseignes | reponse : réponse déjà là, fiche qui répond à plus de 75 %;part_de_la_premiere_fiche;0.04;0.04;0,0;non
4b_effets;ensemble, sans_enseignes | reponse : réponse déjà là, fiche qui répond à plus de 75 %;remarque;;;;non
4b_effets;ensemble, sans_enseignes | reponse : réponse déjà là, fiche qui répond à plus de 75 %;risque_relatif;0.21;0.34;0,13;oui
4b_effets;ensemble, sans_enseignes | reponse : réponse déjà là, fiche qui répond à plus de 75 %;suppressions;245;961;716,0;oui
4b_effets;ensemble, sans_enseignes | reponse : réponse déjà là, habitude inconnue;avis_jours;3;22;19,0;oui
4b_effets;ensemble, sans_enseignes | reponse : réponse déjà là, habitude inconnue;citable;non;non;;non
4b_effets;ensemble, sans_enseignes | reponse : réponse déjà là, habitude inconnue;enseignes_touchees;;7.0;;oui
4b_effets;ensemble, sans_enseignes | reponse : réponse déjà là, habitude inconnue;fiches_touchees;;7.0;;oui
4b_effets;ensemble, sans_enseignes | reponse : réponse déjà là, habitude inconnue;fourchette_basse;;0.17;;oui
4b_effets;ensemble, sans_enseignes | reponse : réponse déjà là, habitude inconnue;fourchette_haute;;5.42;;oui
4b_effets;ensemble, sans_enseignes | reponse : réponse déjà là, habitude inconnue;part_de_la_premiere_fiche;;0.14;;oui
4b_effets;ensemble, sans_enseignes | reponse : réponse déjà là, habitude inconnue;remarque;écartée : moins de 5 suppressions;;;oui
4b_effets;ensemble, sans_enseignes | reponse : réponse déjà là, habitude inconnue;risque_relatif;;0.96;;oui
4b_effets;ensemble, sans_enseignes | reponse : réponse déjà là, habitude inconnue;suppressions;1;7;6,0;oui
4b_effets;ensemble, sans_enseignes | texte : 1 à 50 caractères;avis_jours;2112;4903;2791,0;oui
4b_effets;ensemble, sans_enseignes | texte : 1 à 50 caractères;citable;oui;oui;;non
4b_effets;ensemble, sans_enseignes | texte : 1 à 50 caractères;enseignes_touchees;67.0;178.0;111,0;oui
4b_effets;ensemble, sans_enseignes | texte : 1 à 50 caractères;fiches_touchees;77.0;206.0;129,0;oui
4b_effets;ensemble, sans_enseignes | texte : 1 à 50 caractères;fourchette_basse;0.87;0.95;0,08;oui
4b_effets;ensemble, sans_enseignes | texte : 1 à 50 caractères;fourchette_haute;1.56;1.34;-0,22;oui
4b_effets;ensemble, sans_enseignes | texte : 1 à 50 caractères;part_de_la_premiere_fiche;0.06;0.04;-0,02;oui
4b_effets;ensemble, sans_enseignes | texte : 1 à 50 caractères;remarque;;;;non
4b_effets;ensemble, sans_enseignes | texte : 1 à 50 caractères;risque_relatif;1.16;1.13;-0,03;oui
4b_effets;ensemble, sans_enseignes | texte : 1 à 50 caractères;suppressions;125;366;241,0;oui
4b_effets;ensemble, sans_enseignes | texte : 51 à 200 caractères;avis_jours;3934;9280;5346,0;oui
4b_effets;ensemble, sans_enseignes | texte : 51 à 200 caractères;citable;oui;oui;;non
4b_effets;ensemble, sans_enseignes | texte : 51 à 200 caractères;enseignes_touchees;96.0;332.0;236,0;oui
4b_effets;ensemble, sans_enseignes | texte : 51 à 200 caractères;fiches_touchees;110.0;386.0;276,0;oui
4b_effets;ensemble, sans_enseignes | texte : 51 à 200 caractères;fourchette_basse;0.71;0.92;0,21;oui
4b_effets;ensemble, sans_enseignes | texte : 51 à 200 caractères;fourchette_haute;1.18;1.23;0,05;oui
4b_effets;ensemble, sans_enseignes | texte : 51 à 200 caractères;part_de_la_premiere_fiche;0.07;0.03;-0,04;oui
4b_effets;ensemble, sans_enseignes | texte : 51 à 200 caractères;remarque;;;;non
4b_effets;ensemble, sans_enseignes | texte : 51 à 200 caractères;risque_relatif;0.91;1.06;0,15;oui
4b_effets;ensemble, sans_enseignes | texte : 51 à 200 caractères;suppressions;277;871;594,0;oui
4b_effets;ensemble, sans_enseignes | texte : plus de 200 caractères;avis_jours;2593;6723;4130,0;oui
4b_effets;ensemble, sans_enseignes | texte : plus de 200 caractères;citable;oui;oui;;non
4b_effets;ensemble, sans_enseignes | texte : plus de 200 caractères;enseignes_touchees;139.0;396.0;257,0;oui
4b_effets;ensemble, sans_enseignes | texte : plus de 200 caractères;fiches_touchees;150.0;435.0;285,0;oui
4b_effets;ensemble, sans_enseignes | texte : plus de 200 caractères;fourchette_basse;0.88;0.93;0,05;oui
4b_effets;ensemble, sans_enseignes | texte : plus de 200 caractères;fourchette_haute;1.52;1.27;-0,25;oui
4b_effets;ensemble, sans_enseignes | texte : plus de 200 caractères;part_de_la_premiere_fiche;0.03;0.03;0,0;non
4b_effets;ensemble, sans_enseignes | texte : plus de 200 caractères;remarque;;;;non
4b_effets;ensemble, sans_enseignes | texte : plus de 200 caractères;risque_relatif;1.16;1.09;-0,07;oui
4b_effets;ensemble, sans_enseignes | texte : plus de 200 caractères;suppressions;270;792;522,0;oui
4b_effets;ensemble, tous | age_cat : 1 jour(s);avis_jours;107;246;139,0;oui
4b_effets;ensemble, tous | age_cat : 1 jour(s);citable;oui;oui;;non
4b_effets;ensemble, tous | age_cat : 1 jour(s);enseignes_touchees;8.0;12.0;4,0;oui
4b_effets;ensemble, tous | age_cat : 1 jour(s);fiches_touchees;9.0;14.0;5,0;oui
4b_effets;ensemble, tous | age_cat : 1 jour(s);fourchette_basse;0.55;0.6;0,05;oui
4b_effets;ensemble, tous | age_cat : 1 jour(s);fourchette_haute;2.69;1.99;-0,7;oui
4b_effets;ensemble, tous | age_cat : 1 jour(s);part_de_la_premiere_fiche;0.2;0.13;-0,07;oui
4b_effets;ensemble, tous | age_cat : 1 jour(s);remarque;;;;non
4b_effets;ensemble, tous | age_cat : 1 jour(s);risque_relatif;1.21;1.1;-0,11;oui
4b_effets;ensemble, tous | age_cat : 1 jour(s);suppressions;10;15;5,0;oui
4b_effets;ensemble, tous | age_cat : 14 jours et plus;avis_jours;2468;9797;7329,0;oui
4b_effets;ensemble, tous | age_cat : 14 jours et plus;citable;oui;oui;;non
4b_effets;ensemble, tous | age_cat : 14 jours et plus;enseignes_touchees;33.0;665.0;632,0;oui
4b_effets;ensemble, tous | age_cat : 14 jours et plus;fiches_touchees;33.0;822.0;789,0;oui
4b_effets;ensemble, tous | age_cat : 14 jours et plus;fourchette_basse;0.33;6.19;5,86;oui
4b_effets;ensemble, tous | age_cat : 14 jours et plus;fourchette_haute;0.63;8.03;7,4;oui
4b_effets;ensemble, tous | age_cat : 14 jours et plus;part_de_la_premiere_fiche;0.18;0.07;-0,11;oui
4b_effets;ensemble, tous | age_cat : 14 jours et plus;remarque;;;;non
4b_effets;ensemble, tous | age_cat : 14 jours et plus;risque_relatif;0.45;7.05;6,6;oui
4b_effets;ensemble, tous | age_cat : 14 jours et plus;suppressions;84;2186;2102,0;oui
4b_effets;ensemble, tous | age_cat : 2 jour(s);avis_jours;933;2018;1085,0;oui
4b_effets;ensemble, tous | age_cat : 2 jour(s);citable;oui;oui;;non
4b_effets;ensemble, tous | age_cat : 2 jour(s);enseignes_touchees;47.0;88.0;41,0;oui
4b_effets;ensemble, tous | age_cat : 2 jour(s);fiches_touchees;48.0;91.0;43,0;oui
4b_effets;ensemble, tous | age_cat : 2 jour(s);fourchette_basse;0.4;0.65;0,25;oui
4b_effets;ensemble, tous | age_cat : 2 jour(s);fourchette_haute;0.83;1.07;0,24;oui
4b_effets;ensemble, tous | age_cat : 2 jour(s);part_de_la_premiere_fiche;0.06;0.03;-0,03;oui
4b_effets;ensemble, tous | age_cat : 2 jour(s);remarque;;;;non
4b_effets;ensemble, tous | age_cat : 2 jour(s);risque_relatif;0.57;0.83;0,26;oui
4b_effets;ensemble, tous | age_cat : 2 jour(s);suppressions;54;102;48,0;oui
4b_effets;ensemble, tous | age_cat : 3 jour(s);avis_jours;1032;2120;1088,0;oui
4b_effets;ensemble, tous | age_cat : 3 jour(s);citable;oui;oui;;non
4b_effets;ensemble, tous | age_cat : 3 jour(s);enseignes_touchees;36.0;59.0;23,0;oui
4b_effets;ensemble, tous | age_cat : 3 jour(s);fiches_touchees;37.0;61.0;24,0;oui
4b_effets;ensemble, tous | age_cat : 3 jour(s);fourchette_basse;0.31;0.43;0,12;oui
4b_effets;ensemble, tous | age_cat : 3 jour(s);fourchette_haute;0.66;0.76;0,1;oui
4b_effets;ensemble, tous | age_cat : 3 jour(s);part_de_la_premiere_fiche;0.12;0.07;-0,05;oui
4b_effets;ensemble, tous | age_cat : 3 jour(s);remarque;;;;non
4b_effets;ensemble, tous | age_cat : 3 jour(s);risque_relatif;0.45;0.57;0,12;oui
4b_effets;ensemble, tous | age_cat : 3 jour(s);suppressions;43;72;29,0;oui
4b_effets;ensemble, tous | age_cat : 4 jour(s);avis_jours;1200;2170;970,0;oui
4b_effets;ensemble, tous | age_cat : 4 jour(s);citable;non;non;;non
4b_effets;ensemble, tous | age_cat : 4 jour(s);enseignes_touchees;12.0;19.0;7,0;oui
4b_effets;ensemble, tous | age_cat : 4 jour(s);fiches_touchees;12.0;19.0;7,0;oui
4b_effets;ensemble, tous | age_cat : 4 jour(s);fourchette_basse;0.16;0.16;0,0;non
4b_effets;ensemble, tous | age_cat : 4 jour(s);fourchette_haute;0.4;0.34;-0,06;oui
4b_effets;ensemble, tous | age_cat : 4 jour(s);part_de_la_premiere_fiche;0.33;0.26;-0,07;oui
4b_effets;ensemble, tous | age_cat : 4 jour(s);remarque;;;;non
4b_effets;ensemble, tous | age_cat : 4 jour(s);risque_relatif;0.26;0.23;-0,03;oui
4b_effets;ensemble, tous | age_cat : 4 jour(s);suppressions;24;31;7,0;oui
4b_effets;ensemble, tous | age_cat : 5 jour(s);avis_jours;1344;2575;1231,0;oui
4b_effets;ensemble, tous | age_cat : 5 jour(s);citable;oui;oui;;non
4b_effets;ensemble, tous | age_cat : 5 jour(s);enseignes_touchees;21.0;29.0;8,0;oui
4b_effets;ensemble, tous | age_cat : 5 jour(s);fiches_touchees;22.0;34.0;12,0;oui
4b_effets;ensemble, tous | age_cat : 5 jour(s);fourchette_basse;0.15;0.19;0,04;oui
4b_effets;ensemble, tous | age_cat : 5 jour(s);fourchette_haute;0.37;0.37;0,0;non
4b_effets;ensemble, tous | age_cat : 5 jour(s);part_de_la_premiere_fiche;0.09;0.05;-0,04;oui
4b_effets;ensemble, tous | age_cat : 5 jour(s);remarque;;;;non
4b_effets;ensemble, tous | age_cat : 5 jour(s);risque_relatif;0.23;0.26;0,03;oui
4b_effets;ensemble, tous | age_cat : 5 jour(s);suppressions;23;38;15,0;oui
4b_effets;ensemble, tous | age_cat : 6 jour(s);avis_jours;1543;3070;1527,0;oui
4b_effets;ensemble, tous | age_cat : 6 jour(s);citable;oui;oui;;non
4b_effets;ensemble, tous | age_cat : 6 jour(s);enseignes_touchees;70.0;78.0;8,0;oui
4b_effets;ensemble, tous | age_cat : 6 jour(s);fiches_touchees;112.0;121.0;9,0;oui
4b_effets;ensemble, tous | age_cat : 6 jour(s);fourchette_basse;2.58;1.81;-0,77;oui
4b_effets;ensemble, tous | age_cat : 6 jour(s);fourchette_haute;3.96;2.58;-1,38;oui
4b_effets;ensemble, tous | age_cat : 6 jour(s);part_de_la_premiere_fiche;0.04;0.05;0,01;oui
4b_effets;ensemble, tous | age_cat : 6 jour(s);remarque;;;;non
4b_effets;ensemble, tous | age_cat : 6 jour(s);risque_relatif;3.2;2.16;-1,04;oui
4b_effets;ensemble, tous | age_cat : 6 jour(s);suppressions;242;273;31,0;oui
4b_effets;ensemble, tous | age_cat : 7 jour(s);avis_jours;1565;2999;1434,0;oui
4b_effets;ensemble, tous | age_cat : 7 jour(s);citable;oui;oui;;non
4b_effets;ensemble, tous | age_cat : 7 jour(s);enseignes_touchees;83.0;86.0;3,0;oui
4b_effets;ensemble, tous | age_cat : 7 jour(s);fiches_touchees;137.0;140.0;3,0;oui
4b_effets;ensemble, tous | age_cat : 7 jour(s);fourchette_basse;7.61;4.04;-3,57;oui
4b_effets;ensemble, tous | age_cat : 7 jour(s);fourchette_haute;11.39;5.59;-5,8;oui
4b_effets;ensemble, tous | age_cat : 7 jour(s);part_de_la_premiere_fiche;0.06;0.06;0,0;non
4b_effets;ensemble, tous | age_cat : 7 jour(s);remarque;;;;non
4b_effets;ensemble, tous | age_cat : 7 jour(s);risque_relatif;9.31;4.75;-4,56;oui
4b_effets;ensemble, tous | age_cat : 7 jour(s);suppressions;437;440;3,0;oui
4b_effets;ensemble, tous | age_cat : 8 jour(s);avis_jours;1243;2610;1367,0;oui
4b_effets;ensemble, tous | age_cat : 8 jour(s);citable;oui;oui;;non
4b_effets;ensemble, tous | age_cat : 8 jour(s);enseignes_touchees;55.0;56.0;1,0;oui
4b_effets;ensemble, tous | age_cat : 8 jour(s);fiches_touchees;76.0;77.0;1,0;oui
4b_effets;ensemble, tous | age_cat : 8 jour(s);fourchette_basse;1.39;0.88;-0,51;oui
4b_effets;ensemble, tous | age_cat : 8 jour(s);fourchette_haute;2.34;1.4;-0,94;oui
4b_effets;ensemble, tous | age_cat : 8 jour(s);part_de_la_premiere_fiche;0.05;0.05;0,0;non
4b_effets;ensemble, tous | age_cat : 8 jour(s);remarque;;;;non
4b_effets;ensemble, tous | age_cat : 8 jour(s);risque_relatif;1.8;1.11;-0,69;oui
4b_effets;ensemble, tous | age_cat : 8 jour(s);suppressions;113;114;1,0;oui
4b_effets;ensemble, tous | avis_auteur : 2 à 20 avis;avis_jours;9280;21198;11918,0;oui
4b_effets;ensemble, tous | avis_auteur : 2 à 20 avis;citable;oui;oui;;non
4b_effets;ensemble, tous | avis_auteur : 2 à 20 avis;enseignes_touchees;159.0;531.0;372,0;oui
4b_effets;ensemble, tous | avis_auteur : 2 à 20 avis;fiches_touchees;224.0;669.0;445,0;oui
4b_effets;ensemble, tous | avis_auteur : 2 à 20 avis;fourchette_basse;0.73;0.97;0,24;oui
4b_effets;ensemble, tous | avis_auteur : 2 à 20 avis;fourchette_haute;1.02;1.19;0,17;oui
4b_effets;ensemble, tous | avis_auteur : 2 à 20 avis;part_de_la_premiere_fiche;0.03;0.02;-0,01;oui
4b_effets;ensemble, tous | avis_auteur : 2 à 20 avis;remarque;;;;non
4b_effets;ensemble, tous | avis_auteur : 2 à 20 avis;risque_relatif;0.86;1.07;0,21;oui
4b_effets;ensemble, tous | avis_auteur : 2 à 20 avis;suppressions;713;2103;1390,0;oui
4b_effets;ensemble, tous | avis_auteur : plus de 20 avis;avis_jours;1708;4619;2911,0;oui
4b_effets;ensemble, tous | avis_auteur : plus de 20 avis;citable;oui;oui;;non
4b_effets;ensemble, tous | avis_auteur : plus de 20 avis;enseignes_touchees;69.0;272.0;203,0;oui
4b_effets;ensemble, tous | avis_auteur : plus de 20 avis;fiches_touchees;83.0;321.0;238,0;oui
4b_effets;ensemble, tous | avis_auteur : plus de 20 avis;fourchette_basse;0.58;0.9;0,32;oui
4b_effets;ensemble, tous | avis_auteur : plus de 20 avis;fourchette_haute;1.41;1.47;0,06;oui
4b_effets;ensemble, tous | avis_auteur : plus de 20 avis;part_de_la_premiere_fiche;0.06;0.03;-0,03;oui
4b_effets;ensemble, tous | avis_auteur : plus de 20 avis;remarque;;;;non
4b_effets;ensemble, tous | avis_auteur : plus de 20 avis;risque_relatif;0.9;1.15;0,25;oui
4b_effets;ensemble, tous | avis_auteur : plus de 20 avis;suppressions;106;436;330,0;oui
4b_effets;ensemble, tous | local_guide : niveau 5 et plus;avis_jours;1797;5045;3248,0;oui
4b_effets;ensemble, tous | local_guide : niveau 5 et plus;citable;oui;oui;;non
4b_effets;ensemble, tous | local_guide : niveau 5 et plus;enseignes_touchees;70.0;286.0;216,0;oui
4b_effets;ensemble, tous | local_guide : niveau 5 et plus;fiches_touchees;78.0;328.0;250,0;oui
4b_effets;ensemble, tous | local_guide : niveau 5 et plus;fourchette_basse;0.48;0.68;0,2;oui
4b_effets;ensemble, tous | local_guide : niveau 5 et plus;fourchette_haute;1.17;1.09;-0,08;oui
4b_effets;ensemble, tous | local_guide : niveau 5 et plus;part_de_la_premiere_fiche;0.05;0.03;-0,02;oui
4b_effets;ensemble, tous | local_guide : niveau 5 et plus;remarque;;;;non
4b_effets;ensemble, tous | local_guide : niveau 5 et plus;risque_relatif;0.75;0.86;0,11;oui
4b_effets;ensemble, tous | local_guide : niveau 5 et plus;suppressions;104;436;332,0;oui
4b_effets;ensemble, tous | local_guide : sans niveau;avis_jours;1625;3482;1857,0;oui
4b_effets;ensemble, tous | local_guide : sans niveau;citable;oui;oui;;non
4b_effets;ensemble, tous | local_guide : sans niveau;enseignes_touchees;74.0;120.0;46,0;oui
4b_effets;ensemble, tous | local_guide : sans niveau;fiches_touchees;92.0;148.0;56,0;oui
4b_effets;ensemble, tous | local_guide : sans niveau;fourchette_basse;1.16;1.11;-0,05;oui
4b_effets;ensemble, tous | local_guide : sans niveau;fourchette_haute;1.82;1.54;-0,28;oui
4b_effets;ensemble, tous | local_guide : sans niveau;part_de_la_premiere_fiche;0.05;0.13;0,08;oui
4b_effets;ensemble, tous | local_guide : sans niveau;remarque;;;;non
4b_effets;ensemble, tous | local_guide : sans niveau;risque_relatif;1.45;1.31;-0,14;oui
4b_effets;ensemble, tous | local_guide : sans niveau;suppressions;201;363;162,0;oui
4b_effets;ensemble, tous | note : 1 étoile(s);avis_jours;1029;3494;2465,0;oui
4b_effets;ensemble, tous | note : 1 étoile(s);citable;oui;oui;;non
4b_effets;ensemble, tous | note : 1 étoile(s);enseignes_touchees;88.0;237.0;149,0;oui
4b_effets;ensemble, tous | note : 1 étoile(s);fiches_touchees;96.0;259.0;163,0;oui
4b_effets;ensemble, tous | note : 1 étoile(s);fourchette_basse;2.61;2.17;-0,44;oui
4b_effets;ensemble, tous | note : 1 étoile(s);fourchette_haute;4.56;3.02;-1,54;oui
4b_effets;ensemble, tous | note : 1 étoile(s);part_de_la_premiere_fiche;0.08;0.21;0,13;oui
4b_effets;ensemble, tous | note : 1 étoile(s);remarque;;;;non
4b_effets;ensemble, tous | note : 1 étoile(s);risque_relatif;3.45;2.56;-0,89;oui
4b_effets;ensemble, tous | note : 1 étoile(s);suppressions;172;770;598,0;oui
4b_effets;ensemble, tous | note : 2 étoile(s);avis_jours;220;663;443,0;oui
4b_effets;ensemble, tous | note : 2 étoile(s);citable;oui;oui;;non
4b_effets;ensemble, tous | note : 2 étoile(s);enseignes_touchees;22.0;70.0;48,0;oui
4b_effets;ensemble, tous | note : 2 étoile(s);fiches_touchees;22.0;74.0;52,0;oui
4b_effets;ensemble, tous | note : 2 étoile(s);fourchette_basse;1.24;1.43;0,19;oui
4b_effets;ensemble, tous | note : 2 étoile(s);fourchette_haute;3.54;2.54;-1,0;oui
4b_effets;ensemble, tous | note : 2 étoile(s);part_de_la_premiere_fiche;0.23;0.1;-0,13;oui
4b_effets;ensemble, tous | note : 2 étoile(s);remarque;;;;non
4b_effets;ensemble, tous | note : 2 étoile(s);risque_relatif;2.1;1.91;-0,19;oui
4b_effets;ensemble, tous | note : 2 étoile(s);suppressions;30;91;61,0;oui
4b_effets;ensemble, tous | note : 3 étoile(s);avis_jours;240;823;583,0;oui
4b_effets;ensemble, tous | note : 3 étoile(s);citable;oui;oui;;non
4b_effets;ensemble, tous | note : 3 étoile(s);enseignes_touchees;10.0;78.0;68,0;oui
4b_effets;ensemble, tous | note : 3 étoile(s);fiches_touchees;10.0;79.0;69,0;oui
4b_effets;ensemble, tous | note : 3 étoile(s);fourchette_basse;0.33;0.94;0,61;oui
4b_effets;ensemble, tous | note : 3 étoile(s);fourchette_haute;1.34;1.67;0,33;oui
4b_effets;ensemble, tous | note : 3 étoile(s);part_de_la_premiere_fiche;0.1;0.02;-0,08;oui
4b_effets;ensemble, tous | note : 3 étoile(s);remarque;;;;non
4b_effets;ensemble, tous | note : 3 étoile(s);risque_relatif;0.67;1.26;0,59;oui
4b_effets;ensemble, tous | note : 3 étoile(s);suppressions;10;83;73,0;oui
4b_effets;ensemble, tous | note : 4 étoile(s);avis_jours;820;2154;1334,0;oui
4b_effets;ensemble, tous | note : 4 étoile(s);citable;oui;oui;;non
4b_effets;ensemble, tous | note : 4 étoile(s);enseignes_touchees;28.0;100.0;72,0;oui
4b_effets;ensemble, tous | note : 4 étoile(s);fiches_touchees;35.0;113.0;78,0;oui
4b_effets;ensemble, tous | note : 4 étoile(s);fourchette_basse;0.38;0.63;0,25;oui
4b_effets;ensemble, tous | note : 4 étoile(s);fourchette_haute;0.8;0.96;0,16;oui
4b_effets;ensemble, tous | note : 4 étoile(s);part_de_la_premiere_fiche;0.09;0.04;-0,05;oui
4b_effets;ensemble, tous | note : 4 étoile(s);remarque;;;;non
4b_effets;ensemble, tous | note : 4 étoile(s);risque_relatif;0.55;0.78;0,23;oui
4b_effets;ensemble, tous | note : 4 étoile(s);suppressions;45;141;96,0;oui
4b_effets;ensemble, tous | photo_jointe : avec photo;avis_jours;866;2077;1211,0;oui
4b_effets;ensemble, tous | photo_jointe : avec photo;citable;oui;oui;;non
4b_effets;ensemble, tous | photo_jointe : avec photo;enseignes_touchees;45.0;119.0;74,0;oui
4b_effets;ensemble, tous | photo_jointe : avec photo;fiches_touchees;46.0;128.0;82,0;oui
4b_effets;ensemble, tous | photo_jointe : avec photo;fourchette_basse;0.64;0.72;0,08;oui
4b_effets;ensemble, tous | photo_jointe : avec photo;fourchette_haute;1.28;1.1;-0,18;oui
4b_effets;ensemble, tous | photo_jointe : avec photo;part_de_la_premiere_fiche;0.09;0.04;-0,05;oui
4b_effets;ensemble, tous | photo_jointe : avec photo;remarque;;;;non
4b_effets;ensemble, tous | photo_jointe : avec photo;risque_relatif;0.9;0.89;-0,01;oui
4b_effets;ensemble, tous | photo_jointe : avec photo;suppressions;69;186;117,0;oui
4b_effets;ensemble, tous | photos_auteur : 1 à 20 photos;avis_jours;4108;9835;5727,0;oui
4b_effets;ensemble, tous | photos_auteur : 1 à 20 photos;citable;oui;oui;;non
4b_effets;ensemble, tous | photos_auteur : 1 à 20 photos;enseignes_touchees;119.0;359.0;240,0;oui
4b_effets;ensemble, tous | photos_auteur : 1 à 20 photos;fiches_touchees;170.0;451.0;281,0;oui
4b_effets;ensemble, tous | photos_auteur : 1 à 20 photos;fourchette_basse;0.85;0.87;0,02;oui
4b_effets;ensemble, tous | photos_auteur : 1 à 20 photos;fourchette_haute;1.22;1.08;-0,14;oui
4b_effets;ensemble, tous | photos_auteur : 1 à 20 photos;part_de_la_premiere_fiche;0.03;0.02;-0,01;oui
4b_effets;ensemble, tous | photos_auteur : 1 à 20 photos;remarque;;;;non
4b_effets;ensemble, tous | photos_auteur : 1 à 20 photos;risque_relatif;1.01;0.97;-0,04;oui
4b_effets;ensemble, tous | photos_auteur : 1 à 20 photos;suppressions;336;964;628,0;oui
4b_effets;ensemble, tous | photos_auteur : plus de 20 photos;avis_jours;815;2432;1617,0;oui
4b_effets;ensemble, tous | photos_auteur : plus de 20 photos;citable;oui;oui;;non
4b_effets;ensemble, tous | photos_auteur : plus de 20 photos;enseignes_touchees;29.0;136.0;107,0;oui
4b_effets;ensemble, tous | photos_auteur : plus de 20 photos;fiches_touchees;29.0;143.0;114,0;oui
4b_effets;ensemble, tous | photos_auteur : plus de 20 photos;fourchette_basse;0.25;0.5;0,25;oui
4b_effets;ensemble, tous | photos_auteur : plus de 20 photos;fourchette_haute;0.68;0.81;0,13;oui
4b_effets;ensemble, tous | photos_auteur : plus de 20 photos;part_de_la_premiere_fiche;0.09;0.04;-0,05;oui
4b_effets;ensemble, tous | photos_auteur : plus de 20 photos;remarque;;;;non
4b_effets;ensemble, tous | photos_auteur : plus de 20 photos;risque_relatif;0.41;0.64;0,23;oui
4b_effets;ensemble, tous | photos_auteur : plus de 20 photos;suppressions;33;169;136,0;oui
4b_effets;ensemble, tous | reponse : réponse déjà là, fiche qui répond à 75 % ou moins;avis_jours;1261;3325;2064,0;oui
4b_effets;ensemble, tous | reponse : réponse déjà là, fiche qui répond à 75 % ou moins;citable;oui;oui;;non
4b_effets;ensemble, tous | reponse : réponse déjà là, fiche qui répond à 75 % ou moins;enseignes_touchees;22.0;108.0;86,0;oui
4b_effets;ensemble, tous | reponse : réponse déjà là, fiche qui répond à 75 % ou moins;fiches_touchees;27.0;125.0;98,0;oui
4b_effets;ensemble, tous | reponse : réponse déjà là, fiche qui répond à 75 % ou moins;fourchette_basse;0.27;0.74;0,47;oui
4b_effets;ensemble, tous | reponse : réponse déjà là, fiche qui répond à 75 % ou moins;fourchette_haute;0.62;1.13;0,51;oui
4b_effets;ensemble, tous | reponse : réponse déjà là, fiche qui répond à 75 % ou moins;part_de_la_premiere_fiche;0.24;0.22;-0,02;oui
4b_effets;ensemble, tous | reponse : réponse déjà là, fiche qui répond à 75 % ou moins;remarque;;;;non
4b_effets;ensemble, tous | reponse : réponse déjà là, fiche qui répond à 75 % ou moins;risque_relatif;0.41;0.91;0,5;oui
4b_effets;ensemble, tous | reponse : réponse déjà là, fiche qui répond à 75 % ou moins;suppressions;88;481;393,0;oui
4b_effets;ensemble, tous | reponse : réponse déjà là, fiche qui répond à plus de 75 %;avis_jours;6421;15115;8694,0;oui
4b_effets;ensemble, tous | reponse : réponse déjà là, fiche qui répond à plus de 75 %;citable;oui;oui;;non
4b_effets;ensemble, tous | reponse : réponse déjà là, fiche qui répond à plus de 75 %;enseignes_touchees;79.0;280.0;201,0;oui
4b_effets;ensemble, tous | reponse : réponse déjà là, fiche qui répond à plus de 75 %;fiches_touchees;116.0;383.0;267,0;oui
4b_effets;ensemble, tous | reponse : réponse déjà là, fiche qui répond à plus de 75 %;fourchette_basse;0.15;0.28;0,13;oui
4b_effets;ensemble, tous | reponse : réponse déjà là, fiche qui répond à plus de 75 %;fourchette_haute;0.3;0.42;0,12;oui
4b_effets;ensemble, tous | reponse : réponse déjà là, fiche qui répond à plus de 75 %;part_de_la_premiere_fiche;0.04;0.03;-0,01;oui
4b_effets;ensemble, tous | reponse : réponse déjà là, fiche qui répond à plus de 75 %;remarque;;;;non
4b_effets;ensemble, tous | reponse : réponse déjà là, fiche qui répond à plus de 75 %;risque_relatif;0.21;0.34;0,13;oui
4b_effets;ensemble, tous | reponse : réponse déjà là, fiche qui répond à plus de 75 %;suppressions;492;1377;885,0;oui
4b_effets;ensemble, tous | reponse : réponse déjà là, habitude inconnue;avis_jours;3;22;19,0;oui
4b_effets;ensemble, tous | reponse : réponse déjà là, habitude inconnue;citable;non;non;;non
4b_effets;ensemble, tous | reponse : réponse déjà là, habitude inconnue;enseignes_touchees;;7.0;;oui
4b_effets;ensemble, tous | reponse : réponse déjà là, habitude inconnue;fiches_touchees;;7.0;;oui
4b_effets;ensemble, tous | reponse : réponse déjà là, habitude inconnue;fourchette_basse;;0.18;;oui
4b_effets;ensemble, tous | reponse : réponse déjà là, habitude inconnue;fourchette_haute;;5.37;;oui
4b_effets;ensemble, tous | reponse : réponse déjà là, habitude inconnue;part_de_la_premiere_fiche;;0.14;;oui
4b_effets;ensemble, tous | reponse : réponse déjà là, habitude inconnue;remarque;écartée : moins de 5 suppressions;;;oui
4b_effets;ensemble, tous | reponse : réponse déjà là, habitude inconnue;risque_relatif;;0.97;;oui
4b_effets;ensemble, tous | reponse : réponse déjà là, habitude inconnue;suppressions;1;7;6,0;oui
4b_effets;ensemble, tous | texte : 1 à 50 caractères;avis_jours;3015;6698;3683,0;oui
4b_effets;ensemble, tous | texte : 1 à 50 caractères;citable;oui;oui;;non
4b_effets;ensemble, tous | texte : 1 à 50 caractères;enseignes_touchees;72.0;184.0;112,0;oui
4b_effets;ensemble, tous | texte : 1 à 50 caractères;fiches_touchees;111.0;253.0;142,0;oui
4b_effets;ensemble, tous | texte : 1 à 50 caractères;fourchette_basse;0.9;0.95;0,05;oui
4b_effets;ensemble, tous | texte : 1 à 50 caractères;fourchette_haute;1.4;1.24;-0,16;oui
4b_effets;ensemble, tous | texte : 1 à 50 caractères;part_de_la_premiere_fiche;0.04;0.05;0,01;oui
4b_effets;ensemble, tous | texte : 1 à 50 caractères;remarque;;;;non
4b_effets;ensemble, tous | texte : 1 à 50 caractères;risque_relatif;1.12;1.08;-0,04;oui
4b_effets;ensemble, tous | texte : 1 à 50 caractères;suppressions;198;579;381,0;oui
4b_effets;ensemble, tous | texte : 51 à 200 caractères;avis_jours;6054;13138;7084,0;oui
4b_effets;ensemble, tous | texte : 51 à 200 caractères;citable;oui;oui;;non
4b_effets;ensemble, tous | texte : 51 à 200 caractères;enseignes_touchees;101.0;338.0;237,0;oui
4b_effets;ensemble, tous | texte : 51 à 200 caractères;fiches_touchees;149.0;435.0;286,0;oui
4b_effets;ensemble, tous | texte : 51 à 200 caractères;fourchette_basse;0.81;0.9;0,09;oui
4b_effets;ensemble, tous | texte : 51 à 200 caractères;fourchette_haute;1.18;1.13;-0,05;oui
4b_effets;ensemble, tous | texte : 51 à 200 caractères;part_de_la_premiere_fiche;0.05;0.03;-0,02;oui
4b_effets;ensemble, tous | texte : 51 à 200 caractères;remarque;;;;non
4b_effets;ensemble, tous | texte : 51 à 200 caractères;risque_relatif;0.98;1.01;0,03;oui
4b_effets;ensemble, tous | texte : 51 à 200 caractères;suppressions;441;1242;801,0;oui
4b_effets;ensemble, tous | texte : plus de 200 caractères;avis_jours;3629;8397;4768,0;oui
4b_effets;ensemble, tous | texte : plus de 200 caractères;citable;oui;oui;;non
4b_effets;ensemble, tous | texte : plus de 200 caractères;enseignes_touchees;144.0;402.0;258,0;oui
4b_effets;ensemble, tous | texte : plus de 200 caractères;fiches_touchees;182.0;478.0;296,0;oui
4b_effets;ensemble, tous | texte : plus de 200 caractères;fourchette_basse;0.93;0.9;-0,03;oui
4b_effets;ensemble, tous | texte : plus de 200 caractères;fourchette_haute;1.43;1.17;-0,26;oui
4b_effets;ensemble, tous | texte : plus de 200 caractères;part_de_la_premiere_fiche;0.05;0.03;-0,02;oui
4b_effets;ensemble, tous | texte : plus de 200 caractères;remarque;;;;non
4b_effets;ensemble, tous | texte : plus de 200 caractères;risque_relatif;1.15;1.02;-0,13;oui
4b_effets;ensemble, tous | texte : plus de 200 caractères;suppressions;350;921;571,0;oui
5_effectifs;large, sans_enseignes | 75 % ou moins | 1 jour;avis;349;386;37,0;oui
5_effectifs;large, sans_enseignes | 75 % ou moins | 1 jour;citable;False;False;0,0;non
5_effectifs;large, sans_enseignes | 75 % ou moins | 1 jour;enseignes_touchees;2;16;14,0;oui
5_effectifs;large, sans_enseignes | 75 % ou moins | 1 jour;fiches_touchees;3;18;15,0;oui
5_effectifs;large, sans_enseignes | 75 % ou moins | 1 jour;lignes;3856;4038;182,0;oui
5_effectifs;large, sans_enseignes | 75 % ou moins | 1 jour;part_de_la_premiere_fiche;0.5;0.3;-0,2;oui
5_effectifs;large, sans_enseignes | 75 % ou moins | 1 jour;suppressions;6;43;37,0;oui
5_effectifs;large, sans_enseignes | 75 % ou moins | 2 jours;avis;115;119;4,0;oui
5_effectifs;large, sans_enseignes | 75 % ou moins | 2 jours;citable;False;False;0,0;non
5_effectifs;large, sans_enseignes | 75 % ou moins | 2 jours;enseignes_touchees;1;5;4,0;oui
5_effectifs;large, sans_enseignes | 75 % ou moins | 2 jours;fiches_touchees;1;5;4,0;oui
5_effectifs;large, sans_enseignes | 75 % ou moins | 2 jours;lignes;1135;1153;18,0;oui
5_effectifs;large, sans_enseignes | 75 % ou moins | 2 jours;part_de_la_premiere_fiche;1.0;0.33;-0,67;oui
5_effectifs;large, sans_enseignes | 75 % ou moins | 2 jours;suppressions;2;6;4,0;oui
5_effectifs;large, sans_enseignes | 75 % ou moins | 3 jours et plus;avis;291;323;32,0;oui
5_effectifs;large, sans_enseignes | 75 % ou moins | 3 jours et plus;citable;False;True;1,0;oui
5_effectifs;large, sans_enseignes | 75 % ou moins | 3 jours et plus;enseignes_touchees;2;27;25,0;oui
5_effectifs;large, sans_enseignes | 75 % ou moins | 3 jours et plus;fiches_touchees;2;27;25,0;oui
5_effectifs;large, sans_enseignes | 75 % ou moins | 3 jours et plus;lignes;2067;2272;205,0;oui
5_effectifs;large, sans_enseignes | 75 % ou moins | 3 jours et plus;part_de_la_premiere_fiche;0.5;0.09;-0,41;oui
5_effectifs;large, sans_enseignes | 75 % ou moins | 3 jours et plus;suppressions;2;34;32,0;oui
5_effectifs;large, sans_enseignes | 75 % ou moins | jour même;avis;225;242;17,0;oui
5_effectifs;large, sans_enseignes | 75 % ou moins | jour même;citable;False;True;1,0;oui
5_effectifs;large, sans_enseignes | 75 % ou moins | jour même;enseignes_touchees;3;14;11,0;oui
5_effectifs;large, sans_enseignes | 75 % ou moins | jour même;fiches_touchees;3;18;15,0;oui
5_effectifs;large, sans_enseignes | 75 % ou moins | jour même;lignes;2494;2591;97,0;oui
5_effectifs;large, sans_enseignes | 75 % ou moins | jour même;part_de_la_premiere_fiche;0.5;0.1;-0,4;oui
5_effectifs;large, sans_enseignes | 75 % ou moins | jour même;suppressions;4;21;17,0;oui
5_effectifs;large, sans_enseignes | 75 % ou moins | pas encore de réponse;avis;4528;4723;195,0;oui
5_effectifs;large, sans_enseignes | 75 % ou moins | pas encore de réponse;citable;True;True;0,0;non
5_effectifs;large, sans_enseignes | 75 % ou moins | pas encore de réponse;enseignes_touchees;37;123;86,0;oui
5_effectifs;large, sans_enseignes | 75 % ou moins | pas encore de réponse;fiches_touchees;44;144;100,0;oui
5_effectifs;large, sans_enseignes | 75 % ou moins | pas encore de réponse;lignes;46752;48055;1303,0;oui
5_effectifs;large, sans_enseignes | 75 % ou moins | pas encore de réponse;part_de_la_premiere_fiche;0.08;0.06;-0,02;oui
5_effectifs;large, sans_enseignes | 75 % ou moins | pas encore de réponse;suppressions;117;312;195,0;oui
5_effectifs;large, sans_enseignes | plus de 75 % | 1 jour;avis;2572;2665;93,0;oui
5_effectifs;large, sans_enseignes | plus de 75 % | 1 jour;citable;True;True;0,0;non
5_effectifs;large, sans_enseignes | plus de 75 % | 1 jour;enseignes_touchees;15;55;40,0;oui
5_effectifs;large, sans_enseignes | plus de 75 % | 1 jour;fiches_touchees;16;71;55,0;oui
5_effectifs;large, sans_enseignes | plus de 75 % | 1 jour;lignes;28050;28726;676,0;oui
5_effectifs;large, sans_enseignes | plus de 75 % | 1 jour;part_de_la_premiere_fiche;0.19;0.12;-0,07;oui
5_effectifs;large, sans_enseignes | plus de 75 % | 1 jour;suppressions;37;130;93,0;oui
5_effectifs;large, sans_enseignes | plus de 75 % | 2 jours;avis;1042;1089;47,0;oui
5_effectifs;large, sans_enseignes | plus de 75 % | 2 jours;citable;True;True;0,0;non
5_effectifs;large, sans_enseignes | plus de 75 % | 2 jours;enseignes_touchees;12;42;30,0;oui
5_effectifs;large, sans_enseignes | plus de 75 % | 2 jours;fiches_touchees;13;50;37,0;oui
5_effectifs;large, sans_enseignes | plus de 75 % | 2 jours;lignes;11070;11435;365,0;oui
5_effectifs;large, sans_enseignes | plus de 75 % | 2 jours;part_de_la_premiere_fiche;0.14;0.07;-0,07;oui
5_effectifs;large, sans_enseignes | plus de 75 % | 2 jours;suppressions;14;61;47,0;oui
5_effectifs;large, sans_enseignes | plus de 75 % | 3 jours et plus;avis;1381;1469;88,0;oui
5_effectifs;large, sans_enseignes | plus de 75 % | 3 jours et plus;citable;False;True;1,0;oui
5_effectifs;large, sans_enseignes | plus de 75 % | 3 jours et plus;enseignes_touchees;8;58;50,0;oui
5_effectifs;large, sans_enseignes | plus de 75 % | 3 jours et plus;fiches_touchees;8;67;59,0;oui
5_effectifs;large, sans_enseignes | plus de 75 % | 3 jours et plus;lignes;12434;13068;634,0;oui
5_effectifs;large, sans_enseignes | plus de 75 % | 3 jours et plus;part_de_la_premiere_fiche;0.36;0.11;-0,25;oui
5_effectifs;large, sans_enseignes | plus de 75 % | 3 jours et plus;suppressions;14;102;88,0;oui
5_effectifs;large, sans_enseignes | plus de 75 % | jour même;avis;2811;2911;100,0;oui
5_effectifs;large, sans_enseignes | plus de 75 % | jour même;citable;True;True;0,0;non
5_effectifs;large, sans_enseignes | plus de 75 % | jour même;enseignes_touchees;16;52;36,0;oui
5_effectifs;large, sans_enseignes | plus de 75 % | jour même;fiches_touchees;19;81;62,0;oui
5_effectifs;large, sans_enseignes | plus de 75 % | jour même;lignes;31694;32290;596,0;oui
5_effectifs;large, sans_enseignes | plus de 75 % | jour même;part_de_la_premiere_fiche;0.21;0.1;-0,11;oui
5_effectifs;large, sans_enseignes | plus de 75 % | jour même;suppressions;43;143;100,0;oui
5_effectifs;large, sans_enseignes | plus de 75 % | pas encore de réponse;avis;2480;2575;95,0;oui
5_effectifs;large, sans_enseignes | plus de 75 % | pas encore de réponse;citable;True;True;0,0;non
5_effectifs;large, sans_enseignes | plus de 75 % | pas encore de réponse;enseignes_touchees;33;79;46,0;oui
5_effectifs;large, sans_enseignes | plus de 75 % | pas encore de réponse;fiches_touchees;38;107;69,0;oui
5_effectifs;large, sans_enseignes | plus de 75 % | pas encore de réponse;lignes;12748;13222;474,0;oui
5_effectifs;large, sans_enseignes | plus de 75 % | pas encore de réponse;part_de_la_premiere_fiche;0.09;0.04;-0,05;oui
5_effectifs;large, sans_enseignes | plus de 75 % | pas encore de réponse;suppressions;74;164;90,0;oui
5_effectifs;large, sans_enseignes | toutes | total du passage;avis;13909;14612;703,0;oui
5_effectifs;large, sans_enseignes | toutes | total du passage;citable;True;True;0,0;non
5_effectifs;large, sans_enseignes | toutes | total du passage;enseignes_touchees;94;329;235,0;oui
5_effectifs;large, sans_enseignes | toutes | total du passage;fiches_touchees;113;453;340,0;oui
5_effectifs;large, sans_enseignes | toutes | total du passage;lignes;152300;156850;4550,0;oui
5_effectifs;large, sans_enseignes | toutes | total du passage;part_de_la_premiere_fiche;0.05;0.02;-0,03;oui
5_effectifs;large, sans_enseignes | toutes | total du passage;suppressions;313;1016;703,0;oui
5_effectifs;large, tous | 75 % ou moins | 1 jour;avis;379;421;42,0;oui
5_effectifs;large, tous | 75 % ou moins | 1 jour;citable;True;True;0,0;non
5_effectifs;large, tous | 75 % ou moins | 1 jour;enseignes_touchees;3;18;15,0;oui
5_effectifs;large, tous | 75 % ou moins | 1 jour;fiches_touchees;8;27;19,0;oui
5_effectifs;large, tous | 75 % ou moins | 1 jour;lignes;4154;4360;206,0;oui
5_effectifs;large, tous | 75 % ou moins | 1 jour;part_de_la_premiere_fiche;0.21;0.23;0,02;oui
5_effectifs;large, tous | 75 % ou moins | 1 jour;suppressions;14;56;42,0;oui
5_effectifs;large, tous | 75 % ou moins | 2 jours;avis;131;138;7,0;oui
5_effectifs;large, tous | 75 % ou moins | 2 jours;citable;False;True;1,0;oui
5_effectifs;large, tous | 75 % ou moins | 2 jours;enseignes_touchees;2;9;7,0;oui
5_effectifs;large, tous | 75 % ou moins | 2 jours;fiches_touchees;2;9;7,0;oui
5_effectifs;large, tous | 75 % ou moins | 2 jours;lignes;1298;1330;32,0;oui
5_effectifs;large, tous | 75 % ou moins | 2 jours;part_de_la_premiere_fiche;0.67;0.2;-0,47;oui
5_effectifs;large, tous | 75 % ou moins | 2 jours;suppressions;3;10;7,0;oui
5_effectifs;large, tous | 75 % ou moins | 3 jours et plus;avis;339;584;245,0;oui
5_effectifs;large, tous | 75 % ou moins | 3 jours et plus;citable;False;False;0,0;non
5_effectifs;large, tous | 75 % ou moins | 3 jours et plus;enseignes_touchees;4;31;27,0;oui
5_effectifs;large, tous | 75 % ou moins | 3 jours et plus;fiches_touchees;4;32;28,0;oui
5_effectifs;large, tous | 75 % ou moins | 3 jours et plus;lignes;2503;3950;1447,0;oui
5_effectifs;large, tous | 75 % ou moins | 3 jours et plus;part_de_la_premiere_fiche;0.78;0.46;-0,32;oui
5_effectifs;large, tous | 75 % ou moins | 3 jours et plus;suppressions;18;263;245,0;oui
5_effectifs;large, tous | 75 % ou moins | jour même;avis;248;270;22,0;oui
5_effectifs;large, tous | 75 % ou moins | jour même;citable;False;True;1,0;oui
5_effectifs;large, tous | 75 % ou moins | jour même;enseignes_touchees;4;16;12,0;oui
5_effectifs;large, tous | 75 % ou moins | jour même;fiches_touchees;6;26;20,0;oui
5_effectifs;large, tous | 75 % ou moins | jour même;lignes;2745;2872;127,0;oui
5_effectifs;large, tous | 75 % ou moins | jour même;part_de_la_premiere_fiche;0.25;0.07;-0,18;oui
5_effectifs;large, tous | 75 % ou moins | jour même;suppressions;8;30;22,0;oui
5_effectifs;large, tous | 75 % ou moins | pas encore de réponse;avis;5900;6496;596,0;oui
5_effectifs;large, tous | 75 % ou moins | pas encore de réponse;citable;True;True;0,0;non
5_effectifs;large, tous | 75 % ou moins | pas encore de réponse;enseignes_touchees;40;127;87,0;oui
5_effectifs;large, tous | 75 % ou moins | pas encore de réponse;fiches_touchees;60;169;109,0;oui
5_effectifs;large, tous | 75 % ou moins | pas encore de réponse;lignes;60849;63690;2841,0;oui
5_effectifs;large, tous | 75 % ou moins | pas encore de réponse;part_de_la_premiere_fiche;0.16;0.09;-0,07;oui
5_effectifs;large, tous | 75 % ou moins | pas encore de réponse;suppressions;312;834;522,0;oui
5_effectifs;large, tous | plus de 75 % | 1 jour;avis;2676;2786;110,0;oui
5_effectifs;large, tous | plus de 75 % | 1 jour;citable;True;True;0,0;non
5_effectifs;large, tous | plus de 75 % | 1 jour;enseignes_touchees;18;58;40,0;oui
5_effectifs;large, tous | plus de 75 % | 1 jour;fiches_touchees;32;92;60,0;oui
5_effectifs;large, tous | plus de 75 % | 1 jour;lignes;29045;29807;762,0;oui
5_effectifs;large, tous | plus de 75 % | 1 jour;part_de_la_premiere_fiche;0.1;0.09;-0,01;oui
5_effectifs;large, tous | plus de 75 % | 1 jour;suppressions;68;178;110,0;oui
5_effectifs;large, tous | plus de 75 % | 2 jours;avis;1046;1096;50,0;oui
5_effectifs;large, tous | plus de 75 % | 2 jours;citable;True;True;0,0;non
5_effectifs;large, tous | plus de 75 % | 2 jours;enseignes_touchees;12;44;32,0;oui
5_effectifs;large, tous | plus de 75 % | 2 jours;fiches_touchees;13;52;39,0;oui
5_effectifs;large, tous | plus de 75 % | 2 jours;lignes;11122;11495;373,0;oui
5_effectifs;large, tous | plus de 75 % | 2 jours;part_de_la_premiere_fiche;0.14;0.06;-0,08;oui
5_effectifs;large, tous | plus de 75 % | 2 jours;suppressions;14;64;50,0;oui
5_effectifs;large, tous | plus de 75 % | 3 jours et plus;avis;1383;1484;101,0;oui
5_effectifs;large, tous | plus de 75 % | 3 jours et plus;citable;False;True;1,0;oui
5_effectifs;large, tous | plus de 75 % | 3 jours et plus;enseignes_touchees;9;61;52,0;oui
5_effectifs;large, tous | plus de 75 % | 3 jours et plus;fiches_touchees;9;78;69,0;oui
5_effectifs;large, tous | plus de 75 % | 3 jours et plus;lignes;12445;13186;741,0;oui
5_effectifs;large, tous | plus de 75 % | 3 jours et plus;part_de_la_premiere_fiche;0.33;0.09;-0,24;oui
5_effectifs;large, tous | plus de 75 % | 3 jours et plus;suppressions;15;116;101,0;oui
5_effectifs;large, tous | plus de 75 % | jour même;avis;3555;3791;236,0;oui
5_effectifs;large, tous | plus de 75 % | jour même;citable;True;True;0,0;non
5_effectifs;large, tous | plus de 75 % | jour même;enseignes_touchees;19;55;36,0;oui
5_effectifs;large, tous | plus de 75 % | jour même;fiches_touchees;49;115;66,0;oui
5_effectifs;large, tous | plus de 75 % | jour même;lignes;38759;39964;1205,0;oui
5_effectifs;large, tous | plus de 75 % | jour même;part_de_la_premiere_fiche;0.09;0.06;-0,03;oui
5_effectifs;large, tous | plus de 75 % | jour même;suppressions;258;494;236,0;oui
5_effectifs;large, tous | plus de 75 % | pas encore de réponse;avis;2494;2593;99,0;oui
5_effectifs;large, tous | plus de 75 % | pas encore de réponse;citable;True;True;0,0;non
5_effectifs;large, tous | plus de 75 % | pas encore de réponse;enseignes_touchees;34;81;47,0;oui
5_effectifs;large, tous | plus de 75 % | pas encore de réponse;fiches_touchees;39;111;72,0;oui
5_effectifs;large, tous | plus de 75 % | pas encore de réponse;lignes;12841;13340;499,0;oui
5_effectifs;large, tous | plus de 75 % | pas encore de réponse;part_de_la_premiere_fiche;0.09;0.04;-0,05;oui
5_effectifs;large, tous | plus de 75 % | pas encore de réponse;suppressions;77;171;94,0;oui
5_effectifs;large, tous | toutes | total du passage;avis;16235;17664;1429,0;oui
5_effectifs;large, tous | toutes | total du passage;citable;True;True;0,0;non
5_effectifs;large, tous | toutes | total du passage;enseignes_touchees;100;335;235,0;oui
5_effectifs;large, tous | toutes | total du passage;fiches_touchees;163;516;353,0;oui
5_effectifs;large, tous | toutes | total du passage;lignes;175761;183994;8233,0;oui
5_effectifs;large, tous | toutes | total du passage;part_de_la_premiere_fiche;0.06;0.09;0,03;oui
5_effectifs;large, tous | toutes | total du passage;suppressions;787;2216;1429,0;oui
5_effectifs;mono + small, sans_enseignes | 75 % ou moins | 1 jour;avis;424;454;30,0;oui
5_effectifs;mono + small, sans_enseignes | 75 % ou moins | 1 jour;citable;False;True;1,0;oui
5_effectifs;mono + small, sans_enseignes | 75 % ou moins | 1 jour;enseignes_touchees;5;21;16,0;oui
5_effectifs;mono + small, sans_enseignes | 75 % ou moins | 1 jour;fiches_touchees;5;22;17,0;oui
5_effectifs;mono + small, sans_enseignes | 75 % ou moins | 1 jour;lignes;4665;4850;185,0;oui
5_effectifs;mono + small, sans_enseignes | 75 % ou moins | 1 jour;part_de_la_premiere_fiche;0.5;0.19;-0,31;oui
5_effectifs;mono + small, sans_enseignes | 75 % ou moins | 1 jour;suppressions;12;42;30,0;oui
5_effectifs;mono + small, sans_enseignes | 75 % ou moins | 2 jours;avis;193;200;7,0;oui
5_effectifs;mono + small, sans_enseignes | 75 % ou moins | 2 jours;citable;False;True;1,0;oui
5_effectifs;mono + small, sans_enseignes | 75 % ou moins | 2 jours;enseignes_touchees;3;9;6,0;oui
5_effectifs;mono + small, sans_enseignes | 75 % ou moins | 2 jours;fiches_touchees;3;9;6,0;oui
5_effectifs;mono + small, sans_enseignes | 75 % ou moins | 2 jours;lignes;1914;1980;66,0;oui
5_effectifs;mono + small, sans_enseignes | 75 % ou moins | 2 jours;part_de_la_premiere_fiche;0.6;0.25;-0,35;oui
5_effectifs;mono + small, sans_enseignes | 75 % ou moins | 2 jours;suppressions;5;12;7,0;oui
5_effectifs;mono + small, sans_enseignes | 75 % ou moins | 3 jours et plus;avis;552;595;43,0;oui
5_effectifs;mono + small, sans_enseignes | 75 % ou moins | 3 jours et plus;citable;False;True;1,0;oui
5_effectifs;mono + small, sans_enseignes | 75 % ou moins | 3 jours et plus;enseignes_touchees;4;32;28,0;oui
5_effectifs;mono + small, sans_enseignes | 75 % ou moins | 3 jours et plus;fiches_touchees;4;32;28,0;oui
5_effectifs;mono + small, sans_enseignes | 75 % ou moins | 3 jours et plus;lignes;4399;4726;327,0;oui
5_effectifs;mono + small, sans_enseignes | 75 % ou moins | 3 jours et plus;part_de_la_premiere_fiche;0.5;0.16;-0,34;oui
5_effectifs;mono + small, sans_enseignes | 75 % ou moins | 3 jours et plus;suppressions;6;49;43,0;oui
5_effectifs;mono + small, sans_enseignes | 75 % ou moins | jour même;avis;384;422;38,0;oui
5_effectifs;mono + small, sans_enseignes | 75 % ou moins | jour même;citable;False;False;0,0;non
5_effectifs;mono + small, sans_enseignes | 75 % ou moins | jour même;enseignes_touchees;6;16;10,0;oui
5_effectifs;mono + small, sans_enseignes | 75 % ou moins | jour même;fiches_touchees;6;16;10,0;oui
5_effectifs;mono + small, sans_enseignes | 75 % ou moins | jour même;lignes;4062;4249;187,0;oui
5_effectifs;mono + small, sans_enseignes | 75 % ou moins | jour même;part_de_la_premiere_fiche;0.75;0.74;-0,01;oui
5_effectifs;mono + small, sans_enseignes | 75 % ou moins | jour même;suppressions;24;62;38,0;oui
5_effectifs;mono + small, sans_enseignes | 75 % ou moins | pas encore de réponse;avis;9417;9923;506,0;oui
5_effectifs;mono + small, sans_enseignes | 75 % ou moins | pas encore de réponse;citable;True;True;0,0;non
5_effectifs;mono + small, sans_enseignes | 75 % ou moins | pas encore de réponse;enseignes_touchees;72;295;223,0;oui
5_effectifs;mono + small, sans_enseignes | 75 % ou moins | pas encore de réponse;fiches_touchees;74;306;232,0;oui
5_effectifs;mono + small, sans_enseignes | 75 % ou moins | pas encore de réponse;lignes;98244;101241;2997,0;oui
5_effectifs;mono + small, sans_enseignes | 75 % ou moins | pas encore de réponse;part_de_la_premiere_fiche;0.13;0.06;-0,07;oui
5_effectifs;mono + small, sans_enseignes | 75 % ou moins | pas encore de réponse;suppressions;235;736;501,0;oui
5_effectifs;mono + small, sans_enseignes | plus de 75 % | 1 jour;avis;1972;2078;106,0;oui
5_effectifs;mono + small, sans_enseignes | plus de 75 % | 1 jour;citable;True;True;0,0;non
5_effectifs;mono + small, sans_enseignes | plus de 75 % | 1 jour;enseignes_touchees;21;69;48,0;oui
5_effectifs;mono + small, sans_enseignes | plus de 75 % | 1 jour;fiches_touchees;22;72;50,0;oui
5_effectifs;mono + small, sans_enseignes | plus de 75 % | 1 jour;lignes;21383;22142;759,0;oui
5_effectifs;mono + small, sans_enseignes | plus de 75 % | 1 jour;part_de_la_premiere_fiche;0.14;0.09;-0,05;oui
5_effectifs;mono + small, sans_enseignes | plus de 75 % | 1 jour;suppressions;44;150;106,0;oui
5_effectifs;mono + small, sans_enseignes | plus de 75 % | 2 jours;avis;680;707;27,0;oui
5_effectifs;mono + small, sans_enseignes | plus de 75 % | 2 jours;citable;True;True;0,0;non
5_effectifs;mono + small, sans_enseignes | plus de 75 % | 2 jours;enseignes_touchees;9;29;20,0;oui
5_effectifs;mono + small, sans_enseignes | plus de 75 % | 2 jours;fiches_touchees;9;30;21,0;oui
5_effectifs;mono + small, sans_enseignes | plus de 75 % | 2 jours;lignes;6965;7115;150,0;oui
5_effectifs;mono + small, sans_enseignes | plus de 75 % | 2 jours;part_de_la_premiere_fiche;0.2;0.08;-0,12;oui
5_effectifs;mono + small, sans_enseignes | plus de 75 % | 2 jours;suppressions;10;37;27,0;oui
5_effectifs;mono + small, sans_enseignes | plus de 75 % | 3 jours et plus;avis;1619;1745;126,0;oui
5_effectifs;mono + small, sans_enseignes | plus de 75 % | 3 jours et plus;citable;False;True;1,0;oui
5_effectifs;mono + small, sans_enseignes | plus de 75 % | 3 jours et plus;enseignes_touchees;8;72;64,0;oui
5_effectifs;mono + small, sans_enseignes | plus de 75 % | 3 jours et plus;fiches_touchees;8;74;66,0;oui
5_effectifs;mono + small, sans_enseignes | plus de 75 % | 3 jours et plus;lignes;13592;14271;679,0;oui
5_effectifs;mono + small, sans_enseignes | plus de 75 % | 3 jours et plus;part_de_la_premiere_fiche;0.22;0.1;-0,12;oui
5_effectifs;mono + small, sans_enseignes | plus de 75 % | 3 jours et plus;suppressions;9;135;126,0;oui
5_effectifs;mono + small, sans_enseignes | plus de 75 % | jour même;avis;2772;2952;180,0;oui
5_effectifs;mono + small, sans_enseignes | plus de 75 % | jour même;citable;True;True;0,0;non
5_effectifs;mono + small, sans_enseignes | plus de 75 % | jour même;enseignes_touchees;31;80;49,0;oui
5_effectifs;mono + small, sans_enseignes | plus de 75 % | jour même;fiches_touchees;36;89;53,0;oui
5_effectifs;mono + small, sans_enseignes | plus de 75 % | jour même;lignes;30294;31465;1171,0;oui
5_effectifs;mono + small, sans_enseignes | plus de 75 % | jour même;part_de_la_premiere_fiche;0.09;0.09;0,0;non
5_effectifs;mono + small, sans_enseignes | plus de 75 % | jour même;suppressions;80;260;180,0;oui
5_effectifs;mono + small, sans_enseignes | plus de 75 % | pas encore de réponse;avis;3026;3160;134,0;oui
5_effectifs;mono + small, sans_enseignes | plus de 75 % | pas encore de réponse;citable;True;True;0,0;non
5_effectifs;mono + small, sans_enseignes | plus de 75 % | pas encore de réponse;enseignes_touchees;52;122;70,0;oui
5_effectifs;mono + small, sans_enseignes | plus de 75 % | pas encore de réponse;fiches_touchees;56;128;72,0;oui
5_effectifs;mono + small, sans_enseignes | plus de 75 % | pas encore de réponse;lignes;18682;19543;861,0;oui
5_effectifs;mono + small, sans_enseignes | plus de 75 % | pas encore de réponse;part_de_la_premiere_fiche;0.12;0.06;-0,06;oui
5_effectifs;mono + small, sans_enseignes | plus de 75 % | pas encore de réponse;suppressions;137;266;129,0;oui
5_effectifs;mono + small, sans_enseignes | toutes | total du passage;avis;18860;20047;1187,0;oui
5_effectifs;mono + small, sans_enseignes | toutes | total du passage;citable;True;True;0,0;non
5_effectifs;mono + small, sans_enseignes | toutes | total du passage;enseignes_touchees;166;604;438,0;oui
5_effectifs;mono + small, sans_enseignes | toutes | total du passage;fiches_touchees;178;638;460,0;oui
5_effectifs;mono + small, sans_enseignes | toutes | total du passage;lignes;204200;211582;7382,0;oui
5_effectifs;mono + small, sans_enseignes | toutes | total du passage;part_de_la_premiere_fiche;0.06;0.03;-0,03;oui
5_effectifs;mono + small, sans_enseignes | toutes | total du passage;suppressions;562;1749;1187,0;oui
5_effectifs;mono + small, tous | 75 % ou moins | 1 jour;avis;424;454;30,0;oui
5_effectifs;mono + small, tous | 75 % ou moins | 1 jour;citable;False;True;1,0;oui
5_effectifs;mono + small, tous | 75 % ou moins | 1 jour;enseignes_touchees;5;21;16,0;oui
5_effectifs;mono + small, tous | 75 % ou moins | 1 jour;fiches_touchees;5;22;17,0;oui
5_effectifs;mono + small, tous | 75 % ou moins | 1 jour;lignes;4665;4850;185,0;oui
5_effectifs;mono + small, tous | 75 % ou moins | 1 jour;part_de_la_premiere_fiche;0.5;0.19;-0,31;oui
5_effectifs;mono + small, tous | 75 % ou moins | 1 jour;suppressions;12;42;30,0;oui
5_effectifs;mono + small, tous | 75 % ou moins | 2 jours;avis;193;200;7,0;oui
5_effectifs;mono + small, tous | 75 % ou moins | 2 jours;citable;False;True;1,0;oui
5_effectifs;mono + small, tous | 75 % ou moins | 2 jours;enseignes_touchees;3;9;6,0;oui
5_effectifs;mono + small, tous | 75 % ou moins | 2 jours;fiches_touchees;3;9;6,0;oui
5_effectifs;mono + small, tous | 75 % ou moins | 2 jours;lignes;1914;1980;66,0;oui
5_effectifs;mono + small, tous | 75 % ou moins | 2 jours;part_de_la_premiere_fiche;0.6;0.25;-0,35;oui
5_effectifs;mono + small, tous | 75 % ou moins | 2 jours;suppressions;5;12;7,0;oui
5_effectifs;mono + small, tous | 75 % ou moins | 3 jours et plus;avis;552;595;43,0;oui
5_effectifs;mono + small, tous | 75 % ou moins | 3 jours et plus;citable;False;True;1,0;oui
5_effectifs;mono + small, tous | 75 % ou moins | 3 jours et plus;enseignes_touchees;4;32;28,0;oui
5_effectifs;mono + small, tous | 75 % ou moins | 3 jours et plus;fiches_touchees;4;32;28,0;oui
5_effectifs;mono + small, tous | 75 % ou moins | 3 jours et plus;lignes;4399;4726;327,0;oui
5_effectifs;mono + small, tous | 75 % ou moins | 3 jours et plus;part_de_la_premiere_fiche;0.5;0.16;-0,34;oui
5_effectifs;mono + small, tous | 75 % ou moins | 3 jours et plus;suppressions;6;49;43,0;oui
5_effectifs;mono + small, tous | 75 % ou moins | jour même;avis;384;422;38,0;oui
5_effectifs;mono + small, tous | 75 % ou moins | jour même;citable;False;False;0,0;non
5_effectifs;mono + small, tous | 75 % ou moins | jour même;enseignes_touchees;6;16;10,0;oui
5_effectifs;mono + small, tous | 75 % ou moins | jour même;fiches_touchees;6;16;10,0;oui
5_effectifs;mono + small, tous | 75 % ou moins | jour même;lignes;4062;4249;187,0;oui
5_effectifs;mono + small, tous | 75 % ou moins | jour même;part_de_la_premiere_fiche;0.75;0.74;-0,01;oui
5_effectifs;mono + small, tous | 75 % ou moins | jour même;suppressions;24;62;38,0;oui
5_effectifs;mono + small, tous | 75 % ou moins | pas encore de réponse;avis;9417;9923;506,0;oui
5_effectifs;mono + small, tous | 75 % ou moins | pas encore de réponse;citable;True;True;0,0;non
5_effectifs;mono + small, tous | 75 % ou moins | pas encore de réponse;enseignes_touchees;72;295;223,0;oui
5_effectifs;mono + small, tous | 75 % ou moins | pas encore de réponse;fiches_touchees;74;306;232,0;oui
5_effectifs;mono + small, tous | 75 % ou moins | pas encore de réponse;lignes;98244;101241;2997,0;oui
5_effectifs;mono + small, tous | 75 % ou moins | pas encore de réponse;part_de_la_premiere_fiche;0.13;0.06;-0,07;oui
5_effectifs;mono + small, tous | 75 % ou moins | pas encore de réponse;suppressions;235;736;501,0;oui
5_effectifs;mono + small, tous | plus de 75 % | 1 jour;avis;1972;2078;106,0;oui
5_effectifs;mono + small, tous | plus de 75 % | 1 jour;citable;True;True;0,0;non
5_effectifs;mono + small, tous | plus de 75 % | 1 jour;enseignes_touchees;21;69;48,0;oui
5_effectifs;mono + small, tous | plus de 75 % | 1 jour;fiches_touchees;22;72;50,0;oui
5_effectifs;mono + small, tous | plus de 75 % | 1 jour;lignes;21383;22142;759,0;oui
5_effectifs;mono + small, tous | plus de 75 % | 1 jour;part_de_la_premiere_fiche;0.14;0.09;-0,05;oui
5_effectifs;mono + small, tous | plus de 75 % | 1 jour;suppressions;44;150;106,0;oui
5_effectifs;mono + small, tous | plus de 75 % | 2 jours;avis;680;707;27,0;oui
5_effectifs;mono + small, tous | plus de 75 % | 2 jours;citable;True;True;0,0;non
5_effectifs;mono + small, tous | plus de 75 % | 2 jours;enseignes_touchees;9;29;20,0;oui
5_effectifs;mono + small, tous | plus de 75 % | 2 jours;fiches_touchees;9;30;21,0;oui
5_effectifs;mono + small, tous | plus de 75 % | 2 jours;lignes;6965;7115;150,0;oui
5_effectifs;mono + small, tous | plus de 75 % | 2 jours;part_de_la_premiere_fiche;0.2;0.08;-0,12;oui
5_effectifs;mono + small, tous | plus de 75 % | 2 jours;suppressions;10;37;27,0;oui
5_effectifs;mono + small, tous | plus de 75 % | 3 jours et plus;avis;1619;1745;126,0;oui
5_effectifs;mono + small, tous | plus de 75 % | 3 jours et plus;citable;False;True;1,0;oui
5_effectifs;mono + small, tous | plus de 75 % | 3 jours et plus;enseignes_touchees;8;72;64,0;oui
5_effectifs;mono + small, tous | plus de 75 % | 3 jours et plus;fiches_touchees;8;74;66,0;oui
5_effectifs;mono + small, tous | plus de 75 % | 3 jours et plus;lignes;13592;14271;679,0;oui
5_effectifs;mono + small, tous | plus de 75 % | 3 jours et plus;part_de_la_premiere_fiche;0.22;0.1;-0,12;oui
5_effectifs;mono + small, tous | plus de 75 % | 3 jours et plus;suppressions;9;135;126,0;oui
5_effectifs;mono + small, tous | plus de 75 % | jour même;avis;2772;2952;180,0;oui
5_effectifs;mono + small, tous | plus de 75 % | jour même;citable;True;True;0,0;non
5_effectifs;mono + small, tous | plus de 75 % | jour même;enseignes_touchees;31;80;49,0;oui
5_effectifs;mono + small, tous | plus de 75 % | jour même;fiches_touchees;36;89;53,0;oui
5_effectifs;mono + small, tous | plus de 75 % | jour même;lignes;30294;31465;1171,0;oui
5_effectifs;mono + small, tous | plus de 75 % | jour même;part_de_la_premiere_fiche;0.09;0.09;0,0;non
5_effectifs;mono + small, tous | plus de 75 % | jour même;suppressions;80;260;180,0;oui
5_effectifs;mono + small, tous | plus de 75 % | pas encore de réponse;avis;3026;3160;134,0;oui
5_effectifs;mono + small, tous | plus de 75 % | pas encore de réponse;citable;True;True;0,0;non
5_effectifs;mono + small, tous | plus de 75 % | pas encore de réponse;enseignes_touchees;52;122;70,0;oui
5_effectifs;mono + small, tous | plus de 75 % | pas encore de réponse;fiches_touchees;56;128;72,0;oui
5_effectifs;mono + small, tous | plus de 75 % | pas encore de réponse;lignes;18682;19543;861,0;oui
5_effectifs;mono + small, tous | plus de 75 % | pas encore de réponse;part_de_la_premiere_fiche;0.12;0.06;-0,06;oui
5_effectifs;mono + small, tous | plus de 75 % | pas encore de réponse;suppressions;137;266;129,0;oui
5_effectifs;mono + small, tous | toutes | total du passage;avis;18860;20047;1187,0;oui
5_effectifs;mono + small, tous | toutes | total du passage;citable;True;True;0,0;non
5_effectifs;mono + small, tous | toutes | total du passage;enseignes_touchees;166;604;438,0;oui
5_effectifs;mono + small, tous | toutes | total du passage;fiches_touchees;178;638;460,0;oui
5_effectifs;mono + small, tous | toutes | total du passage;lignes;204200;211582;7382,0;oui
5_effectifs;mono + small, tous | toutes | total du passage;part_de_la_premiere_fiche;0.06;0.03;-0,03;oui
5_effectifs;mono + small, tous | toutes | total du passage;suppressions;562;1749;1187,0;oui
5_effectifs;mono, tous | 75 % ou moins | 1 jour;avis;143;155;12,0;oui
5_effectifs;mono, tous | 75 % ou moins | 1 jour;citable;False;False;0,0;non
5_effectifs;mono, tous | 75 % ou moins | 1 jour;enseignes_touchees;1;7;6,0;oui
5_effectifs;mono, tous | 75 % ou moins | 1 jour;fiches_touchees;1;7;6,0;oui
5_effectifs;mono, tous | 75 % ou moins | 1 jour;lignes;1574;1642;68,0;oui
5_effectifs;mono, tous | 75 % ou moins | 1 jour;part_de_la_premiere_fiche;1.0;0.54;-0,46;oui
5_effectifs;mono, tous | 75 % ou moins | 1 jour;suppressions;1;13;12,0;oui
5_effectifs;mono, tous | 75 % ou moins | 2 jours;avis;74;77;3,0;oui
5_effectifs;mono, tous | 75 % ou moins | 2 jours;citable;False;False;0,0;non
5_effectifs;mono, tous | 75 % ou moins | 2 jours;enseignes_touchees;2;4;2,0;oui
5_effectifs;mono, tous | 75 % ou moins | 2 jours;fiches_touchees;2;4;2,0;oui
5_effectifs;mono, tous | 75 % ou moins | 2 jours;lignes;734;753;19,0;oui
5_effectifs;mono, tous | 75 % ou moins | 2 jours;part_de_la_premiere_fiche;0.5;0.4;-0,1;oui
5_effectifs;mono, tous | 75 % ou moins | 2 jours;suppressions;2;5;3,0;oui
5_effectifs;mono, tous | 75 % ou moins | 3 jours et plus;avis;201;221;20,0;oui
5_effectifs;mono, tous | 75 % ou moins | 3 jours et plus;citable;False;False;0,0;non
5_effectifs;mono, tous | 75 % ou moins | 3 jours et plus;enseignes_touchees;0;13;13,0;oui
5_effectifs;mono, tous | 75 % ou moins | 3 jours et plus;fiches_touchees;0;13;13,0;oui
5_effectifs;mono, tous | 75 % ou moins | 3 jours et plus;lignes;1653;1806;153,0;oui
5_effectifs;mono, tous | 75 % ou moins | 3 jours et plus;part_de_la_premiere_fiche;;0.4;;oui
5_effectifs;mono, tous | 75 % ou moins | 3 jours et plus;suppressions;0;20;20,0;oui
5_effectifs;mono, tous | 75 % ou moins | jour même;avis;152;156;4,0;oui
5_effectifs;mono, tous | 75 % ou moins | jour même;citable;False;False;0,0;non
5_effectifs;mono, tous | 75 % ou moins | jour même;enseignes_touchees;2;6;4,0;oui
5_effectifs;mono, tous | 75 % ou moins | jour même;fiches_touchees;2;6;4,0;oui
5_effectifs;mono, tous | 75 % ou moins | jour même;lignes;1638;1666;28,0;oui
5_effectifs;mono, tous | 75 % ou moins | jour même;part_de_la_premiere_fiche;0.5;0.17;-0,33;oui
5_effectifs;mono, tous | 75 % ou moins | jour même;suppressions;2;6;4,0;oui
5_effectifs;mono, tous | 75 % ou moins | pas encore de réponse;avis;4449;4679;230,0;oui
5_effectifs;mono, tous | 75 % ou moins | pas encore de réponse;citable;True;True;0,0;non
5_effectifs;mono, tous | 75 % ou moins | pas encore de réponse;enseignes_touchees;36;133;97,0;oui
5_effectifs;mono, tous | 75 % ou moins | pas encore de réponse;fiches_touchees;36;133;97,0;oui
5_effectifs;mono, tous | 75 % ou moins | pas encore de réponse;lignes;46899;48419;1520,0;oui
5_effectifs;mono, tous | 75 % ou moins | pas encore de réponse;part_de_la_premiere_fiche;0.18;0.13;-0,05;oui
5_effectifs;mono, tous | 75 % ou moins | pas encore de réponse;suppressions;114;344;230,0;oui
5_effectifs;mono, tous | plus de 75 % | 1 jour;avis;603;645;42,0;oui
5_effectifs;mono, tous | plus de 75 % | 1 jour;citable;False;True;1,0;oui
5_effectifs;mono, tous | plus de 75 % | 1 jour;enseignes_touchees;7;29;22,0;oui
5_effectifs;mono, tous | plus de 75 % | 1 jour;fiches_touchees;7;29;22,0;oui
5_effectifs;mono, tous | plus de 75 % | 1 jour;lignes;6568;6830;262,0;oui
5_effectifs;mono, tous | plus de 75 % | 1 jour;part_de_la_premiere_fiche;0.25;0.22;-0,03;oui
5_effectifs;mono, tous | plus de 75 % | 1 jour;suppressions;8;50;42,0;oui
5_effectifs;mono, tous | plus de 75 % | 2 jours;avis;219;224;5,0;oui
5_effectifs;mono, tous | plus de 75 % | 2 jours;citable;False;True;1,0;oui
5_effectifs;mono, tous | plus de 75 % | 2 jours;enseignes_touchees;4;8;4,0;oui
5_effectifs;mono, tous | plus de 75 % | 2 jours;fiches_touchees;4;8;4,0;oui
5_effectifs;mono, tous | plus de 75 % | 2 jours;lignes;2265;2289;24,0;oui
5_effectifs;mono, tous | plus de 75 % | 2 jours;part_de_la_premiere_fiche;0.4;0.2;-0,2;oui
5_effectifs;mono, tous | plus de 75 % | 2 jours;suppressions;5;10;5,0;oui
5_effectifs;mono, tous | plus de 75 % | 3 jours et plus;avis;768;824;56,0;oui
5_effectifs;mono, tous | plus de 75 % | 3 jours et plus;citable;False;True;1,0;oui
5_effectifs;mono, tous | plus de 75 % | 3 jours et plus;enseignes_touchees;1;29;28,0;oui
5_effectifs;mono, tous | plus de 75 % | 3 jours et plus;fiches_touchees;1;29;28,0;oui
5_effectifs;mono, tous | plus de 75 % | 3 jours et plus;lignes;6354;6619;265,0;oui
5_effectifs;mono, tous | plus de 75 % | 3 jours et plus;part_de_la_premiere_fiche;1.0;0.23;-0,77;oui
5_effectifs;mono, tous | plus de 75 % | 3 jours et plus;suppressions;1;57;56,0;oui
5_effectifs;mono, tous | plus de 75 % | jour même;avis;835;882;47,0;oui
5_effectifs;mono, tous | plus de 75 % | jour même;citable;False;True;1,0;oui
5_effectifs;mono, tous | plus de 75 % | jour même;enseignes_touchees;9;28;19,0;oui
5_effectifs;mono, tous | plus de 75 % | jour même;fiches_touchees;9;28;19,0;oui
5_effectifs;mono, tous | plus de 75 % | jour même;lignes;9126;9370;244,0;oui
5_effectifs;mono, tous | plus de 75 % | jour même;part_de_la_premiere_fiche;0.41;0.2;-0,21;oui
5_effectifs;mono, tous | plus de 75 % | jour même;suppressions;17;64;47,0;oui
5_effectifs;mono, tous | plus de 75 % | pas encore de réponse;avis;1251;1288;37,0;oui
5_effectifs;mono, tous | plus de 75 % | pas encore de réponse;citable;False;True;1,0;oui
5_effectifs;mono, tous | plus de 75 % | pas encore de réponse;enseignes_touchees;11;33;22,0;oui
5_effectifs;mono, tous | plus de 75 % | pas encore de réponse;fiches_touchees;11;33;22,0;oui
5_effectifs;mono, tous | plus de 75 % | pas encore de réponse;lignes;7686;7906;220,0;oui
5_effectifs;mono, tous | plus de 75 % | pas encore de réponse;part_de_la_premiere_fiche;0.26;0.12;-0,14;oui
5_effectifs;mono, tous | plus de 75 % | pas encore de réponse;suppressions;23;59;36,0;oui
5_effectifs;mono, tous | toutes | total du passage;avis;7732;8187;455,0;oui
5_effectifs;mono, tous | toutes | total du passage;citable;True;True;0,0;non
5_effectifs;mono, tous | toutes | total du passage;enseignes_touchees;64;246;182,0;oui
5_effectifs;mono, tous | toutes | total du passage;fiches_touchees;64;246;182,0;oui
5_effectifs;mono, tous | toutes | total du passage;lignes;84497;87300;2803,0;oui
5_effectifs;mono, tous | toutes | total du passage;part_de_la_premiere_fiche;0.12;0.07;-0,05;oui
5_effectifs;mono, tous | toutes | total du passage;suppressions;173;628;455,0;oui
5_effectifs;small, tous | 75 % ou moins | 1 jour;avis;281;299;18,0;oui
5_effectifs;small, tous | 75 % ou moins | 1 jour;citable;False;False;0,0;non
5_effectifs;small, tous | 75 % ou moins | 1 jour;enseignes_touchees;4;14;10,0;oui
5_effectifs;small, tous | 75 % ou moins | 1 jour;fiches_touchees;4;15;11,0;oui
5_effectifs;small, tous | 75 % ou moins | 1 jour;lignes;3091;3208;117,0;oui
5_effectifs;small, tous | 75 % ou moins | 1 jour;part_de_la_premiere_fiche;0.55;0.28;-0,27;oui
5_effectifs;small, tous | 75 % ou moins | 1 jour;suppressions;11;29;18,0;oui
5_effectifs;small, tous | 75 % ou moins | 2 jours;avis;119;123;4,0;oui
5_effectifs;small, tous | 75 % ou moins | 2 jours;citable;False;False;0,0;non
5_effectifs;small, tous | 75 % ou moins | 2 jours;enseignes_touchees;1;5;4,0;oui
5_effectifs;small, tous | 75 % ou moins | 2 jours;fiches_touchees;1;5;4,0;oui
5_effectifs;small, tous | 75 % ou moins | 2 jours;lignes;1180;1227;47,0;oui
5_effectifs;small, tous | 75 % ou moins | 2 jours;part_de_la_premiere_fiche;1.0;0.43;-0,57;oui
5_effectifs;small, tous | 75 % ou moins | 2 jours;suppressions;3;7;4,0;oui
5_effectifs;small, tous | 75 % ou moins | 3 jours et plus;avis;351;374;23,0;oui
5_effectifs;small, tous | 75 % ou moins | 3 jours et plus;citable;False;True;1,0;oui
5_effectifs;small, tous | 75 % ou moins | 3 jours et plus;enseignes_touchees;4;19;15,0;oui
5_effectifs;small, tous | 75 % ou moins | 3 jours et plus;fiches_touchees;4;19;15,0;oui
5_effectifs;small, tous | 75 % ou moins | 3 jours et plus;lignes;2746;2920;174,0;oui
5_effectifs;small, tous | 75 % ou moins | 3 jours et plus;part_de_la_premiere_fiche;0.5;0.21;-0,29;oui
5_effectifs;small, tous | 75 % ou moins | 3 jours et plus;suppressions;6;29;23,0;oui
5_effectifs;small, tous | 75 % ou moins | jour même;avis;232;266;34,0;oui
5_effectifs;small, tous | 75 % ou moins | jour même;citable;False;False;0,0;non
5_effectifs;small, tous | 75 % ou moins | jour même;enseignes_touchees;4;10;6,0;oui
5_effectifs;small, tous | 75 % ou moins | jour même;fiches_touchees;4;10;6,0;oui
5_effectifs;small, tous | 75 % ou moins | jour même;lignes;2424;2583;159,0;oui
5_effectifs;small, tous | 75 % ou moins | jour même;part_de_la_premiere_fiche;0.82;0.82;0,0;non
5_effectifs;small, tous | 75 % ou moins | jour même;suppressions;22;56;34,0;oui
5_effectifs;small, tous | 75 % ou moins | pas encore de réponse;avis;4968;5244;276,0;oui
5_effectifs;small, tous | 75 % ou moins | pas encore de réponse;citable;True;True;0,0;non
5_effectifs;small, tous | 75 % ou moins | pas encore de réponse;enseignes_touchees;36;162;126,0;oui
5_effectifs;small, tous | 75 % ou moins | pas encore de réponse;fiches_touchees;38;173;135,0;oui
5_effectifs;small, tous | 75 % ou moins | pas encore de réponse;lignes;51345;52822;1477,0;oui
5_effectifs;small, tous | 75 % ou moins | pas encore de réponse;part_de_la_premiere_fiche;0.25;0.12;-0,13;oui
5_effectifs;small, tous | 75 % ou moins | pas encore de réponse;suppressions;121;392;271,0;oui
5_effectifs;small, tous | plus de 75 % | 1 jour;avis;1369;1433;64,0;oui
5_effectifs;small, tous | plus de 75 % | 1 jour;citable;True;True;0,0;non
5_effectifs;small, tous | plus de 75 % | 1 jour;enseignes_touchees;14;40;26,0;oui
5_effectifs;small, tous | plus de 75 % | 1 jour;fiches_touchees;15;43;28,0;oui
5_effectifs;small, tous | plus de 75 % | 1 jour;lignes;14815;15312;497,0;oui
5_effectifs;small, tous | plus de 75 % | 1 jour;part_de_la_premiere_fiche;0.17;0.13;-0,04;oui
5_effectifs;small, tous | plus de 75 % | 1 jour;suppressions;36;100;64,0;oui
5_effectifs;small, tous | plus de 75 % | 2 jours;avis;461;483;22,0;oui
5_effectifs;small, tous | plus de 75 % | 2 jours;citable;False;True;1,0;oui
5_effectifs;small, tous | plus de 75 % | 2 jours;enseignes_touchees;5;21;16,0;oui
5_effectifs;small, tous | plus de 75 % | 2 jours;fiches_touchees;5;22;17,0;oui
5_effectifs;small, tous | plus de 75 % | 2 jours;lignes;4700;4826;126,0;oui
5_effectifs;small, tous | plus de 75 % | 2 jours;part_de_la_premiere_fiche;0.2;0.11;-0,09;oui
5_effectifs;small, tous | plus de 75 % | 2 jours;suppressions;5;27;22,0;oui
5_effectifs;small, tous | plus de 75 % | 3 jours et plus;avis;851;921;70,0;oui
5_effectifs;small, tous | plus de 75 % | 3 jours et plus;citable;False;True;1,0;oui
5_effectifs;small, tous | plus de 75 % | 3 jours et plus;enseignes_touchees;7;43;36,0;oui
5_effectifs;small, tous | plus de 75 % | 3 jours et plus;fiches_touchees;7;45;38,0;oui
5_effectifs;small, tous | plus de 75 % | 3 jours et plus;lignes;7238;7652;414,0;oui
5_effectifs;small, tous | plus de 75 % | 3 jours et plus;part_de_la_premiere_fiche;0.25;0.14;-0,11;oui
5_effectifs;small, tous | plus de 75 % | 3 jours et plus;suppressions;8;78;70,0;oui
5_effectifs;small, tous | plus de 75 % | jour même;avis;1937;2070;133,0;oui
5_effectifs;small, tous | plus de 75 % | jour même;citable;True;True;0,0;non
5_effectifs;small, tous | plus de 75 % | jour même;enseignes_touchees;22;52;30,0;oui
5_effectifs;small, tous | plus de 75 % | jour même;fiches_touchees;27;61;34,0;oui
5_effectifs;small, tous | plus de 75 % | jour même;lignes;21168;22095;927,0;oui
5_effectifs;small, tous | plus de 75 % | jour même;part_de_la_premiere_fiche;0.1;0.12;0,02;oui
5_effectifs;small, tous | plus de 75 % | jour même;suppressions;63;196;133,0;oui
5_effectifs;small, tous | plus de 75 % | pas encore de réponse;avis;1775;1872;97,0;oui
5_effectifs;small, tous | plus de 75 % | pas encore de réponse;citable;True;True;0,0;non
5_effectifs;small, tous | plus de 75 % | pas encore de réponse;enseignes_touchees;41;89;48,0;oui
5_effectifs;small, tous | plus de 75 % | pas encore de réponse;fiches_touchees;45;95;50,0;oui
5_effectifs;small, tous | plus de 75 % | pas encore de réponse;lignes;10996;11637;641,0;oui
5_effectifs;small, tous | plus de 75 % | pas encore de réponse;part_de_la_premiere_fiche;0.14;0.08;-0,06;oui
5_effectifs;small, tous | plus de 75 % | pas encore de réponse;suppressions;114;207;93,0;oui
5_effectifs;small, tous | toutes | total du passage;avis;11128;11860;732,0;oui
5_effectifs;small, tous | toutes | total du passage;citable;True;True;0,0;non
5_effectifs;small, tous | toutes | total du passage;enseignes_touchees;102;358;256,0;oui
5_effectifs;small, tous | toutes | total du passage;fiches_touchees;114;392;278,0;oui
5_effectifs;small, tous | toutes | total du passage;lignes;119703;124282;4579,0;oui
5_effectifs;small, tous | toutes | total du passage;part_de_la_premiere_fiche;0.08;0.05;-0,03;oui
5_effectifs;small, tous | toutes | total du passage;suppressions;389;1121;732,0;oui
5_effets;large, sans_enseignes | fiche aux États-Unis;avis_jours;;;;non
5_effets;large, sans_enseignes | fiche aux États-Unis;citable;contrôle;contrôle;;non
5_effets;large, sans_enseignes | fiche aux États-Unis;enseignes_touchees;;;;non
5_effets;large, sans_enseignes | fiche aux États-Unis;fiches_touchees;;;;non
5_effets;large, sans_enseignes | fiche aux États-Unis;fourchette_basse;1.02;1.23;0,21;oui
5_effets;large, sans_enseignes | fiche aux États-Unis;fourchette_haute;3.27;2.11;-1,16;oui
5_effets;large, sans_enseignes | fiche aux États-Unis;part_de_la_premiere_fiche;;;;non
5_effets;large, sans_enseignes | fiche aux États-Unis;remarque;;;;non
5_effets;large, sans_enseignes | fiche aux États-Unis;risque_relatif;1.82;1.61;-0,21;oui
5_effets;large, sans_enseignes | fiche aux États-Unis;suppressions;;;;non
5_effets;large, sans_enseignes | fiche qui répond à plus de 75 %;avis_jours;;;;non
5_effets;large, sans_enseignes | fiche qui répond à plus de 75 %;citable;contrôle;contrôle;;non
5_effets;large, sans_enseignes | fiche qui répond à plus de 75 %;enseignes_touchees;;;;non
5_effets;large, sans_enseignes | fiche qui répond à plus de 75 %;fiches_touchees;;;;non
5_effets;large, sans_enseignes | fiche qui répond à plus de 75 %;fourchette_basse;1.25;1.64;0,39;oui
5_effets;large, sans_enseignes | fiche qui répond à plus de 75 %;fourchette_haute;3.83;3.15;-0,68;oui
5_effets;large, sans_enseignes | fiche qui répond à plus de 75 %;part_de_la_premiere_fiche;;;;non
5_effets;large, sans_enseignes | fiche qui répond à plus de 75 %;remarque;;;;non
5_effets;large, sans_enseignes | fiche qui répond à plus de 75 %;risque_relatif;2.19;2.27;0,08;oui
5_effets;large, sans_enseignes | fiche qui répond à plus de 75 %;suppressions;;;;non
5_effets;large, sans_enseignes | note 1 ou 2 étoiles;avis_jours;;;;non
5_effets;large, sans_enseignes | note 1 ou 2 étoiles;citable;contrôle;contrôle;;non
5_effets;large, sans_enseignes | note 1 ou 2 étoiles;enseignes_touchees;;;;non
5_effets;large, sans_enseignes | note 1 ou 2 étoiles;fiches_touchees;;;;non
5_effets;large, sans_enseignes | note 1 ou 2 étoiles;fourchette_basse;1.77;1.97;0,2;oui
5_effets;large, sans_enseignes | note 1 ou 2 étoiles;fourchette_haute;4.97;3.44;-1,53;oui
5_effets;large, sans_enseignes | note 1 ou 2 étoiles;part_de_la_premiere_fiche;;;;non
5_effets;large, sans_enseignes | note 1 ou 2 étoiles;remarque;;;;non
5_effets;large, sans_enseignes | note 1 ou 2 étoiles;risque_relatif;2.97;2.6;-0,37;oui
5_effets;large, sans_enseignes | note 1 ou 2 étoiles;suppressions;;;;non
5_effets;large, sans_enseignes | note 3 ou 4 étoiles;avis_jours;;;;non
5_effets;large, sans_enseignes | note 3 ou 4 étoiles;citable;contrôle;contrôle;;non
5_effets;large, sans_enseignes | note 3 ou 4 étoiles;enseignes_touchees;;;;non
5_effets;large, sans_enseignes | note 3 ou 4 étoiles;fiches_touchees;;;;non
5_effets;large, sans_enseignes | note 3 ou 4 étoiles;fourchette_basse;0.25;0.62;0,37;oui
5_effets;large, sans_enseignes | note 3 ou 4 étoiles;fourchette_haute;0.7;1.02;0,32;oui
5_effets;large, sans_enseignes | note 3 ou 4 étoiles;part_de_la_premiere_fiche;;;;non
5_effets;large, sans_enseignes | note 3 ou 4 étoiles;remarque;;;;non
5_effets;large, sans_enseignes | note 3 ou 4 étoiles;risque_relatif;0.42;0.79;0,37;oui
5_effets;large, sans_enseignes | note 3 ou 4 étoiles;suppressions;;;;non
5_effets;large, sans_enseignes | réponse 1 jour, fiche qui répond à 75 % ou moins;avis_jours;3856.0;4038.0;182,0;oui
5_effets;large, sans_enseignes | réponse 1 jour, fiche qui répond à 75 % ou moins;citable;non;non;;non
5_effets;large, sans_enseignes | réponse 1 jour, fiche qui répond à 75 % ou moins;enseignes_touchees;2.0;16.0;14,0;oui
5_effets;large, sans_enseignes | réponse 1 jour, fiche qui répond à 75 % ou moins;fiches_touchees;3.0;18.0;15,0;oui
5_effets;large, sans_enseignes | réponse 1 jour, fiche qui répond à 75 % ou moins;fourchette_basse;0.19;0.82;0,63;oui
5_effets;large, sans_enseignes | réponse 1 jour, fiche qui répond à 75 % ou moins;fourchette_haute;2.22;3.37;1,15;oui
5_effets;large, sans_enseignes | réponse 1 jour, fiche qui répond à 75 % ou moins;part_de_la_premiere_fiche;0.5;0.3;-0,2;oui
5_effets;large, sans_enseignes | réponse 1 jour, fiche qui répond à 75 % ou moins;remarque;;;;non
5_effets;large, sans_enseignes | réponse 1 jour, fiche qui répond à 75 % ou moins;risque_relatif;0.66;1.66;1,0;oui
5_effets;large, sans_enseignes | réponse 1 jour, fiche qui répond à 75 % ou moins;suppressions;6.0;43.0;37,0;oui
5_effets;large, sans_enseignes | réponse 1 jour, fiche qui répond à plus de 75 %;avis_jours;28050.0;28726.0;676,0;oui
5_effets;large, sans_enseignes | réponse 1 jour, fiche qui répond à plus de 75 %;citable;oui;oui;;non
5_effets;large, sans_enseignes | réponse 1 jour, fiche qui répond à plus de 75 %;enseignes_touchees;15.0;55.0;40,0;oui
5_effets;large, sans_enseignes | réponse 1 jour, fiche qui répond à plus de 75 %;fiches_touchees;16.0;71.0;55,0;oui
5_effets;large, sans_enseignes | réponse 1 jour, fiche qui répond à plus de 75 %;fourchette_basse;0.13;0.22;0,09;oui
5_effets;large, sans_enseignes | réponse 1 jour, fiche qui répond à plus de 75 %;fourchette_haute;0.41;0.43;0,02;oui
5_effets;large, sans_enseignes | réponse 1 jour, fiche qui répond à plus de 75 %;part_de_la_premiere_fiche;0.19;0.12;-0,07;oui
5_effets;large, sans_enseignes | réponse 1 jour, fiche qui répond à plus de 75 %;remarque;;;;non
5_effets;large, sans_enseignes | réponse 1 jour, fiche qui répond à plus de 75 %;risque_relatif;0.23;0.31;0,08;oui
5_effets;large, sans_enseignes | réponse 1 jour, fiche qui répond à plus de 75 %;suppressions;37.0;130.0;93,0;oui
5_effets;large, sans_enseignes | réponse 2 jours, fiche qui répond à 75 % ou moins;avis_jours;1135.0;1153.0;18,0;oui
5_effets;large, sans_enseignes | réponse 2 jours, fiche qui répond à 75 % ou moins;citable;non;non;;non
5_effets;large, sans_enseignes | réponse 2 jours, fiche qui répond à 75 % ou moins;enseignes_touchees;;5.0;;oui
5_effets;large, sans_enseignes | réponse 2 jours, fiche qui répond à 75 % ou moins;fiches_touchees;;5.0;;oui
5_effets;large, sans_enseignes | réponse 2 jours, fiche qui répond à 75 % ou moins;fourchette_basse;;0.3;;oui
5_effets;large, sans_enseignes | réponse 2 jours, fiche qui répond à 75 % ou moins;fourchette_haute;;2.01;;oui
5_effets;large, sans_enseignes | réponse 2 jours, fiche qui répond à 75 % ou moins;part_de_la_premiere_fiche;;0.33;;oui
5_effets;large, sans_enseignes | réponse 2 jours, fiche qui répond à 75 % ou moins;remarque;écartée : moins de 5 suppressions;;;oui
5_effets;large, sans_enseignes | réponse 2 jours, fiche qui répond à 75 % ou moins;risque_relatif;;0.78;;oui
5_effets;large, sans_enseignes | réponse 2 jours, fiche qui répond à 75 % ou moins;suppressions;2.0;6.0;4,0;oui
5_effets;large, sans_enseignes | réponse 2 jours, fiche qui répond à plus de 75 %;avis_jours;11070.0;11435.0;365,0;oui
5_effets;large, sans_enseignes | réponse 2 jours, fiche qui répond à plus de 75 %;citable;oui;oui;;non
5_effets;large, sans_enseignes | réponse 2 jours, fiche qui répond à plus de 75 %;enseignes_touchees;12.0;42.0;30,0;oui
5_effets;large, sans_enseignes | réponse 2 jours, fiche qui répond à plus de 75 %;fiches_touchees;13.0;50.0;37,0;oui
5_effets;large, sans_enseignes | réponse 2 jours, fiche qui répond à plus de 75 %;fourchette_basse;0.14;0.26;0,12;oui
5_effets;large, sans_enseignes | réponse 2 jours, fiche qui répond à plus de 75 %;fourchette_haute;0.43;0.56;0,13;oui
5_effets;large, sans_enseignes | réponse 2 jours, fiche qui répond à plus de 75 %;part_de_la_premiere_fiche;0.14;0.07;-0,07;oui
5_effets;large, sans_enseignes | réponse 2 jours, fiche qui répond à plus de 75 %;remarque;;;;non
5_effets;large, sans_enseignes | réponse 2 jours, fiche qui répond à plus de 75 %;risque_relatif;0.24;0.38;0,14;oui
5_effets;large, sans_enseignes | réponse 2 jours, fiche qui répond à plus de 75 %;suppressions;14.0;61.0;47,0;oui
5_effets;large, sans_enseignes | réponse 3 jours et plus, fiche qui répond à 75 % ou moins;avis_jours;2067.0;2272.0;205,0;oui
5_effets;large, sans_enseignes | réponse 3 jours et plus, fiche qui répond à 75 % ou moins;citable;non;oui;;oui
5_effets;large, sans_enseignes | réponse 3 jours et plus, fiche qui répond à 75 % ou moins;enseignes_touchees;;27.0;;oui
5_effets;large, sans_enseignes | réponse 3 jours et plus, fiche qui répond à 75 % ou moins;fiches_touchees;;27.0;;oui
5_effets;large, sans_enseignes | réponse 3 jours et plus, fiche qui répond à 75 % ou moins;fourchette_basse;;0.97;;oui
5_effets;large, sans_enseignes | réponse 3 jours et plus, fiche qui répond à 75 % ou moins;fourchette_haute;;2.39;;oui
5_effets;large, sans_enseignes | réponse 3 jours et plus, fiche qui répond à 75 % ou moins;part_de_la_premiere_fiche;;0.09;;oui
5_effets;large, sans_enseignes | réponse 3 jours et plus, fiche qui répond à 75 % ou moins;remarque;écartée : moins de 5 suppressions;;;oui
5_effets;large, sans_enseignes | réponse 3 jours et plus, fiche qui répond à 75 % ou moins;risque_relatif;;1.52;;oui
5_effets;large, sans_enseignes | réponse 3 jours et plus, fiche qui répond à 75 % ou moins;suppressions;2.0;34.0;32,0;oui
5_effets;large, sans_enseignes | réponse 3 jours et plus, fiche qui répond à plus de 75 %;avis_jours;12434.0;13068.0;634,0;oui
5_effets;large, sans_enseignes | réponse 3 jours et plus, fiche qui répond à plus de 75 %;citable;non;oui;;oui
5_effets;large, sans_enseignes | réponse 3 jours et plus, fiche qui répond à plus de 75 %;enseignes_touchees;8.0;58.0;50,0;oui
5_effets;large, sans_enseignes | réponse 3 jours et plus, fiche qui répond à plus de 75 %;fiches_touchees;8.0;67.0;59,0;oui
5_effets;large, sans_enseignes | réponse 3 jours et plus, fiche qui répond à plus de 75 %;fourchette_basse;0.11;0.34;0,23;oui
5_effets;large, sans_enseignes | réponse 3 jours et plus, fiche qui répond à plus de 75 %;fourchette_haute;0.44;0.64;0,2;oui
5_effets;large, sans_enseignes | réponse 3 jours et plus, fiche qui répond à plus de 75 %;part_de_la_premiere_fiche;0.36;0.11;-0,25;oui
5_effets;large, sans_enseignes | réponse 3 jours et plus, fiche qui répond à plus de 75 %;remarque;;;;non
5_effets;large, sans_enseignes | réponse 3 jours et plus, fiche qui répond à plus de 75 %;risque_relatif;0.22;0.47;0,25;oui
5_effets;large, sans_enseignes | réponse 3 jours et plus, fiche qui répond à plus de 75 %;suppressions;14.0;102.0;88,0;oui
5_effets;large, sans_enseignes | réponse jour même, fiche qui répond à 75 % ou moins;avis_jours;2494.0;2591.0;97,0;oui
5_effets;large, sans_enseignes | réponse jour même, fiche qui répond à 75 % ou moins;citable;non;oui;;oui
5_effets;large, sans_enseignes | réponse jour même, fiche qui répond à 75 % ou moins;enseignes_touchees;;14.0;;oui
5_effets;large, sans_enseignes | réponse jour même, fiche qui répond à 75 % ou moins;fiches_touchees;;18.0;;oui
5_effets;large, sans_enseignes | réponse jour même, fiche qui répond à 75 % ou moins;fourchette_basse;;0.77;;oui
5_effets;large, sans_enseignes | réponse jour même, fiche qui répond à 75 % ou moins;fourchette_haute;;2.13;;oui
5_effets;large, sans_enseignes | réponse jour même, fiche qui répond à 75 % ou moins;part_de_la_premiere_fiche;;0.1;;oui
5_effets;large, sans_enseignes | réponse jour même, fiche qui répond à 75 % ou moins;remarque;écartée : moins de 5 suppressions;;;oui
5_effets;large, sans_enseignes | réponse jour même, fiche qui répond à 75 % ou moins;risque_relatif;;1.28;;oui
5_effets;large, sans_enseignes | réponse jour même, fiche qui répond à 75 % ou moins;suppressions;4.0;21.0;17,0;oui
5_effets;large, sans_enseignes | réponse jour même, fiche qui répond à plus de 75 %;avis_jours;31694.0;32290.0;596,0;oui
5_effets;large, sans_enseignes | réponse jour même, fiche qui répond à plus de 75 %;citable;oui;oui;;non
5_effets;large, sans_enseignes | réponse jour même, fiche qui répond à plus de 75 %;enseignes_touchees;16.0;52.0;36,0;oui
5_effets;large, sans_enseignes | réponse jour même, fiche qui répond à plus de 75 %;fiches_touchees;19.0;81.0;62,0;oui
5_effets;large, sans_enseignes | réponse jour même, fiche qui répond à plus de 75 %;fourchette_basse;0.12;0.19;0,07;oui
5_effets;large, sans_enseignes | réponse jour même, fiche qui répond à plus de 75 %;fourchette_haute;0.48;0.42;-0,06;oui
5_effets;large, sans_enseignes | réponse jour même, fiche qui répond à plus de 75 %;part_de_la_premiere_fiche;0.21;0.1;-0,11;oui
5_effets;large, sans_enseignes | réponse jour même, fiche qui répond à plus de 75 %;remarque;;;;non
5_effets;large, sans_enseignes | réponse jour même, fiche qui répond à plus de 75 %;risque_relatif;0.24;0.28;0,04;oui
5_effets;large, sans_enseignes | réponse jour même, fiche qui répond à plus de 75 %;suppressions;43.0;143.0;100,0;oui
5_effets;large, sans_enseignes | âge : 1 jour(s);avis_jours;;;;non
5_effets;large, sans_enseignes | âge : 1 jour(s);citable;contrôle;contrôle;;non
5_effets;large, sans_enseignes | âge : 1 jour(s);enseignes_touchees;;;;non
5_effets;large, sans_enseignes | âge : 1 jour(s);fiches_touchees;;;;non
5_effets;large, sans_enseignes | âge : 1 jour(s);fourchette_basse;0.2;0.8;0,6;oui
5_effets;large, sans_enseignes | âge : 1 jour(s);fourchette_haute;4.15;5.76;1,61;oui
5_effets;large, sans_enseignes | âge : 1 jour(s);part_de_la_premiere_fiche;;;;non
5_effets;large, sans_enseignes | âge : 1 jour(s);remarque;;;;non
5_effets;large, sans_enseignes | âge : 1 jour(s);risque_relatif;0.92;2.15;1,23;oui
5_effets;large, sans_enseignes | âge : 1 jour(s);suppressions;;;;non
5_effets;large, sans_enseignes | âge : 14 jours et plus;avis_jours;;;;non
5_effets;large, sans_enseignes | âge : 14 jours et plus;citable;contrôle;contrôle;;non
5_effets;large, sans_enseignes | âge : 14 jours et plus;enseignes_touchees;;;;non
5_effets;large, sans_enseignes | âge : 14 jours et plus;fiches_touchees;;;;non
5_effets;large, sans_enseignes | âge : 14 jours et plus;fourchette_basse;0.43;7.04;6,61;oui
5_effets;large, sans_enseignes | âge : 14 jours et plus;fourchette_haute;1.55;13.52;11,97;oui
5_effets;large, sans_enseignes | âge : 14 jours et plus;part_de_la_premiere_fiche;;;;non
5_effets;large, sans_enseignes | âge : 14 jours et plus;remarque;;;;non
5_effets;large, sans_enseignes | âge : 14 jours et plus;risque_relatif;0.81;9.76;8,95;oui
5_effets;large, sans_enseignes | âge : 14 jours et plus;suppressions;;;;non
5_effets;large, sans_enseignes | âge : 2 jour(s);avis_jours;;;;non
5_effets;large, sans_enseignes | âge : 2 jour(s);citable;contrôle;contrôle;;non
5_effets;large, sans_enseignes | âge : 2 jour(s);enseignes_touchees;;;;non
5_effets;large, sans_enseignes | âge : 2 jour(s);fiches_touchees;;;;non
5_effets;large, sans_enseignes | âge : 2 jour(s);fourchette_basse;0.93;1.42;0,49;oui
5_effets;large, sans_enseignes | âge : 2 jour(s);fourchette_haute;3.12;3.93;0,81;oui
5_effets;large, sans_enseignes | âge : 2 jour(s);part_de_la_premiere_fiche;;;;non
5_effets;large, sans_enseignes | âge : 2 jour(s);remarque;;;;non
5_effets;large, sans_enseignes | âge : 2 jour(s);risque_relatif;1.7;2.37;0,67;oui
5_effets;large, sans_enseignes | âge : 2 jour(s);suppressions;;;;non
5_effets;large, sans_enseignes | âge : 3 jour(s);avis_jours;;;;non
5_effets;large, sans_enseignes | âge : 3 jour(s);citable;contrôle;contrôle;;non
5_effets;large, sans_enseignes | âge : 3 jour(s);enseignes_touchees;;;;non
5_effets;large, sans_enseignes | âge : 3 jour(s);fiches_touchees;;;;non
5_effets;large, sans_enseignes | âge : 3 jour(s);fourchette_basse;0.42;0.84;0,42;oui
5_effets;large, sans_enseignes | âge : 3 jour(s);fourchette_haute;1.5;2.27;0,77;oui
5_effets;large, sans_enseignes | âge : 3 jour(s);part_de_la_premiere_fiche;;;;non
5_effets;large, sans_enseignes | âge : 3 jour(s);remarque;;;;non
5_effets;large, sans_enseignes | âge : 3 jour(s);risque_relatif;0.8;1.38;0,58;oui
5_effets;large, sans_enseignes | âge : 3 jour(s);suppressions;;;;non
5_effets;large, sans_enseignes | âge : 4 jour(s);avis_jours;;;;non
5_effets;large, sans_enseignes | âge : 4 jour(s);citable;contrôle;contrôle;;non
5_effets;large, sans_enseignes | âge : 4 jour(s);enseignes_touchees;;;;non
5_effets;large, sans_enseignes | âge : 4 jour(s);fiches_touchees;;;;non
5_effets;large, sans_enseignes | âge : 4 jour(s);fourchette_basse;0.2;0.25;0,05;oui
5_effets;large, sans_enseignes | âge : 4 jour(s);fourchette_haute;1.3;1.24;-0,06;oui
5_effets;large, sans_enseignes | âge : 4 jour(s);part_de_la_premiere_fiche;;;;non
5_effets;large, sans_enseignes | âge : 4 jour(s);remarque;;;;non
5_effets;large, sans_enseignes | âge : 4 jour(s);risque_relatif;0.51;0.56;0,05;oui
5_effets;large, sans_enseignes | âge : 4 jour(s);suppressions;;;;non
5_effets;large, sans_enseignes | âge : 5 jour(s);avis_jours;;;;non
5_effets;large, sans_enseignes | âge : 5 jour(s);citable;contrôle;contrôle;;non
5_effets;large, sans_enseignes | âge : 5 jour(s);enseignes_touchees;;;;non
5_effets;large, sans_enseignes | âge : 5 jour(s);fiches_touchees;;;;non
5_effets;large, sans_enseignes | âge : 5 jour(s);fourchette_basse;0.05;0.13;0,08;oui
5_effets;large, sans_enseignes | âge : 5 jour(s);fourchette_haute;0.53;0.69;0,16;oui
5_effets;large, sans_enseignes | âge : 5 jour(s);part_de_la_premiere_fiche;;;;non
5_effets;large, sans_enseignes | âge : 5 jour(s);remarque;;;;non
5_effets;large, sans_enseignes | âge : 5 jour(s);risque_relatif;0.16;0.3;0,14;oui
5_effets;large, sans_enseignes | âge : 5 jour(s);suppressions;;;;non
5_effets;large, sans_enseignes | âge : 6 jour(s);avis_jours;;;;non
5_effets;large, sans_enseignes | âge : 6 jour(s);citable;contrôle;contrôle;;non
5_effets;large, sans_enseignes | âge : 6 jour(s);enseignes_touchees;;;;non
5_effets;large, sans_enseignes | âge : 6 jour(s);fiches_touchees;;;;non
5_effets;large, sans_enseignes | âge : 6 jour(s);fourchette_basse;1.2;1.17;-0,03;oui
5_effets;large, sans_enseignes | âge : 6 jour(s);fourchette_haute;3.22;2.69;-0,53;oui
5_effets;large, sans_enseignes | âge : 6 jour(s);part_de_la_premiere_fiche;;;;non
5_effets;large, sans_enseignes | âge : 6 jour(s);remarque;;;;non
5_effets;large, sans_enseignes | âge : 6 jour(s);risque_relatif;1.97;1.78;-0,19;oui
5_effets;large, sans_enseignes | âge : 6 jour(s);suppressions;;;;non
5_effets;large, sans_enseignes | âge : 7 jour(s);avis_jours;;;;non
5_effets;large, sans_enseignes | âge : 7 jour(s);citable;contrôle;contrôle;;non
5_effets;large, sans_enseignes | âge : 7 jour(s);enseignes_touchees;;;;non
5_effets;large, sans_enseignes | âge : 7 jour(s);fiches_touchees;;;;non
5_effets;large, sans_enseignes | âge : 7 jour(s);fourchette_basse;1.73;1.49;-0,24;oui
5_effets;large, sans_enseignes | âge : 7 jour(s);fourchette_haute;4.52;3.54;-0,98;oui
5_effets;large, sans_enseignes | âge : 7 jour(s);part_de_la_premiere_fiche;;;;non
5_effets;large, sans_enseignes | âge : 7 jour(s);remarque;;;;non
5_effets;large, sans_enseignes | âge : 7 jour(s);risque_relatif;2.8;2.29;-0,51;oui
5_effets;large, sans_enseignes | âge : 7 jour(s);suppressions;;;;non
5_effets;large, sans_enseignes | âge : 8 jour(s);avis_jours;;;;non
5_effets;large, sans_enseignes | âge : 8 jour(s);citable;contrôle;contrôle;;non
5_effets;large, sans_enseignes | âge : 8 jour(s);enseignes_touchees;;;;non
5_effets;large, sans_enseignes | âge : 8 jour(s);fiches_touchees;;;;non
5_effets;large, sans_enseignes | âge : 8 jour(s);fourchette_basse;0.91;0.76;-0,15;oui
5_effets;large, sans_enseignes | âge : 8 jour(s);fourchette_haute;2.09;1.65;-0,44;oui
5_effets;large, sans_enseignes | âge : 8 jour(s);part_de_la_premiere_fiche;;;;non
5_effets;large, sans_enseignes | âge : 8 jour(s);remarque;;;;non
5_effets;large, sans_enseignes | âge : 8 jour(s);risque_relatif;1.38;1.12;-0,26;oui
5_effets;large, sans_enseignes | âge : 8 jour(s);suppressions;;;;non
5_effets;large, tous | fiche aux États-Unis;avis_jours;;;;non
5_effets;large, tous | fiche aux États-Unis;citable;contrôle;contrôle;;non
5_effets;large, tous | fiche aux États-Unis;enseignes_touchees;;;;non
5_effets;large, tous | fiche aux États-Unis;fiches_touchees;;;;non
5_effets;large, tous | fiche aux États-Unis;fourchette_basse;1.73;1.21;-0,52;oui
5_effets;large, tous | fiche aux États-Unis;fourchette_haute;5.05;2.52;-2,53;oui
5_effets;large, tous | fiche aux États-Unis;part_de_la_premiere_fiche;;;;non
5_effets;large, tous | fiche aux États-Unis;remarque;;;;non
5_effets;large, tous | fiche aux États-Unis;risque_relatif;2.96;1.75;-1,21;oui
5_effets;large, tous | fiche aux États-Unis;suppressions;;;;non
5_effets;large, tous | fiche qui répond à plus de 75 %;avis_jours;;;;non
5_effets;large, tous | fiche qui répond à plus de 75 %;citable;contrôle;contrôle;;non
5_effets;large, tous | fiche qui répond à plus de 75 %;enseignes_touchees;;;;non
5_effets;large, tous | fiche qui répond à plus de 75 %;fiches_touchees;;;;non
5_effets;large, tous | fiche qui répond à plus de 75 %;fourchette_basse;0.77;0.81;0,04;oui
5_effets;large, tous | fiche qui répond à plus de 75 %;fourchette_haute;2.29;1.83;-0,46;oui
5_effets;large, tous | fiche qui répond à plus de 75 %;part_de_la_premiere_fiche;;;;non
5_effets;large, tous | fiche qui répond à plus de 75 %;remarque;;;;non
5_effets;large, tous | fiche qui répond à plus de 75 %;risque_relatif;1.33;1.22;-0,11;oui
5_effets;large, tous | fiche qui répond à plus de 75 %;suppressions;;;;non
5_effets;large, tous | note 1 ou 2 étoiles;avis_jours;;;;non
5_effets;large, tous | note 1 ou 2 étoiles;citable;contrôle;contrôle;;non
5_effets;large, tous | note 1 ou 2 étoiles;enseignes_touchees;;;;non
5_effets;large, tous | note 1 ou 2 étoiles;fiches_touchees;;;;non
5_effets;large, tous | note 1 ou 2 étoiles;fourchette_basse;1.26;1.7;0,44;oui
5_effets;large, tous | note 1 ou 2 étoiles;fourchette_haute;3.04;3.87;0,83;oui
5_effets;large, tous | note 1 ou 2 étoiles;part_de_la_premiere_fiche;;;;non
5_effets;large, tous | note 1 ou 2 étoiles;remarque;;;;non
5_effets;large, tous | note 1 ou 2 étoiles;risque_relatif;1.95;2.57;0,62;oui
5_effets;large, tous | note 1 ou 2 étoiles;suppressions;;;;non
5_effets;large, tous | note 3 ou 4 étoiles;avis_jours;;;;non
5_effets;large, tous | note 3 ou 4 étoiles;citable;contrôle;contrôle;;non
5_effets;large, tous | note 3 ou 4 étoiles;enseignes_touchees;;;;non
5_effets;large, tous | note 3 ou 4 étoiles;fiches_touchees;;;;non
5_effets;large, tous | note 3 ou 4 étoiles;fourchette_basse;0.28;0.43;0,15;oui
5_effets;large, tous | note 3 ou 4 étoiles;fourchette_haute;0.58;0.68;0,1;oui
5_effets;large, tous | note 3 ou 4 étoiles;part_de_la_premiere_fiche;;;;non
5_effets;large, tous | note 3 ou 4 étoiles;remarque;;;;non
5_effets;large, tous | note 3 ou 4 étoiles;risque_relatif;0.4;0.54;0,14;oui
5_effets;large, tous | note 3 ou 4 étoiles;suppressions;;;;non
5_effets;large, tous | réponse 1 jour, fiche qui répond à 75 % ou moins;avis_jours;4154.0;4360.0;206,0;oui
5_effets;large, tous | réponse 1 jour, fiche qui répond à 75 % ou moins;citable;oui;oui;;non
5_effets;large, tous | réponse 1 jour, fiche qui répond à 75 % ou moins;enseignes_touchees;3.0;18.0;15,0;oui
5_effets;large, tous | réponse 1 jour, fiche qui répond à 75 % ou moins;fiches_touchees;8.0;27.0;19,0;oui
5_effets;large, tous | réponse 1 jour, fiche qui répond à 75 % ou moins;fourchette_basse;0.33;0.5;0,17;oui
5_effets;large, tous | réponse 1 jour, fiche qui répond à 75 % ou moins;fourchette_haute;1.52;1.76;0,24;oui
5_effets;large, tous | réponse 1 jour, fiche qui répond à 75 % ou moins;part_de_la_premiere_fiche;0.21;0.23;0,02;oui
5_effets;large, tous | réponse 1 jour, fiche qui répond à 75 % ou moins;remarque;;;;non
5_effets;large, tous | réponse 1 jour, fiche qui répond à 75 % ou moins;risque_relatif;0.71;0.94;0,23;oui
5_effets;large, tous | réponse 1 jour, fiche qui répond à 75 % ou moins;suppressions;14.0;56.0;42,0;oui
5_effets;large, tous | réponse 1 jour, fiche qui répond à plus de 75 %;avis_jours;29045.0;29807.0;762,0;oui
5_effets;large, tous | réponse 1 jour, fiche qui répond à plus de 75 %;citable;oui;oui;;non
5_effets;large, tous | réponse 1 jour, fiche qui répond à plus de 75 %;enseignes_touchees;18.0;58.0;40,0;oui
5_effets;large, tous | réponse 1 jour, fiche qui répond à plus de 75 %;fiches_touchees;32.0;92.0;60,0;oui
5_effets;large, tous | réponse 1 jour, fiche qui répond à plus de 75 %;fourchette_basse;0.19;0.27;0,08;oui
5_effets;large, tous | réponse 1 jour, fiche qui répond à plus de 75 %;fourchette_haute;0.5;0.53;0,03;oui
5_effets;large, tous | réponse 1 jour, fiche qui répond à plus de 75 %;part_de_la_premiere_fiche;0.1;0.09;-0,01;oui
5_effets;large, tous | réponse 1 jour, fiche qui répond à plus de 75 %;remarque;;;;non
5_effets;large, tous | réponse 1 jour, fiche qui répond à plus de 75 %;risque_relatif;0.31;0.38;0,07;oui
5_effets;large, tous | réponse 1 jour, fiche qui répond à plus de 75 %;suppressions;68.0;178.0;110,0;oui
5_effets;large, tous | réponse 2 jours, fiche qui répond à 75 % ou moins;avis_jours;1298.0;1330.0;32,0;oui
5_effets;large, tous | réponse 2 jours, fiche qui répond à 75 % ou moins;citable;non;oui;;oui
5_effets;large, tous | réponse 2 jours, fiche qui répond à 75 % ou moins;enseignes_touchees;;9.0;;oui
5_effets;large, tous | réponse 2 jours, fiche qui répond à 75 % ou moins;fiches_touchees;;9.0;;oui
5_effets;large, tous | réponse 2 jours, fiche qui répond à 75 % ou moins;fourchette_basse;;0.24;;oui
5_effets;large, tous | réponse 2 jours, fiche qui répond à 75 % ou moins;fourchette_haute;;0.98;;oui
5_effets;large, tous | réponse 2 jours, fiche qui répond à 75 % ou moins;part_de_la_premiere_fiche;;0.2;;oui
5_effets;large, tous | réponse 2 jours, fiche qui répond à 75 % ou moins;remarque;écartée : moins de 5 suppressions;;;oui
5_effets;large, tous | réponse 2 jours, fiche qui répond à 75 % ou moins;risque_relatif;;0.49;;oui
5_effets;large, tous | réponse 2 jours, fiche qui répond à 75 % ou moins;suppressions;3.0;10.0;7,0;oui
5_effets;large, tous | réponse 2 jours, fiche qui répond à plus de 75 %;avis_jours;11122.0;11495.0;373,0;oui
5_effets;large, tous | réponse 2 jours, fiche qui répond à plus de 75 %;citable;oui;oui;;non
5_effets;large, tous | réponse 2 jours, fiche qui répond à plus de 75 %;enseignes_touchees;12.0;44.0;32,0;oui
5_effets;large, tous | réponse 2 jours, fiche qui répond à plus de 75 %;fiches_touchees;13.0;52.0;39,0;oui
5_effets;large, tous | réponse 2 jours, fiche qui répond à plus de 75 %;fourchette_basse;0.1;0.24;0,14;oui
5_effets;large, tous | réponse 2 jours, fiche qui répond à plus de 75 %;fourchette_haute;0.32;0.55;0,23;oui
5_effets;large, tous | réponse 2 jours, fiche qui répond à plus de 75 %;part_de_la_premiere_fiche;0.14;0.06;-0,08;oui
5_effets;large, tous | réponse 2 jours, fiche qui répond à plus de 75 %;remarque;;;;non
5_effets;large, tous | réponse 2 jours, fiche qui répond à plus de 75 %;risque_relatif;0.18;0.37;0,19;oui
5_effets;large, tous | réponse 2 jours, fiche qui répond à plus de 75 %;suppressions;14.0;64.0;50,0;oui
5_effets;large, tous | réponse 3 jours et plus, fiche qui répond à 75 % ou moins;avis_jours;2503.0;3950.0;1447,0;oui
5_effets;large, tous | réponse 3 jours et plus, fiche qui répond à 75 % ou moins;citable;non;non;;non
5_effets;large, tous | réponse 3 jours et plus, fiche qui répond à 75 % ou moins;enseignes_touchees;4.0;31.0;27,0;oui
5_effets;large, tous | réponse 3 jours et plus, fiche qui répond à 75 % ou moins;fiches_touchees;4.0;32.0;28,0;oui
5_effets;large, tous | réponse 3 jours et plus, fiche qui répond à 75 % ou moins;fourchette_basse;0.31;2.15;1,84;oui
5_effets;large, tous | réponse 3 jours et plus, fiche qui répond à 75 % ou moins;fourchette_haute;5.57;3.94;-1,63;oui
5_effets;large, tous | réponse 3 jours et plus, fiche qui répond à 75 % ou moins;part_de_la_premiere_fiche;0.78;0.46;-0,32;oui
5_effets;large, tous | réponse 3 jours et plus, fiche qui répond à 75 % ou moins;remarque;;;;non
5_effets;large, tous | réponse 3 jours et plus, fiche qui répond à 75 % ou moins;risque_relatif;1.32;2.91;1,59;oui
5_effets;large, tous | réponse 3 jours et plus, fiche qui répond à 75 % ou moins;suppressions;18.0;263.0;245,0;oui
5_effets;large, tous | réponse 3 jours et plus, fiche qui répond à plus de 75 %;avis_jours;12445.0;13186.0;741,0;oui
5_effets;large, tous | réponse 3 jours et plus, fiche qui répond à plus de 75 %;citable;non;oui;;oui
5_effets;large, tous | réponse 3 jours et plus, fiche qui répond à plus de 75 %;enseignes_touchees;9.0;61.0;52,0;oui
5_effets;large, tous | réponse 3 jours et plus, fiche qui répond à plus de 75 %;fiches_touchees;9.0;78.0;69,0;oui
5_effets;large, tous | réponse 3 jours et plus, fiche qui répond à plus de 75 %;fourchette_basse;0.1;0.37;0,27;oui
5_effets;large, tous | réponse 3 jours et plus, fiche qui répond à plus de 75 %;fourchette_haute;0.38;0.69;0,31;oui
5_effets;large, tous | réponse 3 jours et plus, fiche qui répond à plus de 75 %;part_de_la_premiere_fiche;0.33;0.09;-0,24;oui
5_effets;large, tous | réponse 3 jours et plus, fiche qui répond à plus de 75 %;remarque;;;;non
5_effets;large, tous | réponse 3 jours et plus, fiche qui répond à plus de 75 %;risque_relatif;0.19;0.5;0,31;oui
5_effets;large, tous | réponse 3 jours et plus, fiche qui répond à plus de 75 %;suppressions;15.0;116.0;101,0;oui
5_effets;large, tous | réponse jour même, fiche qui répond à 75 % ou moins;avis_jours;2745.0;2872.0;127,0;oui
5_effets;large, tous | réponse jour même, fiche qui répond à 75 % ou moins;citable;non;oui;;oui
5_effets;large, tous | réponse jour même, fiche qui répond à 75 % ou moins;enseignes_touchees;4.0;16.0;12,0;oui
5_effets;large, tous | réponse jour même, fiche qui répond à 75 % ou moins;fiches_touchees;6.0;26.0;20,0;oui
5_effets;large, tous | réponse jour même, fiche qui répond à 75 % ou moins;fourchette_basse;0.28;0.46;0,18;oui
5_effets;large, tous | réponse jour même, fiche qui répond à 75 % ou moins;fourchette_haute;1.55;1.3;-0,25;oui
5_effets;large, tous | réponse jour même, fiche qui répond à 75 % ou moins;part_de_la_premiere_fiche;0.25;0.07;-0,18;oui
5_effets;large, tous | réponse jour même, fiche qui répond à 75 % ou moins;remarque;;;;non
5_effets;large, tous | réponse jour même, fiche qui répond à 75 % ou moins;risque_relatif;0.67;0.77;0,1;oui
5_effets;large, tous | réponse jour même, fiche qui répond à 75 % ou moins;suppressions;8.0;30.0;22,0;oui
5_effets;large, tous | réponse jour même, fiche qui répond à plus de 75 %;avis_jours;38759.0;39964.0;1205,0;oui
5_effets;large, tous | réponse jour même, fiche qui répond à plus de 75 %;citable;oui;oui;;non
5_effets;large, tous | réponse jour même, fiche qui répond à plus de 75 %;enseignes_touchees;19.0;55.0;36,0;oui
5_effets;large, tous | réponse jour même, fiche qui répond à plus de 75 %;fiches_touchees;49.0;115.0;66,0;oui
5_effets;large, tous | réponse jour même, fiche qui répond à plus de 75 %;fourchette_basse;0.5;0.51;0,01;oui
5_effets;large, tous | réponse jour même, fiche qui répond à plus de 75 %;fourchette_haute;1.4;1.11;-0,29;oui
5_effets;large, tous | réponse jour même, fiche qui répond à plus de 75 %;part_de_la_premiere_fiche;0.09;0.06;-0,03;oui
5_effets;large, tous | réponse jour même, fiche qui répond à plus de 75 %;remarque;;;;non
5_effets;large, tous | réponse jour même, fiche qui répond à plus de 75 %;risque_relatif;0.84;0.75;-0,09;oui
5_effets;large, tous | réponse jour même, fiche qui répond à plus de 75 %;suppressions;258.0;494.0;236,0;oui
5_effets;large, tous | âge : 1 jour(s);avis_jours;;;;non
5_effets;large, tous | âge : 1 jour(s);citable;contrôle;contrôle;;non
5_effets;large, tous | âge : 1 jour(s);enseignes_touchees;;;;non
5_effets;large, tous | âge : 1 jour(s);fiches_touchees;;;;non
5_effets;large, tous | âge : 1 jour(s);fourchette_basse;0.1;0.36;0,26;oui
5_effets;large, tous | âge : 1 jour(s);fourchette_haute;1.76;2.3;0,54;oui
5_effets;large, tous | âge : 1 jour(s);part_de_la_premiere_fiche;;;;non
5_effets;large, tous | âge : 1 jour(s);remarque;;;;non
5_effets;large, tous | âge : 1 jour(s);risque_relatif;0.42;0.91;0,49;oui
5_effets;large, tous | âge : 1 jour(s);suppressions;;;;non
5_effets;large, tous | âge : 14 jours et plus;avis_jours;;;;non
5_effets;large, tous | âge : 14 jours et plus;citable;contrôle;contrôle;;non
5_effets;large, tous | âge : 14 jours et plus;enseignes_touchees;;;;non
5_effets;large, tous | âge : 14 jours et plus;fiches_touchees;;;;non
5_effets;large, tous | âge : 14 jours et plus;fourchette_basse;0.27;3.18;2,91;oui
5_effets;large, tous | âge : 14 jours et plus;fourchette_haute;1.0;8.88;7,88;oui
5_effets;large, tous | âge : 14 jours et plus;part_de_la_premiere_fiche;;;;non
5_effets;large, tous | âge : 14 jours et plus;remarque;;;;non
5_effets;large, tous | âge : 14 jours et plus;risque_relatif;0.52;5.31;4,79;oui
5_effets;large, tous | âge : 14 jours et plus;suppressions;;;;non
5_effets;large, tous | âge : 2 jour(s);avis_jours;;;;non
5_effets;large, tous | âge : 2 jour(s);citable;contrôle;contrôle;;non
5_effets;large, tous | âge : 2 jour(s);enseignes_touchees;;;;non
5_effets;large, tous | âge : 2 jour(s);fiches_touchees;;;;non
5_effets;large, tous | âge : 2 jour(s);fourchette_basse;0.55;0.54;-0,01;oui
5_effets;large, tous | âge : 2 jour(s);fourchette_haute;1.46;1.57;0,11;oui
5_effets;large, tous | âge : 2 jour(s);part_de_la_premiere_fiche;;;;non
5_effets;large, tous | âge : 2 jour(s);remarque;;;;non
5_effets;large, tous | âge : 2 jour(s);risque_relatif;0.9;0.92;0,02;oui
5_effets;large, tous | âge : 2 jour(s);suppressions;;;;non
5_effets;large, tous | âge : 3 jour(s);avis_jours;;;;non
5_effets;large, tous | âge : 3 jour(s);citable;contrôle;contrôle;;non
5_effets;large, tous | âge : 3 jour(s);enseignes_touchees;;;;non
5_effets;large, tous | âge : 3 jour(s);fiches_touchees;;;;non
5_effets;large, tous | âge : 3 jour(s);fourchette_basse;0.31;0.35;0,04;oui
5_effets;large, tous | âge : 3 jour(s);fourchette_haute;1.05;1.1;0,05;oui
5_effets;large, tous | âge : 3 jour(s);part_de_la_premiere_fiche;;;;non
5_effets;large, tous | âge : 3 jour(s);remarque;;;;non
5_effets;large, tous | âge : 3 jour(s);risque_relatif;0.57;0.62;0,05;oui
5_effets;large, tous | âge : 3 jour(s);suppressions;;;;non
5_effets;large, tous | âge : 4 jour(s);avis_jours;;;;non
5_effets;large, tous | âge : 4 jour(s);citable;contrôle;contrôle;;non
5_effets;large, tous | âge : 4 jour(s);enseignes_touchees;;;;non
5_effets;large, tous | âge : 4 jour(s);fiches_touchees;;;;non
5_effets;large, tous | âge : 4 jour(s);fourchette_basse;0.16;0.12;-0,04;oui
5_effets;large, tous | âge : 4 jour(s);fourchette_haute;1.22;0.86;-0,36;oui
5_effets;large, tous | âge : 4 jour(s);part_de_la_premiere_fiche;;;;non
5_effets;large, tous | âge : 4 jour(s);remarque;;;;non
5_effets;large, tous | âge : 4 jour(s);risque_relatif;0.44;0.33;-0,11;oui
5_effets;large, tous | âge : 4 jour(s);suppressions;;;;non
5_effets;large, tous | âge : 5 jour(s);avis_jours;;;;non
5_effets;large, tous | âge : 5 jour(s);citable;contrôle;contrôle;;non
5_effets;large, tous | âge : 5 jour(s);enseignes_touchees;;;;non
5_effets;large, tous | âge : 5 jour(s);fiches_touchees;;;;non
5_effets;large, tous | âge : 5 jour(s);fourchette_basse;0.1;0.14;0,04;oui
5_effets;large, tous | âge : 5 jour(s);fourchette_haute;0.43;0.5;0,07;oui
5_effets;large, tous | âge : 5 jour(s);part_de_la_premiere_fiche;;;;non
5_effets;large, tous | âge : 5 jour(s);remarque;;;;non
5_effets;large, tous | âge : 5 jour(s);risque_relatif;0.21;0.26;0,05;oui
5_effets;large, tous | âge : 5 jour(s);suppressions;;;;non
5_effets;large, tous | âge : 6 jour(s);avis_jours;;;;non
5_effets;large, tous | âge : 6 jour(s);citable;contrôle;contrôle;;non
5_effets;large, tous | âge : 6 jour(s);enseignes_touchees;;;;non
5_effets;large, tous | âge : 6 jour(s);fiches_touchees;;;;non
5_effets;large, tous | âge : 6 jour(s);fourchette_basse;2.14;1.23;-0,91;oui
5_effets;large, tous | âge : 6 jour(s);fourchette_haute;3.99;3.12;-0,87;oui
5_effets;large, tous | âge : 6 jour(s);part_de_la_premiere_fiche;;;;non
5_effets;large, tous | âge : 6 jour(s);remarque;;;;non
5_effets;large, tous | âge : 6 jour(s);risque_relatif;2.93;1.96;-0,97;oui
5_effets;large, tous | âge : 6 jour(s);suppressions;;;;non
5_effets;large, tous | âge : 7 jour(s);avis_jours;;;;non
5_effets;large, tous | âge : 7 jour(s);citable;contrôle;contrôle;;non
5_effets;large, tous | âge : 7 jour(s);enseignes_touchees;;;;non
5_effets;large, tous | âge : 7 jour(s);fiches_touchees;;;;non
5_effets;large, tous | âge : 7 jour(s);fourchette_basse;3.88;1.97;-1,91;oui
5_effets;large, tous | âge : 7 jour(s);fourchette_haute;6.47;4.86;-1,61;oui
5_effets;large, tous | âge : 7 jour(s);part_de_la_premiere_fiche;;;;non
5_effets;large, tous | âge : 7 jour(s);remarque;;;;non
5_effets;large, tous | âge : 7 jour(s);risque_relatif;5.01;3.09;-1,92;oui
5_effets;large, tous | âge : 7 jour(s);suppressions;;;;non
5_effets;large, tous | âge : 8 jour(s);avis_jours;;;;non
5_effets;large, tous | âge : 8 jour(s);citable;contrôle;contrôle;;non
5_effets;large, tous | âge : 8 jour(s);enseignes_touchees;;;;non
5_effets;large, tous | âge : 8 jour(s);fiches_touchees;;;;non
5_effets;large, tous | âge : 8 jour(s);fourchette_basse;1.03;0.53;-0,5;oui
5_effets;large, tous | âge : 8 jour(s);fourchette_haute;1.9;1.39;-0,51;oui
5_effets;large, tous | âge : 8 jour(s);part_de_la_premiere_fiche;;;;non
5_effets;large, tous | âge : 8 jour(s);remarque;;;;non
5_effets;large, tous | âge : 8 jour(s);risque_relatif;1.4;0.86;-0,54;oui
5_effets;large, tous | âge : 8 jour(s);suppressions;;;;non
5_effets;mono + small, sans_enseignes | fiche aux États-Unis;avis_jours;;;;non
5_effets;mono + small, sans_enseignes | fiche aux États-Unis;citable;contrôle;contrôle;;non
5_effets;mono + small, sans_enseignes | fiche aux États-Unis;enseignes_touchees;;;;non
5_effets;mono + small, sans_enseignes | fiche aux États-Unis;fiches_touchees;;;;non
5_effets;mono + small, sans_enseignes | fiche aux États-Unis;fourchette_basse;1.26;1.48;0,22;oui
5_effets;mono + small, sans_enseignes | fiche aux États-Unis;fourchette_haute;3.64;2.63;-1,01;oui
5_effets;mono + small, sans_enseignes | fiche aux États-Unis;part_de_la_premiere_fiche;;;;non
5_effets;mono + small, sans_enseignes | fiche aux États-Unis;remarque;;;;non
5_effets;mono + small, sans_enseignes | fiche aux États-Unis;risque_relatif;2.14;1.97;-0,17;oui
5_effets;mono + small, sans_enseignes | fiche aux États-Unis;suppressions;;;;non
5_effets;mono + small, sans_enseignes | fiche qui répond à plus de 75 %;avis_jours;;;;non
5_effets;mono + small, sans_enseignes | fiche qui répond à plus de 75 %;citable;contrôle;contrôle;;non
5_effets;mono + small, sans_enseignes | fiche qui répond à plus de 75 %;enseignes_touchees;;;;non
5_effets;mono + small, sans_enseignes | fiche qui répond à plus de 75 %;fiches_touchees;;;;non
5_effets;mono + small, sans_enseignes | fiche qui répond à plus de 75 %;fourchette_basse;1.41;1.34;-0,07;oui
5_effets;mono + small, sans_enseignes | fiche qui répond à plus de 75 %;fourchette_haute;4.54;2.79;-1,75;oui
5_effets;mono + small, sans_enseignes | fiche qui répond à plus de 75 %;part_de_la_premiere_fiche;;;;non
5_effets;mono + small, sans_enseignes | fiche qui répond à plus de 75 %;remarque;;;;non
5_effets;mono + small, sans_enseignes | fiche qui répond à plus de 75 %;risque_relatif;2.53;1.94;-0,59;oui
5_effets;mono + small, sans_enseignes | fiche qui répond à plus de 75 %;suppressions;;;;non
5_effets;mono + small, sans_enseignes | note 1 ou 2 étoiles;avis_jours;;;;non
5_effets;mono + small, sans_enseignes | note 1 ou 2 étoiles;citable;contrôle;contrôle;;non
5_effets;mono + small, sans_enseignes | note 1 ou 2 étoiles;enseignes_touchees;;;;non
5_effets;mono + small, sans_enseignes | note 1 ou 2 étoiles;fiches_touchees;;;;non
5_effets;mono + small, sans_enseignes | note 1 ou 2 étoiles;fourchette_basse;1.32;1.53;0,21;oui
5_effets;mono + small, sans_enseignes | note 1 ou 2 étoiles;fourchette_haute;3.17;2.97;-0,2;oui
5_effets;mono + small, sans_enseignes | note 1 ou 2 étoiles;part_de_la_premiere_fiche;;;;non
5_effets;mono + small, sans_enseignes | note 1 ou 2 étoiles;remarque;;;;non
5_effets;mono + small, sans_enseignes | note 1 ou 2 étoiles;risque_relatif;2.05;2.14;0,09;oui
5_effets;mono + small, sans_enseignes | note 1 ou 2 étoiles;suppressions;;;;non
5_effets;mono + small, sans_enseignes | note 3 ou 4 étoiles;avis_jours;;;;non
5_effets;mono + small, sans_enseignes | note 3 ou 4 étoiles;citable;contrôle;contrôle;;non
5_effets;mono + small, sans_enseignes | note 3 ou 4 étoiles;enseignes_touchees;;;;non
5_effets;mono + small, sans_enseignes | note 3 ou 4 étoiles;fiches_touchees;;;;non
5_effets;mono + small, sans_enseignes | note 3 ou 4 étoiles;fourchette_basse;0.37;0.71;0,34;oui
5_effets;mono + small, sans_enseignes | note 3 ou 4 étoiles;fourchette_haute;0.98;1.18;0,2;oui
5_effets;mono + small, sans_enseignes | note 3 ou 4 étoiles;part_de_la_premiere_fiche;;;;non
5_effets;mono + small, sans_enseignes | note 3 ou 4 étoiles;remarque;;;;non
5_effets;mono + small, sans_enseignes | note 3 ou 4 étoiles;risque_relatif;0.6;0.91;0,31;oui
5_effets;mono + small, sans_enseignes | note 3 ou 4 étoiles;suppressions;;;;non
5_effets;mono + small, sans_enseignes | réponse 1 jour, fiche qui répond à 75 % ou moins;avis_jours;4665.0;4850.0;185,0;oui
5_effets;mono + small, sans_enseignes | réponse 1 jour, fiche qui répond à 75 % ou moins;citable;non;oui;;oui
5_effets;mono + small, sans_enseignes | réponse 1 jour, fiche qui répond à 75 % ou moins;enseignes_touchees;5.0;21.0;16,0;oui
5_effets;mono + small, sans_enseignes | réponse 1 jour, fiche qui répond à 75 % ou moins;fiches_touchees;5.0;22.0;17,0;oui
5_effets;mono + small, sans_enseignes | réponse 1 jour, fiche qui répond à 75 % ou moins;fourchette_basse;0.36;0.66;0,3;oui
5_effets;mono + small, sans_enseignes | réponse 1 jour, fiche qui répond à 75 % ou moins;fourchette_haute;3.47;2.27;-1,2;oui
5_effets;mono + small, sans_enseignes | réponse 1 jour, fiche qui répond à 75 % ou moins;part_de_la_premiere_fiche;0.5;0.19;-0,31;oui
5_effets;mono + small, sans_enseignes | réponse 1 jour, fiche qui répond à 75 % ou moins;remarque;;;;non
5_effets;mono + small, sans_enseignes | réponse 1 jour, fiche qui répond à 75 % ou moins;risque_relatif;1.11;1.23;0,12;oui
5_effets;mono + small, sans_enseignes | réponse 1 jour, fiche qui répond à 75 % ou moins;suppressions;12.0;42.0;30,0;oui
5_effets;mono + small, sans_enseignes | réponse 1 jour, fiche qui répond à plus de 75 %;avis_jours;21383.0;22142.0;759,0;oui
5_effets;mono + small, sans_enseignes | réponse 1 jour, fiche qui répond à plus de 75 %;citable;oui;oui;;non
5_effets;mono + small, sans_enseignes | réponse 1 jour, fiche qui répond à plus de 75 %;enseignes_touchees;21.0;69.0;48,0;oui
5_effets;mono + small, sans_enseignes | réponse 1 jour, fiche qui répond à plus de 75 %;fiches_touchees;22.0;72.0;50,0;oui
5_effets;mono + small, sans_enseignes | réponse 1 jour, fiche qui répond à plus de 75 %;fourchette_basse;0.18;0.3;0,12;oui
5_effets;mono + small, sans_enseignes | réponse 1 jour, fiche qui répond à plus de 75 %;fourchette_haute;0.6;0.65;0,05;oui
5_effets;mono + small, sans_enseignes | réponse 1 jour, fiche qui répond à plus de 75 %;part_de_la_premiere_fiche;0.14;0.09;-0,05;oui
5_effets;mono + small, sans_enseignes | réponse 1 jour, fiche qui répond à plus de 75 %;remarque;;;;non
5_effets;mono + small, sans_enseignes | réponse 1 jour, fiche qui répond à plus de 75 %;risque_relatif;0.33;0.44;0,11;oui
5_effets;mono + small, sans_enseignes | réponse 1 jour, fiche qui répond à plus de 75 %;suppressions;44.0;150.0;106,0;oui
5_effets;mono + small, sans_enseignes | réponse 2 jours, fiche qui répond à 75 % ou moins;avis_jours;1914.0;1980.0;66,0;oui
5_effets;mono + small, sans_enseignes | réponse 2 jours, fiche qui répond à 75 % ou moins;citable;non;oui;;oui
5_effets;mono + small, sans_enseignes | réponse 2 jours, fiche qui répond à 75 % ou moins;enseignes_touchees;3.0;9.0;6,0;oui
5_effets;mono + small, sans_enseignes | réponse 2 jours, fiche qui répond à 75 % ou moins;fiches_touchees;3.0;9.0;6,0;oui
5_effets;mono + small, sans_enseignes | réponse 2 jours, fiche qui répond à 75 % ou moins;fourchette_basse;0.31;0.47;0,16;oui
5_effets;mono + small, sans_enseignes | réponse 2 jours, fiche qui répond à 75 % ou moins;fourchette_haute;4.28;2.05;-2,23;oui
5_effets;mono + small, sans_enseignes | réponse 2 jours, fiche qui répond à 75 % ou moins;part_de_la_premiere_fiche;0.6;0.25;-0,35;oui
5_effets;mono + small, sans_enseignes | réponse 2 jours, fiche qui répond à 75 % ou moins;remarque;;;;non
5_effets;mono + small, sans_enseignes | réponse 2 jours, fiche qui répond à 75 % ou moins;risque_relatif;1.15;0.98;-0,17;oui
5_effets;mono + small, sans_enseignes | réponse 2 jours, fiche qui répond à 75 % ou moins;suppressions;5.0;12.0;7,0;oui
5_effets;mono + small, sans_enseignes | réponse 2 jours, fiche qui répond à plus de 75 %;avis_jours;6965.0;7115.0;150,0;oui
5_effets;mono + small, sans_enseignes | réponse 2 jours, fiche qui répond à plus de 75 %;citable;oui;oui;;non
5_effets;mono + small, sans_enseignes | réponse 2 jours, fiche qui répond à plus de 75 %;enseignes_touchees;9.0;29.0;20,0;oui
5_effets;mono + small, sans_enseignes | réponse 2 jours, fiche qui répond à plus de 75 %;fiches_touchees;9.0;30.0;21,0;oui
5_effets;mono + small, sans_enseignes | réponse 2 jours, fiche qui répond à plus de 75 %;fourchette_basse;0.11;0.23;0,12;oui
5_effets;mono + small, sans_enseignes | réponse 2 jours, fiche qui répond à plus de 75 %;fourchette_haute;0.49;0.53;0,04;oui
5_effets;mono + small, sans_enseignes | réponse 2 jours, fiche qui répond à plus de 75 %;part_de_la_premiere_fiche;0.2;0.08;-0,12;oui
5_effets;mono + small, sans_enseignes | réponse 2 jours, fiche qui répond à plus de 75 %;remarque;;;;non
5_effets;mono + small, sans_enseignes | réponse 2 jours, fiche qui répond à plus de 75 %;risque_relatif;0.23;0.35;0,12;oui
5_effets;mono + small, sans_enseignes | réponse 2 jours, fiche qui répond à plus de 75 %;suppressions;10.0;37.0;27,0;oui
5_effets;mono + small, sans_enseignes | réponse 3 jours et plus, fiche qui répond à 75 % ou moins;avis_jours;4399.0;4726.0;327,0;oui
5_effets;mono + small, sans_enseignes | réponse 3 jours et plus, fiche qui répond à 75 % ou moins;citable;non;oui;;oui
5_effets;mono + small, sans_enseignes | réponse 3 jours et plus, fiche qui répond à 75 % ou moins;enseignes_touchees;4.0;32.0;28,0;oui
5_effets;mono + small, sans_enseignes | réponse 3 jours et plus, fiche qui répond à 75 % ou moins;fiches_touchees;4.0;32.0;28,0;oui
5_effets;mono + small, sans_enseignes | réponse 3 jours et plus, fiche qui répond à 75 % ou moins;fourchette_basse;0.22;0.64;0,42;oui
5_effets;mono + small, sans_enseignes | réponse 3 jours et plus, fiche qui répond à 75 % ou moins;fourchette_haute;1.98;1.7;-0,28;oui
5_effets;mono + small, sans_enseignes | réponse 3 jours et plus, fiche qui répond à 75 % ou moins;part_de_la_premiere_fiche;0.5;0.16;-0,34;oui
5_effets;mono + small, sans_enseignes | réponse 3 jours et plus, fiche qui répond à 75 % ou moins;remarque;;;;non
5_effets;mono + small, sans_enseignes | réponse 3 jours et plus, fiche qui répond à 75 % ou moins;risque_relatif;0.66;1.04;0,38;oui
5_effets;mono + small, sans_enseignes | réponse 3 jours et plus, fiche qui répond à 75 % ou moins;suppressions;6.0;49.0;43,0;oui
5_effets;mono + small, sans_enseignes | réponse 3 jours et plus, fiche qui répond à plus de 75 %;avis_jours;13592.0;14271.0;679,0;oui
5_effets;mono + small, sans_enseignes | réponse 3 jours et plus, fiche qui répond à plus de 75 %;citable;non;oui;;oui
5_effets;mono + small, sans_enseignes | réponse 3 jours et plus, fiche qui répond à plus de 75 %;enseignes_touchees;8.0;72.0;64,0;oui
5_effets;mono + small, sans_enseignes | réponse 3 jours et plus, fiche qui répond à plus de 75 %;fiches_touchees;8.0;74.0;66,0;oui
5_effets;mono + small, sans_enseignes | réponse 3 jours et plus, fiche qui répond à plus de 75 %;fourchette_basse;0.05;0.34;0,29;oui
5_effets;mono + small, sans_enseignes | réponse 3 jours et plus, fiche qui répond à plus de 75 %;fourchette_haute;0.24;0.69;0,45;oui
5_effets;mono + small, sans_enseignes | réponse 3 jours et plus, fiche qui répond à plus de 75 %;part_de_la_premiere_fiche;0.22;0.1;-0,12;oui
5_effets;mono + small, sans_enseignes | réponse 3 jours et plus, fiche qui répond à plus de 75 %;remarque;;;;non
5_effets;mono + small, sans_enseignes | réponse 3 jours et plus, fiche qui répond à plus de 75 %;risque_relatif;0.11;0.49;0,38;oui
5_effets;mono + small, sans_enseignes | réponse 3 jours et plus, fiche qui répond à plus de 75 %;suppressions;9.0;135.0;126,0;oui
5_effets;mono + small, sans_enseignes | réponse jour même, fiche qui répond à 75 % ou moins;avis_jours;4062.0;4249.0;187,0;oui
5_effets;mono + small, sans_enseignes | réponse jour même, fiche qui répond à 75 % ou moins;citable;non;non;;non
5_effets;mono + small, sans_enseignes | réponse jour même, fiche qui répond à 75 % ou moins;enseignes_touchees;6.0;16.0;10,0;oui
5_effets;mono + small, sans_enseignes | réponse jour même, fiche qui répond à 75 % ou moins;fiches_touchees;6.0;16.0;10,0;oui
5_effets;mono + small, sans_enseignes | réponse jour même, fiche qui répond à 75 % ou moins;fourchette_basse;0.75;0.64;-0,11;oui
5_effets;mono + small, sans_enseignes | réponse jour même, fiche qui répond à 75 % ou moins;fourchette_haute;6.84;5.0;-1,84;oui
5_effets;mono + small, sans_enseignes | réponse jour même, fiche qui répond à 75 % ou moins;part_de_la_premiere_fiche;0.75;0.74;-0,01;oui
5_effets;mono + small, sans_enseignes | réponse jour même, fiche qui répond à 75 % ou moins;remarque;;;;non
5_effets;mono + small, sans_enseignes | réponse jour même, fiche qui répond à 75 % ou moins;risque_relatif;2.26;1.79;-0,47;oui
5_effets;mono + small, sans_enseignes | réponse jour même, fiche qui répond à 75 % ou moins;suppressions;24.0;62.0;38,0;oui
5_effets;mono + small, sans_enseignes | réponse jour même, fiche qui répond à plus de 75 %;avis_jours;30294.0;31465.0;1171,0;oui
5_effets;mono + small, sans_enseignes | réponse jour même, fiche qui répond à plus de 75 %;citable;oui;oui;;non
5_effets;mono + small, sans_enseignes | réponse jour même, fiche qui répond à plus de 75 %;enseignes_touchees;31.0;80.0;49,0;oui
5_effets;mono + small, sans_enseignes | réponse jour même, fiche qui répond à plus de 75 %;fiches_touchees;36.0;89.0;53,0;oui
5_effets;mono + small, sans_enseignes | réponse jour même, fiche qui répond à plus de 75 %;fourchette_basse;0.2;0.32;0,12;oui
5_effets;mono + small, sans_enseignes | réponse jour même, fiche qui répond à plus de 75 %;fourchette_haute;0.63;0.74;0,11;oui
5_effets;mono + small, sans_enseignes | réponse jour même, fiche qui répond à plus de 75 %;part_de_la_premiere_fiche;0.09;0.09;0,0;non
5_effets;mono + small, sans_enseignes | réponse jour même, fiche qui répond à plus de 75 %;remarque;;;;non
5_effets;mono + small, sans_enseignes | réponse jour même, fiche qui répond à plus de 75 %;risque_relatif;0.36;0.49;0,13;oui
5_effets;mono + small, sans_enseignes | réponse jour même, fiche qui répond à plus de 75 %;suppressions;80.0;260.0;180,0;oui
5_effets;mono + small, sans_enseignes | âge : 1 jour(s);avis_jours;;;;non
5_effets;mono + small, sans_enseignes | âge : 1 jour(s);citable;contrôle;contrôle;;non
5_effets;mono + small, sans_enseignes | âge : 1 jour(s);enseignes_touchees;;;;non
5_effets;mono + small, sans_enseignes | âge : 1 jour(s);fiches_touchees;;;;non
5_effets;mono + small, sans_enseignes | âge : 1 jour(s);fourchette_basse;1.24;1.27;0,03;oui
5_effets;mono + small, sans_enseignes | âge : 1 jour(s);fourchette_haute;6.13;5.24;-0,89;oui
5_effets;mono + small, sans_enseignes | âge : 1 jour(s);part_de_la_premiere_fiche;;;;non
5_effets;mono + small, sans_enseignes | âge : 1 jour(s);remarque;;;;non
5_effets;mono + small, sans_enseignes | âge : 1 jour(s);risque_relatif;2.76;2.58;-0,18;oui
5_effets;mono + small, sans_enseignes | âge : 1 jour(s);suppressions;;;;non
5_effets;mono + small, sans_enseignes | âge : 14 jours et plus;avis_jours;;;;non
5_effets;mono + small, sans_enseignes | âge : 14 jours et plus;citable;contrôle;contrôle;;non
5_effets;mono + small, sans_enseignes | âge : 14 jours et plus;enseignes_touchees;;;;non
5_effets;mono + small, sans_enseignes | âge : 14 jours et plus;fiches_touchees;;;;non
5_effets;mono + small, sans_enseignes | âge : 14 jours et plus;fourchette_basse;0.32;8.75;8,43;oui
5_effets;mono + small, sans_enseignes | âge : 14 jours et plus;fourchette_haute;0.95;14.11;13,16;oui
5_effets;mono + small, sans_enseignes | âge : 14 jours et plus;part_de_la_premiere_fiche;;;;non
5_effets;mono + small, sans_enseignes | âge : 14 jours et plus;remarque;;;;non
5_effets;mono + small, sans_enseignes | âge : 14 jours et plus;risque_relatif;0.55;11.11;10,56;oui
5_effets;mono + small, sans_enseignes | âge : 14 jours et plus;suppressions;;;;non
5_effets;mono + small, sans_enseignes | âge : 2 jour(s);avis_jours;;;;non
5_effets;mono + small, sans_enseignes | âge : 2 jour(s);citable;contrôle;contrôle;;non
5_effets;mono + small, sans_enseignes | âge : 2 jour(s);enseignes_touchees;;;;non
5_effets;mono + small, sans_enseignes | âge : 2 jour(s);fiches_touchees;;;;non
5_effets;mono + small, sans_enseignes | âge : 2 jour(s);fourchette_basse;0.97;1.56;0,59;oui
5_effets;mono + small, sans_enseignes | âge : 2 jour(s);fourchette_haute;2.53;3.36;0,83;oui
5_effets;mono + small, sans_enseignes | âge : 2 jour(s);part_de_la_premiere_fiche;;;;non
5_effets;mono + small, sans_enseignes | âge : 2 jour(s);remarque;;;;non
5_effets;mono + small, sans_enseignes | âge : 2 jour(s);risque_relatif;1.56;2.29;0,73;oui
5_effets;mono + small, sans_enseignes | âge : 2 jour(s);suppressions;;;;non
5_effets;mono + small, sans_enseignes | âge : 3 jour(s);avis_jours;;;;non
5_effets;mono + small, sans_enseignes | âge : 3 jour(s);citable;contrôle;contrôle;;non
5_effets;mono + small, sans_enseignes | âge : 3 jour(s);enseignes_touchees;;;;non
5_effets;mono + small, sans_enseignes | âge : 3 jour(s);fiches_touchees;;;;non
5_effets;mono + small, sans_enseignes | âge : 3 jour(s);fourchette_basse;0.72;0.88;0,16;oui
5_effets;mono + small, sans_enseignes | âge : 3 jour(s);fourchette_haute;2.02;2.22;0,2;oui
5_effets;mono + small, sans_enseignes | âge : 3 jour(s);part_de_la_premiere_fiche;;;;non
5_effets;mono + small, sans_enseignes | âge : 3 jour(s);remarque;;;;non
5_effets;mono + small, sans_enseignes | âge : 3 jour(s);risque_relatif;1.2;1.4;0,2;oui
5_effets;mono + small, sans_enseignes | âge : 3 jour(s);suppressions;;;;non
5_effets;mono + small, sans_enseignes | âge : 4 jour(s);avis_jours;;;;non
5_effets;mono + small, sans_enseignes | âge : 4 jour(s);citable;contrôle;contrôle;;non
5_effets;mono + small, sans_enseignes | âge : 4 jour(s);enseignes_touchees;;;;non
5_effets;mono + small, sans_enseignes | âge : 4 jour(s);fiches_touchees;;;;non
5_effets;mono + small, sans_enseignes | âge : 4 jour(s);fourchette_basse;0.15;0.21;0,06;oui
5_effets;mono + small, sans_enseignes | âge : 4 jour(s);fourchette_haute;1.15;0.94;-0,21;oui
5_effets;mono + small, sans_enseignes | âge : 4 jour(s);part_de_la_premiere_fiche;;;;non
5_effets;mono + small, sans_enseignes | âge : 4 jour(s);remarque;;;;non
5_effets;mono + small, sans_enseignes | âge : 4 jour(s);risque_relatif;0.41;0.44;0,03;oui
5_effets;mono + small, sans_enseignes | âge : 4 jour(s);suppressions;;;;non
5_effets;mono + small, sans_enseignes | âge : 5 jour(s);avis_jours;;;;non
5_effets;mono + small, sans_enseignes | âge : 5 jour(s);citable;contrôle;contrôle;;non
5_effets;mono + small, sans_enseignes | âge : 5 jour(s);enseignes_touchees;;;;non
5_effets;mono + small, sans_enseignes | âge : 5 jour(s);fiches_touchees;;;;non
5_effets;mono + small, sans_enseignes | âge : 5 jour(s);fourchette_basse;0.36;0.42;0,06;oui
5_effets;mono + small, sans_enseignes | âge : 5 jour(s);fourchette_haute;1.1;1.04;-0,06;oui
5_effets;mono + small, sans_enseignes | âge : 5 jour(s);part_de_la_premiere_fiche;;;;non
5_effets;mono + small, sans_enseignes | âge : 5 jour(s);remarque;;;;non
5_effets;mono + small, sans_enseignes | âge : 5 jour(s);risque_relatif;0.63;0.66;0,03;oui
5_effets;mono + small, sans_enseignes | âge : 5 jour(s);suppressions;;;;non
5_effets;mono + small, sans_enseignes | âge : 6 jour(s);avis_jours;;;;non
5_effets;mono + small, sans_enseignes | âge : 6 jour(s);citable;contrôle;contrôle;;non
5_effets;mono + small, sans_enseignes | âge : 6 jour(s);enseignes_touchees;;;;non
5_effets;mono + small, sans_enseignes | âge : 6 jour(s);fiches_touchees;;;;non
5_effets;mono + small, sans_enseignes | âge : 6 jour(s);fourchette_basse;3.15;2.47;-0,68;oui
5_effets;mono + small, sans_enseignes | âge : 6 jour(s);fourchette_haute;5.93;4.58;-1,35;oui
5_effets;mono + small, sans_enseignes | âge : 6 jour(s);part_de_la_premiere_fiche;;;;non
5_effets;mono + small, sans_enseignes | âge : 6 jour(s);remarque;;;;non
5_effets;mono + small, sans_enseignes | âge : 6 jour(s);risque_relatif;4.32;3.37;-0,95;oui
5_effets;mono + small, sans_enseignes | âge : 6 jour(s);suppressions;;;;non
5_effets;mono + small, sans_enseignes | âge : 7 jour(s);avis_jours;;;;non
5_effets;mono + small, sans_enseignes | âge : 7 jour(s);citable;contrôle;contrôle;;non
5_effets;mono + small, sans_enseignes | âge : 7 jour(s);enseignes_touchees;;;;non
5_effets;mono + small, sans_enseignes | âge : 7 jour(s);fiches_touchees;;;;non
5_effets;mono + small, sans_enseignes | âge : 7 jour(s);fourchette_basse;5.5;3.8;-1,7;oui
5_effets;mono + small, sans_enseignes | âge : 7 jour(s);fourchette_haute;9.94;6.39;-3,55;oui
5_effets;mono + small, sans_enseignes | âge : 7 jour(s);part_de_la_premiere_fiche;;;;non
5_effets;mono + small, sans_enseignes | âge : 7 jour(s);remarque;;;;non
5_effets;mono + small, sans_enseignes | âge : 7 jour(s);risque_relatif;7.39;4.93;-2,46;oui
5_effets;mono + small, sans_enseignes | âge : 7 jour(s);suppressions;;;;non
5_effets;mono + small, sans_enseignes | âge : 8 jour(s);avis_jours;;;;non
5_effets;mono + small, sans_enseignes | âge : 8 jour(s);citable;contrôle;contrôle;;non
5_effets;mono + small, sans_enseignes | âge : 8 jour(s);enseignes_touchees;;;;non
5_effets;mono + small, sans_enseignes | âge : 8 jour(s);fiches_touchees;;;;non
5_effets;mono + small, sans_enseignes | âge : 8 jour(s);fourchette_basse;1.15;0.78;-0,37;oui
5_effets;mono + small, sans_enseignes | âge : 8 jour(s);fourchette_haute;2.65;1.7;-0,95;oui
5_effets;mono + small, sans_enseignes | âge : 8 jour(s);part_de_la_premiere_fiche;;;;non
5_effets;mono + small, sans_enseignes | âge : 8 jour(s);remarque;;;;non
5_effets;mono + small, sans_enseignes | âge : 8 jour(s);risque_relatif;1.75;1.15;-0,6;oui
5_effets;mono + small, sans_enseignes | âge : 8 jour(s);suppressions;;;;non
5_effets;mono + small, tous | fiche aux États-Unis;avis_jours;;;;non
5_effets;mono + small, tous | fiche aux États-Unis;citable;contrôle;contrôle;;non
5_effets;mono + small, tous | fiche aux États-Unis;enseignes_touchees;;;;non
5_effets;mono + small, tous | fiche aux États-Unis;fiches_touchees;;;;non
5_effets;mono + small, tous | fiche aux États-Unis;fourchette_basse;1.26;1.48;0,22;oui
5_effets;mono + small, tous | fiche aux États-Unis;fourchette_haute;3.64;2.63;-1,01;oui
5_effets;mono + small, tous | fiche aux États-Unis;part_de_la_premiere_fiche;;;;non
5_effets;mono + small, tous | fiche aux États-Unis;remarque;;;;non
5_effets;mono + small, tous | fiche aux États-Unis;risque_relatif;2.14;1.97;-0,17;oui
5_effets;mono + small, tous | fiche aux États-Unis;suppressions;;;;non
5_effets;mono + small, tous | fiche qui répond à plus de 75 %;avis_jours;;;;non
5_effets;mono + small, tous | fiche qui répond à plus de 75 %;citable;contrôle;contrôle;;non
5_effets;mono + small, tous | fiche qui répond à plus de 75 %;enseignes_touchees;;;;non
5_effets;mono + small, tous | fiche qui répond à plus de 75 %;fiches_touchees;;;;non
5_effets;mono + small, tous | fiche qui répond à plus de 75 %;fourchette_basse;1.41;1.34;-0,07;oui
5_effets;mono + small, tous | fiche qui répond à plus de 75 %;fourchette_haute;4.54;2.79;-1,75;oui
5_effets;mono + small, tous | fiche qui répond à plus de 75 %;part_de_la_premiere_fiche;;;;non
5_effets;mono + small, tous | fiche qui répond à plus de 75 %;remarque;;;;non
5_effets;mono + small, tous | fiche qui répond à plus de 75 %;risque_relatif;2.53;1.94;-0,59;oui
5_effets;mono + small, tous | fiche qui répond à plus de 75 %;suppressions;;;;non
5_effets;mono + small, tous | note 1 ou 2 étoiles;avis_jours;;;;non
5_effets;mono + small, tous | note 1 ou 2 étoiles;citable;contrôle;contrôle;;non
5_effets;mono + small, tous | note 1 ou 2 étoiles;enseignes_touchees;;;;non
5_effets;mono + small, tous | note 1 ou 2 étoiles;fiches_touchees;;;;non
5_effets;mono + small, tous | note 1 ou 2 étoiles;fourchette_basse;1.32;1.53;0,21;oui
5_effets;mono + small, tous | note 1 ou 2 étoiles;fourchette_haute;3.17;2.97;-0,2;oui
5_effets;mono + small, tous | note 1 ou 2 étoiles;part_de_la_premiere_fiche;;;;non
5_effets;mono + small, tous | note 1 ou 2 étoiles;remarque;;;;non
5_effets;mono + small, tous | note 1 ou 2 étoiles;risque_relatif;2.05;2.14;0,09;oui
5_effets;mono + small, tous | note 1 ou 2 étoiles;suppressions;;;;non
5_effets;mono + small, tous | note 3 ou 4 étoiles;avis_jours;;;;non
5_effets;mono + small, tous | note 3 ou 4 étoiles;citable;contrôle;contrôle;;non
5_effets;mono + small, tous | note 3 ou 4 étoiles;enseignes_touchees;;;;non
5_effets;mono + small, tous | note 3 ou 4 étoiles;fiches_touchees;;;;non
5_effets;mono + small, tous | note 3 ou 4 étoiles;fourchette_basse;0.37;0.71;0,34;oui
5_effets;mono + small, tous | note 3 ou 4 étoiles;fourchette_haute;0.98;1.18;0,2;oui
5_effets;mono + small, tous | note 3 ou 4 étoiles;part_de_la_premiere_fiche;;;;non
5_effets;mono + small, tous | note 3 ou 4 étoiles;remarque;;;;non
5_effets;mono + small, tous | note 3 ou 4 étoiles;risque_relatif;0.6;0.91;0,31;oui
5_effets;mono + small, tous | note 3 ou 4 étoiles;suppressions;;;;non
5_effets;mono + small, tous | réponse 1 jour, fiche qui répond à 75 % ou moins;avis_jours;4665.0;4850.0;185,0;oui
5_effets;mono + small, tous | réponse 1 jour, fiche qui répond à 75 % ou moins;citable;non;oui;;oui
5_effets;mono + small, tous | réponse 1 jour, fiche qui répond à 75 % ou moins;enseignes_touchees;5.0;21.0;16,0;oui
5_effets;mono + small, tous | réponse 1 jour, fiche qui répond à 75 % ou moins;fiches_touchees;5.0;22.0;17,0;oui
5_effets;mono + small, tous | réponse 1 jour, fiche qui répond à 75 % ou moins;fourchette_basse;0.36;0.66;0,3;oui
5_effets;mono + small, tous | réponse 1 jour, fiche qui répond à 75 % ou moins;fourchette_haute;3.47;2.27;-1,2;oui
5_effets;mono + small, tous | réponse 1 jour, fiche qui répond à 75 % ou moins;part_de_la_premiere_fiche;0.5;0.19;-0,31;oui
5_effets;mono + small, tous | réponse 1 jour, fiche qui répond à 75 % ou moins;remarque;;;;non
5_effets;mono + small, tous | réponse 1 jour, fiche qui répond à 75 % ou moins;risque_relatif;1.11;1.23;0,12;oui
5_effets;mono + small, tous | réponse 1 jour, fiche qui répond à 75 % ou moins;suppressions;12.0;42.0;30,0;oui
5_effets;mono + small, tous | réponse 1 jour, fiche qui répond à plus de 75 %;avis_jours;21383.0;22142.0;759,0;oui
5_effets;mono + small, tous | réponse 1 jour, fiche qui répond à plus de 75 %;citable;oui;oui;;non
5_effets;mono + small, tous | réponse 1 jour, fiche qui répond à plus de 75 %;enseignes_touchees;21.0;69.0;48,0;oui
5_effets;mono + small, tous | réponse 1 jour, fiche qui répond à plus de 75 %;fiches_touchees;22.0;72.0;50,0;oui
5_effets;mono + small, tous | réponse 1 jour, fiche qui répond à plus de 75 %;fourchette_basse;0.18;0.3;0,12;oui
5_effets;mono + small, tous | réponse 1 jour, fiche qui répond à plus de 75 %;fourchette_haute;0.6;0.65;0,05;oui
5_effets;mono + small, tous | réponse 1 jour, fiche qui répond à plus de 75 %;part_de_la_premiere_fiche;0.14;0.09;-0,05;oui
5_effets;mono + small, tous | réponse 1 jour, fiche qui répond à plus de 75 %;remarque;;;;non
5_effets;mono + small, tous | réponse 1 jour, fiche qui répond à plus de 75 %;risque_relatif;0.33;0.44;0,11;oui
5_effets;mono + small, tous | réponse 1 jour, fiche qui répond à plus de 75 %;suppressions;44.0;150.0;106,0;oui
5_effets;mono + small, tous | réponse 2 jours, fiche qui répond à 75 % ou moins;avis_jours;1914.0;1980.0;66,0;oui
5_effets;mono + small, tous | réponse 2 jours, fiche qui répond à 75 % ou moins;citable;non;oui;;oui
5_effets;mono + small, tous | réponse 2 jours, fiche qui répond à 75 % ou moins;enseignes_touchees;3.0;9.0;6,0;oui
5_effets;mono + small, tous | réponse 2 jours, fiche qui répond à 75 % ou moins;fiches_touchees;3.0;9.0;6,0;oui
5_effets;mono + small, tous | réponse 2 jours, fiche qui répond à 75 % ou moins;fourchette_basse;0.31;0.47;0,16;oui
5_effets;mono + small, tous | réponse 2 jours, fiche qui répond à 75 % ou moins;fourchette_haute;4.28;2.05;-2,23;oui
5_effets;mono + small, tous | réponse 2 jours, fiche qui répond à 75 % ou moins;part_de_la_premiere_fiche;0.6;0.25;-0,35;oui
5_effets;mono + small, tous | réponse 2 jours, fiche qui répond à 75 % ou moins;remarque;;;;non
5_effets;mono + small, tous | réponse 2 jours, fiche qui répond à 75 % ou moins;risque_relatif;1.15;0.98;-0,17;oui
5_effets;mono + small, tous | réponse 2 jours, fiche qui répond à 75 % ou moins;suppressions;5.0;12.0;7,0;oui
5_effets;mono + small, tous | réponse 2 jours, fiche qui répond à plus de 75 %;avis_jours;6965.0;7115.0;150,0;oui
5_effets;mono + small, tous | réponse 2 jours, fiche qui répond à plus de 75 %;citable;oui;oui;;non
5_effets;mono + small, tous | réponse 2 jours, fiche qui répond à plus de 75 %;enseignes_touchees;9.0;29.0;20,0;oui
5_effets;mono + small, tous | réponse 2 jours, fiche qui répond à plus de 75 %;fiches_touchees;9.0;30.0;21,0;oui
5_effets;mono + small, tous | réponse 2 jours, fiche qui répond à plus de 75 %;fourchette_basse;0.11;0.23;0,12;oui
5_effets;mono + small, tous | réponse 2 jours, fiche qui répond à plus de 75 %;fourchette_haute;0.49;0.53;0,04;oui
5_effets;mono + small, tous | réponse 2 jours, fiche qui répond à plus de 75 %;part_de_la_premiere_fiche;0.2;0.08;-0,12;oui
5_effets;mono + small, tous | réponse 2 jours, fiche qui répond à plus de 75 %;remarque;;;;non
5_effets;mono + small, tous | réponse 2 jours, fiche qui répond à plus de 75 %;risque_relatif;0.23;0.35;0,12;oui
5_effets;mono + small, tous | réponse 2 jours, fiche qui répond à plus de 75 %;suppressions;10.0;37.0;27,0;oui
5_effets;mono + small, tous | réponse 3 jours et plus, fiche qui répond à 75 % ou moins;avis_jours;4399.0;4726.0;327,0;oui
5_effets;mono + small, tous | réponse 3 jours et plus, fiche qui répond à 75 % ou moins;citable;non;oui;;oui
5_effets;mono + small, tous | réponse 3 jours et plus, fiche qui répond à 75 % ou moins;enseignes_touchees;4.0;32.0;28,0;oui
5_effets;mono + small, tous | réponse 3 jours et plus, fiche qui répond à 75 % ou moins;fiches_touchees;4.0;32.0;28,0;oui
5_effets;mono + small, tous | réponse 3 jours et plus, fiche qui répond à 75 % ou moins;fourchette_basse;0.22;0.64;0,42;oui
5_effets;mono + small, tous | réponse 3 jours et plus, fiche qui répond à 75 % ou moins;fourchette_haute;1.98;1.7;-0,28;oui
5_effets;mono + small, tous | réponse 3 jours et plus, fiche qui répond à 75 % ou moins;part_de_la_premiere_fiche;0.5;0.16;-0,34;oui
5_effets;mono + small, tous | réponse 3 jours et plus, fiche qui répond à 75 % ou moins;remarque;;;;non
5_effets;mono + small, tous | réponse 3 jours et plus, fiche qui répond à 75 % ou moins;risque_relatif;0.66;1.04;0,38;oui
5_effets;mono + small, tous | réponse 3 jours et plus, fiche qui répond à 75 % ou moins;suppressions;6.0;49.0;43,0;oui
5_effets;mono + small, tous | réponse 3 jours et plus, fiche qui répond à plus de 75 %;avis_jours;13592.0;14271.0;679,0;oui
5_effets;mono + small, tous | réponse 3 jours et plus, fiche qui répond à plus de 75 %;citable;non;oui;;oui
5_effets;mono + small, tous | réponse 3 jours et plus, fiche qui répond à plus de 75 %;enseignes_touchees;8.0;72.0;64,0;oui
5_effets;mono + small, tous | réponse 3 jours et plus, fiche qui répond à plus de 75 %;fiches_touchees;8.0;74.0;66,0;oui
5_effets;mono + small, tous | réponse 3 jours et plus, fiche qui répond à plus de 75 %;fourchette_basse;0.05;0.34;0,29;oui
5_effets;mono + small, tous | réponse 3 jours et plus, fiche qui répond à plus de 75 %;fourchette_haute;0.24;0.69;0,45;oui
5_effets;mono + small, tous | réponse 3 jours et plus, fiche qui répond à plus de 75 %;part_de_la_premiere_fiche;0.22;0.1;-0,12;oui
5_effets;mono + small, tous | réponse 3 jours et plus, fiche qui répond à plus de 75 %;remarque;;;;non
5_effets;mono + small, tous | réponse 3 jours et plus, fiche qui répond à plus de 75 %;risque_relatif;0.11;0.49;0,38;oui
5_effets;mono + small, tous | réponse 3 jours et plus, fiche qui répond à plus de 75 %;suppressions;9.0;135.0;126,0;oui
5_effets;mono + small, tous | réponse jour même, fiche qui répond à 75 % ou moins;avis_jours;4062.0;4249.0;187,0;oui
5_effets;mono + small, tous | réponse jour même, fiche qui répond à 75 % ou moins;citable;non;non;;non
5_effets;mono + small, tous | réponse jour même, fiche qui répond à 75 % ou moins;enseignes_touchees;6.0;16.0;10,0;oui
5_effets;mono + small, tous | réponse jour même, fiche qui répond à 75 % ou moins;fiches_touchees;6.0;16.0;10,0;oui
5_effets;mono + small, tous | réponse jour même, fiche qui répond à 75 % ou moins;fourchette_basse;0.75;0.64;-0,11;oui
5_effets;mono + small, tous | réponse jour même, fiche qui répond à 75 % ou moins;fourchette_haute;6.84;5.0;-1,84;oui
5_effets;mono + small, tous | réponse jour même, fiche qui répond à 75 % ou moins;part_de_la_premiere_fiche;0.75;0.74;-0,01;oui
5_effets;mono + small, tous | réponse jour même, fiche qui répond à 75 % ou moins;remarque;;;;non
5_effets;mono + small, tous | réponse jour même, fiche qui répond à 75 % ou moins;risque_relatif;2.26;1.79;-0,47;oui
5_effets;mono + small, tous | réponse jour même, fiche qui répond à 75 % ou moins;suppressions;24.0;62.0;38,0;oui
5_effets;mono + small, tous | réponse jour même, fiche qui répond à plus de 75 %;avis_jours;30294.0;31465.0;1171,0;oui
5_effets;mono + small, tous | réponse jour même, fiche qui répond à plus de 75 %;citable;oui;oui;;non
5_effets;mono + small, tous | réponse jour même, fiche qui répond à plus de 75 %;enseignes_touchees;31.0;80.0;49,0;oui
5_effets;mono + small, tous | réponse jour même, fiche qui répond à plus de 75 %;fiches_touchees;36.0;89.0;53,0;oui
5_effets;mono + small, tous | réponse jour même, fiche qui répond à plus de 75 %;fourchette_basse;0.2;0.32;0,12;oui
5_effets;mono + small, tous | réponse jour même, fiche qui répond à plus de 75 %;fourchette_haute;0.63;0.74;0,11;oui
5_effets;mono + small, tous | réponse jour même, fiche qui répond à plus de 75 %;part_de_la_premiere_fiche;0.09;0.09;0,0;non
5_effets;mono + small, tous | réponse jour même, fiche qui répond à plus de 75 %;remarque;;;;non
5_effets;mono + small, tous | réponse jour même, fiche qui répond à plus de 75 %;risque_relatif;0.36;0.49;0,13;oui
5_effets;mono + small, tous | réponse jour même, fiche qui répond à plus de 75 %;suppressions;80.0;260.0;180,0;oui
5_effets;mono + small, tous | âge : 1 jour(s);avis_jours;;;;non
5_effets;mono + small, tous | âge : 1 jour(s);citable;contrôle;contrôle;;non
5_effets;mono + small, tous | âge : 1 jour(s);enseignes_touchees;;;;non
5_effets;mono + small, tous | âge : 1 jour(s);fiches_touchees;;;;non
5_effets;mono + small, tous | âge : 1 jour(s);fourchette_basse;1.24;1.27;0,03;oui
5_effets;mono + small, tous | âge : 1 jour(s);fourchette_haute;6.13;5.24;-0,89;oui
5_effets;mono + small, tous | âge : 1 jour(s);part_de_la_premiere_fiche;;;;non
5_effets;mono + small, tous | âge : 1 jour(s);remarque;;;;non
5_effets;mono + small, tous | âge : 1 jour(s);risque_relatif;2.76;2.58;-0,18;oui
5_effets;mono + small, tous | âge : 1 jour(s);suppressions;;;;non
5_effets;mono + small, tous | âge : 14 jours et plus;avis_jours;;;;non
5_effets;mono + small, tous | âge : 14 jours et plus;citable;contrôle;contrôle;;non
5_effets;mono + small, tous | âge : 14 jours et plus;enseignes_touchees;;;;non
5_effets;mono + small, tous | âge : 14 jours et plus;fiches_touchees;;;;non
5_effets;mono + small, tous | âge : 14 jours et plus;fourchette_basse;0.32;8.75;8,43;oui
5_effets;mono + small, tous | âge : 14 jours et plus;fourchette_haute;0.95;14.11;13,16;oui
5_effets;mono + small, tous | âge : 14 jours et plus;part_de_la_premiere_fiche;;;;non
5_effets;mono + small, tous | âge : 14 jours et plus;remarque;;;;non
5_effets;mono + small, tous | âge : 14 jours et plus;risque_relatif;0.55;11.11;10,56;oui
5_effets;mono + small, tous | âge : 14 jours et plus;suppressions;;;;non
5_effets;mono + small, tous | âge : 2 jour(s);avis_jours;;;;non
5_effets;mono + small, tous | âge : 2 jour(s);citable;contrôle;contrôle;;non
5_effets;mono + small, tous | âge : 2 jour(s);enseignes_touchees;;;;non
5_effets;mono + small, tous | âge : 2 jour(s);fiches_touchees;;;;non
5_effets;mono + small, tous | âge : 2 jour(s);fourchette_basse;0.97;1.56;0,59;oui
5_effets;mono + small, tous | âge : 2 jour(s);fourchette_haute;2.53;3.36;0,83;oui
5_effets;mono + small, tous | âge : 2 jour(s);part_de_la_premiere_fiche;;;;non
5_effets;mono + small, tous | âge : 2 jour(s);remarque;;;;non
5_effets;mono + small, tous | âge : 2 jour(s);risque_relatif;1.56;2.29;0,73;oui
5_effets;mono + small, tous | âge : 2 jour(s);suppressions;;;;non
5_effets;mono + small, tous | âge : 3 jour(s);avis_jours;;;;non
5_effets;mono + small, tous | âge : 3 jour(s);citable;contrôle;contrôle;;non
5_effets;mono + small, tous | âge : 3 jour(s);enseignes_touchees;;;;non
5_effets;mono + small, tous | âge : 3 jour(s);fiches_touchees;;;;non
5_effets;mono + small, tous | âge : 3 jour(s);fourchette_basse;0.72;0.88;0,16;oui
5_effets;mono + small, tous | âge : 3 jour(s);fourchette_haute;2.02;2.22;0,2;oui
5_effets;mono + small, tous | âge : 3 jour(s);part_de_la_premiere_fiche;;;;non
5_effets;mono + small, tous | âge : 3 jour(s);remarque;;;;non
5_effets;mono + small, tous | âge : 3 jour(s);risque_relatif;1.2;1.4;0,2;oui
5_effets;mono + small, tous | âge : 3 jour(s);suppressions;;;;non
5_effets;mono + small, tous | âge : 4 jour(s);avis_jours;;;;non
5_effets;mono + small, tous | âge : 4 jour(s);citable;contrôle;contrôle;;non
5_effets;mono + small, tous | âge : 4 jour(s);enseignes_touchees;;;;non
5_effets;mono + small, tous | âge : 4 jour(s);fiches_touchees;;;;non
5_effets;mono + small, tous | âge : 4 jour(s);fourchette_basse;0.15;0.21;0,06;oui
5_effets;mono + small, tous | âge : 4 jour(s);fourchette_haute;1.15;0.94;-0,21;oui
5_effets;mono + small, tous | âge : 4 jour(s);part_de_la_premiere_fiche;;;;non
5_effets;mono + small, tous | âge : 4 jour(s);remarque;;;;non
5_effets;mono + small, tous | âge : 4 jour(s);risque_relatif;0.41;0.44;0,03;oui
5_effets;mono + small, tous | âge : 4 jour(s);suppressions;;;;non
5_effets;mono + small, tous | âge : 5 jour(s);avis_jours;;;;non
5_effets;mono + small, tous | âge : 5 jour(s);citable;contrôle;contrôle;;non
5_effets;mono + small, tous | âge : 5 jour(s);enseignes_touchees;;;;non
5_effets;mono + small, tous | âge : 5 jour(s);fiches_touchees;;;;non
5_effets;mono + small, tous | âge : 5 jour(s);fourchette_basse;0.36;0.42;0,06;oui
5_effets;mono + small, tous | âge : 5 jour(s);fourchette_haute;1.1;1.04;-0,06;oui
5_effets;mono + small, tous | âge : 5 jour(s);part_de_la_premiere_fiche;;;;non
5_effets;mono + small, tous | âge : 5 jour(s);remarque;;;;non
5_effets;mono + small, tous | âge : 5 jour(s);risque_relatif;0.63;0.66;0,03;oui
5_effets;mono + small, tous | âge : 5 jour(s);suppressions;;;;non
5_effets;mono + small, tous | âge : 6 jour(s);avis_jours;;;;non
5_effets;mono + small, tous | âge : 6 jour(s);citable;contrôle;contrôle;;non
5_effets;mono + small, tous | âge : 6 jour(s);enseignes_touchees;;;;non
5_effets;mono + small, tous | âge : 6 jour(s);fiches_touchees;;;;non
5_effets;mono + small, tous | âge : 6 jour(s);fourchette_basse;3.15;2.47;-0,68;oui
5_effets;mono + small, tous | âge : 6 jour(s);fourchette_haute;5.93;4.58;-1,35;oui
5_effets;mono + small, tous | âge : 6 jour(s);part_de_la_premiere_fiche;;;;non
5_effets;mono + small, tous | âge : 6 jour(s);remarque;;;;non
5_effets;mono + small, tous | âge : 6 jour(s);risque_relatif;4.32;3.37;-0,95;oui
5_effets;mono + small, tous | âge : 6 jour(s);suppressions;;;;non
5_effets;mono + small, tous | âge : 7 jour(s);avis_jours;;;;non
5_effets;mono + small, tous | âge : 7 jour(s);citable;contrôle;contrôle;;non
5_effets;mono + small, tous | âge : 7 jour(s);enseignes_touchees;;;;non
5_effets;mono + small, tous | âge : 7 jour(s);fiches_touchees;;;;non
5_effets;mono + small, tous | âge : 7 jour(s);fourchette_basse;5.5;3.8;-1,7;oui
5_effets;mono + small, tous | âge : 7 jour(s);fourchette_haute;9.94;6.39;-3,55;oui
5_effets;mono + small, tous | âge : 7 jour(s);part_de_la_premiere_fiche;;;;non
5_effets;mono + small, tous | âge : 7 jour(s);remarque;;;;non
5_effets;mono + small, tous | âge : 7 jour(s);risque_relatif;7.39;4.93;-2,46;oui
5_effets;mono + small, tous | âge : 7 jour(s);suppressions;;;;non
5_effets;mono + small, tous | âge : 8 jour(s);avis_jours;;;;non
5_effets;mono + small, tous | âge : 8 jour(s);citable;contrôle;contrôle;;non
5_effets;mono + small, tous | âge : 8 jour(s);enseignes_touchees;;;;non
5_effets;mono + small, tous | âge : 8 jour(s);fiches_touchees;;;;non
5_effets;mono + small, tous | âge : 8 jour(s);fourchette_basse;1.15;0.78;-0,37;oui
5_effets;mono + small, tous | âge : 8 jour(s);fourchette_haute;2.65;1.7;-0,95;oui
5_effets;mono + small, tous | âge : 8 jour(s);part_de_la_premiere_fiche;;;;non
5_effets;mono + small, tous | âge : 8 jour(s);remarque;;;;non
5_effets;mono + small, tous | âge : 8 jour(s);risque_relatif;1.75;1.15;-0,6;oui
5_effets;mono + small, tous | âge : 8 jour(s);suppressions;;;;non
5_effets;mono, tous | fiche aux États-Unis;avis_jours;;;;non
5_effets;mono, tous | fiche aux États-Unis;citable;contrôle;contrôle;;non
5_effets;mono, tous | fiche aux États-Unis;enseignes_touchees;;;;non
5_effets;mono, tous | fiche aux États-Unis;fiches_touchees;;;;non
5_effets;mono, tous | fiche aux États-Unis;fourchette_basse;0.51;1.02;0,51;oui
5_effets;mono, tous | fiche aux États-Unis;fourchette_haute;2.77;2.51;-0,26;oui
5_effets;mono, tous | fiche aux États-Unis;part_de_la_premiere_fiche;;;;non
5_effets;mono, tous | fiche aux États-Unis;remarque;;;;non
5_effets;mono, tous | fiche aux États-Unis;risque_relatif;1.19;1.6;0,41;oui
5_effets;mono, tous | fiche aux États-Unis;suppressions;;;;non
5_effets;mono, tous | fiche qui répond à plus de 75 %;avis_jours;;;;non
5_effets;mono, tous | fiche qui répond à plus de 75 %;citable;contrôle;contrôle;;non
5_effets;mono, tous | fiche qui répond à plus de 75 %;enseignes_touchees;;;;non
5_effets;mono, tous | fiche qui répond à plus de 75 %;fiches_touchees;;;;non
5_effets;mono, tous | fiche qui répond à plus de 75 %;fourchette_basse;0.42;0.65;0,23;oui
5_effets;mono, tous | fiche qui répond à plus de 75 %;fourchette_haute;2.64;2.18;-0,46;oui
5_effets;mono, tous | fiche qui répond à plus de 75 %;part_de_la_premiere_fiche;;;;non
5_effets;mono, tous | fiche qui répond à plus de 75 %;remarque;;;;non
5_effets;mono, tous | fiche qui répond à plus de 75 %;risque_relatif;1.06;1.19;0,13;oui
5_effets;mono, tous | fiche qui répond à plus de 75 %;suppressions;;;;non
5_effets;mono, tous | note 1 ou 2 étoiles;avis_jours;;;;non
5_effets;mono, tous | note 1 ou 2 étoiles;citable;contrôle;contrôle;;non
5_effets;mono, tous | note 1 ou 2 étoiles;enseignes_touchees;;;;non
5_effets;mono, tous | note 1 ou 2 étoiles;fiches_touchees;;;;non
5_effets;mono, tous | note 1 ou 2 étoiles;fourchette_basse;0.82;1.25;0,43;oui
5_effets;mono, tous | note 1 ou 2 étoiles;fourchette_haute;3.4;5.07;1,67;oui
5_effets;mono, tous | note 1 ou 2 étoiles;part_de_la_premiere_fiche;;;;non
5_effets;mono, tous | note 1 ou 2 étoiles;remarque;;;;non
5_effets;mono, tous | note 1 ou 2 étoiles;risque_relatif;1.67;2.51;0,84;oui
5_effets;mono, tous | note 1 ou 2 étoiles;suppressions;;;;non
5_effets;mono, tous | note 3 ou 4 étoiles;avis_jours;;;;non
5_effets;mono, tous | note 3 ou 4 étoiles;citable;contrôle;contrôle;;non
5_effets;mono, tous | note 3 ou 4 étoiles;enseignes_touchees;;;;non
5_effets;mono, tous | note 3 ou 4 étoiles;fiches_touchees;;;;non
5_effets;mono, tous | note 3 ou 4 étoiles;fourchette_basse;0.11;0.57;0,46;oui
5_effets;mono, tous | note 3 ou 4 étoiles;fourchette_haute;0.8;1.33;0,53;oui
5_effets;mono, tous | note 3 ou 4 étoiles;part_de_la_premiere_fiche;;;;non
5_effets;mono, tous | note 3 ou 4 étoiles;remarque;;;;non
5_effets;mono, tous | note 3 ou 4 étoiles;risque_relatif;0.29;0.87;0,58;oui
5_effets;mono, tous | note 3 ou 4 étoiles;suppressions;;;;non
5_effets;mono, tous | réponse 1 jour, fiche qui répond à 75 % ou moins;avis_jours;1574.0;1642.0;68,0;oui
5_effets;mono, tous | réponse 1 jour, fiche qui répond à 75 % ou moins;citable;non;non;;non
5_effets;mono, tous | réponse 1 jour, fiche qui répond à 75 % ou moins;enseignes_touchees;;7.0;;oui
5_effets;mono, tous | réponse 1 jour, fiche qui répond à 75 % ou moins;fiches_touchees;;7.0;;oui
5_effets;mono, tous | réponse 1 jour, fiche qui répond à 75 % ou moins;fourchette_basse;;0.36;;oui
5_effets;mono, tous | réponse 1 jour, fiche qui répond à 75 % ou moins;fourchette_haute;;2.82;;oui
5_effets;mono, tous | réponse 1 jour, fiche qui répond à 75 % ou moins;part_de_la_premiere_fiche;;0.54;;oui
5_effets;mono, tous | réponse 1 jour, fiche qui répond à 75 % ou moins;remarque;écartée : moins de 5 suppressions;;;oui
5_effets;mono, tous | réponse 1 jour, fiche qui répond à 75 % ou moins;risque_relatif;;1.0;;oui
5_effets;mono, tous | réponse 1 jour, fiche qui répond à 75 % ou moins;suppressions;1.0;13.0;12,0;oui
5_effets;mono, tous | réponse 1 jour, fiche qui répond à plus de 75 %;avis_jours;6568.0;6830.0;262,0;oui
5_effets;mono, tous | réponse 1 jour, fiche qui répond à plus de 75 %;citable;non;oui;;oui
5_effets;mono, tous | réponse 1 jour, fiche qui répond à plus de 75 %;enseignes_touchees;7.0;29.0;22,0;oui
5_effets;mono, tous | réponse 1 jour, fiche qui répond à plus de 75 %;fiches_touchees;7.0;29.0;22,0;oui
5_effets;mono, tous | réponse 1 jour, fiche qui répond à plus de 75 %;fourchette_basse;0.16;0.37;0,21;oui
5_effets;mono, tous | réponse 1 jour, fiche qui répond à plus de 75 %;fourchette_haute;1.33;1.52;0,19;oui
5_effets;mono, tous | réponse 1 jour, fiche qui répond à plus de 75 %;part_de_la_premiere_fiche;0.25;0.22;-0,03;oui
5_effets;mono, tous | réponse 1 jour, fiche qui répond à plus de 75 %;remarque;;;;non
5_effets;mono, tous | réponse 1 jour, fiche qui répond à plus de 75 %;risque_relatif;0.46;0.75;0,29;oui
5_effets;mono, tous | réponse 1 jour, fiche qui répond à plus de 75 %;suppressions;8.0;50.0;42,0;oui
5_effets;mono, tous | réponse 2 jours, fiche qui répond à 75 % ou moins;avis_jours;734.0;753.0;19,0;oui
5_effets;mono, tous | réponse 2 jours, fiche qui répond à 75 % ou moins;citable;non;non;;non
5_effets;mono, tous | réponse 2 jours, fiche qui répond à 75 % ou moins;enseignes_touchees;;4.0;;oui
5_effets;mono, tous | réponse 2 jours, fiche qui répond à 75 % ou moins;fiches_touchees;;4.0;;oui
5_effets;mono, tous | réponse 2 jours, fiche qui répond à 75 % ou moins;fourchette_basse;;0.38;;oui
5_effets;mono, tous | réponse 2 jours, fiche qui répond à 75 % ou moins;fourchette_haute;;3.08;;oui
5_effets;mono, tous | réponse 2 jours, fiche qui répond à 75 % ou moins;part_de_la_premiere_fiche;;0.4;;oui
5_effets;mono, tous | réponse 2 jours, fiche qui répond à 75 % ou moins;remarque;écartée : moins de 5 suppressions;;;oui
5_effets;mono, tous | réponse 2 jours, fiche qui répond à 75 % ou moins;risque_relatif;;1.08;;oui
5_effets;mono, tous | réponse 2 jours, fiche qui répond à 75 % ou moins;suppressions;2.0;5.0;3,0;oui
5_effets;mono, tous | réponse 2 jours, fiche qui répond à plus de 75 %;avis_jours;2265.0;2289.0;24,0;oui
5_effets;mono, tous | réponse 2 jours, fiche qui répond à plus de 75 %;citable;non;oui;;oui
5_effets;mono, tous | réponse 2 jours, fiche qui répond à plus de 75 %;enseignes_touchees;4.0;8.0;4,0;oui
5_effets;mono, tous | réponse 2 jours, fiche qui répond à plus de 75 %;fiches_touchees;4.0;8.0;4,0;oui
5_effets;mono, tous | réponse 2 jours, fiche qui répond à plus de 75 %;fourchette_basse;0.24;0.22;-0,02;oui
5_effets;mono, tous | réponse 2 jours, fiche qui répond à plus de 75 %;fourchette_haute;3.06;1.09;-1,97;oui
5_effets;mono, tous | réponse 2 jours, fiche qui répond à plus de 75 %;part_de_la_premiere_fiche;0.4;0.2;-0,2;oui
5_effets;mono, tous | réponse 2 jours, fiche qui répond à plus de 75 %;remarque;;;;non
5_effets;mono, tous | réponse 2 jours, fiche qui répond à plus de 75 %;risque_relatif;0.85;0.49;-0,36;oui
5_effets;mono, tous | réponse 2 jours, fiche qui répond à plus de 75 %;suppressions;5.0;10.0;5,0;oui
5_effets;mono, tous | réponse 3 jours et plus, fiche qui répond à 75 % ou moins;avis_jours;1653.0;1806.0;153,0;oui
5_effets;mono, tous | réponse 3 jours et plus, fiche qui répond à 75 % ou moins;citable;non;non;;non
5_effets;mono, tous | réponse 3 jours et plus, fiche qui répond à 75 % ou moins;enseignes_touchees;;13.0;;oui
5_effets;mono, tous | réponse 3 jours et plus, fiche qui répond à 75 % ou moins;fiches_touchees;;13.0;;oui
5_effets;mono, tous | réponse 3 jours et plus, fiche qui répond à 75 % ou moins;fourchette_basse;;0.45;;oui
5_effets;mono, tous | réponse 3 jours et plus, fiche qui répond à 75 % ou moins;fourchette_haute;;1.94;;oui
5_effets;mono, tous | réponse 3 jours et plus, fiche qui répond à 75 % ou moins;part_de_la_premiere_fiche;;0.4;;oui
5_effets;mono, tous | réponse 3 jours et plus, fiche qui répond à 75 % ou moins;remarque;écartée : moins de 5 suppressions;;;oui
5_effets;mono, tous | réponse 3 jours et plus, fiche qui répond à 75 % ou moins;risque_relatif;;0.93;;oui
5_effets;mono, tous | réponse 3 jours et plus, fiche qui répond à 75 % ou moins;suppressions;0.0;20.0;20,0;oui
5_effets;mono, tous | réponse 3 jours et plus, fiche qui répond à plus de 75 %;avis_jours;6354.0;6619.0;265,0;oui
5_effets;mono, tous | réponse 3 jours et plus, fiche qui répond à plus de 75 %;citable;non;oui;;oui
5_effets;mono, tous | réponse 3 jours et plus, fiche qui répond à plus de 75 %;enseignes_touchees;;29.0;;oui
5_effets;mono, tous | réponse 3 jours et plus, fiche qui répond à plus de 75 %;fiches_touchees;;29.0;;oui
5_effets;mono, tous | réponse 3 jours et plus, fiche qui répond à plus de 75 %;fourchette_basse;;0.37;;oui
5_effets;mono, tous | réponse 3 jours et plus, fiche qui répond à plus de 75 %;fourchette_haute;;1.19;;oui
5_effets;mono, tous | réponse 3 jours et plus, fiche qui répond à plus de 75 %;part_de_la_premiere_fiche;;0.23;;oui
5_effets;mono, tous | réponse 3 jours et plus, fiche qui répond à plus de 75 %;remarque;écartée : moins de 5 suppressions;;;oui
5_effets;mono, tous | réponse 3 jours et plus, fiche qui répond à plus de 75 %;risque_relatif;;0.66;;oui
5_effets;mono, tous | réponse 3 jours et plus, fiche qui répond à plus de 75 %;suppressions;1.0;57.0;56,0;oui
5_effets;mono, tous | réponse jour même, fiche qui répond à 75 % ou moins;avis_jours;1638.0;1666.0;28,0;oui
5_effets;mono, tous | réponse jour même, fiche qui répond à 75 % ou moins;citable;non;non;;non
5_effets;mono, tous | réponse jour même, fiche qui répond à 75 % ou moins;enseignes_touchees;;6.0;;oui
5_effets;mono, tous | réponse jour même, fiche qui répond à 75 % ou moins;fiches_touchees;;6.0;;oui
5_effets;mono, tous | réponse jour même, fiche qui répond à 75 % ou moins;fourchette_basse;;0.19;;oui
5_effets;mono, tous | réponse jour même, fiche qui répond à 75 % ou moins;fourchette_haute;;1.11;;oui
5_effets;mono, tous | réponse jour même, fiche qui répond à 75 % ou moins;part_de_la_premiere_fiche;;0.17;;oui
5_effets;mono, tous | réponse jour même, fiche qui répond à 75 % ou moins;remarque;écartée : moins de 5 suppressions;;;oui
5_effets;mono, tous | réponse jour même, fiche qui répond à 75 % ou moins;risque_relatif;;0.46;;oui
5_effets;mono, tous | réponse jour même, fiche qui répond à 75 % ou moins;suppressions;2.0;6.0;4,0;oui
5_effets;mono, tous | réponse jour même, fiche qui répond à plus de 75 %;avis_jours;9126.0;9370.0;244,0;oui
5_effets;mono, tous | réponse jour même, fiche qui répond à plus de 75 %;citable;non;oui;;oui
5_effets;mono, tous | réponse jour même, fiche qui répond à plus de 75 %;enseignes_touchees;9.0;28.0;19,0;oui
5_effets;mono, tous | réponse jour même, fiche qui répond à plus de 75 %;fiches_touchees;9.0;28.0;19,0;oui
5_effets;mono, tous | réponse jour même, fiche qui répond à plus de 75 %;fourchette_basse;0.21;0.36;0,15;oui
5_effets;mono, tous | réponse jour même, fiche qui répond à plus de 75 %;fourchette_haute;2.11;1.6;-0,51;oui
5_effets;mono, tous | réponse jour même, fiche qui répond à plus de 75 %;part_de_la_premiere_fiche;0.41;0.2;-0,21;oui
5_effets;mono, tous | réponse jour même, fiche qui répond à plus de 75 %;remarque;;;;non
5_effets;mono, tous | réponse jour même, fiche qui répond à plus de 75 %;risque_relatif;0.67;0.75;0,08;oui
5_effets;mono, tous | réponse jour même, fiche qui répond à plus de 75 %;suppressions;17.0;64.0;47,0;oui
5_effets;mono, tous | âge : 1 jour(s);avis_jours;;;;non
5_effets;mono, tous | âge : 1 jour(s);citable;contrôle;contrôle;;non
5_effets;mono, tous | âge : 1 jour(s);enseignes_touchees;;;;non
5_effets;mono, tous | âge : 1 jour(s);fiches_touchees;;;;non
5_effets;mono, tous | âge : 1 jour(s);fourchette_basse;0.7;0.53;-0,17;oui
5_effets;mono, tous | âge : 1 jour(s);fourchette_haute;14.36;9.44;-4,92;oui
5_effets;mono, tous | âge : 1 jour(s);part_de_la_premiere_fiche;;;;non
5_effets;mono, tous | âge : 1 jour(s);remarque;;;;non
5_effets;mono, tous | âge : 1 jour(s);risque_relatif;3.17;2.23;-0,94;oui
5_effets;mono, tous | âge : 1 jour(s);suppressions;;;;non
5_effets;mono, tous | âge : 14 jours et plus;avis_jours;;;;non
5_effets;mono, tous | âge : 14 jours et plus;citable;contrôle;contrôle;;non
5_effets;mono, tous | âge : 14 jours et plus;enseignes_touchees;;;;non
5_effets;mono, tous | âge : 14 jours et plus;fiches_touchees;;;;non
5_effets;mono, tous | âge : 14 jours et plus;fourchette_basse;0.52;10.91;10,39;oui
5_effets;mono, tous | âge : 14 jours et plus;fourchette_haute;2.29;24.69;22,4;oui
5_effets;mono, tous | âge : 14 jours et plus;part_de_la_premiere_fiche;;;;non
5_effets;mono, tous | âge : 14 jours et plus;remarque;;;;non
5_effets;mono, tous | âge : 14 jours et plus;risque_relatif;1.09;16.41;15,32;oui
5_effets;mono, tous | âge : 14 jours et plus;suppressions;;;;non
5_effets;mono, tous | âge : 2 jour(s);avis_jours;;;;non
5_effets;mono, tous | âge : 2 jour(s);citable;contrôle;contrôle;;non
5_effets;mono, tous | âge : 2 jour(s);enseignes_touchees;;;;non
5_effets;mono, tous | âge : 2 jour(s);fiches_touchees;;;;non
5_effets;mono, tous | âge : 2 jour(s);fourchette_basse;0.87;1.85;0,98;oui
5_effets;mono, tous | âge : 2 jour(s);fourchette_haute;5.11;6.42;1,31;oui
5_effets;mono, tous | âge : 2 jour(s);part_de_la_premiere_fiche;;;;non
5_effets;mono, tous | âge : 2 jour(s);remarque;;;;non
5_effets;mono, tous | âge : 2 jour(s);risque_relatif;2.11;3.45;1,34;oui
5_effets;mono, tous | âge : 2 jour(s);suppressions;;;;non
5_effets;mono, tous | âge : 3 jour(s);avis_jours;;;;non
5_effets;mono, tous | âge : 3 jour(s);citable;contrôle;contrôle;;non
5_effets;mono, tous | âge : 3 jour(s);enseignes_touchees;;;;non
5_effets;mono, tous | âge : 3 jour(s);fiches_touchees;;;;non
5_effets;mono, tous | âge : 3 jour(s);fourchette_basse;0.79;0.88;0,09;oui
5_effets;mono, tous | âge : 3 jour(s);fourchette_haute;4.62;3.81;-0,81;oui
5_effets;mono, tous | âge : 3 jour(s);part_de_la_premiere_fiche;;;;non
5_effets;mono, tous | âge : 3 jour(s);remarque;;;;non
5_effets;mono, tous | âge : 3 jour(s);risque_relatif;1.91;1.83;-0,08;oui
5_effets;mono, tous | âge : 3 jour(s);suppressions;;;;non
5_effets;mono, tous | âge : 4 jour(s);avis_jours;;;;non
5_effets;mono, tous | âge : 4 jour(s);citable;contrôle;contrôle;;non
5_effets;mono, tous | âge : 4 jour(s);enseignes_touchees;;;;non
5_effets;mono, tous | âge : 4 jour(s);fiches_touchees;;;;non
5_effets;mono, tous | âge : 4 jour(s);fourchette_basse;0.02;0.16;0,14;oui
5_effets;mono, tous | âge : 4 jour(s);fourchette_haute;1.24;1.38;0,14;oui
5_effets;mono, tous | âge : 4 jour(s);part_de_la_premiere_fiche;;;;non
5_effets;mono, tous | âge : 4 jour(s);remarque;;;;non
5_effets;mono, tous | âge : 4 jour(s);risque_relatif;0.16;0.47;0,31;oui
5_effets;mono, tous | âge : 4 jour(s);suppressions;;;;non
5_effets;mono, tous | âge : 5 jour(s);avis_jours;;;;non
5_effets;mono, tous | âge : 5 jour(s);citable;contrôle;contrôle;;non
5_effets;mono, tous | âge : 5 jour(s);enseignes_touchees;;;;non
5_effets;mono, tous | âge : 5 jour(s);fiches_touchees;;;;non
5_effets;mono, tous | âge : 5 jour(s);fourchette_basse;0.26;0.32;0,06;oui
5_effets;mono, tous | âge : 5 jour(s);fourchette_haute;2.1;1.76;-0,34;oui
5_effets;mono, tous | âge : 5 jour(s);part_de_la_premiere_fiche;;;;non
5_effets;mono, tous | âge : 5 jour(s);remarque;;;;non
5_effets;mono, tous | âge : 5 jour(s);risque_relatif;0.74;0.75;0,01;oui
5_effets;mono, tous | âge : 5 jour(s);suppressions;;;;non
5_effets;mono, tous | âge : 6 jour(s);avis_jours;;;;non
5_effets;mono, tous | âge : 6 jour(s);citable;contrôle;contrôle;;non
5_effets;mono, tous | âge : 6 jour(s);enseignes_touchees;;;;non
5_effets;mono, tous | âge : 6 jour(s);fiches_touchees;;;;non
5_effets;mono, tous | âge : 6 jour(s);fourchette_basse;3.63;2.75;-0,88;oui
5_effets;mono, tous | âge : 6 jour(s);fourchette_haute;8.04;5.97;-2,07;oui
5_effets;mono, tous | âge : 6 jour(s);part_de_la_premiere_fiche;;;;non
5_effets;mono, tous | âge : 6 jour(s);remarque;;;;non
5_effets;mono, tous | âge : 6 jour(s);risque_relatif;5.4;4.05;-1,35;oui
5_effets;mono, tous | âge : 6 jour(s);suppressions;;;;non
5_effets;mono, tous | âge : 7 jour(s);avis_jours;;;;non
5_effets;mono, tous | âge : 7 jour(s);citable;contrôle;contrôle;;non
5_effets;mono, tous | âge : 7 jour(s);enseignes_touchees;;;;non
5_effets;mono, tous | âge : 7 jour(s);fiches_touchees;;;;non
5_effets;mono, tous | âge : 7 jour(s);fourchette_basse;3.34;2.7;-0,64;oui
5_effets;mono, tous | âge : 7 jour(s);fourchette_haute;8.59;5.84;-2,75;oui
5_effets;mono, tous | âge : 7 jour(s);part_de_la_premiere_fiche;;;;non
5_effets;mono, tous | âge : 7 jour(s);remarque;;;;non
5_effets;mono, tous | âge : 7 jour(s);risque_relatif;5.35;3.97;-1,38;oui
5_effets;mono, tous | âge : 7 jour(s);suppressions;;;;non
5_effets;mono, tous | âge : 8 jour(s);avis_jours;;;;non
5_effets;mono, tous | âge : 8 jour(s);citable;contrôle;contrôle;;non
5_effets;mono, tous | âge : 8 jour(s);enseignes_touchees;;;;non
5_effets;mono, tous | âge : 8 jour(s);fiches_touchees;;;;non
5_effets;mono, tous | âge : 8 jour(s);fourchette_basse;0.85;0.65;-0,2;oui
5_effets;mono, tous | âge : 8 jour(s);fourchette_haute;3.53;2.24;-1,29;oui
5_effets;mono, tous | âge : 8 jour(s);part_de_la_premiere_fiche;;;;non
5_effets;mono, tous | âge : 8 jour(s);remarque;;;;non
5_effets;mono, tous | âge : 8 jour(s);risque_relatif;1.73;1.2;-0,53;oui
5_effets;mono, tous | âge : 8 jour(s);suppressions;;;;non
5_effets;small, tous | fiche aux États-Unis;avis_jours;;;;non
5_effets;small, tous | fiche aux États-Unis;citable;contrôle;contrôle;;non
5_effets;small, tous | fiche aux États-Unis;enseignes_touchees;;;;non
5_effets;small, tous | fiche aux États-Unis;fiches_touchees;;;;non
5_effets;small, tous | fiche aux États-Unis;fourchette_basse;1.66;1.64;-0,02;oui
5_effets;small, tous | fiche aux États-Unis;fourchette_haute;6.14;3.25;-2,89;oui
5_effets;small, tous | fiche aux États-Unis;part_de_la_premiere_fiche;;;;non
5_effets;small, tous | fiche aux États-Unis;remarque;;;;non
5_effets;small, tous | fiche aux États-Unis;risque_relatif;3.19;2.31;-0,88;oui
5_effets;small, tous | fiche aux États-Unis;suppressions;;;;non
5_effets;small, tous | fiche qui répond à plus de 75 %;avis_jours;;;;non
5_effets;small, tous | fiche qui répond à plus de 75 %;citable;contrôle;contrôle;;non
5_effets;small, tous | fiche qui répond à plus de 75 %;enseignes_touchees;;;;non
5_effets;small, tous | fiche qui répond à plus de 75 %;fiches_touchees;;;;non
5_effets;small, tous | fiche qui répond à plus de 75 %;fourchette_basse;1.72;1.54;-0,18;oui
5_effets;small, tous | fiche qui répond à plus de 75 %;fourchette_haute;8.01;3.79;-4,22;oui
5_effets;small, tous | fiche qui répond à plus de 75 %;part_de_la_premiere_fiche;;;;non
5_effets;small, tous | fiche qui répond à plus de 75 %;remarque;;;;non
5_effets;small, tous | fiche qui répond à plus de 75 %;risque_relatif;3.71;2.41;-1,3;oui
5_effets;small, tous | fiche qui répond à plus de 75 %;suppressions;;;;non
5_effets;small, tous | note 1 ou 2 étoiles;avis_jours;;;;non
5_effets;small, tous | note 1 ou 2 étoiles;citable;contrôle;contrôle;;non
5_effets;small, tous | note 1 ou 2 étoiles;enseignes_touchees;;;;non
5_effets;small, tous | note 1 ou 2 étoiles;fiches_touchees;;;;non
5_effets;small, tous | note 1 ou 2 étoiles;fourchette_basse;1.27;1.41;0,14;oui
5_effets;small, tous | note 1 ou 2 étoiles;fourchette_haute;3.66;2.6;-1,06;oui
5_effets;small, tous | note 1 ou 2 étoiles;part_de_la_premiere_fiche;;;;non
5_effets;small, tous | note 1 ou 2 étoiles;remarque;;;;non
5_effets;small, tous | note 1 ou 2 étoiles;risque_relatif;2.16;1.91;-0,25;oui
5_effets;small, tous | note 1 ou 2 étoiles;suppressions;;;;non
5_effets;small, tous | note 3 ou 4 étoiles;avis_jours;;;;non
5_effets;small, tous | note 3 ou 4 étoiles;citable;contrôle;contrôle;;non
5_effets;small, tous | note 3 ou 4 étoiles;enseignes_touchees;;;;non
5_effets;small, tous | note 3 ou 4 étoiles;fiches_touchees;;;;non
5_effets;small, tous | note 3 ou 4 étoiles;fourchette_basse;0.45;0.68;0,23;oui
5_effets;small, tous | note 3 ou 4 étoiles;fourchette_haute;1.32;1.25;-0,07;oui
5_effets;small, tous | note 3 ou 4 étoiles;part_de_la_premiere_fiche;;;;non
5_effets;small, tous | note 3 ou 4 étoiles;remarque;;;;non
5_effets;small, tous | note 3 ou 4 étoiles;risque_relatif;0.77;0.92;0,15;oui
5_effets;small, tous | note 3 ou 4 étoiles;suppressions;;;;non
5_effets;small, tous | réponse 1 jour, fiche qui répond à 75 % ou moins;avis_jours;3091.0;3208.0;117,0;oui
5_effets;small, tous | réponse 1 jour, fiche qui répond à 75 % ou moins;citable;non;non;;non
5_effets;small, tous | réponse 1 jour, fiche qui répond à 75 % ou moins;enseignes_touchees;4.0;14.0;10,0;oui
5_effets;small, tous | réponse 1 jour, fiche qui répond à 75 % ou moins;fiches_touchees;4.0;15.0;11,0;oui
5_effets;small, tous | réponse 1 jour, fiche qui répond à 75 % ou moins;fourchette_basse;0.5;0.65;0,15;oui
5_effets;small, tous | réponse 1 jour, fiche qui répond à 75 % ou moins;fourchette_haute;6.11;2.97;-3,14;oui
5_effets;small, tous | réponse 1 jour, fiche qui répond à 75 % ou moins;part_de_la_premiere_fiche;0.55;0.28;-0,27;oui
5_effets;small, tous | réponse 1 jour, fiche qui répond à 75 % ou moins;remarque;;;;non
5_effets;small, tous | réponse 1 jour, fiche qui répond à 75 % ou moins;risque_relatif;1.74;1.39;-0,35;oui
5_effets;small, tous | réponse 1 jour, fiche qui répond à 75 % ou moins;suppressions;11.0;29.0;18,0;oui
5_effets;small, tous | réponse 1 jour, fiche qui répond à plus de 75 %;avis_jours;14815.0;15312.0;497,0;oui
5_effets;small, tous | réponse 1 jour, fiche qui répond à plus de 75 %;citable;oui;oui;;non
5_effets;small, tous | réponse 1 jour, fiche qui répond à plus de 75 %;enseignes_touchees;14.0;40.0;26,0;oui
5_effets;small, tous | réponse 1 jour, fiche qui répond à plus de 75 %;fiches_touchees;15.0;43.0;28,0;oui
5_effets;small, tous | réponse 1 jour, fiche qui répond à plus de 75 %;fourchette_basse;0.13;0.22;0,09;oui
5_effets;small, tous | réponse 1 jour, fiche qui répond à plus de 75 %;fourchette_haute;0.56;0.55;-0,01;oui
5_effets;small, tous | réponse 1 jour, fiche qui répond à plus de 75 %;part_de_la_premiere_fiche;0.17;0.13;-0,04;oui
5_effets;small, tous | réponse 1 jour, fiche qui répond à plus de 75 %;remarque;;;;non
5_effets;small, tous | réponse 1 jour, fiche qui répond à plus de 75 %;risque_relatif;0.27;0.35;0,08;oui
5_effets;small, tous | réponse 1 jour, fiche qui répond à plus de 75 %;suppressions;36.0;100.0;64,0;oui
5_effets;small, tous | réponse 2 jours, fiche qui répond à 75 % ou moins;avis_jours;1180.0;1227.0;47,0;oui
5_effets;small, tous | réponse 2 jours, fiche qui répond à 75 % ou moins;citable;non;non;;non
5_effets;small, tous | réponse 2 jours, fiche qui répond à 75 % ou moins;enseignes_touchees;;5.0;;oui
5_effets;small, tous | réponse 2 jours, fiche qui répond à 75 % ou moins;fiches_touchees;;5.0;;oui
5_effets;small, tous | réponse 2 jours, fiche qui répond à 75 % ou moins;fourchette_basse;;0.39;;oui
5_effets;small, tous | réponse 2 jours, fiche qui répond à 75 % ou moins;fourchette_haute;;2.76;;oui
5_effets;small, tous | réponse 2 jours, fiche qui répond à 75 % ou moins;part_de_la_premiere_fiche;;0.43;;oui
5_effets;small, tous | réponse 2 jours, fiche qui répond à 75 % ou moins;remarque;écartée : moins de 5 suppressions;;;oui
5_effets;small, tous | réponse 2 jours, fiche qui répond à 75 % ou moins;risque_relatif;;1.03;;oui
5_effets;small, tous | réponse 2 jours, fiche qui répond à 75 % ou moins;suppressions;3.0;7.0;4,0;oui
5_effets;small, tous | réponse 2 jours, fiche qui répond à plus de 75 %;avis_jours;4700.0;4826.0;126,0;oui
5_effets;small, tous | réponse 2 jours, fiche qui répond à plus de 75 %;citable;non;oui;;oui
5_effets;small, tous | réponse 2 jours, fiche qui répond à plus de 75 %;enseignes_touchees;5.0;21.0;16,0;oui
5_effets;small, tous | réponse 2 jours, fiche qui répond à plus de 75 %;fiches_touchees;5.0;22.0;17,0;oui
5_effets;small, tous | réponse 2 jours, fiche qui répond à plus de 75 %;fourchette_basse;0.05;0.19;0,14;oui
5_effets;small, tous | réponse 2 jours, fiche qui répond à plus de 75 %;fourchette_haute;0.3;0.49;0,19;oui
5_effets;small, tous | réponse 2 jours, fiche qui répond à plus de 75 %;part_de_la_premiere_fiche;0.2;0.11;-0,09;oui
5_effets;small, tous | réponse 2 jours, fiche qui répond à plus de 75 %;remarque;;;;non
5_effets;small, tous | réponse 2 jours, fiche qui répond à plus de 75 %;risque_relatif;0.12;0.3;0,18;oui
5_effets;small, tous | réponse 2 jours, fiche qui répond à plus de 75 %;suppressions;5.0;27.0;22,0;oui
5_effets;small, tous | réponse 3 jours et plus, fiche qui répond à 75 % ou moins;avis_jours;2746.0;2920.0;174,0;oui
5_effets;small, tous | réponse 3 jours et plus, fiche qui répond à 75 % ou moins;citable;non;oui;;oui
5_effets;small, tous | réponse 3 jours et plus, fiche qui répond à 75 % ou moins;enseignes_touchees;4.0;19.0;15,0;oui
5_effets;small, tous | réponse 3 jours et plus, fiche qui répond à 75 % ou moins;fiches_touchees;4.0;19.0;15,0;oui
5_effets;small, tous | réponse 3 jours et plus, fiche qui répond à 75 % ou moins;fourchette_basse;0.46;0.64;0,18;oui
5_effets;small, tous | réponse 3 jours et plus, fiche qui répond à 75 % ou moins;fourchette_haute;3.67;2.21;-1,46;oui
5_effets;small, tous | réponse 3 jours et plus, fiche qui répond à 75 % ou moins;part_de_la_premiere_fiche;0.5;0.21;-0,29;oui
5_effets;small, tous | réponse 3 jours et plus, fiche qui répond à 75 % ou moins;remarque;;;;non
5_effets;small, tous | réponse 3 jours et plus, fiche qui répond à 75 % ou moins;risque_relatif;1.3;1.19;-0,11;oui
5_effets;small, tous | réponse 3 jours et plus, fiche qui répond à 75 % ou moins;suppressions;6.0;29.0;23,0;oui
5_effets;small, tous | réponse 3 jours et plus, fiche qui répond à plus de 75 %;avis_jours;7238.0;7652.0;414,0;oui
5_effets;small, tous | réponse 3 jours et plus, fiche qui répond à plus de 75 %;citable;non;oui;;oui
5_effets;small, tous | réponse 3 jours et plus, fiche qui répond à plus de 75 %;enseignes_touchees;7.0;43.0;36,0;oui
5_effets;small, tous | réponse 3 jours et plus, fiche qui répond à plus de 75 %;fiches_touchees;7.0;45.0;38,0;oui
5_effets;small, tous | réponse 3 jours et plus, fiche qui répond à plus de 75 %;fourchette_basse;0.05;0.31;0,26;oui
5_effets;small, tous | réponse 3 jours et plus, fiche qui répond à plus de 75 %;fourchette_haute;0.3;0.69;0,39;oui
5_effets;small, tous | réponse 3 jours et plus, fiche qui répond à plus de 75 %;part_de_la_premiere_fiche;0.25;0.14;-0,11;oui
5_effets;small, tous | réponse 3 jours et plus, fiche qui répond à plus de 75 %;remarque;;;;non
5_effets;small, tous | réponse 3 jours et plus, fiche qui répond à plus de 75 %;risque_relatif;0.13;0.46;0,33;oui
5_effets;small, tous | réponse 3 jours et plus, fiche qui répond à plus de 75 %;suppressions;8.0;78.0;70,0;oui
5_effets;small, tous | réponse jour même, fiche qui répond à 75 % ou moins;avis_jours;2424.0;2583.0;159,0;oui
5_effets;small, tous | réponse jour même, fiche qui répond à 75 % ou moins;citable;non;non;;non
5_effets;small, tous | réponse jour même, fiche qui répond à 75 % ou moins;enseignes_touchees;4.0;10.0;6,0;oui
5_effets;small, tous | réponse jour même, fiche qui répond à 75 % ou moins;fiches_touchees;4.0;10.0;6,0;oui
5_effets;small, tous | réponse jour même, fiche qui répond à 75 % ou moins;fourchette_basse;1.47;1.07;-0,4;oui
5_effets;small, tous | réponse jour même, fiche qui répond à 75 % ou moins;fourchette_haute;9.58;6.22;-3,36;oui
5_effets;small, tous | réponse jour même, fiche qui répond à 75 % ou moins;part_de_la_premiere_fiche;0.82;0.82;0,0;non
5_effets;small, tous | réponse jour même, fiche qui répond à 75 % ou moins;remarque;;;;non
5_effets;small, tous | réponse jour même, fiche qui répond à 75 % ou moins;risque_relatif;3.76;2.58;-1,18;oui
5_effets;small, tous | réponse jour même, fiche qui répond à 75 % ou moins;suppressions;22.0;56.0;34,0;oui
5_effets;small, tous | réponse jour même, fiche qui répond à plus de 75 %;avis_jours;21168.0;22095.0;927,0;oui
5_effets;small, tous | réponse jour même, fiche qui répond à plus de 75 %;citable;oui;oui;;non
5_effets;small, tous | réponse jour même, fiche qui répond à plus de 75 %;enseignes_touchees;22.0;52.0;30,0;oui
5_effets;small, tous | réponse jour même, fiche qui répond à plus de 75 %;fiches_touchees;27.0;61.0;34,0;oui
5_effets;small, tous | réponse jour même, fiche qui répond à plus de 75 %;fourchette_basse;0.13;0.24;0,11;oui
5_effets;small, tous | réponse jour même, fiche qui répond à plus de 75 %;fourchette_haute;0.49;0.62;0,13;oui
5_effets;small, tous | réponse jour même, fiche qui répond à plus de 75 %;part_de_la_premiere_fiche;0.1;0.12;0,02;oui
5_effets;small, tous | réponse jour même, fiche qui répond à plus de 75 %;remarque;;;;non
5_effets;small, tous | réponse jour même, fiche qui répond à plus de 75 %;risque_relatif;0.26;0.38;0,12;oui
5_effets;small, tous | réponse jour même, fiche qui répond à plus de 75 %;suppressions;63.0;196.0;133,0;oui
5_effets;small, tous | âge : 1 jour(s);avis_jours;;;;non
5_effets;small, tous | âge : 1 jour(s);citable;contrôle;contrôle;;non
5_effets;small, tous | âge : 1 jour(s);enseignes_touchees;;;;non
5_effets;small, tous | âge : 1 jour(s);fiches_touchees;;;;non
5_effets;small, tous | âge : 1 jour(s);fourchette_basse;1.05;1.17;0,12;oui
5_effets;small, tous | âge : 1 jour(s);fourchette_haute;6.76;5.82;-0,94;oui
5_effets;small, tous | âge : 1 jour(s);part_de_la_premiere_fiche;;;;non
5_effets;small, tous | âge : 1 jour(s);remarque;;;;non
5_effets;small, tous | âge : 1 jour(s);risque_relatif;2.66;2.61;-0,05;oui
5_effets;small, tous | âge : 1 jour(s);suppressions;;;;non
5_effets;small, tous | âge : 14 jours et plus;avis_jours;;;;non
5_effets;small, tous | âge : 14 jours et plus;citable;contrôle;contrôle;;non
5_effets;small, tous | âge : 14 jours et plus;enseignes_touchees;;;;non
5_effets;small, tous | âge : 14 jours et plus;fiches_touchees;;;;non
5_effets;small, tous | âge : 14 jours et plus;fourchette_basse;0.19;6.78;6,59;oui
5_effets;small, tous | âge : 14 jours et plus;fourchette_haute;0.64;11.95;11,31;oui
5_effets;small, tous | âge : 14 jours et plus;part_de_la_premiere_fiche;;;;non
5_effets;small, tous | âge : 14 jours et plus;remarque;;;;non
5_effets;small, tous | âge : 14 jours et plus;risque_relatif;0.35;9.0;8,65;oui
5_effets;small, tous | âge : 14 jours et plus;suppressions;;;;non
5_effets;small, tous | âge : 2 jour(s);avis_jours;;;;non
5_effets;small, tous | âge : 2 jour(s);citable;contrôle;contrôle;;non
5_effets;small, tous | âge : 2 jour(s);enseignes_touchees;;;;non
5_effets;small, tous | âge : 2 jour(s);fiches_touchees;;;;non
5_effets;small, tous | âge : 2 jour(s);fourchette_basse;0.72;1.14;0,42;oui
5_effets;small, tous | âge : 2 jour(s);fourchette_haute;2.37;2.99;0,62;oui
5_effets;small, tous | âge : 2 jour(s);part_de_la_premiere_fiche;;;;non
5_effets;small, tous | âge : 2 jour(s);remarque;;;;non
5_effets;small, tous | âge : 2 jour(s);risque_relatif;1.31;1.85;0,54;oui
5_effets;small, tous | âge : 2 jour(s);suppressions;;;;non
5_effets;small, tous | âge : 3 jour(s);avis_jours;;;;non
5_effets;small, tous | âge : 3 jour(s);citable;contrôle;contrôle;;non
5_effets;small, tous | âge : 3 jour(s);enseignes_touchees;;;;non
5_effets;small, tous | âge : 3 jour(s);fiches_touchees;;;;non
5_effets;small, tous | âge : 3 jour(s);fourchette_basse;0.49;0.68;0,19;oui
5_effets;small, tous | âge : 3 jour(s);fourchette_haute;1.86;2.21;0,35;oui
5_effets;small, tous | âge : 3 jour(s);part_de_la_premiere_fiche;;;;non
5_effets;small, tous | âge : 3 jour(s);remarque;;;;non
5_effets;small, tous | âge : 3 jour(s);risque_relatif;0.96;1.23;0,27;oui
5_effets;small, tous | âge : 3 jour(s);suppressions;;;;non
5_effets;small, tous | âge : 4 jour(s);avis_jours;;;;non
5_effets;small, tous | âge : 4 jour(s);citable;contrôle;contrôle;;non
5_effets;small, tous | âge : 4 jour(s);enseignes_touchees;;;;non
5_effets;small, tous | âge : 4 jour(s);fiches_touchees;;;;non
5_effets;small, tous | âge : 4 jour(s);fourchette_basse;0.13;0.16;0,03;oui
5_effets;small, tous | âge : 4 jour(s);fourchette_haute;1.62;1.12;-0,5;oui
5_effets;small, tous | âge : 4 jour(s);part_de_la_premiere_fiche;;;;non
5_effets;small, tous | âge : 4 jour(s);remarque;;;;non
5_effets;small, tous | âge : 4 jour(s);risque_relatif;0.46;0.43;-0,03;oui
5_effets;small, tous | âge : 4 jour(s);suppressions;;;;non
5_effets;small, tous | âge : 5 jour(s);avis_jours;;;;non
5_effets;small, tous | âge : 5 jour(s);citable;contrôle;contrôle;;non
5_effets;small, tous | âge : 5 jour(s);enseignes_touchees;;;;non
5_effets;small, tous | âge : 5 jour(s);fiches_touchees;;;;non
5_effets;small, tous | âge : 5 jour(s);fourchette_basse;0.32;0.37;0,05;oui
5_effets;small, tous | âge : 5 jour(s);fourchette_haute;1.19;1.07;-0,12;oui
5_effets;small, tous | âge : 5 jour(s);part_de_la_premiere_fiche;;;;non
5_effets;small, tous | âge : 5 jour(s);remarque;;;;non
5_effets;small, tous | âge : 5 jour(s);risque_relatif;0.62;0.63;0,01;oui
5_effets;small, tous | âge : 5 jour(s);suppressions;;;;non
5_effets;small, tous | âge : 6 jour(s);avis_jours;;;;non
5_effets;small, tous | âge : 6 jour(s);citable;contrôle;contrôle;;non
5_effets;small, tous | âge : 6 jour(s);enseignes_touchees;;;;non
5_effets;small, tous | âge : 6 jour(s);fiches_touchees;;;;non
5_effets;small, tous | âge : 6 jour(s);fourchette_basse;2.61;2.06;-0,55;oui
5_effets;small, tous | âge : 6 jour(s);fourchette_haute;6.3;4.69;-1,61;oui
5_effets;small, tous | âge : 6 jour(s);part_de_la_premiere_fiche;;;;non
5_effets;small, tous | âge : 6 jour(s);remarque;;;;non
5_effets;small, tous | âge : 6 jour(s);risque_relatif;4.05;3.11;-0,94;oui
5_effets;small, tous | âge : 6 jour(s);suppressions;;;;non
5_effets;small, tous | âge : 7 jour(s);avis_jours;;;;non
5_effets;small, tous | âge : 7 jour(s);citable;contrôle;contrôle;;non
5_effets;small, tous | âge : 7 jour(s);enseignes_touchees;;;;non
5_effets;small, tous | âge : 7 jour(s);fiches_touchees;;;;non
5_effets;small, tous | âge : 7 jour(s);fourchette_basse;6.04;3.87;-2,17;oui
5_effets;small, tous | âge : 7 jour(s);fourchette_haute;12.48;7.28;-5,2;oui
5_effets;small, tous | âge : 7 jour(s);part_de_la_premiere_fiche;;;;non
5_effets;small, tous | âge : 7 jour(s);remarque;;;;non
5_effets;small, tous | âge : 7 jour(s);risque_relatif;8.68;5.31;-3,37;oui
5_effets;small, tous | âge : 7 jour(s);suppressions;;;;non
5_effets;small, tous | âge : 8 jour(s);avis_jours;;;;non
5_effets;small, tous | âge : 8 jour(s);citable;contrôle;contrôle;;non
5_effets;small, tous | âge : 8 jour(s);enseignes_touchees;;;;non
5_effets;small, tous | âge : 8 jour(s);fiches_touchees;;;;non
5_effets;small, tous | âge : 8 jour(s);fourchette_basse;1.08;0.7;-0,38;oui
5_effets;small, tous | âge : 8 jour(s);fourchette_haute;3.01;1.85;-1,16;oui
5_effets;small, tous | âge : 8 jour(s);part_de_la_premiere_fiche;;;;non
5_effets;small, tous | âge : 8 jour(s);remarque;;;;non
5_effets;small, tous | âge : 8 jour(s);risque_relatif;1.81;1.14;-0,67;oui
5_effets;small, tous | âge : 8 jour(s);suppressions;;;;non
