caracteristique;modalite;cid;enseigne;region;enseigne_signalee;suppressions;jours_de_suppression
age_cat;1 jour(s);15382424972418370974;Good Night John Boy;US;False;2;2026-08-16
age_cat;1 jour(s);10258162109096166464;Yelloh Village - Aluna Vacances;Europe;False;1;2026-08-14
age_cat;1 jour(s);10688219440227213170;The Old Irish Pub - Aalborg;Europe;False;1;2026-08-16
age_cat;1 jour(s);12257458818878449587;Carson's Ribs Prime Steaks & Famous Barbecue Chicago;US;False;1;2026-08-18
age_cat;1 jour(s);13447210363258677756;Duryea's Lobster Deck & Seafood Market;US;False;1;2026-08-16
age_cat;1 jour(s);17208676867430563363;Good Night John Boy;US;False;1;2026-08-16
age_cat;1 jour(s);17365787893692022098;Gîtes du Domaine des Bans;Europe;False;1;2026-08-12
age_cat;1 jour(s);281176211676243797;Satanic Salem Walking Tours;US;False;1;2026-08-16
age_cat;1 jour(s);9330622820452187742;Club Erfurt;Europe;False;1;2026-08-17
age_cat;14 jours et plus;10346942689164695031;The Boxer Club;Europe;True;15;2026-08-18, 2026-08-22, 2026-08-23
age_cat;14 jours et plus;12319304188118263291;Pizza Hut Debrecen Plaza;Europe;False;9;2026-08-23
age_cat;14 jours et plus;10896163602322254565;Mumbai Masala Playa Paraíso;Europe;False;5;2026-08-21, 2026-08-22
age_cat;14 jours et plus;11468972147098209639;Lash and Company Med Spa - Centennial;US;False;5;2026-08-24
age_cat;14 jours et plus;12971538955295795353;West Shore Home;US;False;5;2026-08-21, 2026-08-22
age_cat;14 jours et plus;17251484945567213252;Globales Simar;Europe;False;5;2026-08-22, 2026-08-23
age_cat;14 jours et plus;7478870134232076043;Rocky Mountain Balloon Adventures;US;False;4;2026-08-22, 2026-08-23
age_cat;14 jours et plus;7651945305551643280;Chania Boat Tours;Europe;False;4;2026-08-22
age_cat;14 jours et plus;1943990090783039974;United Air Temp;US;False;3;2026-08-22, 2026-08-23
age_cat;14 jours et plus;15702480480125668198;Fox Rent A Car;US;False;2;2026-08-24
age_cat;14 jours et plus;3352767676680426036;Solve Pest Pros;US;False;2;2026-08-21, 2026-08-22
age_cat;14 jours et plus;5049402211849837299;Cuisine Plus Saint Nazaire;Europe;False;2;2026-08-22
age_cat;14 jours et plus;8117786734318428670;Sunshine Ballooning;Europe;False;2;2026-08-21, 2026-08-23
age_cat;14 jours et plus;8264250907553977852;Carolina Ale House;US;False;2;2026-08-22
age_cat;14 jours et plus;13048717007599713286;Nu Car Rentals;US;False;1;2026-08-22
age_cat;14 jours et plus;13149966690726534760;Green Pest Services;US;False;1;2026-08-22
age_cat;14 jours et plus;13729045321029806005;Cervecería La Sureña;Europe;False;1;2026-08-23
age_cat;14 jours et plus;13801744141903121032;citizenM Paris Charles de Gaulle Airport Hôtel;Europe;False;1;2026-08-21
age_cat;14 jours et plus;15030713588446975167;EcoShield Pest Solutions;US;True;1;2026-08-20
age_cat;14 jours et plus;15428563441085278652;Relaxia Los Girasoles Bungalows;Europe;False;1;2026-08-24
age_cat;14 jours et plus;16011688751403367255;Doral Toyota;US;False;1;2026-08-19
age_cat;14 jours et plus;16054806172650950917;Abeauty Clinique Galati;Europe;False;1;2026-08-23
age_cat;14 jours et plus;16463535090029643023;Old Town Pour House (freedom Commons - Naperville);US;False;1;2026-08-24
age_cat;14 jours et plus;1697023132609060386;Ichiban Japanese Bistro;US;False;1;2026-08-23
age_cat;14 jours et plus;4272684922168596772;Bulwark Exterminating Corporate;US;False;1;2026-08-22
age_cat;14 jours et plus;5480379830228378813;Polo line - vacation rentals;Europe;False;1;2026-08-23
age_cat;14 jours et plus;5767747242108722390;AIRE Ancient Baths Chicago;US;False;1;2026-08-19
age_cat;14 jours et plus;6064403375455709139;Cuisinella;Europe;False;1;2026-08-21
age_cat;14 jours et plus;7864325941761932328;Globales Maioris;Europe;False;1;2026-08-22
age_cat;14 jours et plus;8207176407898555793;Advantage Roofing Company;US;False;1;2026-08-23
age_cat;14 jours et plus;8303557791751296465;Insight Pest Solutions;US;True;1;2026-08-20
age_cat;14 jours et plus;845684297895448830;Globales Apartamentos Montemar;Europe;False;1;2026-08-22
age_cat;14 jours et plus;9026909565558195702;ABC Home & Commercial Services;US;False;1;2026-08-23
age_cat;2 jour(s);17257425285318401586;Hipotels Barrosa Park;Europe;False;3;2026-08-18, 2026-08-19
age_cat;2 jour(s);5119810349067443765;Clarion Hotel The Hub;Europe;False;3;2026-08-13
age_cat;2 jour(s);16191346811025563423;Calicéo Strasbourg;Europe;False;2;2026-08-17, 2026-08-18
age_cat;2 jour(s);16385710373382858530;DKamping Village;Europe;False;2;2026-08-16
age_cat;2 jour(s);10392842969616344066;Quality Hotel Saga;Europe;False;1;2026-08-12
age_cat;2 jour(s);10442243421974187572;Camping Sandaya Etruria;Europe;False;1;2026-08-16
age_cat;2 jour(s);10921805046871428741;Compagnie des Déboucheurs;Europe;False;1;2026-08-15
age_cat;2 jour(s);11152419033877693945;Camping Campéole Le Coiroux;Europe;False;1;2026-08-13
age_cat;2 jour(s);11621061264450053739;Lyons Roofing;US;False;1;2026-08-15
age_cat;2 jour(s);12028540047674361624;Works Plumbing Repair & Drain Cleaning;US;False;1;2026-08-12
age_cat;2 jour(s);12621991571583444125;SIXT rent a car LaGuardia airport;US;False;1;2026-08-12
age_cat;2 jour(s);12754412867706599016;Excellence Appliance Repair;US;False;1;2026-08-17
age_cat;2 jour(s);13151071491813197060;Technitoit Villefranche-sur-Saône;Europe;False;1;2026-08-16
age_cat;2 jour(s);13204862283283398368;Hipotels Bahía Cala Millor;Europe;False;1;2026-08-18
age_cat;2 jour(s);13454390046806476880;Hand and Stone Massage and Facial Spa;US;False;1;2026-08-16
age_cat;2 jour(s);13609296054599897306;AmeriVu Inn & Suites - Chisago City;US;False;1;2026-08-19
age_cat;2 jour(s);14072176514753891617;Knowlton Dental Associates;US;False;1;2026-08-12
age_cat;2 jour(s);14112705270114144342;Camping Capfun Vlinderloo;Europe;False;1;2026-08-16
age_cat;2 jour(s);14437350526528134386;Claremont Motor Lodge;US;False;1;2026-08-16
age_cat;2 jour(s);14669269514609492336;P.J. Whelihan's Pub + Restaurant;US;False;1;2026-08-13
age_cat;2 jour(s);14735899687559181627;SuperGreen Irrigation;US;False;1;2026-08-15
age_cat;2 jour(s);14740593769376451592;citizenM Copenhagen Rådhuspladsen;Europe;False;1;2026-08-13
age_cat;2 jour(s);1487794017584324211;Neoness;Europe;False;1;2026-08-14
age_cat;2 jour(s);15782623238310293347;AniCura Bergisch Gladbach;Europe;False;1;2026-08-19
age_cat;2 jour(s);1588045585774572368;Istra Premium Camping Resort;Europe;False;1;2026-08-13
age_cat;2 jour(s);16130034264863182789;The Grand Hotel;US;False;1;2026-08-16
age_cat;2 jour(s);16579715835844117368;Lochridge-Priest;US;False;1;2026-08-18
age_cat;2 jour(s);17208676867430563363;Good Night John Boy;US;False;1;2026-08-18
age_cat;2 jour(s);17325999670394372128;Mezze Krotoszyn;Europe;False;1;2026-08-18
age_cat;2 jour(s);17811514628184275600;P.J. Whelihan's Pub + Restaurant [West Chester];US;False;1;2026-08-18
age_cat;2 jour(s);1944574178176983755;Qargo Coffee;US;False;1;2026-08-17
age_cat;2 jour(s);2054732589707793641;Globales Cala'n Bosch;Europe;False;1;2026-08-13
age_cat;2 jour(s);2678349505464412907;REEIS;US;False;1;2026-08-15
age_cat;2 jour(s);2797183553179767293;Rocket Carwash;US;False;1;2026-08-19
age_cat;2 jour(s);3055526259022060684;Detailcar Aqua Multiespacio;Europe;False;1;2026-08-13
age_cat;2 jour(s);3425246382128922758;Merle Stone Chevrolet - Porterville;US;False;1;2026-08-14
age_cat;2 jour(s);4009596460761180782;Crep'eat;Europe;False;1;2026-08-18
age_cat;2 jour(s);4568901441266442943;Comfort Hotel Union Brygge;Europe;False;1;2026-08-12
age_cat;2 jour(s);4577485901777502628;IPPA Cafe;Europe;False;1;2026-08-12
age_cat;2 jour(s);4963556190372573154;Chéri;Europe;False;1;2026-08-15
age_cat;2 jour(s);5422890961706407530;United Air Temp;US;False;1;2026-08-12
age_cat;2 jour(s);5644271922112783363;Vakantiepark Capfun - Het Winkel;Europe;False;1;2026-08-13
age_cat;2 jour(s);5686063649767011502;aBeauty Clinique Constanta;Europe;False;1;2026-08-15
age_cat;2 jour(s);5999991654383813138;EcoShield Pest Solutions;US;True;1;2026-08-19
age_cat;2 jour(s);7096371038011001168;Route 46 Chrysler Jeep Dodge;US;False;1;2026-08-19
age_cat;2 jour(s);817498439303474635;EcoShield Pest Solutions;US;True;1;2026-08-19
age_cat;2 jour(s);8864246763002325033;Nu Car Rental;US;False;1;2026-08-14
age_cat;2 jour(s);9166889712521968380;Advantage Rent A Car;US;False;1;2026-08-18
age_cat;2 jour(s);9400441828486763598;Brick House Tavern and Tap;US;False;1;2026-08-13
age_cat;3 jour(s);2034461622997448093;Bulwark Exterminating;US;True;5;2026-08-13
age_cat;3 jour(s);12035238193368484759;Centro Veterinario Villalba IF;Europe;False;2;2026-08-20
age_cat;3 jour(s);6595076367186224579;Darty;Europe;False;2;2026-08-13, 2026-08-20
age_cat;3 jour(s);10525843652337503574;Hotel Carris Porto Ribeira;Europe;False;1;2026-08-13
age_cat;3 jour(s);10866581757464278630;Club Essen Rüttenscheid;Europe;False;1;2026-08-13
age_cat;3 jour(s);11569433775224823960;Neoness;Europe;False;1;2026-08-13
age_cat;3 jour(s);1170749740403083425;WestVet Boise;US;False;1;2026-08-16
age_cat;3 jour(s);12399650223478194238;Schön Klinik Hamburg Eilbek;Europe;False;1;2026-08-13
age_cat;3 jour(s);12444480166249994540;Einstein Pros Plumbing;US;False;1;2026-08-15
age_cat;3 jour(s);13487146367475704628;Empire Today;US;False;1;2026-08-20
age_cat;3 jour(s);14735899687559181627;SuperGreen Irrigation;US;False;1;2026-08-16
age_cat;3 jour(s);14786803112747547126;Hotel Botanico;Europe;False;1;2026-08-20
age_cat;3 jour(s);14820991856221490337;Camping Les Pirons;Europe;False;1;2026-08-18
age_cat;3 jour(s);14869656164423820253;Mamajuana Cafe;US;False;1;2026-08-17
age_cat;3 jour(s);1487794017584324211;Neoness;Europe;False;1;2026-08-16
age_cat;3 jour(s);15338170984100166205;Planet Fitness;Europe;False;1;2026-08-20
age_cat;3 jour(s);15425978298257012661;Body' Minute;Europe;False;1;2026-08-14
age_cat;3 jour(s);15598913053706512115;Bedard Bros. Honda;US;False;1;2026-08-17
age_cat;3 jour(s);16248341169641882523;Insight Pest Solutions;US;True;1;2026-08-16
age_cat;3 jour(s);16385710373382858530;DKamping Village;Europe;False;1;2026-08-16
age_cat;3 jour(s);16491711330372966734;Mavericks Pizza Hangar;US;False;1;2026-08-16
age_cat;3 jour(s);17021217626669606631;Black Hills Helicopters;US;False;1;2026-08-18
age_cat;3 jour(s);17208676867430563363;Good Night John Boy;US;False;1;2026-08-19
age_cat;3 jour(s);17257425285318401586;Hipotels Barrosa Park;Europe;False;1;2026-08-20
age_cat;3 jour(s);17365787893692022098;Gîtes du Domaine des Bans;Europe;False;1;2026-08-17
age_cat;3 jour(s);18250774199179914288;Slow Village Anduze;Europe;False;1;2026-08-14
age_cat;3 jour(s);2281360171323098495;CareVet of Shoreline;US;False;1;2026-08-17
age_cat;3 jour(s);246095253791495383;Halbite;Europe;False;1;2026-08-17
age_cat;3 jour(s);2745747141372267109;Royal Charters Mallorca;Europe;False;1;2026-08-18
age_cat;3 jour(s);3171881406442480015;Club Berlin Friedrichshain;Europe;False;1;2026-08-13
age_cat;3 jour(s);3808829296411201732;HDS Munich;Europe;False;1;2026-08-16
age_cat;3 jour(s);4924676720586514423;Mr. Clean Autopflege;Europe;False;1;2026-08-19
age_cat;3 jour(s);5119810349067443765;Clarion Hotel The Hub;Europe;False;1;2026-08-13
age_cat;3 jour(s);5493948664261571918;Minicamping en Theeschenkerij De Brinkhoeve;Europe;False;1;2026-08-18
age_cat;3 jour(s);6502091583801106713;AniCura Kiel;Europe;False;1;2026-08-13
age_cat;3 jour(s);6974005517924331668;"Бирария ""Do Re Mi""";Europe;False;1;2026-08-17
age_cat;3 jour(s);7864325941761932328;Globales Maioris;Europe;False;1;2026-08-15
age_cat;4 jour(s);2034461622997448093;Bulwark Exterminating;US;True;8;2026-08-13
age_cat;4 jour(s);17208676867430563363;Good Night John Boy;US;False;4;2026-08-20
age_cat;4 jour(s);5119810349067443765;Clarion Hotel The Hub;Europe;False;3;2026-08-13
age_cat;4 jour(s);10330873477402384990;Delizie di Mare - All You Can Eat;Europe;False;1;2026-08-20
age_cat;4 jour(s);10601184521827317877;Le Palme;Europe;False;1;2026-08-14
age_cat;4 jour(s);11306931454900536039;Club Dortmund Gartenstadt;Europe;False;1;2026-08-21
age_cat;4 jour(s);13609296054599897306;AmeriVu Inn & Suites - Chisago City;US;False;1;2026-08-18
age_cat;4 jour(s);16170338589303360167;The Bend RV Park;US;False;1;2026-08-19
age_cat;4 jour(s);316878406668790307;Adventure Dental;US;False;1;2026-08-20
age_cat;4 jour(s);7071381681211698134;Grismer Tire and Auto Service Center;US;False;1;2026-08-19
age_cat;4 jour(s);8015064052260497255;Neoness;Europe;False;1;2026-08-14
age_cat;4 jour(s);9654059427809994128;Carolina Ale House - Greenville-Woodruff;US;False;1;2026-08-20
age_cat;5 jour(s);6979673743686913152;EcoShield Pest Solutions;US;True;2;2026-08-16, 2026-08-22
age_cat;5 jour(s);10505273405281271038;Cedar Park Overhead Doors;US;False;1;2026-08-15
age_cat;5 jour(s);10746082602604012869;Insight Pest Solutions;US;True;1;2026-08-21
age_cat;5 jour(s);11004380532876327499;Embassy Suites Seattle Downtown-Pioneer Square;US;False;1;2026-08-20
age_cat;5 jour(s);12460969889495485623;VCA Westside Animal Hospital;US;False;1;2026-08-17
age_cat;5 jour(s);13609296054599897306;AmeriVu Inn & Suites - Chisago City;US;False;1;2026-08-21
age_cat;5 jour(s);13914529929637769875;Homemade Taqueria;US;False;1;2026-08-17
age_cat;5 jour(s);14398824460040053889;Dermatology Affiliates;US;False;1;2026-08-12
age_cat;5 jour(s);16011688751403367255;Doral Toyota;US;False;1;2026-08-21
age_cat;5 jour(s);1697023132609060386;Ichiban Japanese Bistro;US;False;1;2026-08-18
age_cat;5 jour(s);17461188179245106693;Bulwark Exterminating;US;True;1;2026-08-17
age_cat;5 jour(s);18143610989022699807;SkinSpirit Roslyn Heights;US;False;1;2026-08-17
age_cat;5 jour(s);3187607110245052706;Denali Park Zipline;US;False;1;2026-08-17
age_cat;5 jour(s);3881615387971294091;Spa Zuiver;Europe;False;1;2026-08-16
age_cat;5 jour(s);5119810349067443765;Clarion Hotel The Hub;Europe;False;1;2026-08-13
age_cat;5 jour(s);7446569207813309645;Stadio Restaurants Herastrau;Europe;False;1;2026-08-20
age_cat;5 jour(s);7511492220568495848;Bonjour Tagungshotel Stuttgart Gerlingen;Europe;False;1;2026-08-21
age_cat;5 jour(s);7542203160017780480;Eurodecars Automobielhandel;Europe;False;1;2026-08-15
age_cat;5 jour(s);7645830286416566420;Pointe Pest Control;US;True;1;2026-08-21
age_cat;5 jour(s);8592193049411979519;EcoShield Pest Solutions;US;True;1;2026-08-16
age_cat;5 jour(s);9372823467771251065;Jalilo;Europe;False;1;2026-08-17
age_cat;5 jour(s);9411249691461597325;Saltic Resort & Spa Leba;Europe;False;1;2026-08-18
age_cat;6 jour(s);1697023132609060386;Ichiban Japanese Bistro;US;False;10;2026-08-12, 2026-08-16, 2026-08-19, 2026-08-20
age_cat;6 jour(s);6979673743686913152;EcoShield Pest Solutions;US;True;10;2026-08-12, 2026-08-16, 2026-08-17, 2026-08-18, 2026-08-23
age_cat;6 jour(s);10746082602604012869;Insight Pest Solutions;US;True;7;2026-08-16, 2026-08-17, 2026-08-18, 2026-08-21, 2026-08-23
age_cat;6 jour(s);4433090577107943247;EcoShield Pest Solutions;US;True;7;2026-08-12, 2026-08-16, 2026-08-17, 2026-08-21, 2026-08-23
age_cat;6 jour(s);7478870134232076043;Rocky Mountain Balloon Adventures;US;False;7;2026-08-22, 2026-08-23
age_cat;6 jour(s);16248341169641882523;Insight Pest Solutions;US;True;6;2026-08-12, 2026-08-16, 2026-08-17, 2026-08-19
age_cat;6 jour(s);2680144292534599937;HT Fitness;US;False;6;2026-08-17, 2026-08-19, 2026-08-23
age_cat;6 jour(s);10896163602322254565;Mumbai Masala Playa Paraíso;Europe;False;5;2026-08-16, 2026-08-23
age_cat;6 jour(s);11183164932977516690;Insight Pest Solutions;US;True;5;2026-08-13, 2026-08-16, 2026-08-17, 2026-08-22
age_cat;6 jour(s);12986326219479165233;Azur Service 06;Europe;False;4;2026-08-20, 2026-08-21, 2026-08-23
age_cat;6 jour(s);16469337811496657191;Pointe Pest Control;US;True;4;2026-08-12, 2026-08-16, 2026-08-17
age_cat;6 jour(s);2799040813008286606;Tipsy Tiki Fmb;US;False;4;2026-08-21, 2026-08-23
age_cat;6 jour(s);3595820309544267485;EcoShield Pest Solutions;US;True;4;2026-08-13, 2026-08-17, 2026-08-21, 2026-08-23
age_cat;6 jour(s);718178259547467488;Pointe Pest Control;US;True;4;2026-08-19, 2026-08-21, 2026-08-23
age_cat;6 jour(s);10505273405281271038;Cedar Park Overhead Doors;US;False;3;2026-08-15, 2026-08-16, 2026-08-21
age_cat;6 jour(s);11001368659838863228;Pointe Pest Control;US;True;3;2026-08-16, 2026-08-18, 2026-08-23
age_cat;6 jour(s);11527874769595828404;Pointe Pest Control;US;True;3;2026-08-12, 2026-08-17, 2026-08-21
age_cat;6 jour(s);11660062678522630526;Sierra Pacific Orthopedics;US;False;3;2026-08-16, 2026-08-23
age_cat;6 jour(s);14933790454100186775;Pointe Pest Control;US;True;3;2026-08-12, 2026-08-19, 2026-08-21
age_cat;6 jour(s);15083526705897946018;Heart and Vascular Care;US;False;3;2026-08-23
age_cat;6 jour(s);16011688751403367255;Doral Toyota;US;False;3;2026-08-19
age_cat;6 jour(s);16201181649805957681;Heart and Vascular Care;US;False;3;2026-08-16, 2026-08-23
age_cat;6 jour(s);16867174010602496547;Northwest Exterminating;US;False;3;2026-08-12, 2026-08-17, 2026-08-21
age_cat;6 jour(s);18087544658842131373;Pointe Pest Control;US;True;3;2026-08-17, 2026-08-21
age_cat;6 jour(s);2034461622997448093;Bulwark Exterminating;US;True;3;2026-08-17, 2026-08-23
age_cat;6 jour(s);2054732589707793641;Globales Cala'n Bosch;Europe;False;3;2026-08-23
age_cat;6 jour(s);2699950723330237401;Tanner Clinic;US;False;3;2026-08-17, 2026-08-19
age_cat;6 jour(s);3187607110245052706;Denali Park Zipline;US;False;3;2026-08-12, 2026-08-15, 2026-08-18
age_cat;6 jour(s);3203854443950401309;HT Fitness;US;False;3;2026-08-12, 2026-08-17, 2026-08-19
age_cat;6 jour(s);3274891443999828364;Elevate Fitness;US;False;3;2026-08-21
age_cat;6 jour(s);3932259871970128515;Alaska Fracture and Orthopedic Clinic;US;False;3;2026-08-16, 2026-08-17, 2026-08-18
age_cat;6 jour(s);8117786734318428670;Sunshine Ballooning;Europe;False;3;2026-08-16, 2026-08-21
age_cat;6 jour(s);817498439303474635;EcoShield Pest Solutions;US;True;3;2026-08-16, 2026-08-17
age_cat;6 jour(s);10647645013357446509;Pointe Pest Control;US;True;2;2026-08-17
age_cat;6 jour(s);11752525017306549612;Insight Pest Solutions;US;True;2;2026-08-23
age_cat;6 jour(s);11882525582487875452;Northwest Exterminating;US;False;2;2026-08-17, 2026-08-19
age_cat;6 jour(s);12523973092132012183;EcoShield Pest Solutions;US;True;2;2026-08-17, 2026-08-23
age_cat;6 jour(s);12653609458785639661;Delta Sonic Car Wash;US;False;2;2026-08-17, 2026-08-23
age_cat;6 jour(s);1320861146435177408;Fox Rent A Car Denver;US;False;2;2026-08-13, 2026-08-22
age_cat;6 jour(s);13259321554512244271;Massage & Spa;US;False;2;2026-08-12
age_cat;6 jour(s);13357493140933391105;Insight Pest Solutions;US;True;2;2026-08-12, 2026-08-17
age_cat;6 jour(s);14825598912279374964;Chatham Sports Medicine & Physical Therapy;US;False;2;2026-08-17, 2026-08-18
age_cat;6 jour(s);15168756511886563707;Dermatology Affiliates;US;False;2;2026-08-21, 2026-08-22
age_cat;6 jour(s);16932179925125573715;Pointe Pest Control;US;True;2;2026-08-12, 2026-08-17
age_cat;6 jour(s);2423693438449052039;Bulwark Exterminating;US;True;2;2026-08-16
age_cat;6 jour(s);3164305209948048623;Pointe Pest Control;US;True;2;2026-08-17
age_cat;6 jour(s);3464619508278537951;Chatham Orthopaedic Associates;US;False;2;2026-08-12, 2026-08-18
age_cat;6 jour(s);3874911723232599474;ABC Home & Commercial Services;US;False;2;2026-08-17, 2026-08-23
age_cat;6 jour(s);4397473550123468841;Adventure Dental, Vision and Orthodontics;US;False;2;2026-08-17
age_cat;6 jour(s);5063341140303696786;Pointe Pest Control;US;True;2;2026-08-12, 2026-08-17
age_cat;6 jour(s);6832155753295535633;Insight Pest Solutions;US;True;2;2026-08-12, 2026-08-17
age_cat;6 jour(s);6864222717854006596;Insight Pest Solutions;US;True;2;2026-08-12
age_cat;6 jour(s);8115244571708845709;Cocoa Beach Catamaran;US;False;2;2026-08-20, 2026-08-23
age_cat;6 jour(s);8295483025098590212;Parker Cornea;US;False;2;2026-08-16, 2026-08-19
age_cat;6 jour(s);9773764681262796319;Fox Rent A Car Miami;US;False;2;2026-08-16, 2026-08-17
age_cat;6 jour(s);9955525685526011894;Reno Massage Tree;US;False;2;2026-08-15
age_cat;6 jour(s);10121891181019347598;Fox Rent A Car;US;False;1;2026-08-16
age_cat;6 jour(s);10789067178806450248;Fitness First Griesheim;Europe;False;1;2026-08-17
age_cat;6 jour(s);10907116412041709754;Pointe Pest Control;US;True;1;2026-08-19
age_cat;6 jour(s);11121079175657752605;Ježevac Premium Camping Resort by Valamar;Europe;False;1;2026-08-21
age_cat;6 jour(s);11746939377458501797;Green Pest Services;US;False;1;2026-08-12
age_cat;6 jour(s);11979469692631411558;Cleys Waasmunster;Europe;False;1;2026-08-12
age_cat;6 jour(s);12701978682932507204;Viva Day Spa and Med Spa;US;False;1;2026-08-16
age_cat;6 jour(s);12924136556389994153;ABC Home & Commercial Services;US;False;1;2026-08-23
age_cat;6 jour(s);13149966690726534760;Green Pest Services;US;False;1;2026-08-23
age_cat;6 jour(s);13815055003457289004;Hospital Veterinario San Antón;Europe;False;1;2026-08-23
age_cat;6 jour(s);13919628842978940702;Masajes Eróticos Alicante Eternal Massage;Europe;False;1;2026-08-17
age_cat;6 jour(s);14727272453529875622;Active Pest Control;US;False;1;2026-08-12
age_cat;6 jour(s);15030713588446975167;EcoShield Pest Solutions;US;True;1;2026-08-21
age_cat;6 jour(s);15702480480125668198;Fox Rent A Car;US;False;1;2026-08-23
age_cat;6 jour(s);15705776624659968059;Fairway Lawns of Springdale;US;False;1;2026-08-23
age_cat;6 jour(s);15708082090445471212;ABC Home & Commercial Services - Landscaping Department;US;False;1;2026-08-16
age_cat;6 jour(s);15855620533885071362;Auto Bierschneider;Europe;False;1;2026-08-12
age_cat;6 jour(s);15928859670822937545;Pointe Pest Control;US;True;1;2026-08-17
age_cat;6 jour(s);15979917185231430356;A Plus Garage Door Repair;US;False;1;2026-08-23
age_cat;6 jour(s);16385710373382858530;DKamping Village;Europe;False;1;2026-08-18
age_cat;6 jour(s);16549891742331617014;Abilene Dermatology and Skin;US;False;1;2026-08-21
age_cat;6 jour(s);1695214525620865262;Adobe Day Spa and Chiropractics;US;False;1;2026-08-23
age_cat;6 jour(s);17194856329662937823;Hotel Rural Carlos I;Europe;False;1;2026-08-19
age_cat;6 jour(s);17257425285318401586;Hipotels Barrosa Park;Europe;False;1;2026-08-23
age_cat;6 jour(s);17461188179245106693;Bulwark Exterminating;US;True;1;2026-08-17
age_cat;6 jour(s);178064072666686963;EcoShield Pest Solutions;US;True;1;2026-08-20
age_cat;6 jour(s);17855870789663755598;Fox Rent A Car San Diego;US;False;1;2026-08-17
age_cat;6 jour(s);18114601915347633250;Lee M. Angioletti;US;False;1;2026-08-17
age_cat;6 jour(s);18135896731724490192;Coastal Heating and Cooling;US;False;1;2026-08-12
age_cat;6 jour(s);18160242326678368511;Northwest Motor Group;US;False;1;2026-08-15
age_cat;6 jour(s);3088388366389061829;Pointe Pest Control;US;True;1;2026-08-17
age_cat;6 jour(s);319943520006464494;Speakeasy Fitness;US;False;1;2026-08-17
age_cat;6 jour(s);3548043799334044547;Anchor Inn Lodge;US;False;1;2026-08-18
age_cat;6 jour(s);3705572903770911909;Other Place;US;False;1;2026-08-16
age_cat;6 jour(s);4479702789086504102;MedVet Columbus;US;False;1;2026-08-23
age_cat;6 jour(s);4535259281716615882;EcoShield Pest Solutions;US;True;1;2026-08-17
age_cat;6 jour(s);5088659347287832281;Elaya Hotel Stuttgart Boeblingen;Europe;False;1;2026-08-14
age_cat;6 jour(s);5474549633975801069;OUTRIGGER Kauai Beach Resort & Spa;US;False;1;2026-08-15
age_cat;6 jour(s);5618672426900878761;Petfolk Veterinary & Urgent Care - Altamonte Springs;US;False;1;2026-08-18
age_cat;6 jour(s);6208454101415437139;Cénica Porto Hotel, Curio Collection by Hilton;Europe;False;1;2026-08-20
age_cat;6 jour(s);6220232788059998036;Heart and Vascular Care;US;False;1;2026-08-12
age_cat;6 jour(s);6391557302667666156;Babe's Plumbing, Inc. & Fire Sprinklers;US;False;1;2026-08-23
age_cat;6 jour(s);7645830286416566420;Pointe Pest Control;US;True;1;2026-08-19
age_cat;6 jour(s);8173690169693600909;Fox Rent A Car;US;False;1;2026-08-19
age_cat;6 jour(s);8272933981059498407;Heart and Vascular Care;US;False;1;2026-08-23
age_cat;6 jour(s);8303557791751296465;Insight Pest Solutions;US;True;1;2026-08-17
age_cat;6 jour(s);8323898039823195571;Pointe Pest Control;US;True;1;2026-08-16
age_cat;6 jour(s);8357807472690442969;Green Pest Services;US;False;1;2026-08-21
age_cat;6 jour(s);8514033496595338463;Chatham Orthopaedic Associates;US;False;1;2026-08-23
age_cat;6 jour(s);8592193049411979519;EcoShield Pest Solutions;US;True;1;2026-08-19
age_cat;6 jour(s);8675258714044865202;Aqua Plumbing and Air;US;False;1;2026-08-12
age_cat;6 jour(s);9124825751290696378;Loogman Aalsmeer;Europe;False;1;2026-08-15
age_cat;6 jour(s);926727815049071482;sunshine cafe at Beebe;US;False;1;2026-08-12
age_cat;6 jour(s);9330622820452187742;Club Erfurt;Europe;False;1;2026-08-12
age_cat;6 jour(s);9654059427809994128;Carolina Ale House - Greenville-Woodruff;US;False;1;2026-08-22
age_cat;6 jour(s);9951250439450898048;Abba San Sebastian;Europe;False;1;2026-08-17
age_cat;7 jour(s);10746082602604012869;Insight Pest Solutions;US;True;26;2026-08-12, 2026-08-17, 2026-08-18, 2026-08-19, 2026-08-20, 2026-08-22, 2026-08-24
age_cat;7 jour(s);10505273405281271038;Cedar Park Overhead Doors;US;False;14;2026-08-13, 2026-08-15, 2026-08-17, 2026-08-19
age_cat;7 jour(s);3595820309544267485;EcoShield Pest Solutions;US;True;14;2026-08-13, 2026-08-16, 2026-08-19, 2026-08-20, 2026-08-21, 2026-08-24
age_cat;7 jour(s);1697023132609060386;Ichiban Japanese Bistro;US;False;13;2026-08-12, 2026-08-13, 2026-08-16, 2026-08-17, 2026-08-19, 2026-08-20, 2026-08-21
age_cat;7 jour(s);12986326219479165233;Azur Service 06;Europe;False;11;2026-08-20, 2026-08-21, 2026-08-22, 2026-08-23
age_cat;7 jour(s);10789067178806450248;Fitness First Griesheim;Europe;False;10;2026-08-16, 2026-08-17, 2026-08-21
age_cat;7 jour(s);6979673743686913152;EcoShield Pest Solutions;US;True;10;2026-08-12, 2026-08-13, 2026-08-18, 2026-08-19, 2026-08-21, 2026-08-22
age_cat;7 jour(s);6832155753295535633;Insight Pest Solutions;US;True;9;2026-08-12, 2026-08-13, 2026-08-18, 2026-08-19, 2026-08-22, 2026-08-24
age_cat;7 jour(s);6099218902287832250;Ballenoil Albasanz;Europe;False;8;2026-08-16, 2026-08-17, 2026-08-18, 2026-08-19, 2026-08-20, 2026-08-22
age_cat;7 jour(s);6665036569245004844;EcoShield Pest Solutions;US;True;8;2026-08-19, 2026-08-21
age_cat;7 jour(s);12653609458785639661;Delta Sonic Car Wash;US;False;7;2026-08-13, 2026-08-18, 2026-08-21, 2026-08-23
age_cat;7 jour(s);13357493140933391105;Insight Pest Solutions;US;True;7;2026-08-12, 2026-08-13, 2026-08-18, 2026-08-19, 2026-08-24
age_cat;7 jour(s);6864222717854006596;Insight Pest Solutions;US;True;7;2026-08-12, 2026-08-17, 2026-08-18, 2026-08-19, 2026-08-22, 2026-08-24
age_cat;7 jour(s);8592193049411979519;EcoShield Pest Solutions;US;True;7;2026-08-18, 2026-08-19, 2026-08-20, 2026-08-21
age_cat;7 jour(s);10896163602322254565;Mumbai Masala Playa Paraíso;Europe;False;6;2026-08-17, 2026-08-18, 2026-08-21, 2026-08-24
age_cat;7 jour(s);11527874769595828404;Pointe Pest Control;US;True;6;2026-08-12, 2026-08-17, 2026-08-19, 2026-08-20, 2026-08-21
age_cat;7 jour(s);15030713588446975167;EcoShield Pest Solutions;US;True;6;2026-08-19, 2026-08-20, 2026-08-21, 2026-08-24
age_cat;7 jour(s);16011688751403367255;Doral Toyota;US;False;6;2026-08-18, 2026-08-20, 2026-08-21, 2026-08-22, 2026-08-23
age_cat;7 jour(s);17251484945567213252;Globales Simar;Europe;False;6;2026-08-17, 2026-08-18, 2026-08-20, 2026-08-21
age_cat;7 jour(s);8115244571708845709;Cocoa Beach Catamaran;US;False;6;2026-08-12, 2026-08-13, 2026-08-16, 2026-08-19, 2026-08-20
age_cat;7 jour(s);8303557791751296465;Insight Pest Solutions;US;True;6;2026-08-13, 2026-08-15, 2026-08-19, 2026-08-20
age_cat;7 jour(s);11001368659838863228;Pointe Pest Control;US;True;5;2026-08-19, 2026-08-20, 2026-08-24
age_cat;7 jour(s);11752525017306549612;Insight Pest Solutions;US;True;5;2026-08-12, 2026-08-13, 2026-08-18, 2026-08-19
age_cat;7 jour(s);13462096640461798107;Precision Landscaping;US;False;5;2026-08-16, 2026-08-23
age_cat;7 jour(s);16867174010602496547;Northwest Exterminating;US;False;5;2026-08-13, 2026-08-20, 2026-08-21
age_cat;7 jour(s);16932179925125573715;Pointe Pest Control;US;True;5;2026-08-19, 2026-08-20, 2026-08-21
age_cat;7 jour(s);3464619508278537951;Chatham Orthopaedic Associates;US;False;5;2026-08-17, 2026-08-18, 2026-08-19, 2026-08-20
age_cat;7 jour(s);4433090577107943247;EcoShield Pest Solutions;US;True;5;2026-08-16, 2026-08-19, 2026-08-23
age_cat;7 jour(s);11660062678522630526;Sierra Pacific Orthopedics;US;False;4;2026-08-18, 2026-08-20
age_cat;7 jour(s);1320861146435177408;Fox Rent A Car Denver;US;False;4;2026-08-16, 2026-08-17, 2026-08-23
age_cat;7 jour(s);146333011060678538;Northwest Exterminating;US;False;4;2026-08-13, 2026-08-21
age_cat;7 jour(s);16248341169641882523;Insight Pest Solutions;US;True;4;2026-08-15, 2026-08-17, 2026-08-21
age_cat;7 jour(s);4479702789086504102;MedVet Columbus;US;False;4;2026-08-20, 2026-08-23
age_cat;7 jour(s);5063341140303696786;Pointe Pest Control;US;True;4;2026-08-19, 2026-08-20, 2026-08-24
age_cat;7 jour(s);8117786734318428670;Sunshine Ballooning;Europe;False;4;2026-08-17, 2026-08-18, 2026-08-23
age_cat;7 jour(s);8272933981059498407;Heart and Vascular Care;US;False;4;2026-08-19, 2026-08-21, 2026-08-24
age_cat;7 jour(s);8675258714044865202;Aqua Plumbing and Air;US;False;4;2026-08-12, 2026-08-13
age_cat;7 jour(s);10907116412041709754;Pointe Pest Control;US;True;3;2026-08-18, 2026-08-20
age_cat;7 jour(s);11183164932977516690;Insight Pest Solutions;US;True;3;2026-08-13, 2026-08-19
age_cat;7 jour(s);12701978682932507204;Viva Day Spa and Med Spa;US;False;3;2026-08-12, 2026-08-21
age_cat;7 jour(s);13149966690726534760;Green Pest Services;US;False;3;2026-08-21
age_cat;7 jour(s);13228969405843925211;Pointe Pest Control;US;True;3;2026-08-15, 2026-08-18, 2026-08-21
age_cat;7 jour(s);14825598912279374964;Chatham Sports Medicine & Physical Therapy;US;False;3;2026-08-13, 2026-08-18, 2026-08-21
age_cat;7 jour(s);14933790454100186775;Pointe Pest Control;US;True;3;2026-08-13, 2026-08-17, 2026-08-21
age_cat;7 jour(s);15705776624659968059;Fairway Lawns of Springdale;US;False;3;2026-08-18, 2026-08-24
age_cat;7 jour(s);16201181649805957681;Heart and Vascular Care;US;False;3;2026-08-13, 2026-08-17, 2026-08-20
age_cat;7 jour(s);17855870789663755598;Fox Rent A Car San Diego;US;False;3;2026-08-16, 2026-08-17
age_cat;7 jour(s);2034461622997448093;Bulwark Exterminating;US;True;3;2026-08-19, 2026-08-21
age_cat;7 jour(s);2220821433190157995;Alannia Salou;Europe;False;3;2026-08-24
age_cat;7 jour(s);3088388366389061829;Pointe Pest Control;US;True;3;2026-08-19, 2026-08-20, 2026-08-21
age_cat;7 jour(s);3164305209948048623;Pointe Pest Control;US;True;3;2026-08-21, 2026-08-24
age_cat;7 jour(s);6278096211291522244;Active Pest Control;US;False;3;2026-08-19, 2026-08-20
age_cat;7 jour(s);718178259547467488;Pointe Pest Control;US;True;3;2026-08-13, 2026-08-17, 2026-08-21
age_cat;7 jour(s);7626411052152447263;The Spa at Cedarbrook Lodge;US;False;3;2026-08-15, 2026-08-16, 2026-08-19
age_cat;7 jour(s);7645830286416566420;Pointe Pest Control;US;True;3;2026-08-16, 2026-08-20
age_cat;7 jour(s);817498439303474635;EcoShield Pest Solutions;US;True;3;2026-08-12, 2026-08-19
age_cat;7 jour(s);8256016555611678921;Solve Pest Pros;US;False;3;2026-08-17, 2026-08-18, 2026-08-19
age_cat;7 jour(s);8514033496595338463;Chatham Orthopaedic Associates;US;False;3;2026-08-17, 2026-08-19, 2026-08-21
age_cat;7 jour(s);9284506857513497045;ABC Home & Commercial Services;US;False;3;2026-08-15, 2026-08-21, 2026-08-22
age_cat;7 jour(s);9921186577906344541;A Plus Plumbing;US;False;3;2026-08-19, 2026-08-20, 2026-08-24
age_cat;7 jour(s);11746939377458501797;Green Pest Services;US;False;2;2026-08-20, 2026-08-22
age_cat;7 jour(s);11882525582487875452;Northwest Exterminating;US;False;2;2026-08-17, 2026-08-19
age_cat;7 jour(s);12162999256610465653;Pointe Pest Control;US;True;2;2026-08-18, 2026-08-21
age_cat;7 jour(s);12179770780704989290;Dojo Studio;US;False;2;2026-08-13, 2026-08-23
age_cat;7 jour(s);13048717007599713286;Nu Car Rentals;US;False;2;2026-08-18
age_cat;7 jour(s);13919628842978940702;Masajes Eróticos Alicante Eternal Massage;Europe;False;2;2026-08-16, 2026-08-23
age_cat;7 jour(s);16549891742331617014;Abilene Dermatology and Skin;US;False;2;2026-08-20, 2026-08-22
age_cat;7 jour(s);17160257379698395021;Michael R Martineau;US;False;2;2026-08-20
age_cat;7 jour(s);17461188179245106693;Bulwark Exterminating;US;True;2;2026-08-17
age_cat;7 jour(s);178064072666686963;EcoShield Pest Solutions;US;True;2;2026-08-18, 2026-08-19
age_cat;7 jour(s);18087544658842131373;Pointe Pest Control;US;True;2;2026-08-19, 2026-08-21
age_cat;7 jour(s);18371253483526610359;Bulwark Exterminating;US;True;2;2026-08-21, 2026-08-24
age_cat;7 jour(s);2680144292534599937;HT Fitness;US;False;2;2026-08-13, 2026-08-24
age_cat;7 jour(s);2699950723330237401;Tanner Clinic;US;False;2;2026-08-17, 2026-08-20
age_cat;7 jour(s);3203854443950401309;HT Fitness;US;False;2;2026-08-19, 2026-08-21
age_cat;7 jour(s);3274891443999828364;Elevate Fitness;US;False;2;2026-08-21
age_cat;7 jour(s);3352767676680426036;Solve Pest Pros;US;False;2;2026-08-21
age_cat;7 jour(s);3932259871970128515;Alaska Fracture and Orthopedic Clinic;US;False;2;2026-08-20, 2026-08-21
age_cat;7 jour(s);5480379830228378813;Polo line - vacation rentals;Europe;False;2;2026-08-20, 2026-08-24
age_cat;7 jour(s);6220232788059998036;Heart and Vascular Care;US;False;2;2026-08-19, 2026-08-20
age_cat;7 jour(s);6360580975601342886;Carolina Ale House;US;False;2;2026-08-16
age_cat;7 jour(s);8173690169693600909;Fox Rent A Car;US;False;2;2026-08-18, 2026-08-22
age_cat;7 jour(s);8282528182233977034;Cape Coral Boat Cruises;US;False;2;2026-08-16, 2026-08-21
age_cat;7 jour(s);8323898039823195571;Pointe Pest Control;US;True;2;2026-08-20, 2026-08-23
age_cat;7 jour(s);845684297895448830;Globales Apartamentos Montemar;Europe;False;2;2026-08-23
age_cat;7 jour(s);8864246763002325033;Nu Car Rental;US;False;2;2026-08-20
age_cat;7 jour(s);9773764681262796319;Fox Rent A Car Miami;US;False;2;2026-08-17, 2026-08-18
age_cat;7 jour(s);10121891181019347598;Fox Rent A Car;US;False;1;2026-08-20
age_cat;7 jour(s);10647645013357446509;Pointe Pest Control;US;True;1;2026-08-19
age_cat;7 jour(s);11253624861875245129;EcoShield Pest Solutions;US;True;1;2026-08-18
age_cat;7 jour(s);11381632064786343361;Bobcat Wildlife & Pest Management;US;False;1;2026-08-21
age_cat;7 jour(s);11509551004547941596;Green Elite Pompy Ciepła;Europe;False;1;2026-08-20
age_cat;7 jour(s);12242899512208579596;Insight Pest Solutions;US;True;1;2026-08-16
age_cat;7 jour(s);12466888218085323989;MedVet Cleveland;US;False;1;2026-08-17
age_cat;7 jour(s);12523973092132012183;EcoShield Pest Solutions;US;True;1;2026-08-17
age_cat;7 jour(s);12971538955295795353;West Shore Home;US;False;1;2026-08-23
age_cat;7 jour(s);13142875894045715065;Green Pest Services;US;False;1;2026-08-22
age_cat;7 jour(s);13454390046806476880;Hand and Stone Massage and Facial Spa;US;False;1;2026-08-23
age_cat;7 jour(s);13609296054599897306;AmeriVu Inn & Suites - Chisago City;US;False;1;2026-08-16
age_cat;7 jour(s);14696288889803762717;Auto Bierschneider;Europe;False;1;2026-08-19
age_cat;7 jour(s);15168756511886563707;Dermatology Affiliates;US;False;1;2026-08-21
age_cat;7 jour(s);15608058152450039001;Automecanica Castro;Europe;False;1;2026-08-23
age_cat;7 jour(s);15702480480125668198;Fox Rent A Car;US;False;1;2026-08-24
age_cat;7 jour(s);16069512827606530358;Courtyard by Marriott Hanover Whippany;US;False;1;2026-08-18
age_cat;7 jour(s);16469337811496657191;Pointe Pest Control;US;True;1;2026-08-20
age_cat;7 jour(s);16880400502719876773;Pointe Pest Control;US;True;1;2026-08-24
age_cat;7 jour(s);16894789784437684017;Delta Sonic Car Wash;US;False;1;2026-08-24
age_cat;7 jour(s);1695214525620865262;Adobe Day Spa and Chiropractics;US;False;1;2026-08-22
age_cat;7 jour(s);17268827580324391692;Detailcar Larios;Europe;False;1;2026-08-20
age_cat;7 jour(s);17297052927911918590;Hertz Autovermietung;Europe;False;1;2026-08-12
age_cat;7 jour(s);18135896731724490192;Coastal Heating and Cooling;US;False;1;2026-08-24
age_cat;7 jour(s);1943990090783039974;United Air Temp;US;False;1;2026-08-22
age_cat;7 jour(s);2420138228954020213;Elite House Cleaning Mesa;US;False;1;2026-08-19
age_cat;7 jour(s);2423693438449052039;Bulwark Exterminating;US;True;1;2026-08-19
age_cat;7 jour(s);2549079542246731788;MXO Rooftop;Europe;False;1;2026-08-18
age_cat;7 jour(s);2799040813008286606;Tipsy Tiki Fmb;US;False;1;2026-08-22
age_cat;7 jour(s);2951464077965952484;Margaritaville Beach Hotel;US;False;1;2026-08-20
age_cat;7 jour(s);3187607110245052706;Denali Park Zipline;US;False;1;2026-08-20
age_cat;7 jour(s);357179753298412712;Camping Adriatico;Europe;False;1;2026-08-16
age_cat;7 jour(s);3808829296411201732;HDS Munich;Europe;False;1;2026-08-17
age_cat;7 jour(s);3874911723232599474;ABC Home & Commercial Services;US;False;1;2026-08-20
age_cat;7 jour(s);4350811955412203628;Streetside Classics;US;False;1;2026-08-22
age_cat;7 jour(s);4397473550123468841;Adventure Dental, Vision and Orthodontics;US;False;1;2026-08-13
age_cat;7 jour(s);4535259281716615882;EcoShield Pest Solutions;US;True;1;2026-08-19
age_cat;7 jour(s);471022147629183520;Insight Pest Solutions;US;True;1;2026-08-12
age_cat;7 jour(s);5049402211849837299;Cuisine Plus Saint Nazaire;Europe;False;1;2026-08-17
age_cat;7 jour(s);5050554609943149474;Samesun Hollywood;US;False;1;2026-08-15
age_cat;7 jour(s);5474549633975801069;OUTRIGGER Kauai Beach Resort & Spa;US;False;1;2026-08-20
age_cat;7 jour(s);5618672426900878761;Petfolk Veterinary & Urgent Care - Altamonte Springs;US;False;1;2026-08-22
age_cat;7 jour(s);6289730490558979524;Bulwark Exterminating;US;True;1;2026-08-19
age_cat;7 jour(s);6453711745241527355;Premier Pest Control LLC;US;False;1;2026-08-21
age_cat;7 jour(s);7613905074252745810;EcoShield Pest Solutions;US;True;1;2026-08-13
age_cat;7 jour(s);7864325941761932328;Globales Maioris;Europe;False;1;2026-08-21
age_cat;7 jour(s);8295483025098590212;Parker Cornea;US;False;1;2026-08-12
age_cat;7 jour(s);8357807472690442969;Green Pest Services;US;False;1;2026-08-17
age_cat;7 jour(s);915220753679008263;Fairway Lawns of Tulsa;US;False;1;2026-08-20
age_cat;7 jour(s);926727815049071482;sunshine cafe at Beebe;US;False;1;2026-08-16
age_cat;8 jour(s);8592193049411979519;EcoShield Pest Solutions;US;True;6;2026-08-16
age_cat;8 jour(s);10746082602604012869;Insight Pest Solutions;US;True;4;2026-08-16
age_cat;8 jour(s);10789067178806450248;Fitness First Griesheim;Europe;False;4;2026-08-14, 2026-08-17, 2026-08-23
age_cat;8 jour(s);11882525582487875452;Northwest Exterminating;US;False;4;2026-08-15, 2026-08-22, 2026-08-23
age_cat;8 jour(s);10505273405281271038;Cedar Park Overhead Doors;US;False;3;2026-08-15, 2026-08-20, 2026-08-22
age_cat;8 jour(s);12653609458785639661;Delta Sonic Car Wash;US;False;3;2026-08-12, 2026-08-23
age_cat;8 jour(s);178064072666686963;EcoShield Pest Solutions;US;True;3;2026-08-16, 2026-08-21
age_cat;8 jour(s);7864325941761932328;Globales Maioris;Europe;False;3;2026-08-22
age_cat;8 jour(s);817498439303474635;EcoShield Pest Solutions;US;True;3;2026-08-12, 2026-08-16
age_cat;8 jour(s);10907116412041709754;Pointe Pest Control;US;True;2;2026-08-16
age_cat;8 jour(s);11183164932977516690;Insight Pest Solutions;US;True;2;2026-08-15, 2026-08-22
age_cat;8 jour(s);1170749740403083425;WestVet Boise;US;False;2;2026-08-19, 2026-08-23
age_cat;8 jour(s);146333011060678538;Northwest Exterminating;US;False;2;2026-08-16, 2026-08-23
age_cat;8 jour(s);16248341169641882523;Insight Pest Solutions;US;True;2;2026-08-16, 2026-08-23
age_cat;8 jour(s);1697023132609060386;Ichiban Japanese Bistro;US;False;2;2026-08-16, 2026-08-22
age_cat;8 jour(s);3164305209948048623;Pointe Pest Control;US;True;2;2026-08-16, 2026-08-21
age_cat;8 jour(s);3862407046066641134;Overhead Door Co Of Norwich;US;False;2;2026-08-21
age_cat;8 jour(s);4433090577107943247;EcoShield Pest Solutions;US;True;2;2026-08-16
age_cat;8 jour(s);6360580975601342886;Carolina Ale House;US;False;2;2026-08-16, 2026-08-19
age_cat;8 jour(s);6864222717854006596;Insight Pest Solutions;US;True;2;2026-08-16, 2026-08-22
age_cat;8 jour(s);7096371038011001168;Route 46 Chrysler Jeep Dodge;US;False;2;2026-08-18, 2026-08-21
age_cat;8 jour(s);8117786734318428670;Sunshine Ballooning;Europe;False;2;2026-08-17, 2026-08-23
age_cat;8 jour(s);10211842138860800782;Renault Saint-Etienne - Groupe Thivolle;Europe;False;1;2026-08-21
age_cat;8 jour(s);10535711495689713124;SkinSpirit Del Mar;US;False;1;2026-08-15
age_cat;8 jour(s);11098111536113255078;Hotel Alunis Health Spa;Europe;False;1;2026-08-17
age_cat;8 jour(s);11121079175657752605;Ježevac Premium Camping Resort by Valamar;Europe;False;1;2026-08-22
age_cat;8 jour(s);11527874769595828404;Pointe Pest Control;US;True;1;2026-08-16
age_cat;8 jour(s);11752525017306549612;Insight Pest Solutions;US;True;1;2026-08-16
age_cat;8 jour(s);118597015968253014;EcoShield Pest Solutions Chicago East;US;False;1;2026-08-16
age_cat;8 jour(s);12106990848959314672;Hotel Arc-en-ciel;Europe;False;1;2026-08-17
age_cat;8 jour(s);12466888218085323989;MedVet Cleveland;US;False;1;2026-08-12
age_cat;8 jour(s);12971538955295795353;West Shore Home;US;False;1;2026-08-22
age_cat;8 jour(s);12986326219479165233;Azur Service 06;Europe;False;1;2026-08-21
age_cat;8 jour(s);13048717007599713286;Nu Car Rentals;US;False;1;2026-08-19
age_cat;8 jour(s);13142875894045715065;Green Pest Services;US;False;1;2026-08-22
age_cat;8 jour(s);1320861146435177408;Fox Rent A Car Denver;US;False;1;2026-08-16
age_cat;8 jour(s);13357493140933391105;Insight Pest Solutions;US;True;1;2026-08-16
age_cat;8 jour(s);13463525768309466593;Tip Top Garage Doors;US;False;1;2026-08-23
age_cat;8 jour(s);14298233888485556219;Club Berlin Prenzlauer Berg;Europe;False;1;2026-08-18
age_cat;8 jour(s);14451738291215002268;ProCare Collision;US;False;1;2026-08-12
age_cat;8 jour(s);14651399241385512560;Insight Pest Solutions;US;True;1;2026-08-21
age_cat;8 jour(s);14735279916841429950;Ranger Motel;US;False;1;2026-08-24
age_cat;8 jour(s);15608058152450039001;Automecanica Castro;Europe;False;1;2026-08-24
age_cat;8 jour(s);15928859670822937545;Pointe Pest Control;US;True;1;2026-08-14
age_cat;8 jour(s);16011688751403367255;Doral Toyota;US;False;1;2026-08-23
age_cat;8 jour(s);16549891742331617014;Abilene Dermatology and Skin;US;False;1;2026-08-20
age_cat;8 jour(s);16867174010602496547;Northwest Exterminating;US;False;1;2026-08-16
age_cat;8 jour(s);16894789784437684017;Delta Sonic Car Wash;US;False;1;2026-08-16
age_cat;8 jour(s);17027544060444986973;Hipotels Bahía Grande;Europe;False;1;2026-08-20
age_cat;8 jour(s);17256331860806033159;Happy Head Foot Reflexology and Massage;US;False;1;2026-08-22
age_cat;8 jour(s);17461188179245106693;Bulwark Exterminating;US;True;1;2026-08-12
age_cat;8 jour(s);18132941267052248039;Just Refreshed Aesthetics;US;False;1;2026-08-18
age_cat;8 jour(s);1943990090783039974;United Air Temp;US;False;1;2026-08-22
age_cat;8 jour(s);2799040813008286606;Tipsy Tiki Fmb;US;False;1;2026-08-23
age_cat;8 jour(s);3204333037205289385;Cuisinella Val d'Europe;Europe;False;1;2026-08-14
age_cat;8 jour(s);3856632261014919795;Keyless Shop Locksmith;US;False;1;2026-08-16
age_cat;8 jour(s);4479702789086504102;MedVet Columbus;US;False;1;2026-08-20
age_cat;8 jour(s);5063341140303696786;Pointe Pest Control;US;True;1;2026-08-21
age_cat;8 jour(s);5480379830228378813;Polo line - vacation rentals;Europe;False;1;2026-08-21
age_cat;8 jour(s);5618672426900878761;Petfolk Veterinary & Urgent Care - Altamonte Springs;US;False;1;2026-08-16
age_cat;8 jour(s);5767747242108722390;AIRE Ancient Baths Chicago;US;False;1;2026-08-22
age_cat;8 jour(s);6099218902287832250;Ballenoil Albasanz;Europe;False;1;2026-08-14
age_cat;8 jour(s);6289730490558979524;Bulwark Exterminating;US;True;1;2026-08-19
age_cat;8 jour(s);6832155753295535633;Insight Pest Solutions;US;True;1;2026-08-16
age_cat;8 jour(s);6979673743686913152;EcoShield Pest Solutions;US;True;1;2026-08-16
age_cat;8 jour(s);7127113031759927143;Buchanan Classics;US;False;1;2026-08-22
age_cat;8 jour(s);7478870134232076043;Rocky Mountain Balloon Adventures;US;False;1;2026-08-22
age_cat;8 jour(s);7613905074252745810;EcoShield Pest Solutions;US;True;1;2026-08-16
age_cat;8 jour(s);7651945305551643280;Chania Boat Tours;Europe;False;1;2026-08-21
age_cat;8 jour(s);8173690169693600909;Fox Rent A Car;US;False;1;2026-08-20
age_cat;8 jour(s);8272933981059498407;Heart and Vascular Care;US;False;1;2026-08-20
age_cat;8 jour(s);8323898039823195571;Pointe Pest Control;US;True;1;2026-08-15
age_cat;8 jour(s);8662000526093675280;Comfort Hotel Porsgrunn;Europe;False;1;2026-08-19
age_cat;8 jour(s);9124825751290696378;Loogman Aalsmeer;Europe;False;1;2026-08-16
age_cat;8 jour(s);9284506857513497045;ABC Home & Commercial Services;US;False;1;2026-08-15
age_cat;8 jour(s);9773764681262796319;Fox Rent A Car Miami;US;False;1;2026-08-16
age_cat;9 à 13 jours;10746082602604012869;Insight Pest Solutions;US;True;13;2026-08-15, 2026-08-16, 2026-08-17, 2026-08-20
age_cat;9 à 13 jours;7864325941761932328;Globales Maioris;Europe;False;9;2026-08-21, 2026-08-22
age_cat;9 à 13 jours;11468972147098209639;Lash and Company Med Spa - Centennial;US;False;7;2026-08-24
age_cat;9 à 13 jours;10346942689164695031;The Boxer Club;Europe;True;6;2026-08-13, 2026-08-14, 2026-08-17
age_cat;9 à 13 jours;118597015968253014;EcoShield Pest Solutions Chicago East;US;False;6;2026-08-17
age_cat;9 à 13 jours;15030713588446975167;EcoShield Pest Solutions;US;True;6;2026-08-20
age_cat;9 à 13 jours;2034461622997448093;Bulwark Exterminating;US;True;6;2026-08-16, 2026-08-17
age_cat;9 à 13 jours;10896163602322254565;Mumbai Masala Playa Paraíso;Europe;False;5;2026-08-18, 2026-08-19, 2026-08-20, 2026-08-21
age_cat;9 à 13 jours;12242899512208579596;Insight Pest Solutions;US;True;5;2026-08-16
age_cat;9 à 13 jours;3595820309544267485;EcoShield Pest Solutions;US;True;5;2026-08-16, 2026-08-17
age_cat;9 à 13 jours;5050554609943149474;Samesun Hollywood;US;False;5;2026-08-16, 2026-08-17
age_cat;9 à 13 jours;6289730490558979524;Bulwark Exterminating;US;True;5;2026-08-19, 2026-08-20
age_cat;9 à 13 jours;8256016555611678921;Solve Pest Pros;US;False;5;2026-08-16, 2026-08-24
age_cat;9 à 13 jours;16549891742331617014;Abilene Dermatology and Skin;US;False;4;2026-08-16, 2026-08-17
age_cat;9 à 13 jours;16894789784437684017;Delta Sonic Car Wash;US;False;4;2026-08-16
age_cat;9 à 13 jours;1697023132609060386;Ichiban Japanese Bistro;US;False;4;2026-08-16
age_cat;9 à 13 jours;1943990090783039974;United Air Temp;US;False;4;2026-08-22, 2026-08-23
age_cat;9 à 13 jours;3088388366389061829;Pointe Pest Control;US;True;4;2026-08-16, 2026-08-17
age_cat;9 à 13 jours;4479702789086504102;MedVet Columbus;US;False;4;2026-08-20
age_cat;9 à 13 jours;6220232788059998036;Heart and Vascular Care;US;False;4;2026-08-16
age_cat;9 à 13 jours;6665036569245004844;EcoShield Pest Solutions;US;True;4;2026-08-16
age_cat;9 à 13 jours;6832155753295535633;Insight Pest Solutions;US;True;4;2026-08-16
age_cat;9 à 13 jours;7478870134232076043;Rocky Mountain Balloon Adventures;US;False;4;2026-08-22, 2026-08-23
age_cat;9 à 13 jours;817498439303474635;EcoShield Pest Solutions;US;True;4;2026-08-16, 2026-08-19
age_cat;9 à 13 jours;8592193049411979519;EcoShield Pest Solutions;US;True;4;2026-08-16, 2026-08-17
age_cat;9 à 13 jours;10505273405281271038;Cedar Park Overhead Doors;US;False;3;2026-08-16
age_cat;9 à 13 jours;11527874769595828404;Pointe Pest Control;US;True;3;2026-08-16
age_cat;9 à 13 jours;12466888218085323989;MedVet Cleveland;US;False;3;2026-08-16, 2026-08-17
age_cat;9 à 13 jours;12653609458785639661;Delta Sonic Car Wash;US;False;3;2026-08-15, 2026-08-24
age_cat;9 à 13 jours;15083526705897946018;Heart and Vascular Care;US;False;3;2026-08-17, 2026-08-23
age_cat;9 à 13 jours;15168756511886563707;Dermatology Affiliates;US;False;3;2026-08-20
age_cat;9 à 13 jours;16201181649805957681;Heart and Vascular Care;US;False;3;2026-08-16
age_cat;9 à 13 jours;16932179925125573715;Pointe Pest Control;US;True;3;2026-08-16, 2026-08-17
age_cat;9 à 13 jours;2423693438449052039;Bulwark Exterminating;US;True;3;2026-08-16, 2026-08-17
age_cat;9 à 13 jours;3352767676680426036;Solve Pest Pros;US;False;3;2026-08-21, 2026-08-22
age_cat;9 à 13 jours;4433090577107943247;EcoShield Pest Solutions;US;True;3;2026-08-16, 2026-08-19
age_cat;9 à 13 jours;4535259281716615882;EcoShield Pest Solutions;US;True;3;2026-08-16
age_cat;9 à 13 jours;6864222717854006596;Insight Pest Solutions;US;True;3;2026-08-16
age_cat;9 à 13 jours;7626411052152447263;The Spa at Cedarbrook Lodge;US;False;3;2026-08-16, 2026-08-17
age_cat;9 à 13 jours;8675258714044865202;Aqua Plumbing and Air;US;False;3;2026-08-16, 2026-08-19
age_cat;9 à 13 jours;10121891181019347598;Fox Rent A Car;US;False;2;2026-08-16
age_cat;9 à 13 jours;10647645013357446509;Pointe Pest Control;US;True;2;2026-08-16
age_cat;9 à 13 jours;11183164932977516690;Insight Pest Solutions;US;True;2;2026-08-16
age_cat;9 à 13 jours;11752525017306549612;Insight Pest Solutions;US;True;2;2026-08-16
age_cat;9 à 13 jours;12162999256610465653;Pointe Pest Control;US;True;2;2026-08-16, 2026-08-17
age_cat;9 à 13 jours;12971538955295795353;West Shore Home;US;False;2;2026-08-21, 2026-08-22
age_cat;9 à 13 jours;13142875894045715065;Green Pest Services;US;False;2;2026-08-21
age_cat;9 à 13 jours;13357493140933391105;Insight Pest Solutions;US;True;2;2026-08-16
age_cat;9 à 13 jours;15928859670822937545;Pointe Pest Control;US;True;2;2026-08-16, 2026-08-17
age_cat;9 à 13 jours;16469337811496657191;Pointe Pest Control;US;True;2;2026-08-16
age_cat;9 à 13 jours;17202679942767108315;ABC Home & Commercial Services;US;False;2;2026-08-16
age_cat;9 à 13 jours;17461188179245106693;Bulwark Exterminating;US;True;2;2026-08-17
age_cat;9 à 13 jours;2699950723330237401;Tanner Clinic;US;False;2;2026-08-16
age_cat;9 à 13 jours;8115244571708845709;Cocoa Beach Catamaran;US;False;2;2026-08-16
age_cat;9 à 13 jours;8117786734318428670;Sunshine Ballooning;Europe;False;2;2026-08-18
age_cat;9 à 13 jours;8295483025098590212;Parker Cornea;US;False;2;2026-08-16
age_cat;9 à 13 jours;8514033496595338463;Chatham Orthopaedic Associates;US;False;2;2026-08-16, 2026-08-20
age_cat;9 à 13 jours;9026909565558195702;ABC Home & Commercial Services;US;False;2;2026-08-23
age_cat;9 à 13 jours;9284506857513497045;ABC Home & Commercial Services;US;False;2;2026-08-15, 2026-08-16
age_cat;9 à 13 jours;10204432935619217142;Liberty GYM Burnhaupt-le-bas;Europe;False;1;2026-08-15
age_cat;9 à 13 jours;10601184521827317877;Le Palme;Europe;False;1;2026-08-24
age_cat;9 à 13 jours;10789067178806450248;Fitness First Griesheim;Europe;False;1;2026-08-21
age_cat;9 à 13 jours;10907116412041709754;Pointe Pest Control;US;True;1;2026-08-16
age_cat;9 à 13 jours;11381632064786343361;Bobcat Wildlife & Pest Management;US;False;1;2026-08-16
age_cat;9 à 13 jours;11593746449727099110;Premier Eyecare;US;False;1;2026-08-16
age_cat;9 à 13 jours;11660062678522630526;Sierra Pacific Orthopedics;US;False;1;2026-08-16
age_cat;9 à 13 jours;11746939377458501797;Green Pest Services;US;False;1;2026-08-16
age_cat;9 à 13 jours;11882525582487875452;Northwest Exterminating;US;False;1;2026-08-16
age_cat;9 à 13 jours;11979469692631411558;Cleys Waasmunster;Europe;False;1;2026-08-21
age_cat;9 à 13 jours;12523973092132012183;EcoShield Pest Solutions;US;True;1;2026-08-17
age_cat;9 à 13 jours;12785457364507400376;ABC Home & Commercial Services;US;False;1;2026-08-16
age_cat;9 à 13 jours;12924136556389994153;ABC Home & Commercial Services;US;False;1;2026-08-16
age_cat;9 à 13 jours;13048717007599713286;Nu Car Rentals;US;False;1;2026-08-20
age_cat;9 à 13 jours;13149966690726534760;Green Pest Services;US;False;1;2026-08-16
age_cat;9 à 13 jours;13259321554512244271;Massage & Spa;US;False;1;2026-08-16
age_cat;9 à 13 jours;13282009709348196868;Camping la Breteche 3 stars;Europe;False;1;2026-08-21
age_cat;9 à 13 jours;13454390046806476880;Hand and Stone Massage and Facial Spa;US;False;1;2026-08-16
age_cat;9 à 13 jours;14362882724000770461;Cuisinella;Europe;False;1;2026-08-17
age_cat;9 à 13 jours;14365492306530390455;Zefiro Experience Tour in Catamarano - Sardegna;Europe;False;1;2026-08-14
age_cat;9 à 13 jours;14480382855388711513;HT Fitness;US;False;1;2026-08-19
age_cat;9 à 13 jours;146333011060678538;Northwest Exterminating;US;False;1;2026-08-17
age_cat;9 à 13 jours;14727272453529875622;Active Pest Control;US;False;1;2026-08-16
age_cat;9 à 13 jours;14825598912279374964;Chatham Sports Medicine & Physical Therapy;US;False;1;2026-08-16
age_cat;9 à 13 jours;14933790454100186775;Pointe Pest Control;US;True;1;2026-08-16
age_cat;9 à 13 jours;15615984558165321771;Dermatology Affiliates (East Cobb);US;False;1;2026-08-16
age_cat;9 à 13 jours;15702480480125668198;Fox Rent A Car;US;False;1;2026-08-23
age_cat;9 à 13 jours;15979917185231430356;A Plus Garage Door Repair;US;False;1;2026-08-17
age_cat;9 à 13 jours;16011688751403367255;Doral Toyota;US;False;1;2026-08-16
age_cat;9 à 13 jours;16248341169641882523;Insight Pest Solutions;US;True;1;2026-08-16
age_cat;9 à 13 jours;16867174010602496547;Northwest Exterminating;US;False;1;2026-08-16
age_cat;9 à 13 jours;16880400502719876773;Pointe Pest Control;US;True;1;2026-08-16
age_cat;9 à 13 jours;17251484945567213252;Globales Simar;Europe;False;1;2026-08-18
age_cat;9 à 13 jours;17855870789663755598;Fox Rent A Car San Diego;US;False;1;2026-08-16
age_cat;9 à 13 jours;17897632292626765009;AniCura Kleintierspezialisten Augsburg;Europe;False;1;2026-08-20
age_cat;9 à 13 jours;18371253483526610359;Bulwark Exterminating;US;True;1;2026-08-16
age_cat;9 à 13 jours;2049285413475066406;Top Quality Roofing & Siding;US;False;1;2026-08-13
age_cat;9 à 13 jours;2220821433190157995;Alannia Salou;Europe;False;1;2026-08-24
age_cat;9 à 13 jours;2549079542246731788;MXO Rooftop;Europe;False;1;2026-08-21
age_cat;9 à 13 jours;2817059610110232751;Green Pest Services;US;False;1;2026-08-16
age_cat;9 à 13 jours;3163466139043001754;Boutique The Boxer Club Dr Castelo;Europe;True;1;2026-08-15
age_cat;9 à 13 jours;3164305209948048623;Pointe Pest Control;US;True;1;2026-08-17
age_cat;9 à 13 jours;3187607110245052706;Denali Park Zipline;US;False;1;2026-08-17
age_cat;9 à 13 jours;3203854443950401309;HT Fitness;US;False;1;2026-08-16
age_cat;9 à 13 jours;3478475095175863634;UNA Hotel Bologna;Europe;False;1;2026-08-24
age_cat;9 à 13 jours;3792836982665205875;Camping Les Sirènes - Campéole;Europe;False;1;2026-08-20
age_cat;9 à 13 jours;3808829296411201732;HDS Munich;Europe;False;1;2026-08-14
age_cat;9 à 13 jours;3862407046066641134;Overhead Door Co Of Norwich;US;False;1;2026-08-18
age_cat;9 à 13 jours;3881615387971294091;Spa Zuiver;Europe;False;1;2026-08-21
age_cat;9 à 13 jours;4085625843546614708;Red Rocks Locksmith North Denver;US;False;1;2026-08-19
age_cat;9 à 13 jours;4272684922168596772;Bulwark Exterminating Corporate;US;False;1;2026-08-22
age_cat;9 à 13 jours;4350811955412203628;Streetside Classics;US;False;1;2026-08-22
age_cat;9 à 13 jours;4397473550123468841;Adventure Dental, Vision and Orthodontics;US;False;1;2026-08-16
age_cat;9 à 13 jours;5049402211849837299;Cuisine Plus Saint Nazaire;Europe;False;1;2026-08-19
age_cat;9 à 13 jours;5291096098763143504;Pizza Hut Express;Europe;False;1;2026-08-19
age_cat;9 à 13 jours;5618672426900878761;Petfolk Veterinary & Urgent Care - Altamonte Springs;US;False;1;2026-08-16
age_cat;9 à 13 jours;587102981669669421;Vakantiepark Capfun De Rotonde;Europe;False;1;2026-08-14
age_cat;9 à 13 jours;6099218902287832250;Ballenoil Albasanz;Europe;False;1;2026-08-21
age_cat;9 à 13 jours;6360580975601342886;Carolina Ale House;US;False;1;2026-08-19
age_cat;9 à 13 jours;6622258630771505951;Bulwark Exterminating;US;True;1;2026-08-21
age_cat;9 à 13 jours;6869486844088751364;Rosa Bonheur à l'Ouest;Europe;False;1;2026-08-19
age_cat;9 à 13 jours;7613905074252745810;EcoShield Pest Solutions;US;True;1;2026-08-16
age_cat;9 à 13 jours;7645830286416566420;Pointe Pest Control;US;True;1;2026-08-16
age_cat;9 à 13 jours;7868713708357852976;ScrubaDub Car Wash;US;False;1;2026-08-23
age_cat;9 à 13 jours;8272933981059498407;Heart and Vascular Care;US;False;1;2026-08-16
age_cat;9 à 13 jours;8357807472690442969;Green Pest Services;US;False;1;2026-08-17
age_cat;9 à 13 jours;9202959950480882588;AIRE Ancient Baths;US;False;1;2026-08-20
age_cat;9 à 13 jours;9555804487296852186;Homemade Taqueria Meeker Ave;US;False;1;2026-08-20
age_cat;9 à 13 jours;9921186577906344541;A Plus Plumbing;US;False;1;2026-08-20
age_cat;9 à 13 jours;9955525685526011894;Reno Massage Tree;US;False;1;2026-08-16
avis_auteur;1 avis ou moins;10746082602604012869;Insight Pest Solutions;US;True;28;2026-08-12, 2026-08-16, 2026-08-17, 2026-08-18, 2026-08-19, 2026-08-20, 2026-08-21, 2026-08-22, 2026-08-23, 2026-08-24
avis_auteur;1 avis ou moins;1697023132609060386;Ichiban Japanese Bistro;US;False;23;2026-08-12, 2026-08-13, 2026-08-16, 2026-08-17, 2026-08-19, 2026-08-20, 2026-08-21
avis_auteur;1 avis ou moins;10346942689164695031;The Boxer Club;Europe;True;15;2026-08-13, 2026-08-14, 2026-08-18, 2026-08-22, 2026-08-23
avis_auteur;1 avis ou moins;12653609458785639661;Delta Sonic Car Wash;US;False;15;2026-08-12, 2026-08-13, 2026-08-15, 2026-08-17, 2026-08-18, 2026-08-21, 2026-08-23, 2026-08-24
avis_auteur;1 avis ou moins;2034461622997448093;Bulwark Exterminating;US;True;14;2026-08-13, 2026-08-16
avis_auteur;1 avis ou moins;10896163602322254565;Mumbai Masala Playa Paraíso;Europe;False;13;2026-08-16, 2026-08-17, 2026-08-18, 2026-08-19, 2026-08-20, 2026-08-21, 2026-08-22, 2026-08-23, 2026-08-24
avis_auteur;1 avis ou moins;12986326219479165233;Azur Service 06;Europe;False;12;2026-08-20, 2026-08-21, 2026-08-22, 2026-08-23
avis_auteur;1 avis ou moins;10789067178806450248;Fitness First Griesheim;Europe;False;11;2026-08-16, 2026-08-17, 2026-08-21, 2026-08-23
avis_auteur;1 avis ou moins;7864325941761932328;Globales Maioris;Europe;False;11;2026-08-15, 2026-08-21, 2026-08-22
avis_auteur;1 avis ou moins;8117786734318428670;Sunshine Ballooning;Europe;False;11;2026-08-16, 2026-08-17, 2026-08-18, 2026-08-21, 2026-08-23
avis_auteur;1 avis ou moins;17251484945567213252;Globales Simar;Europe;False;10;2026-08-17, 2026-08-18, 2026-08-20, 2026-08-22, 2026-08-23
avis_auteur;1 avis ou moins;12319304188118263291;Pizza Hut Debrecen Plaza;Europe;False;9;2026-08-23
avis_auteur;1 avis ou moins;6832155753295535633;Insight Pest Solutions;US;True;7;2026-08-12, 2026-08-13, 2026-08-16, 2026-08-18, 2026-08-24
avis_auteur;1 avis ou moins;6864222717854006596;Insight Pest Solutions;US;True;7;2026-08-12, 2026-08-16, 2026-08-24
avis_auteur;1 avis ou moins;6979673743686913152;EcoShield Pest Solutions;US;True;7;2026-08-12, 2026-08-16, 2026-08-18, 2026-08-23
avis_auteur;1 avis ou moins;11752525017306549612;Insight Pest Solutions;US;True;6;2026-08-12, 2026-08-13, 2026-08-16, 2026-08-23
avis_auteur;1 avis ou moins;13357493140933391105;Insight Pest Solutions;US;True;6;2026-08-12, 2026-08-16, 2026-08-24
avis_auteur;1 avis ou moins;16011688751403367255;Doral Toyota;US;False;6;2026-08-19, 2026-08-21, 2026-08-23
avis_auteur;1 avis ou moins;2680144292534599937;HT Fitness;US;False;6;2026-08-17, 2026-08-19, 2026-08-23
avis_auteur;1 avis ou moins;7478870134232076043;Rocky Mountain Balloon Adventures;US;False;6;2026-08-22, 2026-08-23
avis_auteur;1 avis ou moins;8115244571708845709;Cocoa Beach Catamaran;US;False;6;2026-08-13, 2026-08-16, 2026-08-19, 2026-08-20
avis_auteur;1 avis ou moins;13462096640461798107;Precision Landscaping;US;False;5;2026-08-16, 2026-08-23
avis_auteur;1 avis ou moins;16894789784437684017;Delta Sonic Car Wash;US;False;5;2026-08-16, 2026-08-24
avis_auteur;1 avis ou moins;3595820309544267485;EcoShield Pest Solutions;US;True;5;2026-08-13, 2026-08-19, 2026-08-24
avis_auteur;1 avis ou moins;4479702789086504102;MedVet Columbus;US;False;5;2026-08-20, 2026-08-23
avis_auteur;1 avis ou moins;5050554609943149474;Samesun Hollywood;US;False;5;2026-08-16, 2026-08-17
avis_auteur;1 avis ou moins;817498439303474635;EcoShield Pest Solutions;US;True;5;2026-08-12, 2026-08-16, 2026-08-19
avis_auteur;1 avis ou moins;10505273405281271038;Cedar Park Overhead Doors;US;False;4;2026-08-13, 2026-08-15, 2026-08-19, 2026-08-22
avis_auteur;1 avis ou moins;11468972147098209639;Lash and Company Med Spa - Centennial;US;False;4;2026-08-24
avis_auteur;1 avis ou moins;11660062678522630526;Sierra Pacific Orthopedics;US;False;4;2026-08-18, 2026-08-20, 2026-08-23
avis_auteur;1 avis ou moins;12971538955295795353;West Shore Home;US;False;4;2026-08-21, 2026-08-22
avis_auteur;1 avis ou moins;1320861146435177408;Fox Rent A Car Denver;US;False;4;2026-08-13, 2026-08-16, 2026-08-17, 2026-08-22
avis_auteur;1 avis ou moins;16248341169641882523;Insight Pest Solutions;US;True;4;2026-08-15, 2026-08-17
avis_auteur;1 avis ou moins;3203854443950401309;HT Fitness;US;False;4;2026-08-12, 2026-08-17, 2026-08-19, 2026-08-21
avis_auteur;1 avis ou moins;3274891443999828364;Elevate Fitness;US;False;4;2026-08-21
avis_auteur;1 avis ou moins;6099218902287832250;Ballenoil Albasanz;Europe;False;4;2026-08-16, 2026-08-17, 2026-08-20, 2026-08-21
avis_auteur;1 avis ou moins;6220232788059998036;Heart and Vascular Care;US;False;4;2026-08-12, 2026-08-16, 2026-08-19, 2026-08-20
avis_auteur;1 avis ou moins;118597015968253014;EcoShield Pest Solutions Chicago East;US;False;3;2026-08-17
avis_auteur;1 avis ou moins;12466888218085323989;MedVet Cleveland;US;False;3;2026-08-16, 2026-08-17
avis_auteur;1 avis ou moins;14825598912279374964;Chatham Sports Medicine & Physical Therapy;US;False;3;2026-08-13, 2026-08-17, 2026-08-18
avis_auteur;1 avis ou moins;15030713588446975167;EcoShield Pest Solutions;US;True;3;2026-08-19, 2026-08-20
avis_auteur;1 avis ou moins;16867174010602496547;Northwest Exterminating;US;False;3;2026-08-12, 2026-08-13, 2026-08-16
avis_auteur;1 avis ou moins;17208676867430563363;Good Night John Boy;US;False;3;2026-08-16, 2026-08-20
avis_auteur;1 avis ou moins;17461188179245106693;Bulwark Exterminating;US;True;3;2026-08-12, 2026-08-17
avis_auteur;1 avis ou moins;3352767676680426036;Solve Pest Pros;US;False;3;2026-08-21, 2026-08-22
avis_auteur;1 avis ou moins;3808829296411201732;HDS Munich;Europe;False;3;2026-08-14, 2026-08-16, 2026-08-17
avis_auteur;1 avis ou moins;4397473550123468841;Adventure Dental, Vision and Orthodontics;US;False;3;2026-08-16, 2026-08-17
avis_auteur;1 avis ou moins;6665036569245004844;EcoShield Pest Solutions;US;True;3;2026-08-16, 2026-08-21
avis_auteur;1 avis ou moins;8592193049411979519;EcoShield Pest Solutions;US;True;3;2026-08-16, 2026-08-18, 2026-08-21
avis_auteur;1 avis ou moins;10121891181019347598;Fox Rent A Car;US;False;2;2026-08-16
avis_auteur;1 avis ou moins;11183164932977516690;Insight Pest Solutions;US;True;2;2026-08-16, 2026-08-17
avis_auteur;1 avis ou moins;11527874769595828404;Pointe Pest Control;US;True;2;2026-08-12, 2026-08-20
avis_auteur;1 avis ou moins;11882525582487875452;Northwest Exterminating;US;False;2;2026-08-16, 2026-08-19
avis_auteur;1 avis ou moins;11979469692631411558;Cleys Waasmunster;Europe;False;2;2026-08-12, 2026-08-21
avis_auteur;1 avis ou moins;12242899512208579596;Insight Pest Solutions;US;True;2;2026-08-16
avis_auteur;1 avis ou moins;13048717007599713286;Nu Car Rentals;US;False;2;2026-08-18
avis_auteur;1 avis ou moins;13259321554512244271;Massage & Spa;US;False;2;2026-08-12
avis_auteur;1 avis ou moins;146333011060678538;Northwest Exterminating;US;False;2;2026-08-13, 2026-08-21
avis_auteur;1 avis ou moins;14735899687559181627;SuperGreen Irrigation;US;False;2;2026-08-15, 2026-08-16
avis_auteur;1 avis ou moins;15083526705897946018;Heart and Vascular Care;US;False;2;2026-08-23
avis_auteur;1 avis ou moins;15702480480125668198;Fox Rent A Car;US;False;2;2026-08-23, 2026-08-24
avis_auteur;1 avis ou moins;15705776624659968059;Fairway Lawns of Springdale;US;False;2;2026-08-18, 2026-08-24
avis_auteur;1 avis ou moins;16201181649805957681;Heart and Vascular Care;US;False;2;2026-08-13, 2026-08-16
avis_auteur;1 avis ou moins;16385710373382858530;DKamping Village;Europe;False;2;2026-08-16, 2026-08-18
avis_auteur;1 avis ou moins;18087544658842131373;Pointe Pest Control;US;True;2;2026-08-17, 2026-08-21
avis_auteur;1 avis ou moins;1943990090783039974;United Air Temp;US;False;2;2026-08-22, 2026-08-23
avis_auteur;1 avis ou moins;3862407046066641134;Overhead Door Co Of Norwich;US;False;2;2026-08-21
avis_auteur;1 avis ou moins;4433090577107943247;EcoShield Pest Solutions;US;True;2;2026-08-16, 2026-08-19
avis_auteur;1 avis ou moins;5480379830228378813;Polo line - vacation rentals;Europe;False;2;2026-08-21, 2026-08-23
avis_auteur;1 avis ou moins;6289730490558979524;Bulwark Exterminating;US;True;2;2026-08-19, 2026-08-20
avis_auteur;1 avis ou moins;6360580975601342886;Carolina Ale House;US;False;2;2026-08-16
avis_auteur;1 avis ou moins;7096371038011001168;Route 46 Chrysler Jeep Dodge;US;False;2;2026-08-18, 2026-08-19
avis_auteur;1 avis ou moins;7626411052152447263;The Spa at Cedarbrook Lodge;US;False;2;2026-08-16
avis_auteur;1 avis ou moins;7645830286416566420;Pointe Pest Control;US;True;2;2026-08-20, 2026-08-21
avis_auteur;1 avis ou moins;7651945305551643280;Chania Boat Tours;Europe;False;2;2026-08-22
avis_auteur;1 avis ou moins;8264250907553977852;Carolina Ale House;US;False;2;2026-08-22
avis_auteur;1 avis ou moins;8272933981059498407;Heart and Vascular Care;US;False;2;2026-08-19, 2026-08-21
avis_auteur;1 avis ou moins;8282528182233977034;Cape Coral Boat Cruises;US;False;2;2026-08-16, 2026-08-21
avis_auteur;1 avis ou moins;8303557791751296465;Insight Pest Solutions;US;True;2;2026-08-13, 2026-08-20
avis_auteur;1 avis ou moins;8357807472690442969;Green Pest Services;US;False;2;2026-08-17, 2026-08-21
avis_auteur;1 avis ou moins;8864246763002325033;Nu Car Rental;US;False;2;2026-08-14, 2026-08-20
avis_auteur;1 avis ou moins;9921186577906344541;A Plus Plumbing;US;False;2;2026-08-20
avis_auteur;1 avis ou moins;10204432935619217142;Liberty GYM Burnhaupt-le-bas;Europe;False;1;2026-08-15
avis_auteur;1 avis ou moins;10535711495689713124;SkinSpirit Del Mar;US;False;1;2026-08-15
avis_auteur;1 avis ou moins;10647645013357446509;Pointe Pest Control;US;True;1;2026-08-17
avis_auteur;1 avis ou moins;10688219440227213170;The Old Irish Pub - Aalborg;Europe;False;1;2026-08-16
avis_auteur;1 avis ou moins;10866581757464278630;Club Essen Rüttenscheid;Europe;False;1;2026-08-13
avis_auteur;1 avis ou moins;10907116412041709754;Pointe Pest Control;US;True;1;2026-08-18
avis_auteur;1 avis ou moins;10921805046871428741;Compagnie des Déboucheurs;Europe;False;1;2026-08-15
avis_auteur;1 avis ou moins;11001368659838863228;Pointe Pest Control;US;True;1;2026-08-24
avis_auteur;1 avis ou moins;11098111536113255078;Hotel Alunis Health Spa;Europe;False;1;2026-08-17
avis_auteur;1 avis ou moins;11306931454900536039;Club Dortmund Gartenstadt;Europe;False;1;2026-08-21
avis_auteur;1 avis ou moins;11621061264450053739;Lyons Roofing;US;False;1;2026-08-15
avis_auteur;1 avis ou moins;1170749740403083425;WestVet Boise;US;False;1;2026-08-23
avis_auteur;1 avis ou moins;12028540047674361624;Works Plumbing Repair & Drain Cleaning;US;False;1;2026-08-12
avis_auteur;1 avis ou moins;12106990848959314672;Hotel Arc-en-ciel;Europe;False;1;2026-08-17
avis_auteur;1 avis ou moins;12162999256610465653;Pointe Pest Control;US;True;1;2026-08-16
avis_auteur;1 avis ou moins;12399650223478194238;Schön Klinik Hamburg Eilbek;Europe;False;1;2026-08-13
avis_auteur;1 avis ou moins;12444480166249994540;Einstein Pros Plumbing;US;False;1;2026-08-15
avis_auteur;1 avis ou moins;12523973092132012183;EcoShield Pest Solutions;US;True;1;2026-08-17
avis_auteur;1 avis ou moins;12754412867706599016;Excellence Appliance Repair;US;False;1;2026-08-17
avis_auteur;1 avis ou moins;13142875894045715065;Green Pest Services;US;False;1;2026-08-21
avis_auteur;1 avis ou moins;13149966690726534760;Green Pest Services;US;False;1;2026-08-23
avis_auteur;1 avis ou moins;13463525768309466593;Tip Top Garage Doors;US;False;1;2026-08-23
avis_auteur;1 avis ou moins;13487146367475704628;Empire Today;US;False;1;2026-08-20
avis_auteur;1 avis ou moins;13609296054599897306;AmeriVu Inn & Suites - Chisago City;US;False;1;2026-08-21
avis_auteur;1 avis ou moins;13801744141903121032;citizenM Paris Charles de Gaulle Airport Hôtel;Europe;False;1;2026-08-21
avis_auteur;1 avis ou moins;13914529929637769875;Homemade Taqueria;US;False;1;2026-08-17
avis_auteur;1 avis ou moins;14365492306530390455;Zefiro Experience Tour in Catamarano - Sardegna;Europe;False;1;2026-08-14
avis_auteur;1 avis ou moins;14437350526528134386;Claremont Motor Lodge;US;False;1;2026-08-16
avis_auteur;1 avis ou moins;14740593769376451592;citizenM Copenhagen Rådhuspladsen;Europe;False;1;2026-08-13
avis_auteur;1 avis ou moins;14786803112747547126;Hotel Botanico;Europe;False;1;2026-08-20
avis_auteur;1 avis ou moins;14869656164423820253;Mamajuana Cafe;US;False;1;2026-08-17
avis_auteur;1 avis ou moins;1487794017584324211;Neoness;Europe;False;1;2026-08-14
avis_auteur;1 avis ou moins;14933790454100186775;Pointe Pest Control;US;True;1;2026-08-12
avis_auteur;1 avis ou moins;15382424972418370974;Good Night John Boy;US;False;1;2026-08-16
avis_auteur;1 avis ou moins;15598913053706512115;Bedard Bros. Honda;US;False;1;2026-08-17
avis_auteur;1 avis ou moins;15615984558165321771;Dermatology Affiliates (East Cobb);US;False;1;2026-08-16
avis_auteur;1 avis ou moins;15928859670822937545;Pointe Pest Control;US;True;1;2026-08-17
avis_auteur;1 avis ou moins;16054806172650950917;Abeauty Clinique Galati;Europe;False;1;2026-08-23
avis_auteur;1 avis ou moins;16170338589303360167;The Bend RV Park;US;False;1;2026-08-19
avis_auteur;1 avis ou moins;16469337811496657191;Pointe Pest Control;US;True;1;2026-08-17
avis_auteur;1 avis ou moins;16880400502719876773;Pointe Pest Control;US;True;1;2026-08-24
avis_auteur;1 avis ou moins;1695214525620865262;Adobe Day Spa and Chiropractics;US;False;1;2026-08-22
avis_auteur;1 avis ou moins;17202679942767108315;ABC Home & Commercial Services;US;False;1;2026-08-16
avis_auteur;1 avis ou moins;17256331860806033159;Happy Head Foot Reflexology and Massage;US;False;1;2026-08-22
avis_auteur;1 avis ou moins;17257425285318401586;Hipotels Barrosa Park;Europe;False;1;2026-08-19
avis_auteur;1 avis ou moins;17365787893692022098;Gîtes du Domaine des Bans;Europe;False;1;2026-08-17
avis_auteur;1 avis ou moins;178064072666686963;EcoShield Pest Solutions;US;True;1;2026-08-16
avis_auteur;1 avis ou moins;17855870789663755598;Fox Rent A Car San Diego;US;False;1;2026-08-16
avis_auteur;1 avis ou moins;17897632292626765009;AniCura Kleintierspezialisten Augsburg;Europe;False;1;2026-08-20
avis_auteur;1 avis ou moins;18160242326678368511;Northwest Motor Group;US;False;1;2026-08-15
avis_auteur;1 avis ou moins;1944574178176983755;Qargo Coffee;US;False;1;2026-08-17
avis_auteur;1 avis ou moins;2054732589707793641;Globales Cala'n Bosch;Europe;False;1;2026-08-23
avis_auteur;1 avis ou moins;2220821433190157995;Alannia Salou;Europe;False;1;2026-08-24
avis_auteur;1 avis ou moins;2420138228954020213;Elite House Cleaning Mesa;US;False;1;2026-08-19
avis_auteur;1 avis ou moins;2678349505464412907;REEIS;US;False;1;2026-08-15
avis_auteur;1 avis ou moins;2699950723330237401;Tanner Clinic;US;False;1;2026-08-17
avis_auteur;1 avis ou moins;2799040813008286606;Tipsy Tiki Fmb;US;False;1;2026-08-23
avis_auteur;1 avis ou moins;3164305209948048623;Pointe Pest Control;US;True;1;2026-08-24
avis_auteur;1 avis ou moins;319943520006464494;Speakeasy Fitness;US;False;1;2026-08-17
avis_auteur;1 avis ou moins;3464619508278537951;Chatham Orthopaedic Associates;US;False;1;2026-08-18
avis_auteur;1 avis ou moins;3478475095175863634;UNA Hotel Bologna;Europe;False;1;2026-08-24
avis_auteur;1 avis ou moins;3705572903770911909;Other Place;US;False;1;2026-08-16
avis_auteur;1 avis ou moins;3856632261014919795;Keyless Shop Locksmith;US;False;1;2026-08-16
avis_auteur;1 avis ou moins;3874911723232599474;ABC Home & Commercial Services;US;False;1;2026-08-17
avis_auteur;1 avis ou moins;4085625843546614708;Red Rocks Locksmith North Denver;US;False;1;2026-08-19
avis_auteur;1 avis ou moins;4535259281716615882;EcoShield Pest Solutions;US;True;1;2026-08-19
avis_auteur;1 avis ou moins;5049402211849837299;Cuisine Plus Saint Nazaire;Europe;False;1;2026-08-22
avis_auteur;1 avis ou moins;5063341140303696786;Pointe Pest Control;US;True;1;2026-08-19
avis_auteur;1 avis ou moins;5422890961706407530;United Air Temp;US;False;1;2026-08-12
avis_auteur;1 avis ou moins;5644271922112783363;Vakantiepark Capfun - Het Winkel;Europe;False;1;2026-08-13
avis_auteur;1 avis ou moins;6064403375455709139;Cuisinella;Europe;False;1;2026-08-21
avis_auteur;1 avis ou moins;6208454101415437139;Cénica Porto Hotel, Curio Collection by Hilton;Europe;False;1;2026-08-20
avis_auteur;1 avis ou moins;6278096211291522244;Active Pest Control;US;False;1;2026-08-19
avis_auteur;1 avis ou moins;7127113031759927143;Buchanan Classics;US;False;1;2026-08-22
avis_auteur;1 avis ou moins;718178259547467488;Pointe Pest Control;US;True;1;2026-08-23
avis_auteur;1 avis ou moins;7446569207813309645;Stadio Restaurants Herastrau;Europe;False;1;2026-08-20
avis_auteur;1 avis ou moins;7613905074252745810;EcoShield Pest Solutions;US;True;1;2026-08-13
avis_auteur;1 avis ou moins;7868713708357852976;ScrubaDub Car Wash;US;False;1;2026-08-23
avis_auteur;1 avis ou moins;8015064052260497255;Neoness;Europe;False;1;2026-08-14
avis_auteur;1 avis ou moins;8173690169693600909;Fox Rent A Car;US;False;1;2026-08-20
avis_auteur;1 avis ou moins;8256016555611678921;Solve Pest Pros;US;False;1;2026-08-16
avis_auteur;1 avis ou moins;8662000526093675280;Comfort Hotel Porsgrunn;Europe;False;1;2026-08-19
avis_auteur;1 avis ou moins;8675258714044865202;Aqua Plumbing and Air;US;False;1;2026-08-12
avis_auteur;1 avis ou moins;9026909565558195702;ABC Home & Commercial Services;US;False;1;2026-08-23
avis_auteur;1 avis ou moins;915220753679008263;Fairway Lawns of Tulsa;US;False;1;2026-08-20
avis_auteur;1 avis ou moins;9202959950480882588;AIRE Ancient Baths;US;False;1;2026-08-20
avis_auteur;1 avis ou moins;926727815049071482;sunshine cafe at Beebe;US;False;1;2026-08-12
avis_auteur;1 avis ou moins;9284506857513497045;ABC Home & Commercial Services;US;False;1;2026-08-15
avis_auteur;1 avis ou moins;9330622820452187742;Club Erfurt;Europe;False;1;2026-08-12
avis_auteur;1 avis ou moins;9400441828486763598;Brick House Tavern and Tap;US;False;1;2026-08-13
avis_auteur;1 avis ou moins;9411249691461597325;Saltic Resort & Spa Leba;Europe;False;1;2026-08-18
avis_auteur;1 avis ou moins;9555804487296852186;Homemade Taqueria Meeker Ave;US;False;1;2026-08-20
avis_auteur;1 avis ou moins;9654059427809994128;Carolina Ale House - Greenville-Woodruff;US;False;1;2026-08-20
avis_auteur;1 avis ou moins;9955525685526011894;Reno Massage Tree;US;False;1;2026-08-15
avis_auteur;2 à 20 avis;10746082602604012869;Insight Pest Solutions;US;True;20;2026-08-15, 2026-08-16, 2026-08-18, 2026-08-19, 2026-08-20, 2026-08-21, 2026-08-22
avis_auteur;2 à 20 avis;10505273405281271038;Cedar Park Overhead Doors;US;False;18;2026-08-13, 2026-08-15, 2026-08-16, 2026-08-17, 2026-08-19, 2026-08-20, 2026-08-21
avis_auteur;2 à 20 avis;3595820309544267485;EcoShield Pest Solutions;US;True;17;2026-08-13, 2026-08-16, 2026-08-17, 2026-08-19, 2026-08-20, 2026-08-21, 2026-08-23
avis_auteur;2 à 20 avis;8592193049411979519;EcoShield Pest Solutions;US;True;15;2026-08-16, 2026-08-17, 2026-08-18, 2026-08-19, 2026-08-20
avis_auteur;2 à 20 avis;4433090577107943247;EcoShield Pest Solutions;US;True;14;2026-08-16, 2026-08-17, 2026-08-19, 2026-08-21, 2026-08-23
avis_auteur;2 à 20 avis;6979673743686913152;EcoShield Pest Solutions;US;True;14;2026-08-12, 2026-08-13, 2026-08-17, 2026-08-18, 2026-08-19, 2026-08-21, 2026-08-22, 2026-08-23
avis_auteur;2 à 20 avis;11527874769595828404;Pointe Pest Control;US;True;11;2026-08-12, 2026-08-16, 2026-08-17, 2026-08-19, 2026-08-21
avis_auteur;2 à 20 avis;2034461622997448093;Bulwark Exterminating;US;True;11;2026-08-16, 2026-08-17, 2026-08-19, 2026-08-21, 2026-08-23
avis_auteur;2 à 20 avis;11183164932977516690;Insight Pest Solutions;US;True;10;2026-08-13, 2026-08-15, 2026-08-16, 2026-08-19, 2026-08-22
avis_auteur;2 à 20 avis;16932179925125573715;Pointe Pest Control;US;True;10;2026-08-12, 2026-08-16, 2026-08-17, 2026-08-19, 2026-08-20, 2026-08-21
avis_auteur;2 à 20 avis;7478870134232076043;Rocky Mountain Balloon Adventures;US;False;10;2026-08-22, 2026-08-23
avis_auteur;2 à 20 avis;6832155753295535633;Insight Pest Solutions;US;True;9;2026-08-12, 2026-08-16, 2026-08-17, 2026-08-18, 2026-08-19, 2026-08-22
avis_auteur;2 à 20 avis;11468972147098209639;Lash and Company Med Spa - Centennial;US;False;8;2026-08-24
avis_auteur;2 à 20 avis;15030713588446975167;EcoShield Pest Solutions;US;True;8;2026-08-19, 2026-08-20, 2026-08-21
avis_auteur;2 à 20 avis;16248341169641882523;Insight Pest Solutions;US;True;8;2026-08-12, 2026-08-15, 2026-08-16, 2026-08-19, 2026-08-21, 2026-08-23
avis_auteur;2 à 20 avis;16549891742331617014;Abilene Dermatology and Skin;US;False;8;2026-08-16, 2026-08-17, 2026-08-20, 2026-08-21, 2026-08-22
avis_auteur;2 à 20 avis;3088388366389061829;Pointe Pest Control;US;True;8;2026-08-16, 2026-08-17, 2026-08-19, 2026-08-20, 2026-08-21
avis_auteur;2 à 20 avis;6665036569245004844;EcoShield Pest Solutions;US;True;8;2026-08-16, 2026-08-19, 2026-08-21
avis_auteur;2 à 20 avis;10896163602322254565;Mumbai Masala Playa Paraíso;Europe;False;7;2026-08-16, 2026-08-18, 2026-08-21, 2026-08-23, 2026-08-24
avis_auteur;2 à 20 avis;11001368659838863228;Pointe Pest Control;US;True;7;2026-08-16, 2026-08-18, 2026-08-19, 2026-08-20, 2026-08-23
avis_auteur;2 à 20 avis;11882525582487875452;Northwest Exterminating;US;False;7;2026-08-15, 2026-08-17, 2026-08-19, 2026-08-22, 2026-08-23
avis_auteur;2 à 20 avis;1697023132609060386;Ichiban Japanese Bistro;US;False;7;2026-08-12, 2026-08-18, 2026-08-20, 2026-08-22, 2026-08-23
avis_auteur;2 à 20 avis;1943990090783039974;United Air Temp;US;False;7;2026-08-22, 2026-08-23
avis_auteur;2 à 20 avis;3164305209948048623;Pointe Pest Control;US;True;7;2026-08-16, 2026-08-17, 2026-08-21
avis_auteur;2 à 20 avis;6864222717854006596;Insight Pest Solutions;US;True;7;2026-08-12, 2026-08-16, 2026-08-17, 2026-08-18, 2026-08-19, 2026-08-22
avis_auteur;2 à 20 avis;817498439303474635;EcoShield Pest Solutions;US;True;7;2026-08-12, 2026-08-16, 2026-08-17, 2026-08-19
avis_auteur;2 à 20 avis;8675258714044865202;Aqua Plumbing and Air;US;False;7;2026-08-12, 2026-08-13, 2026-08-16, 2026-08-19
avis_auteur;2 à 20 avis;10907116412041709754;Pointe Pest Control;US;True;6;2026-08-16, 2026-08-19, 2026-08-20
avis_auteur;2 à 20 avis;13357493140933391105;Insight Pest Solutions;US;True;6;2026-08-13, 2026-08-16, 2026-08-17, 2026-08-18, 2026-08-19
avis_auteur;2 à 20 avis;14933790454100186775;Pointe Pest Control;US;True;6;2026-08-13, 2026-08-16, 2026-08-17, 2026-08-19, 2026-08-21
avis_auteur;2 à 20 avis;16011688751403367255;Doral Toyota;US;False;6;2026-08-16, 2026-08-18, 2026-08-19, 2026-08-21, 2026-08-22, 2026-08-23
avis_auteur;2 à 20 avis;16469337811496657191;Pointe Pest Control;US;True;6;2026-08-12, 2026-08-16, 2026-08-20
avis_auteur;2 à 20 avis;16867174010602496547;Northwest Exterminating;US;False;6;2026-08-13, 2026-08-16, 2026-08-17, 2026-08-20, 2026-08-21
avis_auteur;2 à 20 avis;3187607110245052706;Denali Park Zipline;US;False;6;2026-08-12, 2026-08-15, 2026-08-17, 2026-08-18, 2026-08-20
avis_auteur;2 à 20 avis;3464619508278537951;Chatham Orthopaedic Associates;US;False;6;2026-08-12, 2026-08-17, 2026-08-18, 2026-08-19, 2026-08-20
avis_auteur;2 à 20 avis;5063341140303696786;Pointe Pest Control;US;True;6;2026-08-12, 2026-08-17, 2026-08-19, 2026-08-20, 2026-08-21, 2026-08-24
avis_auteur;2 à 20 avis;6099218902287832250;Ballenoil Albasanz;Europe;False;6;2026-08-14, 2026-08-18, 2026-08-19, 2026-08-20, 2026-08-22
avis_auteur;2 à 20 avis;718178259547467488;Pointe Pest Control;US;True;6;2026-08-13, 2026-08-17, 2026-08-19, 2026-08-21
avis_auteur;2 à 20 avis;8303557791751296465;Insight Pest Solutions;US;True;6;2026-08-15, 2026-08-17, 2026-08-19, 2026-08-20
avis_auteur;2 à 20 avis;10789067178806450248;Fitness First Griesheim;Europe;False;5;2026-08-14, 2026-08-17
avis_auteur;2 à 20 avis;13149966690726534760;Green Pest Services;US;False;5;2026-08-16, 2026-08-21, 2026-08-22
avis_auteur;2 à 20 avis;15168756511886563707;Dermatology Affiliates;US;False;5;2026-08-20, 2026-08-21, 2026-08-22
avis_auteur;2 à 20 avis;16201181649805957681;Heart and Vascular Care;US;False;5;2026-08-16, 2026-08-23
avis_auteur;2 à 20 avis;178064072666686963;EcoShield Pest Solutions;US;True;5;2026-08-16, 2026-08-18, 2026-08-19, 2026-08-20, 2026-08-21
avis_auteur;2 à 20 avis;2423693438449052039;Bulwark Exterminating;US;True;5;2026-08-16, 2026-08-17
avis_auteur;2 à 20 avis;2699950723330237401;Tanner Clinic;US;False;5;2026-08-16, 2026-08-17, 2026-08-19, 2026-08-20
avis_auteur;2 à 20 avis;2799040813008286606;Tipsy Tiki Fmb;US;False;5;2026-08-21, 2026-08-22, 2026-08-23
avis_auteur;2 à 20 avis;3932259871970128515;Alaska Fracture and Orthopedic Clinic;US;False;5;2026-08-16, 2026-08-17, 2026-08-18, 2026-08-20, 2026-08-21
avis_auteur;2 à 20 avis;6289730490558979524;Bulwark Exterminating;US;True;5;2026-08-19, 2026-08-20
avis_auteur;2 à 20 avis;8256016555611678921;Solve Pest Pros;US;False;5;2026-08-16, 2026-08-17, 2026-08-18, 2026-08-19
avis_auteur;2 à 20 avis;8272933981059498407;Heart and Vascular Care;US;False;5;2026-08-16, 2026-08-20, 2026-08-21, 2026-08-23, 2026-08-24
avis_auteur;2 à 20 avis;8295483025098590212;Parker Cornea;US;False;5;2026-08-12, 2026-08-16, 2026-08-19
avis_auteur;2 à 20 avis;9284506857513497045;ABC Home & Commercial Services;US;False;5;2026-08-15, 2026-08-16, 2026-08-21, 2026-08-22
avis_auteur;2 à 20 avis;10346942689164695031;The Boxer Club;Europe;True;4;2026-08-14, 2026-08-22, 2026-08-23
avis_auteur;2 à 20 avis;10647645013357446509;Pointe Pest Control;US;True;4;2026-08-16, 2026-08-17, 2026-08-19
avis_auteur;2 à 20 avis;11660062678522630526;Sierra Pacific Orthopedics;US;False;4;2026-08-16, 2026-08-18
avis_auteur;2 à 20 avis;11752525017306549612;Insight Pest Solutions;US;True;4;2026-08-13, 2026-08-16, 2026-08-18, 2026-08-19
avis_auteur;2 à 20 avis;118597015968253014;EcoShield Pest Solutions Chicago East;US;False;4;2026-08-16, 2026-08-17
avis_auteur;2 à 20 avis;12242899512208579596;Insight Pest Solutions;US;True;4;2026-08-16
avis_auteur;2 à 20 avis;12701978682932507204;Viva Day Spa and Med Spa;US;False;4;2026-08-12, 2026-08-16, 2026-08-21
avis_auteur;2 à 20 avis;12971538955295795353;West Shore Home;US;False;4;2026-08-22, 2026-08-23
avis_auteur;2 à 20 avis;12986326219479165233;Azur Service 06;Europe;False;4;2026-08-20, 2026-08-21, 2026-08-23
avis_auteur;2 à 20 avis;146333011060678538;Northwest Exterminating;US;False;4;2026-08-16, 2026-08-17, 2026-08-21
avis_auteur;2 à 20 avis;17208676867430563363;Good Night John Boy;US;False;4;2026-08-18, 2026-08-19, 2026-08-20
avis_auteur;2 à 20 avis;17461188179245106693;Bulwark Exterminating;US;True;4;2026-08-17
avis_auteur;2 à 20 avis;3352767676680426036;Solve Pest Pros;US;False;4;2026-08-21, 2026-08-22
avis_auteur;2 à 20 avis;4479702789086504102;MedVet Columbus;US;False;4;2026-08-20, 2026-08-23
avis_auteur;2 à 20 avis;4535259281716615882;EcoShield Pest Solutions;US;True;4;2026-08-16, 2026-08-17
avis_auteur;2 à 20 avis;8323898039823195571;Pointe Pest Control;US;True;4;2026-08-15, 2026-08-16, 2026-08-20, 2026-08-23
avis_auteur;2 à 20 avis;8514033496595338463;Chatham Orthopaedic Associates;US;False;4;2026-08-16, 2026-08-17, 2026-08-19, 2026-08-20
avis_auteur;2 à 20 avis;9773764681262796319;Fox Rent A Car Miami;US;False;4;2026-08-16, 2026-08-17, 2026-08-18
avis_auteur;2 à 20 avis;11746939377458501797;Green Pest Services;US;False;3;2026-08-16, 2026-08-20, 2026-08-22
avis_auteur;2 à 20 avis;13142875894045715065;Green Pest Services;US;False;3;2026-08-21, 2026-08-22
avis_auteur;2 à 20 avis;13228969405843925211;Pointe Pest Control;US;True;3;2026-08-15, 2026-08-18, 2026-08-21
avis_auteur;2 à 20 avis;13454390046806476880;Hand and Stone Massage and Facial Spa;US;False;3;2026-08-16, 2026-08-23
avis_auteur;2 à 20 avis;14825598912279374964;Chatham Sports Medicine & Physical Therapy;US;False;3;2026-08-16, 2026-08-18, 2026-08-21
avis_auteur;2 à 20 avis;15083526705897946018;Heart and Vascular Care;US;False;3;2026-08-23
avis_auteur;2 à 20 avis;15702480480125668198;Fox Rent A Car;US;False;3;2026-08-23, 2026-08-24
avis_auteur;2 à 20 avis;17257425285318401586;Hipotels Barrosa Park;Europe;False;3;2026-08-18, 2026-08-20, 2026-08-23
avis_auteur;2 à 20 avis;17855870789663755598;Fox Rent A Car San Diego;US;False;3;2026-08-16, 2026-08-17
avis_auteur;2 à 20 avis;18087544658842131373;Pointe Pest Control;US;True;3;2026-08-17, 2026-08-19, 2026-08-21
avis_auteur;2 à 20 avis;18371253483526610359;Bulwark Exterminating;US;True;3;2026-08-16, 2026-08-21, 2026-08-24
avis_auteur;2 à 20 avis;2220821433190157995;Alannia Salou;Europe;False;3;2026-08-24
avis_auteur;2 à 20 avis;5049402211849837299;Cuisine Plus Saint Nazaire;Europe;False;3;2026-08-17, 2026-08-19, 2026-08-22
avis_auteur;2 à 20 avis;5618672426900878761;Petfolk Veterinary & Urgent Care - Altamonte Springs;US;False;3;2026-08-16, 2026-08-18, 2026-08-22
avis_auteur;2 à 20 avis;6220232788059998036;Heart and Vascular Care;US;False;3;2026-08-16
avis_auteur;2 à 20 avis;7645830286416566420;Pointe Pest Control;US;True;3;2026-08-16, 2026-08-19
avis_auteur;2 à 20 avis;7651945305551643280;Chania Boat Tours;Europe;False;3;2026-08-21, 2026-08-22
avis_auteur;2 à 20 avis;8115244571708845709;Cocoa Beach Catamaran;US;False;3;2026-08-16, 2026-08-20, 2026-08-23
avis_auteur;2 à 20 avis;8173690169693600909;Fox Rent A Car;US;False;3;2026-08-18, 2026-08-19, 2026-08-22
avis_auteur;2 à 20 avis;10121891181019347598;Fox Rent A Car;US;False;2;2026-08-16, 2026-08-20
avis_auteur;2 à 20 avis;10601184521827317877;Le Palme;Europe;False;2;2026-08-14, 2026-08-24
avis_auteur;2 à 20 avis;11381632064786343361;Bobcat Wildlife & Pest Management;US;False;2;2026-08-16, 2026-08-21
avis_auteur;2 à 20 avis;1170749740403083425;WestVet Boise;US;False;2;2026-08-16, 2026-08-19
avis_auteur;2 à 20 avis;12035238193368484759;Centro Veterinario Villalba IF;Europe;False;2;2026-08-20
avis_auteur;2 à 20 avis;12162999256610465653;Pointe Pest Control;US;True;2;2026-08-18, 2026-08-21
avis_auteur;2 à 20 avis;12179770780704989290;Dojo Studio;US;False;2;2026-08-13, 2026-08-23
avis_auteur;2 à 20 avis;12466888218085323989;MedVet Cleveland;US;False;2;2026-08-12, 2026-08-17
avis_auteur;2 à 20 avis;12924136556389994153;ABC Home & Commercial Services;US;False;2;2026-08-16, 2026-08-23
avis_auteur;2 à 20 avis;13048717007599713286;Nu Car Rentals;US;False;2;2026-08-20, 2026-08-22
avis_auteur;2 à 20 avis;1320861146435177408;Fox Rent A Car Denver;US;False;2;2026-08-16, 2026-08-23
avis_auteur;2 à 20 avis;13609296054599897306;AmeriVu Inn & Suites - Chisago City;US;False;2;2026-08-18, 2026-08-19
avis_auteur;2 à 20 avis;13919628842978940702;Masajes Eróticos Alicante Eternal Massage;Europe;False;2;2026-08-16, 2026-08-23
avis_auteur;2 à 20 avis;14727272453529875622;Active Pest Control;US;False;2;2026-08-12, 2026-08-16
avis_auteur;2 à 20 avis;15608058152450039001;Automecanica Castro;Europe;False;2;2026-08-23, 2026-08-24
avis_auteur;2 à 20 avis;15705776624659968059;Fairway Lawns of Springdale;US;False;2;2026-08-18, 2026-08-23
avis_auteur;2 à 20 avis;16385710373382858530;DKamping Village;Europe;False;2;2026-08-16
avis_auteur;2 à 20 avis;17160257379698395021;Michael R Martineau;US;False;2;2026-08-20
avis_auteur;2 à 20 avis;18135896731724490192;Coastal Heating and Cooling;US;False;2;2026-08-12, 2026-08-24
avis_auteur;2 à 20 avis;2549079542246731788;MXO Rooftop;Europe;False;2;2026-08-18, 2026-08-21
avis_auteur;2 à 20 avis;2680144292534599937;HT Fitness;US;False;2;2026-08-13, 2026-08-24
avis_auteur;2 à 20 avis;3203854443950401309;HT Fitness;US;False;2;2026-08-16, 2026-08-19
avis_auteur;2 à 20 avis;3874911723232599474;ABC Home & Commercial Services;US;False;2;2026-08-20, 2026-08-23
avis_auteur;2 à 20 avis;3881615387971294091;Spa Zuiver;Europe;False;2;2026-08-16, 2026-08-21
avis_auteur;2 à 20 avis;4272684922168596772;Bulwark Exterminating Corporate;US;False;2;2026-08-22
avis_auteur;2 à 20 avis;4350811955412203628;Streetside Classics;US;False;2;2026-08-22
avis_auteur;2 à 20 avis;5119810349067443765;Clarion Hotel The Hub;Europe;False;2;2026-08-13
avis_auteur;2 à 20 avis;5474549633975801069;OUTRIGGER Kauai Beach Resort & Spa;US;False;2;2026-08-15, 2026-08-20
avis_auteur;2 à 20 avis;5480379830228378813;Polo line - vacation rentals;Europe;False;2;2026-08-20, 2026-08-24
avis_auteur;2 à 20 avis;6278096211291522244;Active Pest Control;US;False;2;2026-08-19, 2026-08-20
avis_auteur;2 à 20 avis;6360580975601342886;Carolina Ale House;US;False;2;2026-08-16, 2026-08-19
avis_auteur;2 à 20 avis;7613905074252745810;EcoShield Pest Solutions;US;True;2;2026-08-16
avis_auteur;2 à 20 avis;7626411052152447263;The Spa at Cedarbrook Lodge;US;False;2;2026-08-15, 2026-08-16
avis_auteur;2 à 20 avis;7864325941761932328;Globales Maioris;Europe;False;2;2026-08-21, 2026-08-22
avis_auteur;2 à 20 avis;8117786734318428670;Sunshine Ballooning;Europe;False;2;2026-08-17, 2026-08-18
avis_auteur;2 à 20 avis;845684297895448830;Globales Apartamentos Montemar;Europe;False;2;2026-08-22, 2026-08-23
avis_auteur;2 à 20 avis;9026909565558195702;ABC Home & Commercial Services;US;False;2;2026-08-23
avis_auteur;2 à 20 avis;9955525685526011894;Reno Massage Tree;US;False;2;2026-08-15, 2026-08-16
avis_auteur;2 à 20 avis;10211842138860800782;Renault Saint-Etienne - Groupe Thivolle;Europe;False;1;2026-08-21
avis_auteur;2 à 20 avis;10330873477402384990;Delizie di Mare - All You Can Eat;Europe;False;1;2026-08-20
avis_auteur;2 à 20 avis;10392842969616344066;Quality Hotel Saga;Europe;False;1;2026-08-12
avis_auteur;2 à 20 avis;10525843652337503574;Hotel Carris Porto Ribeira;Europe;False;1;2026-08-13
avis_auteur;2 à 20 avis;11004380532876327499;Embassy Suites Seattle Downtown-Pioneer Square;US;False;1;2026-08-20
avis_auteur;2 à 20 avis;11253624861875245129;EcoShield Pest Solutions;US;True;1;2026-08-18
avis_auteur;2 à 20 avis;11509551004547941596;Green Elite Pompy Ciepła;Europe;False;1;2026-08-20
avis_auteur;2 à 20 avis;11569433775224823960;Neoness;Europe;False;1;2026-08-13
avis_auteur;2 à 20 avis;12460969889495485623;VCA Westside Animal Hospital;US;False;1;2026-08-17
avis_auteur;2 à 20 avis;12523973092132012183;EcoShield Pest Solutions;US;True;1;2026-08-17
avis_auteur;2 à 20 avis;12621991571583444125;SIXT rent a car LaGuardia airport;US;False;1;2026-08-12
avis_auteur;2 à 20 avis;12785457364507400376;ABC Home & Commercial Services;US;False;1;2026-08-16
avis_auteur;2 à 20 avis;13204862283283398368;Hipotels Bahía Cala Millor;Europe;False;1;2026-08-18
avis_auteur;2 à 20 avis;13259321554512244271;Massage & Spa;US;False;1;2026-08-16
avis_auteur;2 à 20 avis;13282009709348196868;Camping la Breteche 3 stars;Europe;False;1;2026-08-21
avis_auteur;2 à 20 avis;13729045321029806005;Cervecería La Sureña;Europe;False;1;2026-08-23
avis_auteur;2 à 20 avis;14072176514753891617;Knowlton Dental Associates;US;False;1;2026-08-12
avis_auteur;2 à 20 avis;14112705270114144342;Camping Capfun Vlinderloo;Europe;False;1;2026-08-16
avis_auteur;2 à 20 avis;14298233888485556219;Club Berlin Prenzlauer Berg;Europe;False;1;2026-08-18
avis_auteur;2 à 20 avis;14362882724000770461;Cuisinella;Europe;False;1;2026-08-17
avis_auteur;2 à 20 avis;14480382855388711513;HT Fitness;US;False;1;2026-08-19
avis_auteur;2 à 20 avis;14669269514609492336;P.J. Whelihan's Pub + Restaurant;US;False;1;2026-08-13
avis_auteur;2 à 20 avis;14696288889803762717;Auto Bierschneider;Europe;False;1;2026-08-19
avis_auteur;2 à 20 avis;14735279916841429950;Ranger Motel;US;False;1;2026-08-24
avis_auteur;2 à 20 avis;14820991856221490337;Camping Les Pirons;Europe;False;1;2026-08-18
avis_auteur;2 à 20 avis;15382424972418370974;Good Night John Boy;US;False;1;2026-08-16
avis_auteur;2 à 20 avis;15425978298257012661;Body' Minute;Europe;False;1;2026-08-14
avis_auteur;2 à 20 avis;15428563441085278652;Relaxia Los Girasoles Bungalows;Europe;False;1;2026-08-24
avis_auteur;2 à 20 avis;15708082090445471212;ABC Home & Commercial Services - Landscaping Department;US;False;1;2026-08-16
avis_auteur;2 à 20 avis;15782623238310293347;AniCura Bergisch Gladbach;Europe;False;1;2026-08-19
avis_auteur;2 à 20 avis;1588045585774572368;Istra Premium Camping Resort;Europe;False;1;2026-08-13
avis_auteur;2 à 20 avis;15928859670822937545;Pointe Pest Control;US;True;1;2026-08-14
avis_auteur;2 à 20 avis;15979917185231430356;A Plus Garage Door Repair;US;False;1;2026-08-23
avis_auteur;2 à 20 avis;16069512827606530358;Courtyard by Marriott Hanover Whippany;US;False;1;2026-08-18
avis_auteur;2 à 20 avis;16130034264863182789;The Grand Hotel;US;False;1;2026-08-16
avis_auteur;2 à 20 avis;16191346811025563423;Calicéo Strasbourg;Europe;False;1;2026-08-18
avis_auteur;2 à 20 avis;16491711330372966734;Mavericks Pizza Hangar;US;False;1;2026-08-16
avis_auteur;2 à 20 avis;16880400502719876773;Pointe Pest Control;US;True;1;2026-08-16
avis_auteur;2 à 20 avis;16894789784437684017;Delta Sonic Car Wash;US;False;1;2026-08-16
avis_auteur;2 à 20 avis;1695214525620865262;Adobe Day Spa and Chiropractics;US;False;1;2026-08-23
avis_auteur;2 à 20 avis;17027544060444986973;Hipotels Bahía Grande;Europe;False;1;2026-08-20
avis_auteur;2 à 20 avis;17194856329662937823;Hotel Rural Carlos I;Europe;False;1;2026-08-19
avis_auteur;2 à 20 avis;17202679942767108315;ABC Home & Commercial Services;US;False;1;2026-08-16
avis_auteur;2 à 20 avis;17251484945567213252;Globales Simar;Europe;False;1;2026-08-21
avis_auteur;2 à 20 avis;17325999670394372128;Mezze Krotoszyn;Europe;False;1;2026-08-18
avis_auteur;2 à 20 avis;17365787893692022098;Gîtes du Domaine des Bans;Europe;False;1;2026-08-12
avis_auteur;2 à 20 avis;17811514628184275600;P.J. Whelihan's Pub + Restaurant [West Chester];US;False;1;2026-08-18
avis_auteur;2 à 20 avis;18114601915347633250;Lee M. Angioletti;US;False;1;2026-08-17
avis_auteur;2 à 20 avis;18132941267052248039;Just Refreshed Aesthetics;US;False;1;2026-08-18
avis_auteur;2 à 20 avis;18143610989022699807;SkinSpirit Roslyn Heights;US;False;1;2026-08-17
avis_auteur;2 à 20 avis;18250774199179914288;Slow Village Anduze;Europe;False;1;2026-08-14
avis_auteur;2 à 20 avis;2054732589707793641;Globales Cala'n Bosch;Europe;False;1;2026-08-23
avis_auteur;2 à 20 avis;2281360171323098495;CareVet of Shoreline;US;False;1;2026-08-17
avis_auteur;2 à 20 avis;246095253791495383;Halbite;Europe;False;1;2026-08-17
avis_auteur;2 à 20 avis;2745747141372267109;Royal Charters Mallorca;Europe;False;1;2026-08-18
avis_auteur;2 à 20 avis;2797183553179767293;Rocket Carwash;US;False;1;2026-08-19
avis_auteur;2 à 20 avis;281176211676243797;Satanic Salem Walking Tours;US;False;1;2026-08-16
avis_auteur;2 à 20 avis;2817059610110232751;Green Pest Services;US;False;1;2026-08-16
avis_auteur;2 à 20 avis;3055526259022060684;Detailcar Aqua Multiespacio;Europe;False;1;2026-08-13
avis_auteur;2 à 20 avis;3163466139043001754;Boutique The Boxer Club Dr Castelo;Europe;True;1;2026-08-15
avis_auteur;2 à 20 avis;316878406668790307;Adventure Dental;US;False;1;2026-08-20
avis_auteur;2 à 20 avis;3171881406442480015;Club Berlin Friedrichshain;Europe;False;1;2026-08-13
avis_auteur;2 à 20 avis;3204333037205289385;Cuisinella Val d'Europe;Europe;False;1;2026-08-14
avis_auteur;2 à 20 avis;3274891443999828364;Elevate Fitness;US;False;1;2026-08-21
avis_auteur;2 à 20 avis;3425246382128922758;Merle Stone Chevrolet - Porterville;US;False;1;2026-08-14
avis_auteur;2 à 20 avis;3548043799334044547;Anchor Inn Lodge;US;False;1;2026-08-18
avis_auteur;2 à 20 avis;357179753298412712;Camping Adriatico;Europe;False;1;2026-08-16
avis_auteur;2 à 20 avis;3862407046066641134;Overhead Door Co Of Norwich;US;False;1;2026-08-18
avis_auteur;2 à 20 avis;4009596460761180782;Crep'eat;Europe;False;1;2026-08-18
avis_auteur;2 à 20 avis;4397473550123468841;Adventure Dental, Vision and Orthodontics;US;False;1;2026-08-13
avis_auteur;2 à 20 avis;4568901441266442943;Comfort Hotel Union Brygge;Europe;False;1;2026-08-12
avis_auteur;2 à 20 avis;4577485901777502628;IPPA Cafe;Europe;False;1;2026-08-12
avis_auteur;2 à 20 avis;471022147629183520;Insight Pest Solutions;US;True;1;2026-08-12
avis_auteur;2 à 20 avis;4924676720586514423;Mr. Clean Autopflege;Europe;False;1;2026-08-19
avis_auteur;2 à 20 avis;5050554609943149474;Samesun Hollywood;US;False;1;2026-08-15
avis_auteur;2 à 20 avis;5493948664261571918;Minicamping en Theeschenkerij De Brinkhoeve;Europe;False;1;2026-08-18
avis_auteur;2 à 20 avis;5686063649767011502;aBeauty Clinique Constanta;Europe;False;1;2026-08-15
avis_auteur;2 à 20 avis;5767747242108722390;AIRE Ancient Baths Chicago;US;False;1;2026-08-19
avis_auteur;2 à 20 avis;5999991654383813138;EcoShield Pest Solutions;US;True;1;2026-08-19
avis_auteur;2 à 20 avis;6391557302667666156;Babe's Plumbing, Inc. & Fire Sprinklers;US;False;1;2026-08-23
avis_auteur;2 à 20 avis;6502091583801106713;AniCura Kiel;Europe;False;1;2026-08-13
avis_auteur;2 à 20 avis;6595076367186224579;Darty;Europe;False;1;2026-08-20
avis_auteur;2 à 20 avis;6622258630771505951;Bulwark Exterminating;US;True;1;2026-08-21
avis_auteur;2 à 20 avis;6869486844088751364;Rosa Bonheur à l'Ouest;Europe;False;1;2026-08-19
avis_auteur;2 à 20 avis;6974005517924331668;"Бирария ""Do Re Mi""";Europe;False;1;2026-08-17
avis_auteur;2 à 20 avis;7071381681211698134;Grismer Tire and Auto Service Center;US;False;1;2026-08-19
avis_auteur;2 à 20 avis;7096371038011001168;Route 46 Chrysler Jeep Dodge;US;False;1;2026-08-21
avis_auteur;2 à 20 avis;7511492220568495848;Bonjour Tagungshotel Stuttgart Gerlingen;Europe;False;1;2026-08-21
avis_auteur;2 à 20 avis;7542203160017780480;Eurodecars Automobielhandel;Europe;False;1;2026-08-15
avis_auteur;2 à 20 avis;8357807472690442969;Green Pest Services;US;False;1;2026-08-17
avis_auteur;2 à 20 avis;8864246763002325033;Nu Car Rental;US;False;1;2026-08-20
avis_auteur;2 à 20 avis;9124825751290696378;Loogman Aalsmeer;Europe;False;1;2026-08-16
avis_auteur;2 à 20 avis;9166889712521968380;Advantage Rent A Car;US;False;1;2026-08-18
avis_auteur;2 à 20 avis;926727815049071482;sunshine cafe at Beebe;US;False;1;2026-08-16
avis_auteur;2 à 20 avis;9372823467771251065;Jalilo;Europe;False;1;2026-08-17
avis_auteur;2 à 20 avis;9654059427809994128;Carolina Ale House - Greenville-Woodruff;US;False;1;2026-08-22
avis_auteur;2 à 20 avis;9921186577906344541;A Plus Plumbing;US;False;1;2026-08-19
avis_auteur;plus de 20 avis;5119810349067443765;Clarion Hotel The Hub;Europe;False;6;2026-08-13
avis_auteur;plus de 20 avis;10746082602604012869;Insight Pest Solutions;US;True;3;2026-08-16, 2026-08-17, 2026-08-18
avis_auteur;plus de 20 avis;15030713588446975167;EcoShield Pest Solutions;US;True;3;2026-08-20, 2026-08-24
avis_auteur;plus de 20 avis;10346942689164695031;The Boxer Club;Europe;True;2;2026-08-17, 2026-08-18
avis_auteur;plus de 20 avis;10505273405281271038;Cedar Park Overhead Doors;US;False;2;2026-08-15
avis_auteur;plus de 20 avis;11121079175657752605;Ježevac Premium Camping Resort by Valamar;Europe;False;2;2026-08-21, 2026-08-22
avis_auteur;plus de 20 avis;12523973092132012183;EcoShield Pest Solutions;US;True;2;2026-08-17, 2026-08-23
avis_auteur;plus de 20 avis;15928859670822937545;Pointe Pest Control;US;True;2;2026-08-16, 2026-08-17
avis_auteur;plus de 20 avis;16201181649805957681;Heart and Vascular Care;US;False;2;2026-08-17, 2026-08-20
avis_auteur;plus de 20 avis;16248341169641882523;Insight Pest Solutions;US;True;2;2026-08-12, 2026-08-16
avis_auteur;plus de 20 avis;2054732589707793641;Globales Cala'n Bosch;Europe;False;2;2026-08-13, 2026-08-23
avis_auteur;plus de 20 avis;6979673743686913152;EcoShield Pest Solutions;US;True;2;2026-08-16, 2026-08-22
avis_auteur;plus de 20 avis;7626411052152447263;The Spa at Cedarbrook Lodge;US;False;2;2026-08-17, 2026-08-19
avis_auteur;plus de 20 avis;7864325941761932328;Globales Maioris;Europe;False;2;2026-08-21, 2026-08-22
avis_auteur;plus de 20 avis;817498439303474635;EcoShield Pest Solutions;US;True;2;2026-08-16
avis_auteur;plus de 20 avis;8256016555611678921;Solve Pest Pros;US;False;2;2026-08-16, 2026-08-24
avis_auteur;plus de 20 avis;8514033496595338463;Chatham Orthopaedic Associates;US;False;2;2026-08-21, 2026-08-23
avis_auteur;plus de 20 avis;10258162109096166464;Yelloh Village - Aluna Vacances;Europe;False;1;2026-08-14
avis_auteur;plus de 20 avis;10442243421974187572;Camping Sandaya Etruria;Europe;False;1;2026-08-16
avis_auteur;plus de 20 avis;10896163602322254565;Mumbai Masala Playa Paraíso;Europe;False;1;2026-08-22
avis_auteur;plus de 20 avis;11152419033877693945;Camping Campéole Le Coiroux;Europe;False;1;2026-08-13
avis_auteur;plus de 20 avis;11593746449727099110;Premier Eyecare;US;False;1;2026-08-16
avis_auteur;plus de 20 avis;11746939377458501797;Green Pest Services;US;False;1;2026-08-12
avis_auteur;plus de 20 avis;12162999256610465653;Pointe Pest Control;US;True;1;2026-08-17
avis_auteur;plus de 20 avis;12257458818878449587;Carson's Ribs Prime Steaks & Famous Barbecue Chicago;US;False;1;2026-08-18
avis_auteur;plus de 20 avis;12971538955295795353;West Shore Home;US;False;1;2026-08-22
avis_auteur;plus de 20 avis;13048717007599713286;Nu Car Rentals;US;False;1;2026-08-19
avis_auteur;plus de 20 avis;13151071491813197060;Technitoit Villefranche-sur-Saône;Europe;False;1;2026-08-16
avis_auteur;plus de 20 avis;1320861146435177408;Fox Rent A Car Denver;US;False;1;2026-08-23
avis_auteur;plus de 20 avis;13447210363258677756;Duryea's Lobster Deck & Seafood Market;US;False;1;2026-08-16
avis_auteur;plus de 20 avis;13609296054599897306;AmeriVu Inn & Suites - Chisago City;US;False;1;2026-08-16
avis_auteur;plus de 20 avis;13815055003457289004;Hospital Veterinario San Antón;Europe;False;1;2026-08-23
avis_auteur;plus de 20 avis;13919628842978940702;Masajes Eróticos Alicante Eternal Massage;Europe;False;1;2026-08-17
avis_auteur;plus de 20 avis;14398824460040053889;Dermatology Affiliates;US;False;1;2026-08-12
avis_auteur;plus de 20 avis;14451738291215002268;ProCare Collision;US;False;1;2026-08-12
avis_auteur;plus de 20 avis;146333011060678538;Northwest Exterminating;US;False;1;2026-08-23
avis_auteur;plus de 20 avis;14651399241385512560;Insight Pest Solutions;US;True;1;2026-08-21
avis_auteur;plus de 20 avis;1487794017584324211;Neoness;Europe;False;1;2026-08-16
avis_auteur;plus de 20 avis;15083526705897946018;Heart and Vascular Care;US;False;1;2026-08-17
avis_auteur;plus de 20 avis;15168756511886563707;Dermatology Affiliates;US;False;1;2026-08-20
avis_auteur;plus de 20 avis;15338170984100166205;Planet Fitness;Europe;False;1;2026-08-20
avis_auteur;plus de 20 avis;15855620533885071362;Auto Bierschneider;Europe;False;1;2026-08-12
avis_auteur;plus de 20 avis;15979917185231430356;A Plus Garage Door Repair;US;False;1;2026-08-17
avis_auteur;plus de 20 avis;16011688751403367255;Doral Toyota;US;False;1;2026-08-20
avis_auteur;plus de 20 avis;16191346811025563423;Calicéo Strasbourg;Europe;False;1;2026-08-17
avis_auteur;plus de 20 avis;16463535090029643023;Old Town Pour House (freedom Commons - Naperville);US;False;1;2026-08-24
avis_auteur;plus de 20 avis;16579715835844117368;Lochridge-Priest;US;False;1;2026-08-18
avis_auteur;plus de 20 avis;16867174010602496547;Northwest Exterminating;US;False;1;2026-08-20
avis_auteur;plus de 20 avis;1697023132609060386;Ichiban Japanese Bistro;US;False;1;2026-08-16
avis_auteur;plus de 20 avis;17021217626669606631;Black Hills Helicopters;US;False;1;2026-08-18
avis_auteur;plus de 20 avis;17251484945567213252;Globales Simar;Europe;False;1;2026-08-18
avis_auteur;plus de 20 avis;17257425285318401586;Hipotels Barrosa Park;Europe;False;1;2026-08-19
avis_auteur;plus de 20 avis;17268827580324391692;Detailcar Larios;Europe;False;1;2026-08-20
avis_auteur;plus de 20 avis;17297052927911918590;Hertz Autovermietung;Europe;False;1;2026-08-12
avis_auteur;plus de 20 avis;17855870789663755598;Fox Rent A Car San Diego;US;False;1;2026-08-17
avis_auteur;plus de 20 avis;2049285413475066406;Top Quality Roofing & Siding;US;False;1;2026-08-13
avis_auteur;plus de 20 avis;2423693438449052039;Bulwark Exterminating;US;True;1;2026-08-19
avis_auteur;plus de 20 avis;2699950723330237401;Tanner Clinic;US;False;1;2026-08-19
avis_auteur;plus de 20 avis;2951464077965952484;Margaritaville Beach Hotel;US;False;1;2026-08-20
avis_auteur;plus de 20 avis;3595820309544267485;EcoShield Pest Solutions;US;True;1;2026-08-19
avis_auteur;plus de 20 avis;3792836982665205875;Camping Les Sirènes - Campéole;Europe;False;1;2026-08-20
avis_auteur;plus de 20 avis;4433090577107943247;EcoShield Pest Solutions;US;True;1;2026-08-12
avis_auteur;plus de 20 avis;4479702789086504102;MedVet Columbus;US;False;1;2026-08-23
avis_auteur;plus de 20 avis;4963556190372573154;Chéri;Europe;False;1;2026-08-15
avis_auteur;plus de 20 avis;5088659347287832281;Elaya Hotel Stuttgart Boeblingen;Europe;False;1;2026-08-14
avis_auteur;plus de 20 avis;5291096098763143504;Pizza Hut Express;Europe;False;1;2026-08-19
avis_auteur;plus de 20 avis;5618672426900878761;Petfolk Veterinary & Urgent Care - Altamonte Springs;US;False;1;2026-08-16
avis_auteur;plus de 20 avis;5767747242108722390;AIRE Ancient Baths Chicago;US;False;1;2026-08-22
avis_auteur;plus de 20 avis;587102981669669421;Vakantiepark Capfun De Rotonde;Europe;False;1;2026-08-14
avis_auteur;plus de 20 avis;6360580975601342886;Carolina Ale House;US;False;1;2026-08-19
avis_auteur;plus de 20 avis;6453711745241527355;Premier Pest Control LLC;US;False;1;2026-08-21
avis_auteur;plus de 20 avis;6595076367186224579;Darty;Europe;False;1;2026-08-13
avis_auteur;plus de 20 avis;6665036569245004844;EcoShield Pest Solutions;US;True;1;2026-08-19
avis_auteur;plus de 20 avis;7645830286416566420;Pointe Pest Control;US;True;1;2026-08-16
avis_auteur;plus de 20 avis;8115244571708845709;Cocoa Beach Catamaran;US;False;1;2026-08-12
avis_auteur;plus de 20 avis;8207176407898555793;Advantage Roofing Company;US;False;1;2026-08-23
avis_auteur;plus de 20 avis;845684297895448830;Globales Apartamentos Montemar;Europe;False;1;2026-08-23
avis_auteur;plus de 20 avis;8592193049411979519;EcoShield Pest Solutions;US;True;1;2026-08-16
avis_auteur;plus de 20 avis;9124825751290696378;Loogman Aalsmeer;Europe;False;1;2026-08-15
avis_auteur;plus de 20 avis;9330622820452187742;Club Erfurt;Europe;False;1;2026-08-17
avis_auteur;plus de 20 avis;9773764681262796319;Fox Rent A Car Miami;US;False;1;2026-08-16
avis_auteur;plus de 20 avis;9921186577906344541;A Plus Plumbing;US;False;1;2026-08-24
avis_auteur;plus de 20 avis;9951250439450898048;Abba San Sebastian;Europe;False;1;2026-08-17
local_guide;niveau 1 à 4;10746082602604012869;Insight Pest Solutions;US;True;37;2026-08-15, 2026-08-16, 2026-08-17, 2026-08-18, 2026-08-19, 2026-08-20, 2026-08-21, 2026-08-22, 2026-08-23, 2026-08-24
local_guide;niveau 1 à 4;1697023132609060386;Ichiban Japanese Bistro;US;False;23;2026-08-12, 2026-08-13, 2026-08-16, 2026-08-18, 2026-08-19, 2026-08-20, 2026-08-21, 2026-08-22, 2026-08-23
local_guide;niveau 1 à 4;10505273405281271038;Cedar Park Overhead Doors;US;False;21;2026-08-13, 2026-08-15, 2026-08-16, 2026-08-17, 2026-08-19, 2026-08-20, 2026-08-21, 2026-08-22
local_guide;niveau 1 à 4;3595820309544267485;EcoShield Pest Solutions;US;True;21;2026-08-13, 2026-08-16, 2026-08-17, 2026-08-19, 2026-08-20, 2026-08-21, 2026-08-23, 2026-08-24
local_guide;niveau 1 à 4;2034461622997448093;Bulwark Exterminating;US;True;19;2026-08-13, 2026-08-16, 2026-08-17, 2026-08-19, 2026-08-21, 2026-08-23
local_guide;niveau 1 à 4;6979673743686913152;EcoShield Pest Solutions;US;True;19;2026-08-12, 2026-08-13, 2026-08-16, 2026-08-17, 2026-08-18, 2026-08-19, 2026-08-21, 2026-08-22, 2026-08-23
local_guide;niveau 1 à 4;8592193049411979519;EcoShield Pest Solutions;US;True;18;2026-08-16, 2026-08-17, 2026-08-18, 2026-08-19, 2026-08-20, 2026-08-21
local_guide;niveau 1 à 4;4433090577107943247;EcoShield Pest Solutions;US;True;17;2026-08-12, 2026-08-16, 2026-08-17, 2026-08-19, 2026-08-21, 2026-08-23
local_guide;niveau 1 à 4;10896163602322254565;Mumbai Masala Playa Paraíso;Europe;False;15;2026-08-16, 2026-08-17, 2026-08-18, 2026-08-19, 2026-08-21, 2026-08-23, 2026-08-24
local_guide;niveau 1 à 4;6832155753295535633;Insight Pest Solutions;US;True;14;2026-08-12, 2026-08-13, 2026-08-16, 2026-08-17, 2026-08-18, 2026-08-19, 2026-08-22, 2026-08-24
local_guide;niveau 1 à 4;10346942689164695031;The Boxer Club;Europe;True;13;2026-08-13, 2026-08-14, 2026-08-18, 2026-08-22, 2026-08-23
local_guide;niveau 1 à 4;11527874769595828404;Pointe Pest Control;US;True;13;2026-08-12, 2026-08-16, 2026-08-17, 2026-08-19, 2026-08-20, 2026-08-21
local_guide;niveau 1 à 4;7478870134232076043;Rocky Mountain Balloon Adventures;US;False;13;2026-08-22, 2026-08-23
local_guide;niveau 1 à 4;11183164932977516690;Insight Pest Solutions;US;True;12;2026-08-13, 2026-08-15, 2026-08-16, 2026-08-17, 2026-08-19, 2026-08-22
local_guide;niveau 1 à 4;16248341169641882523;Insight Pest Solutions;US;True;12;2026-08-12, 2026-08-15, 2026-08-16, 2026-08-17, 2026-08-19, 2026-08-21, 2026-08-23
local_guide;niveau 1 à 4;6864222717854006596;Insight Pest Solutions;US;True;12;2026-08-12, 2026-08-16, 2026-08-17, 2026-08-18, 2026-08-19, 2026-08-22, 2026-08-24
local_guide;niveau 1 à 4;16011688751403367255;Doral Toyota;US;False;11;2026-08-16, 2026-08-18, 2026-08-19, 2026-08-20, 2026-08-21, 2026-08-22, 2026-08-23
local_guide;niveau 1 à 4;6665036569245004844;EcoShield Pest Solutions;US;True;11;2026-08-16, 2026-08-19, 2026-08-21
local_guide;niveau 1 à 4;817498439303474635;EcoShield Pest Solutions;US;True;11;2026-08-12, 2026-08-16, 2026-08-17, 2026-08-19
local_guide;niveau 1 à 4;11468972147098209639;Lash and Company Med Spa - Centennial;US;False;10;2026-08-24
local_guide;niveau 1 à 4;13357493140933391105;Insight Pest Solutions;US;True;10;2026-08-12, 2026-08-13, 2026-08-16, 2026-08-17, 2026-08-18, 2026-08-19, 2026-08-24
local_guide;niveau 1 à 4;16932179925125573715;Pointe Pest Control;US;True;10;2026-08-12, 2026-08-16, 2026-08-17, 2026-08-19, 2026-08-20, 2026-08-21
local_guide;niveau 1 à 4;7864325941761932328;Globales Maioris;Europe;False;10;2026-08-15, 2026-08-21, 2026-08-22
local_guide;niveau 1 à 4;15030713588446975167;EcoShield Pest Solutions;US;True;9;2026-08-19, 2026-08-20, 2026-08-21, 2026-08-24
local_guide;niveau 1 à 4;10789067178806450248;Fitness First Griesheim;Europe;False;8;2026-08-14, 2026-08-16, 2026-08-17, 2026-08-21
local_guide;niveau 1 à 4;11001368659838863228;Pointe Pest Control;US;True;8;2026-08-16, 2026-08-18, 2026-08-19, 2026-08-20, 2026-08-23, 2026-08-24
local_guide;niveau 1 à 4;11752525017306549612;Insight Pest Solutions;US;True;8;2026-08-13, 2026-08-16, 2026-08-18, 2026-08-19, 2026-08-23
local_guide;niveau 1 à 4;11882525582487875452;Northwest Exterminating;US;False;8;2026-08-15, 2026-08-16, 2026-08-17, 2026-08-19, 2026-08-22, 2026-08-23
local_guide;niveau 1 à 4;12653609458785639661;Delta Sonic Car Wash;US;False;8;2026-08-12, 2026-08-13, 2026-08-17, 2026-08-23, 2026-08-24
local_guide;niveau 1 à 4;12986326219479165233;Azur Service 06;Europe;False;8;2026-08-20, 2026-08-21, 2026-08-22, 2026-08-23
local_guide;niveau 1 à 4;16549891742331617014;Abilene Dermatology and Skin;US;False;8;2026-08-16, 2026-08-17, 2026-08-20, 2026-08-21, 2026-08-22
local_guide;niveau 1 à 4;16867174010602496547;Northwest Exterminating;US;False;8;2026-08-13, 2026-08-16, 2026-08-17, 2026-08-20, 2026-08-21
local_guide;niveau 1 à 4;1943990090783039974;United Air Temp;US;False;8;2026-08-22, 2026-08-23
local_guide;niveau 1 à 4;3088388366389061829;Pointe Pest Control;US;True;8;2026-08-16, 2026-08-17, 2026-08-19, 2026-08-20, 2026-08-21
local_guide;niveau 1 à 4;4479702789086504102;MedVet Columbus;US;False;8;2026-08-20, 2026-08-23
local_guide;niveau 1 à 4;8675258714044865202;Aqua Plumbing and Air;US;False;8;2026-08-12, 2026-08-13, 2026-08-16, 2026-08-19
local_guide;niveau 1 à 4;10907116412041709754;Pointe Pest Control;US;True;7;2026-08-16, 2026-08-18, 2026-08-19, 2026-08-20
local_guide;niveau 1 à 4;14933790454100186775;Pointe Pest Control;US;True;7;2026-08-12, 2026-08-13, 2026-08-16, 2026-08-17, 2026-08-19, 2026-08-21
local_guide;niveau 1 à 4;16201181649805957681;Heart and Vascular Care;US;False;7;2026-08-13, 2026-08-16, 2026-08-17, 2026-08-23
local_guide;niveau 1 à 4;16469337811496657191;Pointe Pest Control;US;True;7;2026-08-12, 2026-08-16, 2026-08-17, 2026-08-20
local_guide;niveau 1 à 4;17208676867430563363;Good Night John Boy;US;False;7;2026-08-16, 2026-08-18, 2026-08-19, 2026-08-20
local_guide;niveau 1 à 4;3164305209948048623;Pointe Pest Control;US;True;7;2026-08-16, 2026-08-17, 2026-08-21
local_guide;niveau 1 à 4;3352767676680426036;Solve Pest Pros;US;False;7;2026-08-21, 2026-08-22
local_guide;niveau 1 à 4;5063341140303696786;Pointe Pest Control;US;True;7;2026-08-12, 2026-08-17, 2026-08-19, 2026-08-20, 2026-08-21, 2026-08-24
local_guide;niveau 1 à 4;6099218902287832250;Ballenoil Albasanz;Europe;False;7;2026-08-14, 2026-08-16, 2026-08-18, 2026-08-19, 2026-08-20
local_guide;niveau 1 à 4;6220232788059998036;Heart and Vascular Care;US;False;7;2026-08-12, 2026-08-16, 2026-08-19, 2026-08-20
local_guide;niveau 1 à 4;718178259547467488;Pointe Pest Control;US;True;7;2026-08-13, 2026-08-17, 2026-08-19, 2026-08-21, 2026-08-23
local_guide;niveau 1 à 4;8115244571708845709;Cocoa Beach Catamaran;US;False;7;2026-08-16, 2026-08-19, 2026-08-20, 2026-08-23
local_guide;niveau 1 à 4;8272933981059498407;Heart and Vascular Care;US;False;7;2026-08-16, 2026-08-19, 2026-08-20, 2026-08-21, 2026-08-23, 2026-08-24
local_guide;niveau 1 à 4;12242899512208579596;Insight Pest Solutions;US;True;6;2026-08-16
local_guide;niveau 1 à 4;1320861146435177408;Fox Rent A Car Denver;US;False;6;2026-08-13, 2026-08-16, 2026-08-17, 2026-08-23
local_guide;niveau 1 à 4;17251484945567213252;Globales Simar;Europe;False;6;2026-08-20, 2026-08-21, 2026-08-22, 2026-08-23
local_guide;niveau 1 à 4;178064072666686963;EcoShield Pest Solutions;US;True;6;2026-08-16, 2026-08-18, 2026-08-19, 2026-08-20, 2026-08-21
local_guide;niveau 1 à 4;2680144292534599937;HT Fitness;US;False;6;2026-08-13, 2026-08-17, 2026-08-19, 2026-08-23, 2026-08-24
local_guide;niveau 1 à 4;2699950723330237401;Tanner Clinic;US;False;6;2026-08-16, 2026-08-17, 2026-08-19, 2026-08-20
local_guide;niveau 1 à 4;2799040813008286606;Tipsy Tiki Fmb;US;False;6;2026-08-21, 2026-08-22, 2026-08-23
local_guide;niveau 1 à 4;3187607110245052706;Denali Park Zipline;US;False;6;2026-08-12, 2026-08-15, 2026-08-17, 2026-08-18, 2026-08-20
local_guide;niveau 1 à 4;3464619508278537951;Chatham Orthopaedic Associates;US;False;6;2026-08-12, 2026-08-17, 2026-08-18, 2026-08-19, 2026-08-20
local_guide;niveau 1 à 4;6289730490558979524;Bulwark Exterminating;US;True;6;2026-08-19, 2026-08-20
local_guide;niveau 1 à 4;8117786734318428670;Sunshine Ballooning;Europe;False;6;2026-08-17, 2026-08-18, 2026-08-23
local_guide;niveau 1 à 4;8256016555611678921;Solve Pest Pros;US;False;6;2026-08-16, 2026-08-17, 2026-08-18, 2026-08-19
local_guide;niveau 1 à 4;8303557791751296465;Insight Pest Solutions;US;True;6;2026-08-15, 2026-08-17, 2026-08-19, 2026-08-20
local_guide;niveau 1 à 4;9284506857513497045;ABC Home & Commercial Services;US;False;6;2026-08-15, 2026-08-16, 2026-08-21, 2026-08-22
local_guide;niveau 1 à 4;11660062678522630526;Sierra Pacific Orthopedics;US;False;5;2026-08-16, 2026-08-18, 2026-08-23
local_guide;niveau 1 à 4;118597015968253014;EcoShield Pest Solutions Chicago East;US;False;5;2026-08-16, 2026-08-17
local_guide;niveau 1 à 4;12971538955295795353;West Shore Home;US;False;5;2026-08-21, 2026-08-22, 2026-08-23
local_guide;niveau 1 à 4;13149966690726534760;Green Pest Services;US;False;5;2026-08-16, 2026-08-21, 2026-08-22
local_guide;niveau 1 à 4;146333011060678538;Northwest Exterminating;US;False;5;2026-08-16, 2026-08-17, 2026-08-21, 2026-08-23
local_guide;niveau 1 à 4;14825598912279374964;Chatham Sports Medicine & Physical Therapy;US;False;5;2026-08-13, 2026-08-16, 2026-08-17, 2026-08-18, 2026-08-21
local_guide;niveau 1 à 4;15083526705897946018;Heart and Vascular Care;US;False;5;2026-08-23
local_guide;niveau 1 à 4;15168756511886563707;Dermatology Affiliates;US;False;5;2026-08-20, 2026-08-21, 2026-08-22
local_guide;niveau 1 à 4;17461188179245106693;Bulwark Exterminating;US;True;5;2026-08-17
local_guide;niveau 1 à 4;18087544658842131373;Pointe Pest Control;US;True;5;2026-08-17, 2026-08-19, 2026-08-21
local_guide;niveau 1 à 4;2423693438449052039;Bulwark Exterminating;US;True;5;2026-08-16, 2026-08-17
local_guide;niveau 1 à 4;3932259871970128515;Alaska Fracture and Orthopedic Clinic;US;False;5;2026-08-16, 2026-08-17, 2026-08-18, 2026-08-20, 2026-08-21
local_guide;niveau 1 à 4;4535259281716615882;EcoShield Pest Solutions;US;True;5;2026-08-16, 2026-08-17, 2026-08-19
local_guide;niveau 1 à 4;7645830286416566420;Pointe Pest Control;US;True;5;2026-08-16, 2026-08-19, 2026-08-21
local_guide;niveau 1 à 4;8295483025098590212;Parker Cornea;US;False;5;2026-08-12, 2026-08-16, 2026-08-19
local_guide;niveau 1 à 4;8514033496595338463;Chatham Orthopaedic Associates;US;False;5;2026-08-16, 2026-08-17, 2026-08-19, 2026-08-20, 2026-08-21
local_guide;niveau 1 à 4;10121891181019347598;Fox Rent A Car;US;False;4;2026-08-16, 2026-08-20
local_guide;niveau 1 à 4;10647645013357446509;Pointe Pest Control;US;True;4;2026-08-16, 2026-08-17, 2026-08-19
local_guide;niveau 1 à 4;11746939377458501797;Green Pest Services;US;False;4;2026-08-12, 2026-08-16, 2026-08-20, 2026-08-22
local_guide;niveau 1 à 4;12162999256610465653;Pointe Pest Control;US;True;4;2026-08-16, 2026-08-17, 2026-08-18, 2026-08-21
local_guide;niveau 1 à 4;12319304188118263291;Pizza Hut Debrecen Plaza;Europe;False;4;2026-08-23
local_guide;niveau 1 à 4;12466888218085323989;MedVet Cleveland;US;False;4;2026-08-12, 2026-08-16, 2026-08-17
local_guide;niveau 1 à 4;13142875894045715065;Green Pest Services;US;False;4;2026-08-21, 2026-08-22
local_guide;niveau 1 à 4;15705776624659968059;Fairway Lawns of Springdale;US;False;4;2026-08-18, 2026-08-23, 2026-08-24
local_guide;niveau 1 à 4;16385710373382858530;DKamping Village;Europe;False;4;2026-08-16, 2026-08-18
local_guide;niveau 1 à 4;17257425285318401586;Hipotels Barrosa Park;Europe;False;4;2026-08-18, 2026-08-19, 2026-08-20, 2026-08-23
local_guide;niveau 1 à 4;2220821433190157995;Alannia Salou;Europe;False;4;2026-08-24
local_guide;niveau 1 à 4;3203854443950401309;HT Fitness;US;False;4;2026-08-12, 2026-08-16, 2026-08-19
local_guide;niveau 1 à 4;5049402211849837299;Cuisine Plus Saint Nazaire;Europe;False;4;2026-08-17, 2026-08-19, 2026-08-22
local_guide;niveau 1 à 4;5480379830228378813;Polo line - vacation rentals;Europe;False;4;2026-08-20, 2026-08-21, 2026-08-23, 2026-08-24
local_guide;niveau 1 à 4;7651945305551643280;Chania Boat Tours;Europe;False;4;2026-08-21, 2026-08-22
local_guide;niveau 1 à 4;8173690169693600909;Fox Rent A Car;US;False;4;2026-08-18, 2026-08-19, 2026-08-20, 2026-08-22
local_guide;niveau 1 à 4;8323898039823195571;Pointe Pest Control;US;True;4;2026-08-15, 2026-08-16, 2026-08-20, 2026-08-23
local_guide;niveau 1 à 4;9773764681262796319;Fox Rent A Car Miami;US;False;4;2026-08-16, 2026-08-17, 2026-08-18
local_guide;niveau 1 à 4;12701978682932507204;Viva Day Spa and Med Spa;US;False;3;2026-08-12, 2026-08-21
local_guide;niveau 1 à 4;13048717007599713286;Nu Car Rentals;US;False;3;2026-08-18, 2026-08-20, 2026-08-22
local_guide;niveau 1 à 4;13228969405843925211;Pointe Pest Control;US;True;3;2026-08-15, 2026-08-18, 2026-08-21
local_guide;niveau 1 à 4;13454390046806476880;Hand and Stone Massage and Facial Spa;US;False;3;2026-08-16, 2026-08-23
local_guide;niveau 1 à 4;13609296054599897306;AmeriVu Inn & Suites - Chisago City;US;False;3;2026-08-18, 2026-08-19, 2026-08-21
local_guide;niveau 1 à 4;15702480480125668198;Fox Rent A Car;US;False;3;2026-08-23, 2026-08-24
local_guide;niveau 1 à 4;15928859670822937545;Pointe Pest Control;US;True;3;2026-08-14, 2026-08-16, 2026-08-17
local_guide;niveau 1 à 4;16894789784437684017;Delta Sonic Car Wash;US;False;3;2026-08-16, 2026-08-24
local_guide;niveau 1 à 4;17855870789663755598;Fox Rent A Car San Diego;US;False;3;2026-08-16, 2026-08-17
local_guide;niveau 1 à 4;18371253483526610359;Bulwark Exterminating;US;True;3;2026-08-16, 2026-08-21, 2026-08-24
local_guide;niveau 1 à 4;3274891443999828364;Elevate Fitness;US;False;3;2026-08-21
local_guide;niveau 1 à 4;3874911723232599474;ABC Home & Commercial Services;US;False;3;2026-08-17, 2026-08-20, 2026-08-23
local_guide;niveau 1 à 4;5119810349067443765;Clarion Hotel The Hub;Europe;False;3;2026-08-13
local_guide;niveau 1 à 4;5618672426900878761;Petfolk Veterinary & Urgent Care - Altamonte Springs;US;False;3;2026-08-16, 2026-08-18, 2026-08-22
local_guide;niveau 1 à 4;6278096211291522244;Active Pest Control;US;False;3;2026-08-19, 2026-08-20
local_guide;niveau 1 à 4;7096371038011001168;Route 46 Chrysler Jeep Dodge;US;False;3;2026-08-18, 2026-08-19, 2026-08-21
local_guide;niveau 1 à 4;7613905074252745810;EcoShield Pest Solutions;US;True;3;2026-08-13, 2026-08-16
local_guide;niveau 1 à 4;7626411052152447263;The Spa at Cedarbrook Lodge;US;False;3;2026-08-15, 2026-08-16
local_guide;niveau 1 à 4;8357807472690442969;Green Pest Services;US;False;3;2026-08-17, 2026-08-21
local_guide;niveau 1 à 4;9955525685526011894;Reno Massage Tree;US;False;3;2026-08-15, 2026-08-16
local_guide;niveau 1 à 4;10601184521827317877;Le Palme;Europe;False;2;2026-08-14, 2026-08-24
local_guide;niveau 1 à 4;11381632064786343361;Bobcat Wildlife & Pest Management;US;False;2;2026-08-16, 2026-08-21
local_guide;niveau 1 à 4;1170749740403083425;WestVet Boise;US;False;2;2026-08-16, 2026-08-19
local_guide;niveau 1 à 4;12035238193368484759;Centro Veterinario Villalba IF;Europe;False;2;2026-08-20
local_guide;niveau 1 à 4;12179770780704989290;Dojo Studio;US;False;2;2026-08-13, 2026-08-23
local_guide;niveau 1 à 4;12924136556389994153;ABC Home & Commercial Services;US;False;2;2026-08-16, 2026-08-23
local_guide;niveau 1 à 4;14727272453529875622;Active Pest Control;US;False;2;2026-08-12, 2026-08-16
local_guide;niveau 1 à 4;14735899687559181627;SuperGreen Irrigation;US;False;2;2026-08-15, 2026-08-16
local_guide;niveau 1 à 4;16880400502719876773;Pointe Pest Control;US;True;2;2026-08-16, 2026-08-24
local_guide;niveau 1 à 4;1695214525620865262;Adobe Day Spa and Chiropractics;US;False;2;2026-08-22, 2026-08-23
local_guide;niveau 1 à 4;17160257379698395021;Michael R Martineau;US;False;2;2026-08-20
local_guide;niveau 1 à 4;17202679942767108315;ABC Home & Commercial Services;US;False;2;2026-08-16
local_guide;niveau 1 à 4;18135896731724490192;Coastal Heating and Cooling;US;False;2;2026-08-12, 2026-08-24
local_guide;niveau 1 à 4;2054732589707793641;Globales Cala'n Bosch;Europe;False;2;2026-08-23
local_guide;niveau 1 à 4;2549079542246731788;MXO Rooftop;Europe;False;2;2026-08-18, 2026-08-21
local_guide;niveau 1 à 4;3862407046066641134;Overhead Door Co Of Norwich;US;False;2;2026-08-18, 2026-08-21
local_guide;niveau 1 à 4;4272684922168596772;Bulwark Exterminating Corporate;US;False;2;2026-08-22
local_guide;niveau 1 à 4;4350811955412203628;Streetside Classics;US;False;2;2026-08-22
local_guide;niveau 1 à 4;6360580975601342886;Carolina Ale House;US;False;2;2026-08-16, 2026-08-19
local_guide;niveau 1 à 4;8264250907553977852;Carolina Ale House;US;False;2;2026-08-22
local_guide;niveau 1 à 4;845684297895448830;Globales Apartamentos Montemar;Europe;False;2;2026-08-22, 2026-08-23
local_guide;niveau 1 à 4;8864246763002325033;Nu Car Rental;US;False;2;2026-08-14, 2026-08-20
local_guide;niveau 1 à 4;9026909565558195702;ABC Home & Commercial Services;US;False;2;2026-08-23
local_guide;niveau 1 à 4;9654059427809994128;Carolina Ale House - Greenville-Woodruff;US;False;2;2026-08-20, 2026-08-22
local_guide;niveau 1 à 4;10204432935619217142;Liberty GYM Burnhaupt-le-bas;Europe;False;1;2026-08-15
local_guide;niveau 1 à 4;10211842138860800782;Renault Saint-Etienne - Groupe Thivolle;Europe;False;1;2026-08-21
local_guide;niveau 1 à 4;10330873477402384990;Delizie di Mare - All You Can Eat;Europe;False;1;2026-08-20
local_guide;niveau 1 à 4;10392842969616344066;Quality Hotel Saga;Europe;False;1;2026-08-12
local_guide;niveau 1 à 4;10525843652337503574;Hotel Carris Porto Ribeira;Europe;False;1;2026-08-13
local_guide;niveau 1 à 4;10535711495689713124;SkinSpirit Del Mar;US;False;1;2026-08-15
local_guide;niveau 1 à 4;10688219440227213170;The Old Irish Pub - Aalborg;Europe;False;1;2026-08-16
local_guide;niveau 1 à 4;10866581757464278630;Club Essen Rüttenscheid;Europe;False;1;2026-08-13
local_guide;niveau 1 à 4;10921805046871428741;Compagnie des Déboucheurs;Europe;False;1;2026-08-15
local_guide;niveau 1 à 4;11004380532876327499;Embassy Suites Seattle Downtown-Pioneer Square;US;False;1;2026-08-20
local_guide;niveau 1 à 4;11098111536113255078;Hotel Alunis Health Spa;Europe;False;1;2026-08-17
local_guide;niveau 1 à 4;11121079175657752605;Ježevac Premium Camping Resort by Valamar;Europe;False;1;2026-08-22
local_guide;niveau 1 à 4;11253624861875245129;EcoShield Pest Solutions;US;True;1;2026-08-18
local_guide;niveau 1 à 4;11306931454900536039;Club Dortmund Gartenstadt;Europe;False;1;2026-08-21
local_guide;niveau 1 à 4;11569433775224823960;Neoness;Europe;False;1;2026-08-13
local_guide;niveau 1 à 4;11593746449727099110;Premier Eyecare;US;False;1;2026-08-16
local_guide;niveau 1 à 4;11979469692631411558;Cleys Waasmunster;Europe;False;1;2026-08-21
local_guide;niveau 1 à 4;12106990848959314672;Hotel Arc-en-ciel;Europe;False;1;2026-08-17
local_guide;niveau 1 à 4;12444480166249994540;Einstein Pros Plumbing;US;False;1;2026-08-15
local_guide;niveau 1 à 4;12460969889495485623;VCA Westside Animal Hospital;US;False;1;2026-08-17
local_guide;niveau 1 à 4;12523973092132012183;EcoShield Pest Solutions;US;True;1;2026-08-17
local_guide;niveau 1 à 4;12785457364507400376;ABC Home & Commercial Services;US;False;1;2026-08-16
local_guide;niveau 1 à 4;13151071491813197060;Technitoit Villefranche-sur-Saône;Europe;False;1;2026-08-16
local_guide;niveau 1 à 4;13204862283283398368;Hipotels Bahía Cala Millor;Europe;False;1;2026-08-18
local_guide;niveau 1 à 4;13259321554512244271;Massage & Spa;US;False;1;2026-08-16
local_guide;niveau 1 à 4;13282009709348196868;Camping la Breteche 3 stars;Europe;False;1;2026-08-21
local_guide;niveau 1 à 4;13487146367475704628;Empire Today;US;False;1;2026-08-20
local_guide;niveau 1 à 4;13729045321029806005;Cervecería La Sureña;Europe;False;1;2026-08-23
local_guide;niveau 1 à 4;13815055003457289004;Hospital Veterinario San Antón;Europe;False;1;2026-08-23
local_guide;niveau 1 à 4;13919628842978940702;Masajes Eróticos Alicante Eternal Massage;Europe;False;1;2026-08-23
local_guide;niveau 1 à 4;14072176514753891617;Knowlton Dental Associates;US;False;1;2026-08-12
local_guide;niveau 1 à 4;14112705270114144342;Camping Capfun Vlinderloo;Europe;False;1;2026-08-16
local_guide;niveau 1 à 4;14298233888485556219;Club Berlin Prenzlauer Berg;Europe;False;1;2026-08-18
local_guide;niveau 1 à 4;14362882724000770461;Cuisinella;Europe;False;1;2026-08-17
local_guide;niveau 1 à 4;14365492306530390455;Zefiro Experience Tour in Catamarano - Sardegna;Europe;False;1;2026-08-14
local_guide;niveau 1 à 4;14480382855388711513;HT Fitness;US;False;1;2026-08-19
local_guide;niveau 1 à 4;14696288889803762717;Auto Bierschneider;Europe;False;1;2026-08-19
local_guide;niveau 1 à 4;14735279916841429950;Ranger Motel;US;False;1;2026-08-24
local_guide;niveau 1 à 4;14740593769376451592;citizenM Copenhagen Rådhuspladsen;Europe;False;1;2026-08-13
local_guide;niveau 1 à 4;14786803112747547126;Hotel Botanico;Europe;False;1;2026-08-20
local_guide;niveau 1 à 4;14820991856221490337;Camping Les Pirons;Europe;False;1;2026-08-18
local_guide;niveau 1 à 4;1487794017584324211;Neoness;Europe;False;1;2026-08-14
local_guide;niveau 1 à 4;15382424972418370974;Good Night John Boy;US;False;1;2026-08-16
local_guide;niveau 1 à 4;15425978298257012661;Body' Minute;Europe;False;1;2026-08-14
local_guide;niveau 1 à 4;15428563441085278652;Relaxia Los Girasoles Bungalows;Europe;False;1;2026-08-24
local_guide;niveau 1 à 4;15608058152450039001;Automecanica Castro;Europe;False;1;2026-08-24
local_guide;niveau 1 à 4;15615984558165321771;Dermatology Affiliates (East Cobb);US;False;1;2026-08-16
local_guide;niveau 1 à 4;15708082090445471212;ABC Home & Commercial Services - Landscaping Department;US;False;1;2026-08-16
local_guide;niveau 1 à 4;15782623238310293347;AniCura Bergisch Gladbach;Europe;False;1;2026-08-19
local_guide;niveau 1 à 4;1588045585774572368;Istra Premium Camping Resort;Europe;False;1;2026-08-13
local_guide;niveau 1 à 4;15979917185231430356;A Plus Garage Door Repair;US;False;1;2026-08-23
local_guide;niveau 1 à 4;16069512827606530358;Courtyard by Marriott Hanover Whippany;US;False;1;2026-08-18
local_guide;niveau 1 à 4;16130034264863182789;The Grand Hotel;US;False;1;2026-08-16
local_guide;niveau 1 à 4;16170338589303360167;The Bend RV Park;US;False;1;2026-08-19
local_guide;niveau 1 à 4;16463535090029643023;Old Town Pour House (freedom Commons - Naperville);US;False;1;2026-08-24
local_guide;niveau 1 à 4;16491711330372966734;Mavericks Pizza Hangar;US;False;1;2026-08-16
local_guide;niveau 1 à 4;17027544060444986973;Hipotels Bahía Grande;Europe;False;1;2026-08-20
local_guide;niveau 1 à 4;17194856329662937823;Hotel Rural Carlos I;Europe;False;1;2026-08-19
local_guide;niveau 1 à 4;17256331860806033159;Happy Head Foot Reflexology and Massage;US;False;1;2026-08-22
local_guide;niveau 1 à 4;17325999670394372128;Mezze Krotoszyn;Europe;False;1;2026-08-18
local_guide;niveau 1 à 4;17365787893692022098;Gîtes du Domaine des Bans;Europe;False;1;2026-08-12
local_guide;niveau 1 à 4;17811514628184275600;P.J. Whelihan's Pub + Restaurant [West Chester];US;False;1;2026-08-18
local_guide;niveau 1 à 4;17897632292626765009;AniCura Kleintierspezialisten Augsburg;Europe;False;1;2026-08-20
local_guide;niveau 1 à 4;18114601915347633250;Lee M. Angioletti;US;False;1;2026-08-17
local_guide;niveau 1 à 4;18132941267052248039;Just Refreshed Aesthetics;US;False;1;2026-08-18
local_guide;niveau 1 à 4;18143610989022699807;SkinSpirit Roslyn Heights;US;False;1;2026-08-17
local_guide;niveau 1 à 4;18250774199179914288;Slow Village Anduze;Europe;False;1;2026-08-14
local_guide;niveau 1 à 4;2281360171323098495;CareVet of Shoreline;US;False;1;2026-08-17
local_guide;niveau 1 à 4;246095253791495383;Halbite;Europe;False;1;2026-08-17
local_guide;niveau 1 à 4;2745747141372267109;Royal Charters Mallorca;Europe;False;1;2026-08-18
local_guide;niveau 1 à 4;2797183553179767293;Rocket Carwash;US;False;1;2026-08-19
local_guide;niveau 1 à 4;281176211676243797;Satanic Salem Walking Tours;US;False;1;2026-08-16
local_guide;niveau 1 à 4;2817059610110232751;Green Pest Services;US;False;1;2026-08-16
local_guide;niveau 1 à 4;3055526259022060684;Detailcar Aqua Multiespacio;Europe;False;1;2026-08-13
local_guide;niveau 1 à 4;3163466139043001754;Boutique The Boxer Club Dr Castelo;Europe;True;1;2026-08-15
local_guide;niveau 1 à 4;316878406668790307;Adventure Dental;US;False;1;2026-08-20
local_guide;niveau 1 à 4;3171881406442480015;Club Berlin Friedrichshain;Europe;False;1;2026-08-13
local_guide;niveau 1 à 4;3204333037205289385;Cuisinella Val d'Europe;Europe;False;1;2026-08-14
local_guide;niveau 1 à 4;3548043799334044547;Anchor Inn Lodge;US;False;1;2026-08-18
local_guide;niveau 1 à 4;357179753298412712;Camping Adriatico;Europe;False;1;2026-08-16
local_guide;niveau 1 à 4;3705572903770911909;Other Place;US;False;1;2026-08-16
local_guide;niveau 1 à 4;3856632261014919795;Keyless Shop Locksmith;US;False;1;2026-08-16
local_guide;niveau 1 à 4;3881615387971294091;Spa Zuiver;Europe;False;1;2026-08-16
local_guide;niveau 1 à 4;4009596460761180782;Crep'eat;Europe;False;1;2026-08-18
local_guide;niveau 1 à 4;4085625843546614708;Red Rocks Locksmith North Denver;US;False;1;2026-08-19
local_guide;niveau 1 à 4;4397473550123468841;Adventure Dental, Vision and Orthodontics;US;False;1;2026-08-13
local_guide;niveau 1 à 4;4568901441266442943;Comfort Hotel Union Brygge;Europe;False;1;2026-08-12
local_guide;niveau 1 à 4;4577485901777502628;IPPA Cafe;Europe;False;1;2026-08-12
local_guide;niveau 1 à 4;471022147629183520;Insight Pest Solutions;US;True;1;2026-08-12
local_guide;niveau 1 à 4;4924676720586514423;Mr. Clean Autopflege;Europe;False;1;2026-08-19
local_guide;niveau 1 à 4;5050554609943149474;Samesun Hollywood;US;False;1;2026-08-15
local_guide;niveau 1 à 4;5088659347287832281;Elaya Hotel Stuttgart Boeblingen;Europe;False;1;2026-08-14
local_guide;niveau 1 à 4;5474549633975801069;OUTRIGGER Kauai Beach Resort & Spa;US;False;1;2026-08-20
local_guide;niveau 1 à 4;5686063649767011502;aBeauty Clinique Constanta;Europe;False;1;2026-08-15
local_guide;niveau 1 à 4;5767747242108722390;AIRE Ancient Baths Chicago;US;False;1;2026-08-19
local_guide;niveau 1 à 4;5999991654383813138;EcoShield Pest Solutions;US;True;1;2026-08-19
local_guide;niveau 1 à 4;6064403375455709139;Cuisinella;Europe;False;1;2026-08-21
local_guide;niveau 1 à 4;6208454101415437139;Cénica Porto Hotel, Curio Collection by Hilton;Europe;False;1;2026-08-20
local_guide;niveau 1 à 4;6391557302667666156;Babe's Plumbing, Inc. & Fire Sprinklers;US;False;1;2026-08-23
local_guide;niveau 1 à 4;6502091583801106713;AniCura Kiel;Europe;False;1;2026-08-13
local_guide;niveau 1 à 4;6595076367186224579;Darty;Europe;False;1;2026-08-20
local_guide;niveau 1 à 4;6622258630771505951;Bulwark Exterminating;US;True;1;2026-08-21
local_guide;niveau 1 à 4;6869486844088751364;Rosa Bonheur à l'Ouest;Europe;False;1;2026-08-19
local_guide;niveau 1 à 4;6974005517924331668;"Бирария ""Do Re Mi""";Europe;False;1;2026-08-17
local_guide;niveau 1 à 4;7071381681211698134;Grismer Tire and Auto Service Center;US;False;1;2026-08-19
local_guide;niveau 1 à 4;7127113031759927143;Buchanan Classics;US;False;1;2026-08-22
local_guide;niveau 1 à 4;7446569207813309645;Stadio Restaurants Herastrau;Europe;False;1;2026-08-20
local_guide;niveau 1 à 4;7511492220568495848;Bonjour Tagungshotel Stuttgart Gerlingen;Europe;False;1;2026-08-21
local_guide;niveau 1 à 4;7542203160017780480;Eurodecars Automobielhandel;Europe;False;1;2026-08-15
local_guide;niveau 1 à 4;8015064052260497255;Neoness;Europe;False;1;2026-08-14
local_guide;niveau 1 à 4;9124825751290696378;Loogman Aalsmeer;Europe;False;1;2026-08-16
local_guide;niveau 1 à 4;9166889712521968380;Advantage Rent A Car;US;False;1;2026-08-18
local_guide;niveau 1 à 4;9202959950480882588;AIRE Ancient Baths;US;False;1;2026-08-20
local_guide;niveau 1 à 4;926727815049071482;sunshine cafe at Beebe;US;False;1;2026-08-16
local_guide;niveau 1 à 4;9372823467771251065;Jalilo;Europe;False;1;2026-08-17
local_guide;niveau 1 à 4;9400441828486763598;Brick House Tavern and Tap;US;False;1;2026-08-13
local_guide;niveau 1 à 4;9411249691461597325;Saltic Resort & Spa Leba;Europe;False;1;2026-08-18
local_guide;niveau 1 à 4;9921186577906344541;A Plus Plumbing;US;False;1;2026-08-20
local_guide;niveau 5 et plus;2034461622997448093;Bulwark Exterminating;US;True;5;2026-08-13
local_guide;niveau 5 et plus;5119810349067443765;Clarion Hotel The Hub;Europe;False;5;2026-08-13
local_guide;niveau 5 et plus;10746082602604012869;Insight Pest Solutions;US;True;4;2026-08-16, 2026-08-17, 2026-08-18, 2026-08-20
local_guide;niveau 5 et plus;10505273405281271038;Cedar Park Overhead Doors;US;False;3;2026-08-15, 2026-08-17
local_guide;niveau 5 et plus;15030713588446975167;EcoShield Pest Solutions;US;True;3;2026-08-20, 2026-08-21
local_guide;niveau 5 et plus;10346942689164695031;The Boxer Club;Europe;True;2;2026-08-17, 2026-08-18
local_guide;niveau 5 et plus;12523973092132012183;EcoShield Pest Solutions;US;True;2;2026-08-17, 2026-08-23
local_guide;niveau 5 et plus;13919628842978940702;Masajes Eróticos Alicante Eternal Massage;Europe;False;2;2026-08-16, 2026-08-17
local_guide;niveau 5 et plus;16191346811025563423;Calicéo Strasbourg;Europe;False;2;2026-08-17, 2026-08-18
local_guide;niveau 5 et plus;16248341169641882523;Insight Pest Solutions;US;True;2;2026-08-12, 2026-08-16
local_guide;niveau 5 et plus;17855870789663755598;Fox Rent A Car San Diego;US;False;2;2026-08-16, 2026-08-17
local_guide;niveau 5 et plus;2054732589707793641;Globales Cala'n Bosch;Europe;False;2;2026-08-13, 2026-08-23
local_guide;niveau 5 et plus;6979673743686913152;EcoShield Pest Solutions;US;True;2;2026-08-16, 2026-08-22
local_guide;niveau 5 et plus;7626411052152447263;The Spa at Cedarbrook Lodge;US;False;2;2026-08-17, 2026-08-19
local_guide;niveau 5 et plus;8256016555611678921;Solve Pest Pros;US;False;2;2026-08-16, 2026-08-24
local_guide;niveau 5 et plus;9921186577906344541;A Plus Plumbing;US;False;2;2026-08-19, 2026-08-24
local_guide;niveau 5 et plus;10258162109096166464;Yelloh Village - Aluna Vacances;Europe;False;1;2026-08-14
local_guide;niveau 5 et plus;10442243421974187572;Camping Sandaya Etruria;Europe;False;1;2026-08-16
local_guide;niveau 5 et plus;10647645013357446509;Pointe Pest Control;US;True;1;2026-08-17
local_guide;niveau 5 et plus;10896163602322254565;Mumbai Masala Playa Paraíso;Europe;False;1;2026-08-22
local_guide;niveau 5 et plus;11121079175657752605;Ježevac Premium Camping Resort by Valamar;Europe;False;1;2026-08-21
local_guide;niveau 5 et plus;11152419033877693945;Camping Campéole Le Coiroux;Europe;False;1;2026-08-13
local_guide;niveau 5 et plus;11509551004547941596;Green Elite Pompy Ciepła;Europe;False;1;2026-08-20
local_guide;niveau 5 et plus;12028540047674361624;Works Plumbing Repair & Drain Cleaning;US;False;1;2026-08-12
local_guide;niveau 5 et plus;12257458818878449587;Carson's Ribs Prime Steaks & Famous Barbecue Chicago;US;False;1;2026-08-18
local_guide;niveau 5 et plus;12621991571583444125;SIXT rent a car LaGuardia airport;US;False;1;2026-08-12
local_guide;niveau 5 et plus;12701978682932507204;Viva Day Spa and Med Spa;US;False;1;2026-08-16
local_guide;niveau 5 et plus;12971538955295795353;West Shore Home;US;False;1;2026-08-22
local_guide;niveau 5 et plus;13447210363258677756;Duryea's Lobster Deck & Seafood Market;US;False;1;2026-08-16
local_guide;niveau 5 et plus;13609296054599897306;AmeriVu Inn & Suites - Chisago City;US;False;1;2026-08-16
local_guide;niveau 5 et plus;14398824460040053889;Dermatology Affiliates;US;False;1;2026-08-12
local_guide;niveau 5 et plus;14451738291215002268;ProCare Collision;US;False;1;2026-08-12
local_guide;niveau 5 et plus;14651399241385512560;Insight Pest Solutions;US;True;1;2026-08-21
local_guide;niveau 5 et plus;14669269514609492336;P.J. Whelihan's Pub + Restaurant;US;False;1;2026-08-13
local_guide;niveau 5 et plus;1487794017584324211;Neoness;Europe;False;1;2026-08-16
local_guide;niveau 5 et plus;15083526705897946018;Heart and Vascular Care;US;False;1;2026-08-17
local_guide;niveau 5 et plus;15168756511886563707;Dermatology Affiliates;US;False;1;2026-08-20
local_guide;niveau 5 et plus;15338170984100166205;Planet Fitness;Europe;False;1;2026-08-20
local_guide;niveau 5 et plus;15608058152450039001;Automecanica Castro;Europe;False;1;2026-08-23
local_guide;niveau 5 et plus;15855620533885071362;Auto Bierschneider;Europe;False;1;2026-08-12
local_guide;niveau 5 et plus;15928859670822937545;Pointe Pest Control;US;True;1;2026-08-17
local_guide;niveau 5 et plus;15979917185231430356;A Plus Garage Door Repair;US;False;1;2026-08-17
local_guide;niveau 5 et plus;16201181649805957681;Heart and Vascular Care;US;False;1;2026-08-20
local_guide;niveau 5 et plus;16579715835844117368;Lochridge-Priest;US;False;1;2026-08-18
local_guide;niveau 5 et plus;1697023132609060386;Ichiban Japanese Bistro;US;False;1;2026-08-16
local_guide;niveau 5 et plus;17021217626669606631;Black Hills Helicopters;US;False;1;2026-08-18
local_guide;niveau 5 et plus;17251484945567213252;Globales Simar;Europe;False;1;2026-08-18
local_guide;niveau 5 et plus;17257425285318401586;Hipotels Barrosa Park;Europe;False;1;2026-08-19
local_guide;niveau 5 et plus;17268827580324391692;Detailcar Larios;Europe;False;1;2026-08-20
local_guide;niveau 5 et plus;17297052927911918590;Hertz Autovermietung;Europe;False;1;2026-08-12
local_guide;niveau 5 et plus;2049285413475066406;Top Quality Roofing & Siding;US;False;1;2026-08-13
local_guide;niveau 5 et plus;2423693438449052039;Bulwark Exterminating;US;True;1;2026-08-19
local_guide;niveau 5 et plus;2699950723330237401;Tanner Clinic;US;False;1;2026-08-19
local_guide;niveau 5 et plus;2951464077965952484;Margaritaville Beach Hotel;US;False;1;2026-08-20
local_guide;niveau 5 et plus;3425246382128922758;Merle Stone Chevrolet - Porterville;US;False;1;2026-08-14
local_guide;niveau 5 et plus;3478475095175863634;UNA Hotel Bologna;Europe;False;1;2026-08-24
local_guide;niveau 5 et plus;3792836982665205875;Camping Les Sirènes - Campéole;Europe;False;1;2026-08-20
local_guide;niveau 5 et plus;3881615387971294091;Spa Zuiver;Europe;False;1;2026-08-21
local_guide;niveau 5 et plus;4479702789086504102;MedVet Columbus;US;False;1;2026-08-23
local_guide;niveau 5 et plus;4963556190372573154;Chéri;Europe;False;1;2026-08-15
local_guide;niveau 5 et plus;5291096098763143504;Pizza Hut Express;Europe;False;1;2026-08-19
local_guide;niveau 5 et plus;5422890961706407530;United Air Temp;US;False;1;2026-08-12
local_guide;niveau 5 et plus;5474549633975801069;OUTRIGGER Kauai Beach Resort & Spa;US;False;1;2026-08-15
local_guide;niveau 5 et plus;5493948664261571918;Minicamping en Theeschenkerij De Brinkhoeve;Europe;False;1;2026-08-18
local_guide;niveau 5 et plus;5618672426900878761;Petfolk Veterinary & Urgent Care - Altamonte Springs;US;False;1;2026-08-16
local_guide;niveau 5 et plus;5767747242108722390;AIRE Ancient Baths Chicago;US;False;1;2026-08-22
local_guide;niveau 5 et plus;587102981669669421;Vakantiepark Capfun De Rotonde;Europe;False;1;2026-08-14
local_guide;niveau 5 et plus;6360580975601342886;Carolina Ale House;US;False;1;2026-08-19
local_guide;niveau 5 et plus;6453711745241527355;Premier Pest Control LLC;US;False;1;2026-08-21
local_guide;niveau 5 et plus;6595076367186224579;Darty;Europe;False;1;2026-08-13
local_guide;niveau 5 et plus;8115244571708845709;Cocoa Beach Catamaran;US;False;1;2026-08-12
local_guide;niveau 5 et plus;8207176407898555793;Advantage Roofing Company;US;False;1;2026-08-23
local_guide;niveau 5 et plus;845684297895448830;Globales Apartamentos Montemar;Europe;False;1;2026-08-23
local_guide;niveau 5 et plus;8514033496595338463;Chatham Orthopaedic Associates;US;False;1;2026-08-23
local_guide;niveau 5 et plus;9124825751290696378;Loogman Aalsmeer;Europe;False;1;2026-08-15
local_guide;niveau 5 et plus;9330622820452187742;Club Erfurt;Europe;False;1;2026-08-17
local_guide;niveau 5 et plus;9773764681262796319;Fox Rent A Car Miami;US;False;1;2026-08-16
local_guide;niveau 5 et plus;9951250439450898048;Abba San Sebastian;Europe;False;1;2026-08-17
local_guide;sans niveau;10746082602604012869;Insight Pest Solutions;US;True;10;2026-08-12, 2026-08-16, 2026-08-19, 2026-08-20, 2026-08-22, 2026-08-23
local_guide;sans niveau;10789067178806450248;Fitness First Griesheim;Europe;False;8;2026-08-17, 2026-08-21, 2026-08-23
local_guide;sans niveau;12986326219479165233;Azur Service 06;Europe;False;8;2026-08-20, 2026-08-21, 2026-08-23
local_guide;sans niveau;12653609458785639661;Delta Sonic Car Wash;US;False;7;2026-08-15, 2026-08-18, 2026-08-21, 2026-08-23
local_guide;sans niveau;1697023132609060386;Ichiban Japanese Bistro;US;False;7;2026-08-12, 2026-08-16, 2026-08-17, 2026-08-19, 2026-08-21
local_guide;sans niveau;8117786734318428670;Sunshine Ballooning;Europe;False;7;2026-08-16, 2026-08-18, 2026-08-21, 2026-08-23
local_guide;sans niveau;10346942689164695031;The Boxer Club;Europe;True;6;2026-08-22, 2026-08-23
local_guide;sans niveau;10896163602322254565;Mumbai Masala Playa Paraíso;Europe;False;5;2026-08-17, 2026-08-20, 2026-08-21, 2026-08-22, 2026-08-23
local_guide;sans niveau;12319304188118263291;Pizza Hut Debrecen Plaza;Europe;False;5;2026-08-23
local_guide;sans niveau;13462096640461798107;Precision Landscaping;US;False;5;2026-08-16, 2026-08-23
local_guide;sans niveau;17251484945567213252;Globales Simar;Europe;False;5;2026-08-17, 2026-08-18, 2026-08-22
local_guide;sans niveau;5050554609943149474;Samesun Hollywood;US;False;5;2026-08-16, 2026-08-17
local_guide;sans niveau;7864325941761932328;Globales Maioris;Europe;False;5;2026-08-21, 2026-08-22
local_guide;sans niveau;11660062678522630526;Sierra Pacific Orthopedics;US;False;3;2026-08-18, 2026-08-20, 2026-08-23
local_guide;sans niveau;12971538955295795353;West Shore Home;US;False;3;2026-08-21, 2026-08-22
local_guide;sans niveau;16894789784437684017;Delta Sonic Car Wash;US;False;3;2026-08-16
local_guide;sans niveau;3808829296411201732;HDS Munich;Europe;False;3;2026-08-14, 2026-08-16, 2026-08-17
local_guide;sans niveau;4397473550123468841;Adventure Dental, Vision and Orthodontics;US;False;3;2026-08-16, 2026-08-17
local_guide;sans niveau;6099218902287832250;Ballenoil Albasanz;Europe;False;3;2026-08-17, 2026-08-21, 2026-08-22
local_guide;sans niveau;7478870134232076043;Rocky Mountain Balloon Adventures;US;False;3;2026-08-22, 2026-08-23
local_guide;sans niveau;817498439303474635;EcoShield Pest Solutions;US;True;3;2026-08-12, 2026-08-16
local_guide;sans niveau;11468972147098209639;Lash and Company Med Spa - Centennial;US;False;2;2026-08-24
local_guide;sans niveau;11752525017306549612;Insight Pest Solutions;US;True;2;2026-08-12, 2026-08-23
local_guide;sans niveau;118597015968253014;EcoShield Pest Solutions Chicago East;US;False;2;2026-08-17
local_guide;sans niveau;13048717007599713286;Nu Car Rentals;US;False;2;2026-08-18, 2026-08-19
local_guide;sans niveau;13259321554512244271;Massage & Spa;US;False;2;2026-08-12
local_guide;sans niveau;13357493140933391105;Insight Pest Solutions;US;True;2;2026-08-12, 2026-08-24
local_guide;sans niveau;146333011060678538;Northwest Exterminating;US;False;2;2026-08-13, 2026-08-21
local_guide;sans niveau;15030713588446975167;EcoShield Pest Solutions;US;True;2;2026-08-19, 2026-08-20
local_guide;sans niveau;15702480480125668198;Fox Rent A Car;US;False;2;2026-08-23, 2026-08-24
local_guide;sans niveau;16011688751403367255;Doral Toyota;US;False;2;2026-08-21, 2026-08-23
local_guide;sans niveau;16867174010602496547;Northwest Exterminating;US;False;2;2026-08-12, 2026-08-13
local_guide;sans niveau;17461188179245106693;Bulwark Exterminating;US;True;2;2026-08-12, 2026-08-17
local_guide;sans niveau;2680144292534599937;HT Fitness;US;False;2;2026-08-17, 2026-08-19
local_guide;sans niveau;3203854443950401309;HT Fitness;US;False;2;2026-08-17, 2026-08-21
local_guide;sans niveau;3274891443999828364;Elevate Fitness;US;False;2;2026-08-21
local_guide;sans niveau;3595820309544267485;EcoShield Pest Solutions;US;True;2;2026-08-13, 2026-08-19
local_guide;sans niveau;6360580975601342886;Carolina Ale House;US;False;2;2026-08-16
local_guide;sans niveau;6832155753295535633;Insight Pest Solutions;US;True;2;2026-08-12, 2026-08-24
local_guide;sans niveau;6864222717854006596;Insight Pest Solutions;US;True;2;2026-08-12, 2026-08-24
local_guide;sans niveau;6979673743686913152;EcoShield Pest Solutions;US;True;2;2026-08-16, 2026-08-23
local_guide;sans niveau;8115244571708845709;Cocoa Beach Catamaran;US;False;2;2026-08-13, 2026-08-16
local_guide;sans niveau;8282528182233977034;Cape Coral Boat Cruises;US;False;2;2026-08-16, 2026-08-21
local_guide;sans niveau;8303557791751296465;Insight Pest Solutions;US;True;2;2026-08-13, 2026-08-20
local_guide;sans niveau;11621061264450053739;Lyons Roofing;US;False;1;2026-08-15
local_guide;sans niveau;1170749740403083425;WestVet Boise;US;False;1;2026-08-23
local_guide;sans niveau;11882525582487875452;Northwest Exterminating;US;False;1;2026-08-19
local_guide;sans niveau;11979469692631411558;Cleys Waasmunster;Europe;False;1;2026-08-12
local_guide;sans niveau;12399650223478194238;Schön Klinik Hamburg Eilbek;Europe;False;1;2026-08-13
local_guide;sans niveau;12466888218085323989;MedVet Cleveland;US;False;1;2026-08-16
local_guide;sans niveau;12523973092132012183;EcoShield Pest Solutions;US;True;1;2026-08-17
local_guide;sans niveau;12754412867706599016;Excellence Appliance Repair;US;False;1;2026-08-17
local_guide;sans niveau;13149966690726534760;Green Pest Services;US;False;1;2026-08-23
local_guide;sans niveau;1320861146435177408;Fox Rent A Car Denver;US;False;1;2026-08-22
local_guide;sans niveau;13463525768309466593;Tip Top Garage Doors;US;False;1;2026-08-23
local_guide;sans niveau;13801744141903121032;citizenM Paris Charles de Gaulle Airport Hôtel;Europe;False;1;2026-08-21
local_guide;sans niveau;13914529929637769875;Homemade Taqueria;US;False;1;2026-08-17
local_guide;sans niveau;14437350526528134386;Claremont Motor Lodge;US;False;1;2026-08-16
local_guide;sans niveau;14825598912279374964;Chatham Sports Medicine & Physical Therapy;US;False;1;2026-08-18
local_guide;sans niveau;14869656164423820253;Mamajuana Cafe;US;False;1;2026-08-17
local_guide;sans niveau;15382424972418370974;Good Night John Boy;US;False;1;2026-08-16
local_guide;sans niveau;15598913053706512115;Bedard Bros. Honda;US;False;1;2026-08-17
local_guide;sans niveau;16054806172650950917;Abeauty Clinique Galati;Europe;False;1;2026-08-23
local_guide;sans niveau;16201181649805957681;Heart and Vascular Care;US;False;1;2026-08-16
local_guide;sans niveau;17365787893692022098;Gîtes du Domaine des Bans;Europe;False;1;2026-08-17
local_guide;sans niveau;18160242326678368511;Northwest Motor Group;US;False;1;2026-08-15
local_guide;sans niveau;1943990090783039974;United Air Temp;US;False;1;2026-08-22
local_guide;sans niveau;1944574178176983755;Qargo Coffee;US;False;1;2026-08-17
local_guide;sans niveau;2034461622997448093;Bulwark Exterminating;US;True;1;2026-08-13
local_guide;sans niveau;2420138228954020213;Elite House Cleaning Mesa;US;False;1;2026-08-19
local_guide;sans niveau;2678349505464412907;REEIS;US;False;1;2026-08-15
local_guide;sans niveau;3164305209948048623;Pointe Pest Control;US;True;1;2026-08-24
local_guide;sans niveau;319943520006464494;Speakeasy Fitness;US;False;1;2026-08-17
local_guide;sans niveau;3464619508278537951;Chatham Orthopaedic Associates;US;False;1;2026-08-18
local_guide;sans niveau;3862407046066641134;Overhead Door Co Of Norwich;US;False;1;2026-08-21
local_guide;sans niveau;4479702789086504102;MedVet Columbus;US;False;1;2026-08-23
local_guide;sans niveau;5644271922112783363;Vakantiepark Capfun - Het Winkel;Europe;False;1;2026-08-13
local_guide;sans niveau;6289730490558979524;Bulwark Exterminating;US;True;1;2026-08-20
local_guide;sans niveau;6665036569245004844;EcoShield Pest Solutions;US;True;1;2026-08-21
local_guide;sans niveau;7626411052152447263;The Spa at Cedarbrook Lodge;US;False;1;2026-08-16
local_guide;sans niveau;7645830286416566420;Pointe Pest Control;US;True;1;2026-08-20
local_guide;sans niveau;7651945305551643280;Chania Boat Tours;Europe;False;1;2026-08-22
local_guide;sans niveau;7868713708357852976;ScrubaDub Car Wash;US;False;1;2026-08-23
local_guide;sans niveau;8592193049411979519;EcoShield Pest Solutions;US;True;1;2026-08-18
local_guide;sans niveau;8662000526093675280;Comfort Hotel Porsgrunn;Europe;False;1;2026-08-19
local_guide;sans niveau;8864246763002325033;Nu Car Rental;US;False;1;2026-08-20
local_guide;sans niveau;9026909565558195702;ABC Home & Commercial Services;US;False;1;2026-08-23
local_guide;sans niveau;915220753679008263;Fairway Lawns of Tulsa;US;False;1;2026-08-20
local_guide;sans niveau;926727815049071482;sunshine cafe at Beebe;US;False;1;2026-08-12
local_guide;sans niveau;9330622820452187742;Club Erfurt;Europe;False;1;2026-08-12
local_guide;sans niveau;9555804487296852186;Homemade Taqueria Meeker Ave;US;False;1;2026-08-20
local_guide;sans niveau;9921186577906344541;A Plus Plumbing;US;False;1;2026-08-20
note;1 étoile(s);10346942689164695031;The Boxer Club;Europe;True;14;2026-08-13, 2026-08-14, 2026-08-17, 2026-08-18, 2026-08-22, 2026-08-23
note;1 étoile(s);1320861146435177408;Fox Rent A Car Denver;US;False;7;2026-08-13, 2026-08-16, 2026-08-17, 2026-08-22, 2026-08-23
note;1 étoile(s);12466888218085323989;MedVet Cleveland;US;False;5;2026-08-12, 2026-08-16, 2026-08-17
note;1 étoile(s);13048717007599713286;Nu Car Rentals;US;False;5;2026-08-18, 2026-08-19, 2026-08-20, 2026-08-22
note;1 étoile(s);17208676867430563363;Good Night John Boy;US;False;5;2026-08-19, 2026-08-20
note;1 étoile(s);17257425285318401586;Hipotels Barrosa Park;Europe;False;5;2026-08-18, 2026-08-19, 2026-08-20, 2026-08-23
note;1 étoile(s);3274891443999828364;Elevate Fitness;US;False;5;2026-08-21
note;1 étoile(s);10121891181019347598;Fox Rent A Car;US;False;4;2026-08-16, 2026-08-20
note;1 étoile(s);12523973092132012183;EcoShield Pest Solutions;US;True;4;2026-08-17, 2026-08-23
note;1 étoile(s);15702480480125668198;Fox Rent A Car;US;False;4;2026-08-23, 2026-08-24
note;1 étoile(s);17855870789663755598;Fox Rent A Car San Diego;US;False;4;2026-08-16, 2026-08-17
note;1 étoile(s);2220821433190157995;Alannia Salou;Europe;False;4;2026-08-24
note;1 étoile(s);8173690169693600909;Fox Rent A Car;US;False;4;2026-08-18, 2026-08-19, 2026-08-20, 2026-08-22
note;1 étoile(s);1170749740403083425;WestVet Boise;US;False;3;2026-08-16, 2026-08-19, 2026-08-23
note;1 étoile(s);13609296054599897306;AmeriVu Inn & Suites - Chisago City;US;False;3;2026-08-16, 2026-08-18, 2026-08-19
note;1 étoile(s);6979673743686913152;EcoShield Pest Solutions;US;True;3;2026-08-16, 2026-08-17, 2026-08-22
note;1 étoile(s);7613905074252745810;EcoShield Pest Solutions;US;True;3;2026-08-13, 2026-08-16
note;1 étoile(s);9773764681262796319;Fox Rent A Car Miami;US;False;3;2026-08-16, 2026-08-17, 2026-08-18
note;1 étoile(s);2549079542246731788;MXO Rooftop;Europe;False;2;2026-08-18, 2026-08-21
note;1 étoile(s);5767747242108722390;AIRE Ancient Baths Chicago;US;False;2;2026-08-19, 2026-08-22
note;1 étoile(s);6595076367186224579;Darty;Europe;False;2;2026-08-13, 2026-08-20
note;1 étoile(s);845684297895448830;Globales Apartamentos Montemar;Europe;False;2;2026-08-23
note;1 étoile(s);8864246763002325033;Nu Car Rental;US;False;2;2026-08-20
note;1 étoile(s);9124825751290696378;Loogman Aalsmeer;Europe;False;2;2026-08-15, 2026-08-16
note;1 étoile(s);926727815049071482;sunshine cafe at Beebe;US;False;2;2026-08-12, 2026-08-16
note;1 étoile(s);9330622820452187742;Club Erfurt;Europe;False;2;2026-08-12, 2026-08-17
note;1 étoile(s);9654059427809994128;Carolina Ale House - Greenville-Woodruff;US;False;2;2026-08-20, 2026-08-22
note;1 étoile(s);10204432935619217142;Liberty GYM Burnhaupt-le-bas;Europe;False;1;2026-08-15
note;1 étoile(s);10211842138860800782;Renault Saint-Etienne - Groupe Thivolle;Europe;False;1;2026-08-21
note;1 étoile(s);10258162109096166464;Yelloh Village - Aluna Vacances;Europe;False;1;2026-08-14
note;1 étoile(s);10505273405281271038;Cedar Park Overhead Doors;US;False;1;2026-08-15
note;1 étoile(s);10525843652337503574;Hotel Carris Porto Ribeira;Europe;False;1;2026-08-13
note;1 étoile(s);10535711495689713124;SkinSpirit Del Mar;US;False;1;2026-08-15
note;1 étoile(s);10601184521827317877;Le Palme;Europe;False;1;2026-08-14
note;1 étoile(s);10688219440227213170;The Old Irish Pub - Aalborg;Europe;False;1;2026-08-16
note;1 étoile(s);11004380532876327499;Embassy Suites Seattle Downtown-Pioneer Square;US;False;1;2026-08-20
note;1 étoile(s);11098111536113255078;Hotel Alunis Health Spa;Europe;False;1;2026-08-17
note;1 étoile(s);12179770780704989290;Dojo Studio;US;False;1;2026-08-23
note;1 étoile(s);12257458818878449587;Carson's Ribs Prime Steaks & Famous Barbecue Chicago;US;False;1;2026-08-18
note;1 étoile(s);12621991571583444125;SIXT rent a car LaGuardia airport;US;False;1;2026-08-12
note;1 étoile(s);13151071491813197060;Technitoit Villefranche-sur-Saône;Europe;False;1;2026-08-16
note;1 étoile(s);13447210363258677756;Duryea's Lobster Deck & Seafood Market;US;False;1;2026-08-16
note;1 étoile(s);13463525768309466593;Tip Top Garage Doors;US;False;1;2026-08-23
note;1 étoile(s);13801744141903121032;citizenM Paris Charles de Gaulle Airport Hôtel;Europe;False;1;2026-08-21
note;1 étoile(s);13815055003457289004;Hospital Veterinario San Antón;Europe;False;1;2026-08-23
note;1 étoile(s);14112705270114144342;Camping Capfun Vlinderloo;Europe;False;1;2026-08-16
note;1 étoile(s);14362882724000770461;Cuisinella;Europe;False;1;2026-08-17
note;1 étoile(s);14437350526528134386;Claremont Motor Lodge;US;False;1;2026-08-16
note;1 étoile(s);14451738291215002268;ProCare Collision;US;False;1;2026-08-12
note;1 étoile(s);14735279916841429950;Ranger Motel;US;False;1;2026-08-24
note;1 étoile(s);1487794017584324211;Neoness;Europe;False;1;2026-08-16
note;1 étoile(s);15598913053706512115;Bedard Bros. Honda;US;False;1;2026-08-17
note;1 étoile(s);15782623238310293347;AniCura Bergisch Gladbach;Europe;False;1;2026-08-19
note;1 étoile(s);15855620533885071362;Auto Bierschneider;Europe;False;1;2026-08-12
note;1 étoile(s);1588045585774572368;Istra Premium Camping Resort;Europe;False;1;2026-08-13
note;1 étoile(s);16191346811025563423;Calicéo Strasbourg;Europe;False;1;2026-08-18
note;1 étoile(s);17256331860806033159;Happy Head Foot Reflexology and Massage;US;False;1;2026-08-22
note;1 étoile(s);17297052927911918590;Hertz Autovermietung;Europe;False;1;2026-08-12
note;1 étoile(s);17325999670394372128;Mezze Krotoszyn;Europe;False;1;2026-08-18
note;1 étoile(s);178064072666686963;EcoShield Pest Solutions;US;True;1;2026-08-19
note;1 étoile(s);17897632292626765009;AniCura Kleintierspezialisten Augsburg;Europe;False;1;2026-08-20
note;1 étoile(s);18250774199179914288;Slow Village Anduze;Europe;False;1;2026-08-14
note;1 étoile(s);2054732589707793641;Globales Cala'n Bosch;Europe;False;1;2026-08-13
note;1 étoile(s);246095253791495383;Halbite;Europe;False;1;2026-08-17
note;1 étoile(s);2745747141372267109;Royal Charters Mallorca;Europe;False;1;2026-08-18
note;1 étoile(s);281176211676243797;Satanic Salem Walking Tours;US;False;1;2026-08-16
note;1 étoile(s);3055526259022060684;Detailcar Aqua Multiespacio;Europe;False;1;2026-08-13
note;1 étoile(s);3163466139043001754;Boutique The Boxer Club Dr Castelo;Europe;True;1;2026-08-15
note;1 étoile(s);316878406668790307;Adventure Dental;US;False;1;2026-08-20
note;1 étoile(s);3204333037205289385;Cuisinella Val d'Europe;Europe;False;1;2026-08-14
note;1 étoile(s);3478475095175863634;UNA Hotel Bologna;Europe;False;1;2026-08-24
note;1 étoile(s);3548043799334044547;Anchor Inn Lodge;US;False;1;2026-08-18
note;1 étoile(s);357179753298412712;Camping Adriatico;Europe;False;1;2026-08-16
note;1 étoile(s);3705572903770911909;Other Place;US;False;1;2026-08-16
note;1 étoile(s);3792836982665205875;Camping Les Sirènes - Campéole;Europe;False;1;2026-08-20
note;1 étoile(s);4009596460761180782;Crep'eat;Europe;False;1;2026-08-18
note;1 étoile(s);4433090577107943247;EcoShield Pest Solutions;US;True;1;2026-08-19
note;1 étoile(s);4963556190372573154;Chéri;Europe;False;1;2026-08-15
note;1 étoile(s);5088659347287832281;Elaya Hotel Stuttgart Boeblingen;Europe;False;1;2026-08-14
note;1 étoile(s);5474549633975801069;OUTRIGGER Kauai Beach Resort & Spa;US;False;1;2026-08-15
note;1 étoile(s);5644271922112783363;Vakantiepark Capfun - Het Winkel;Europe;False;1;2026-08-13
note;1 étoile(s);587102981669669421;Vakantiepark Capfun De Rotonde;Europe;False;1;2026-08-14
note;1 étoile(s);6064403375455709139;Cuisinella;Europe;False;1;2026-08-21
note;1 étoile(s);6453711745241527355;Premier Pest Control LLC;US;False;1;2026-08-21
note;1 étoile(s);6502091583801106713;AniCura Kiel;Europe;False;1;2026-08-13
note;1 étoile(s);6869486844088751364;Rosa Bonheur à l'Ouest;Europe;False;1;2026-08-19
note;1 étoile(s);6974005517924331668;"Бирария ""Do Re Mi""";Europe;False;1;2026-08-17
note;1 étoile(s);7071381681211698134;Grismer Tire and Auto Service Center;US;False;1;2026-08-19
note;1 étoile(s);7096371038011001168;Route 46 Chrysler Jeep Dodge;US;False;1;2026-08-21
note;1 étoile(s);7511492220568495848;Bonjour Tagungshotel Stuttgart Gerlingen;Europe;False;1;2026-08-21
note;1 étoile(s);8015064052260497255;Neoness;Europe;False;1;2026-08-14
note;1 étoile(s);8207176407898555793;Advantage Roofing Company;US;False;1;2026-08-23
note;1 étoile(s);915220753679008263;Fairway Lawns of Tulsa;US;False;1;2026-08-20
note;1 étoile(s);9166889712521968380;Advantage Rent A Car;US;False;1;2026-08-18
note;1 étoile(s);9372823467771251065;Jalilo;Europe;False;1;2026-08-17
note;1 étoile(s);9411249691461597325;Saltic Resort & Spa Leba;Europe;False;1;2026-08-18
note;2 étoile(s);10346942689164695031;The Boxer Club;Europe;True;7;2026-08-14, 2026-08-22, 2026-08-23
note;2 étoile(s);2054732589707793641;Globales Cala'n Bosch;Europe;False;2;2026-08-23
note;2 étoile(s);9773764681262796319;Fox Rent A Car Miami;US;False;2;2026-08-16, 2026-08-17
note;2 étoile(s);11121079175657752605;Ježevac Premium Camping Resort by Valamar;Europe;False;1;2026-08-22
note;2 étoile(s);12106990848959314672;Hotel Arc-en-ciel;Europe;False;1;2026-08-17
note;2 étoile(s);12179770780704989290;Dojo Studio;US;False;1;2026-08-13
note;2 étoile(s);12460969889495485623;VCA Westside Animal Hospital;US;False;1;2026-08-17
note;2 étoile(s);14651399241385512560;Insight Pest Solutions;US;True;1;2026-08-21
note;2 étoile(s);14669269514609492336;P.J. Whelihan's Pub + Restaurant;US;False;1;2026-08-13
note;2 étoile(s);14696288889803762717;Auto Bierschneider;Europe;False;1;2026-08-19
note;2 étoile(s);14820991856221490337;Camping Les Pirons;Europe;False;1;2026-08-18
note;2 étoile(s);1487794017584324211;Neoness;Europe;False;1;2026-08-14
note;2 étoile(s);15702480480125668198;Fox Rent A Car;US;False;1;2026-08-24
note;2 étoile(s);16191346811025563423;Calicéo Strasbourg;Europe;False;1;2026-08-17
note;2 étoile(s);16463535090029643023;Old Town Pour House (freedom Commons - Naperville);US;False;1;2026-08-24
note;2 étoile(s);17027544060444986973;Hipotels Bahía Grande;Europe;False;1;2026-08-20
note;2 étoile(s);17208676867430563363;Good Night John Boy;US;False;1;2026-08-18
note;2 étoile(s);17365787893692022098;Gîtes du Domaine des Bans;Europe;False;1;2026-08-12
note;2 étoile(s);2049285413475066406;Top Quality Roofing & Siding;US;False;1;2026-08-13
note;2 étoile(s);5474549633975801069;OUTRIGGER Kauai Beach Resort & Spa;US;False;1;2026-08-20
note;2 étoile(s);845684297895448830;Globales Apartamentos Montemar;Europe;False;1;2026-08-22
note;2 étoile(s);9202959950480882588;AIRE Ancient Baths;US;False;1;2026-08-20
note;3 étoile(s);10330873477402384990;Delizie di Mare - All You Can Eat;Europe;False;1;2026-08-20
note;3 étoile(s);11121079175657752605;Ježevac Premium Camping Resort by Valamar;Europe;False;1;2026-08-21
note;3 étoile(s);11152419033877693945;Camping Campéole Le Coiroux;Europe;False;1;2026-08-13
note;3 étoile(s);16130034264863182789;The Grand Hotel;US;False;1;2026-08-16
note;3 étoile(s);17855870789663755598;Fox Rent A Car San Diego;US;False;1;2026-08-17
note;3 étoile(s);2054732589707793641;Globales Cala'n Bosch;Europe;False;1;2026-08-23
note;3 étoile(s);2951464077965952484;Margaritaville Beach Hotel;US;False;1;2026-08-20
note;3 étoile(s);3881615387971294091;Spa Zuiver;Europe;False;1;2026-08-16
note;3 étoile(s);6979673743686913152;EcoShield Pest Solutions;US;True;1;2026-08-16
note;3 étoile(s);7626411052152447263;The Spa at Cedarbrook Lodge;US;False;1;2026-08-16
note;4 étoile(s);6099218902287832250;Ballenoil Albasanz;Europe;False;4;2026-08-17, 2026-08-19, 2026-08-20, 2026-08-21
note;4 étoile(s);10746082602604012869;Insight Pest Solutions;US;True;3;2026-08-16, 2026-08-20
note;4 étoile(s);3595820309544267485;EcoShield Pest Solutions;US;True;3;2026-08-13
note;4 étoile(s);17251484945567213252;Globales Simar;Europe;False;2;2026-08-20, 2026-08-23
note;4 étoile(s);5050554609943149474;Samesun Hollywood;US;False;2;2026-08-16, 2026-08-17
note;4 étoile(s);7864325941761932328;Globales Maioris;Europe;False;2;2026-08-21, 2026-08-22
note;4 étoile(s);10392842969616344066;Quality Hotel Saga;Europe;False;1;2026-08-12
note;4 étoile(s);10442243421974187572;Camping Sandaya Etruria;Europe;False;1;2026-08-16
note;4 étoile(s);10505273405281271038;Cedar Park Overhead Doors;US;False;1;2026-08-19
note;4 étoile(s);10601184521827317877;Le Palme;Europe;False;1;2026-08-24
note;4 étoile(s);10907116412041709754;Pointe Pest Control;US;True;1;2026-08-18
note;4 étoile(s);10921805046871428741;Compagnie des Déboucheurs;Europe;False;1;2026-08-15
note;4 étoile(s);11527874769595828404;Pointe Pest Control;US;True;1;2026-08-21
note;4 étoile(s);11621061264450053739;Lyons Roofing;US;False;1;2026-08-15
note;4 étoile(s);12028540047674361624;Works Plumbing Repair & Drain Cleaning;US;False;1;2026-08-12
note;4 étoile(s);12754412867706599016;Excellence Appliance Repair;US;False;1;2026-08-17
note;4 étoile(s);13149966690726534760;Green Pest Services;US;False;1;2026-08-22
note;4 étoile(s);15030713588446975167;EcoShield Pest Solutions;US;True;1;2026-08-24
note;4 étoile(s);15428563441085278652;Relaxia Los Girasoles Bungalows;Europe;False;1;2026-08-24
note;4 étoile(s);16579715835844117368;Lochridge-Priest;US;False;1;2026-08-18
note;4 étoile(s);16932179925125573715;Pointe Pest Control;US;True;1;2026-08-16
note;4 étoile(s);1697023132609060386;Ichiban Japanese Bistro;US;False;1;2026-08-20
note;4 étoile(s);2678349505464412907;REEIS;US;False;1;2026-08-15
note;4 étoile(s);3088388366389061829;Pointe Pest Control;US;True;1;2026-08-20
note;4 étoile(s);3164305209948048623;Pointe Pest Control;US;True;1;2026-08-17
note;4 étoile(s);3352767676680426036;Solve Pest Pros;US;False;1;2026-08-22
note;4 étoile(s);4397473550123468841;Adventure Dental, Vision and Orthodontics;US;False;1;2026-08-13
note;4 étoile(s);4568901441266442943;Comfort Hotel Union Brygge;Europe;False;1;2026-08-12
note;4 étoile(s);5119810349067443765;Clarion Hotel The Hub;Europe;False;1;2026-08-13
note;4 étoile(s);5422890961706407530;United Air Temp;US;False;1;2026-08-12
note;4 étoile(s);6208454101415437139;Cénica Porto Hotel, Curio Collection by Hilton;Europe;False;1;2026-08-20
note;4 étoile(s);718178259547467488;Pointe Pest Control;US;True;1;2026-08-21
note;4 étoile(s);7626411052152447263;The Spa at Cedarbrook Lodge;US;False;1;2026-08-16
note;4 étoile(s);7645830286416566420;Pointe Pest Control;US;True;1;2026-08-16
note;4 étoile(s);7651945305551643280;Chania Boat Tours;Europe;False;1;2026-08-22
note;5 étoile(s);10746082602604012869;Insight Pest Solutions;US;True;48;2026-08-12, 2026-08-15, 2026-08-16, 2026-08-17, 2026-08-18, 2026-08-19, 2026-08-20, 2026-08-21, 2026-08-22, 2026-08-23, 2026-08-24
note;5 étoile(s);1697023132609060386;Ichiban Japanese Bistro;US;False;30;2026-08-12, 2026-08-13, 2026-08-16, 2026-08-17, 2026-08-18, 2026-08-19, 2026-08-20, 2026-08-21, 2026-08-22, 2026-08-23
note;5 étoile(s);2034461622997448093;Bulwark Exterminating;US;True;25;2026-08-13, 2026-08-16, 2026-08-17, 2026-08-19, 2026-08-21, 2026-08-23
note;5 étoile(s);10505273405281271038;Cedar Park Overhead Doors;US;False;22;2026-08-13, 2026-08-15, 2026-08-16, 2026-08-17, 2026-08-19, 2026-08-20, 2026-08-21, 2026-08-22
note;5 étoile(s);10896163602322254565;Mumbai Masala Playa Paraíso;Europe;False;21;2026-08-16, 2026-08-17, 2026-08-18, 2026-08-19, 2026-08-20, 2026-08-21, 2026-08-22, 2026-08-23, 2026-08-24
note;5 étoile(s);3595820309544267485;EcoShield Pest Solutions;US;True;20;2026-08-13, 2026-08-16, 2026-08-17, 2026-08-19, 2026-08-20, 2026-08-21, 2026-08-23, 2026-08-24
note;5 étoile(s);6979673743686913152;EcoShield Pest Solutions;US;True;19;2026-08-12, 2026-08-13, 2026-08-16, 2026-08-18, 2026-08-19, 2026-08-21, 2026-08-22, 2026-08-23
note;5 étoile(s);8592193049411979519;EcoShield Pest Solutions;US;True;19;2026-08-16, 2026-08-17, 2026-08-18, 2026-08-19, 2026-08-20, 2026-08-21
note;5 étoile(s);10789067178806450248;Fitness First Griesheim;Europe;False;16;2026-08-14, 2026-08-16, 2026-08-17, 2026-08-21, 2026-08-23
note;5 étoile(s);12986326219479165233;Azur Service 06;Europe;False;16;2026-08-20, 2026-08-21, 2026-08-22, 2026-08-23
note;5 étoile(s);4433090577107943247;EcoShield Pest Solutions;US;True;16;2026-08-12, 2026-08-16, 2026-08-17, 2026-08-19, 2026-08-21, 2026-08-23
note;5 étoile(s);6832155753295535633;Insight Pest Solutions;US;True;16;2026-08-12, 2026-08-13, 2026-08-16, 2026-08-17, 2026-08-18, 2026-08-19, 2026-08-22, 2026-08-24
note;5 étoile(s);7478870134232076043;Rocky Mountain Balloon Adventures;US;False;16;2026-08-22, 2026-08-23
note;5 étoile(s);12653609458785639661;Delta Sonic Car Wash;US;False;15;2026-08-12, 2026-08-13, 2026-08-15, 2026-08-17, 2026-08-18, 2026-08-21, 2026-08-23, 2026-08-24
note;5 étoile(s);16248341169641882523;Insight Pest Solutions;US;True;14;2026-08-12, 2026-08-15, 2026-08-16, 2026-08-17, 2026-08-19, 2026-08-21, 2026-08-23
note;5 étoile(s);6864222717854006596;Insight Pest Solutions;US;True;14;2026-08-12, 2026-08-16, 2026-08-17, 2026-08-18, 2026-08-19, 2026-08-22, 2026-08-24
note;5 étoile(s);817498439303474635;EcoShield Pest Solutions;US;True;14;2026-08-12, 2026-08-16, 2026-08-17, 2026-08-19
note;5 étoile(s);15030713588446975167;EcoShield Pest Solutions;US;True;13;2026-08-19, 2026-08-20, 2026-08-21
note;5 étoile(s);16011688751403367255;Doral Toyota;US;False;13;2026-08-16, 2026-08-18, 2026-08-19, 2026-08-20, 2026-08-21, 2026-08-22, 2026-08-23
note;5 étoile(s);7864325941761932328;Globales Maioris;Europe;False;13;2026-08-15, 2026-08-21, 2026-08-22
note;5 étoile(s);8117786734318428670;Sunshine Ballooning;Europe;False;13;2026-08-16, 2026-08-17, 2026-08-18, 2026-08-21, 2026-08-23
note;5 étoile(s);11183164932977516690;Insight Pest Solutions;US;True;12;2026-08-13, 2026-08-15, 2026-08-16, 2026-08-17, 2026-08-19, 2026-08-22
note;5 étoile(s);11468972147098209639;Lash and Company Med Spa - Centennial;US;False;12;2026-08-24
note;5 étoile(s);11527874769595828404;Pointe Pest Control;US;True;12;2026-08-12, 2026-08-16, 2026-08-17, 2026-08-19, 2026-08-20, 2026-08-21
note;5 étoile(s);13357493140933391105;Insight Pest Solutions;US;True;12;2026-08-12, 2026-08-13, 2026-08-16, 2026-08-17, 2026-08-18, 2026-08-19, 2026-08-24
note;5 étoile(s);6665036569245004844;EcoShield Pest Solutions;US;True;12;2026-08-16, 2026-08-19, 2026-08-21
note;5 étoile(s);11752525017306549612;Insight Pest Solutions;US;True;10;2026-08-12, 2026-08-13, 2026-08-16, 2026-08-18, 2026-08-19, 2026-08-23
note;5 étoile(s);16867174010602496547;Northwest Exterminating;US;False;10;2026-08-12, 2026-08-13, 2026-08-16, 2026-08-17, 2026-08-20, 2026-08-21
note;5 étoile(s);17251484945567213252;Globales Simar;Europe;False;10;2026-08-17, 2026-08-18, 2026-08-21, 2026-08-22
note;5 étoile(s);4479702789086504102;MedVet Columbus;US;False;10;2026-08-20, 2026-08-23
note;5 étoile(s);8115244571708845709;Cocoa Beach Catamaran;US;False;10;2026-08-12, 2026-08-13, 2026-08-16, 2026-08-19, 2026-08-20, 2026-08-23
note;5 étoile(s);11882525582487875452;Northwest Exterminating;US;False;9;2026-08-15, 2026-08-16, 2026-08-17, 2026-08-19, 2026-08-22, 2026-08-23
note;5 étoile(s);12319304188118263291;Pizza Hut Debrecen Plaza;Europe;False;9;2026-08-23
note;5 étoile(s);12971538955295795353;West Shore Home;US;False;9;2026-08-21, 2026-08-22, 2026-08-23
note;5 étoile(s);16201181649805957681;Heart and Vascular Care;US;False;9;2026-08-13, 2026-08-16, 2026-08-17, 2026-08-20, 2026-08-23
note;5 étoile(s);16932179925125573715;Pointe Pest Control;US;True;9;2026-08-12, 2026-08-16, 2026-08-17, 2026-08-19, 2026-08-20, 2026-08-21
note;5 étoile(s);1943990090783039974;United Air Temp;US;False;9;2026-08-22, 2026-08-23
note;5 étoile(s);11001368659838863228;Pointe Pest Control;US;True;8;2026-08-16, 2026-08-18, 2026-08-19, 2026-08-20, 2026-08-23, 2026-08-24
note;5 étoile(s);11660062678522630526;Sierra Pacific Orthopedics;US;False;8;2026-08-16, 2026-08-18, 2026-08-20, 2026-08-23
note;5 étoile(s);16549891742331617014;Abilene Dermatology and Skin;US;False;8;2026-08-16, 2026-08-17, 2026-08-20, 2026-08-21, 2026-08-22
note;5 étoile(s);2680144292534599937;HT Fitness;US;False;8;2026-08-13, 2026-08-17, 2026-08-19, 2026-08-23, 2026-08-24
note;5 étoile(s);8256016555611678921;Solve Pest Pros;US;False;8;2026-08-16, 2026-08-17, 2026-08-18, 2026-08-19, 2026-08-24
note;5 étoile(s);8303557791751296465;Insight Pest Solutions;US;True;8;2026-08-13, 2026-08-15, 2026-08-17, 2026-08-19, 2026-08-20
note;5 étoile(s);8675258714044865202;Aqua Plumbing and Air;US;False;8;2026-08-12, 2026-08-13, 2026-08-16, 2026-08-19
note;5 étoile(s);118597015968253014;EcoShield Pest Solutions Chicago East;US;False;7;2026-08-16, 2026-08-17
note;5 étoile(s);146333011060678538;Northwest Exterminating;US;False;7;2026-08-13, 2026-08-16, 2026-08-17, 2026-08-21, 2026-08-23
note;5 étoile(s);14933790454100186775;Pointe Pest Control;US;True;7;2026-08-12, 2026-08-13, 2026-08-16, 2026-08-17, 2026-08-19, 2026-08-21
note;5 étoile(s);16469337811496657191;Pointe Pest Control;US;True;7;2026-08-12, 2026-08-16, 2026-08-17, 2026-08-20
note;5 étoile(s);17461188179245106693;Bulwark Exterminating;US;True;7;2026-08-12, 2026-08-17
note;5 étoile(s);2699950723330237401;Tanner Clinic;US;False;7;2026-08-16, 2026-08-17, 2026-08-19, 2026-08-20
note;5 étoile(s);3088388366389061829;Pointe Pest Control;US;True;7;2026-08-16, 2026-08-17, 2026-08-19, 2026-08-21
note;5 étoile(s);3164305209948048623;Pointe Pest Control;US;True;7;2026-08-16, 2026-08-17, 2026-08-21, 2026-08-24
note;5 étoile(s);3464619508278537951;Chatham Orthopaedic Associates;US;False;7;2026-08-12, 2026-08-17, 2026-08-18, 2026-08-19, 2026-08-20
note;5 étoile(s);5063341140303696786;Pointe Pest Control;US;True;7;2026-08-12, 2026-08-17, 2026-08-19, 2026-08-20, 2026-08-21, 2026-08-24
note;5 étoile(s);5119810349067443765;Clarion Hotel The Hub;Europe;False;7;2026-08-13
note;5 étoile(s);6220232788059998036;Heart and Vascular Care;US;False;7;2026-08-12, 2026-08-16, 2026-08-19, 2026-08-20
note;5 étoile(s);6289730490558979524;Bulwark Exterminating;US;True;7;2026-08-19, 2026-08-20
note;5 étoile(s);8272933981059498407;Heart and Vascular Care;US;False;7;2026-08-16, 2026-08-19, 2026-08-20, 2026-08-21, 2026-08-23, 2026-08-24
note;5 étoile(s);10907116412041709754;Pointe Pest Control;US;True;6;2026-08-16, 2026-08-19, 2026-08-20
note;5 étoile(s);12242899512208579596;Insight Pest Solutions;US;True;6;2026-08-16
note;5 étoile(s);14825598912279374964;Chatham Sports Medicine & Physical Therapy;US;False;6;2026-08-13, 2026-08-16, 2026-08-17, 2026-08-18, 2026-08-21
note;5 étoile(s);15083526705897946018;Heart and Vascular Care;US;False;6;2026-08-17, 2026-08-23
note;5 étoile(s);15168756511886563707;Dermatology Affiliates;US;False;6;2026-08-20, 2026-08-21, 2026-08-22
note;5 étoile(s);16894789784437684017;Delta Sonic Car Wash;US;False;6;2026-08-16, 2026-08-24
note;5 étoile(s);2423693438449052039;Bulwark Exterminating;US;True;6;2026-08-16, 2026-08-17, 2026-08-19
note;5 étoile(s);2799040813008286606;Tipsy Tiki Fmb;US;False;6;2026-08-21, 2026-08-22, 2026-08-23
note;5 étoile(s);3187607110245052706;Denali Park Zipline;US;False;6;2026-08-12, 2026-08-15, 2026-08-17, 2026-08-18, 2026-08-20
note;5 étoile(s);3203854443950401309;HT Fitness;US;False;6;2026-08-12, 2026-08-16, 2026-08-17, 2026-08-19, 2026-08-21
note;5 étoile(s);3352767676680426036;Solve Pest Pros;US;False;6;2026-08-21, 2026-08-22
note;5 étoile(s);6099218902287832250;Ballenoil Albasanz;Europe;False;6;2026-08-14, 2026-08-16, 2026-08-18, 2026-08-19, 2026-08-20, 2026-08-22
note;5 étoile(s);718178259547467488;Pointe Pest Control;US;True;6;2026-08-13, 2026-08-17, 2026-08-19, 2026-08-21, 2026-08-23
note;5 étoile(s);8514033496595338463;Chatham Orthopaedic Associates;US;False;6;2026-08-16, 2026-08-17, 2026-08-19, 2026-08-20, 2026-08-21, 2026-08-23
note;5 étoile(s);9284506857513497045;ABC Home & Commercial Services;US;False;6;2026-08-15, 2026-08-16, 2026-08-21, 2026-08-22
note;5 étoile(s);10647645013357446509;Pointe Pest Control;US;True;5;2026-08-16, 2026-08-17, 2026-08-19
note;5 étoile(s);13149966690726534760;Green Pest Services;US;False;5;2026-08-16, 2026-08-21, 2026-08-23
note;5 étoile(s);13462096640461798107;Precision Landscaping;US;False;5;2026-08-16, 2026-08-23
note;5 étoile(s);178064072666686963;EcoShield Pest Solutions;US;True;5;2026-08-16, 2026-08-18, 2026-08-20, 2026-08-21
note;5 étoile(s);18087544658842131373;Pointe Pest Control;US;True;5;2026-08-17, 2026-08-19, 2026-08-21
note;5 étoile(s);3932259871970128515;Alaska Fracture and Orthopedic Clinic;US;False;5;2026-08-16, 2026-08-17, 2026-08-18, 2026-08-20, 2026-08-21
note;5 étoile(s);4535259281716615882;EcoShield Pest Solutions;US;True;5;2026-08-16, 2026-08-17, 2026-08-19
note;5 étoile(s);6360580975601342886;Carolina Ale House;US;False;5;2026-08-16, 2026-08-19
note;5 étoile(s);7645830286416566420;Pointe Pest Control;US;True;5;2026-08-16, 2026-08-19, 2026-08-20, 2026-08-21
note;5 étoile(s);8295483025098590212;Parker Cornea;US;False;5;2026-08-12, 2026-08-16, 2026-08-19
note;5 étoile(s);11746939377458501797;Green Pest Services;US;False;4;2026-08-12, 2026-08-16, 2026-08-20, 2026-08-22
note;5 étoile(s);12162999256610465653;Pointe Pest Control;US;True;4;2026-08-16, 2026-08-17, 2026-08-18, 2026-08-21
note;5 étoile(s);12701978682932507204;Viva Day Spa and Med Spa;US;False;4;2026-08-12, 2026-08-16, 2026-08-21
note;5 étoile(s);13142875894045715065;Green Pest Services;US;False;4;2026-08-21, 2026-08-22
note;5 étoile(s);15705776624659968059;Fairway Lawns of Springdale;US;False;4;2026-08-18, 2026-08-23, 2026-08-24
note;5 étoile(s);15928859670822937545;Pointe Pest Control;US;True;4;2026-08-14, 2026-08-16, 2026-08-17
note;5 étoile(s);16385710373382858530;DKamping Village;Europe;False;4;2026-08-16, 2026-08-18
note;5 étoile(s);5049402211849837299;Cuisine Plus Saint Nazaire;Europe;False;4;2026-08-17, 2026-08-19, 2026-08-22
note;5 étoile(s);5050554609943149474;Samesun Hollywood;US;False;4;2026-08-15, 2026-08-16, 2026-08-17
note;5 étoile(s);5480379830228378813;Polo line - vacation rentals;Europe;False;4;2026-08-20, 2026-08-21, 2026-08-23, 2026-08-24
note;5 étoile(s);5618672426900878761;Petfolk Veterinary & Urgent Care - Altamonte Springs;US;False;4;2026-08-16, 2026-08-18, 2026-08-22
note;5 étoile(s);7626411052152447263;The Spa at Cedarbrook Lodge;US;False;4;2026-08-15, 2026-08-16, 2026-08-17, 2026-08-19
note;5 étoile(s);7651945305551643280;Chania Boat Tours;Europe;False;4;2026-08-21, 2026-08-22
note;5 étoile(s);8323898039823195571;Pointe Pest Control;US;True;4;2026-08-15, 2026-08-16, 2026-08-20, 2026-08-23
note;5 étoile(s);9921186577906344541;A Plus Plumbing;US;False;4;2026-08-19, 2026-08-20, 2026-08-24
note;5 étoile(s);13228969405843925211;Pointe Pest Control;US;True;3;2026-08-15, 2026-08-18, 2026-08-21
note;5 étoile(s);13259321554512244271;Massage & Spa;US;False;3;2026-08-12, 2026-08-16
note;5 étoile(s);13454390046806476880;Hand and Stone Massage and Facial Spa;US;False;3;2026-08-16, 2026-08-23
note;5 étoile(s);13919628842978940702;Masajes Eróticos Alicante Eternal Massage;Europe;False;3;2026-08-16, 2026-08-17, 2026-08-23
note;5 étoile(s);18371253483526610359;Bulwark Exterminating;US;True;3;2026-08-16, 2026-08-21, 2026-08-24
note;5 étoile(s);3808829296411201732;HDS Munich;Europe;False;3;2026-08-14, 2026-08-16, 2026-08-17
note;5 étoile(s);3862407046066641134;Overhead Door Co Of Norwich;US;False;3;2026-08-18, 2026-08-21
note;5 étoile(s);3874911723232599474;ABC Home & Commercial Services;US;False;3;2026-08-17, 2026-08-20, 2026-08-23
note;5 étoile(s);4397473550123468841;Adventure Dental, Vision and Orthodontics;US;False;3;2026-08-16, 2026-08-17
note;5 étoile(s);6278096211291522244;Active Pest Control;US;False;3;2026-08-19, 2026-08-20
note;5 étoile(s);8357807472690442969;Green Pest Services;US;False;3;2026-08-17, 2026-08-21
note;5 étoile(s);9026909565558195702;ABC Home & Commercial Services;US;False;3;2026-08-23
note;5 étoile(s);9955525685526011894;Reno Massage Tree;US;False;3;2026-08-15, 2026-08-16
note;5 étoile(s);11381632064786343361;Bobcat Wildlife & Pest Management;US;False;2;2026-08-16, 2026-08-21
note;5 étoile(s);11979469692631411558;Cleys Waasmunster;Europe;False;2;2026-08-12, 2026-08-21
note;5 étoile(s);12035238193368484759;Centro Veterinario Villalba IF;Europe;False;2;2026-08-20
note;5 étoile(s);12924136556389994153;ABC Home & Commercial Services;US;False;2;2026-08-16, 2026-08-23
note;5 étoile(s);14727272453529875622;Active Pest Control;US;False;2;2026-08-12, 2026-08-16
note;5 étoile(s);14735899687559181627;SuperGreen Irrigation;US;False;2;2026-08-15, 2026-08-16
note;5 étoile(s);15382424972418370974;Good Night John Boy;US;False;2;2026-08-16
note;5 étoile(s);15608058152450039001;Automecanica Castro;Europe;False;2;2026-08-23, 2026-08-24
note;5 étoile(s);15979917185231430356;A Plus Garage Door Repair;US;False;2;2026-08-17, 2026-08-23
note;5 étoile(s);16880400502719876773;Pointe Pest Control;US;True;2;2026-08-16, 2026-08-24
note;5 étoile(s);1695214525620865262;Adobe Day Spa and Chiropractics;US;False;2;2026-08-22, 2026-08-23
note;5 étoile(s);17160257379698395021;Michael R Martineau;US;False;2;2026-08-20
note;5 étoile(s);17202679942767108315;ABC Home & Commercial Services;US;False;2;2026-08-16
note;5 étoile(s);18135896731724490192;Coastal Heating and Cooling;US;False;2;2026-08-12, 2026-08-24
note;5 étoile(s);4272684922168596772;Bulwark Exterminating Corporate;US;False;2;2026-08-22
note;5 étoile(s);4350811955412203628;Streetside Classics;US;False;2;2026-08-22
note;5 étoile(s);7096371038011001168;Route 46 Chrysler Jeep Dodge;US;False;2;2026-08-18, 2026-08-19
note;5 étoile(s);8264250907553977852;Carolina Ale House;US;False;2;2026-08-22
note;5 étoile(s);8282528182233977034;Cape Coral Boat Cruises;US;False;2;2026-08-16, 2026-08-21
note;5 étoile(s);10866581757464278630;Club Essen Rüttenscheid;Europe;False;1;2026-08-13
note;5 étoile(s);11253624861875245129;EcoShield Pest Solutions;US;True;1;2026-08-18
note;5 étoile(s);11306931454900536039;Club Dortmund Gartenstadt;Europe;False;1;2026-08-21
note;5 étoile(s);11509551004547941596;Green Elite Pompy Ciepła;Europe;False;1;2026-08-20
note;5 étoile(s);11569433775224823960;Neoness;Europe;False;1;2026-08-13
note;5 étoile(s);11593746449727099110;Premier Eyecare;US;False;1;2026-08-16
note;5 étoile(s);12399650223478194238;Schön Klinik Hamburg Eilbek;Europe;False;1;2026-08-13
note;5 étoile(s);12444480166249994540;Einstein Pros Plumbing;US;False;1;2026-08-15
note;5 étoile(s);12785457364507400376;ABC Home & Commercial Services;US;False;1;2026-08-16
note;5 étoile(s);13204862283283398368;Hipotels Bahía Cala Millor;Europe;False;1;2026-08-18
note;5 étoile(s);13282009709348196868;Camping la Breteche 3 stars;Europe;False;1;2026-08-21
note;5 étoile(s);13487146367475704628;Empire Today;US;False;1;2026-08-20
note;5 étoile(s);13609296054599897306;AmeriVu Inn & Suites - Chisago City;US;False;1;2026-08-21
note;5 étoile(s);13729045321029806005;Cervecería La Sureña;Europe;False;1;2026-08-23
note;5 étoile(s);13914529929637769875;Homemade Taqueria;US;False;1;2026-08-17
note;5 étoile(s);14072176514753891617;Knowlton Dental Associates;US;False;1;2026-08-12
note;5 étoile(s);14298233888485556219;Club Berlin Prenzlauer Berg;Europe;False;1;2026-08-18
note;5 étoile(s);14365492306530390455;Zefiro Experience Tour in Catamarano - Sardegna;Europe;False;1;2026-08-14
note;5 étoile(s);14398824460040053889;Dermatology Affiliates;US;False;1;2026-08-12
note;5 étoile(s);14480382855388711513;HT Fitness;US;False;1;2026-08-19
note;5 étoile(s);14740593769376451592;citizenM Copenhagen Rådhuspladsen;Europe;False;1;2026-08-13
note;5 étoile(s);14786803112747547126;Hotel Botanico;Europe;False;1;2026-08-20
note;5 étoile(s);14869656164423820253;Mamajuana Cafe;US;False;1;2026-08-17
note;5 étoile(s);15338170984100166205;Planet Fitness;Europe;False;1;2026-08-20
note;5 étoile(s);15425978298257012661;Body' Minute;Europe;False;1;2026-08-14
note;5 étoile(s);15615984558165321771;Dermatology Affiliates (East Cobb);US;False;1;2026-08-16
note;5 étoile(s);15708082090445471212;ABC Home & Commercial Services - Landscaping Department;US;False;1;2026-08-16
note;5 étoile(s);16054806172650950917;Abeauty Clinique Galati;Europe;False;1;2026-08-23
note;5 étoile(s);16069512827606530358;Courtyard by Marriott Hanover Whippany;US;False;1;2026-08-18
note;5 étoile(s);16170338589303360167;The Bend RV Park;US;False;1;2026-08-19
note;5 étoile(s);16491711330372966734;Mavericks Pizza Hangar;US;False;1;2026-08-16
note;5 étoile(s);17021217626669606631;Black Hills Helicopters;US;False;1;2026-08-18
note;5 étoile(s);17194856329662937823;Hotel Rural Carlos I;Europe;False;1;2026-08-19
note;5 étoile(s);17208676867430563363;Good Night John Boy;US;False;1;2026-08-16
note;5 étoile(s);17268827580324391692;Detailcar Larios;Europe;False;1;2026-08-20
note;5 étoile(s);17365787893692022098;Gîtes du Domaine des Bans;Europe;False;1;2026-08-17
note;5 étoile(s);17811514628184275600;P.J. Whelihan's Pub + Restaurant [West Chester];US;False;1;2026-08-18
note;5 étoile(s);18114601915347633250;Lee M. Angioletti;US;False;1;2026-08-17
note;5 étoile(s);18132941267052248039;Just Refreshed Aesthetics;US;False;1;2026-08-18
note;5 étoile(s);18143610989022699807;SkinSpirit Roslyn Heights;US;False;1;2026-08-17
note;5 étoile(s);18160242326678368511;Northwest Motor Group;US;False;1;2026-08-15
note;5 étoile(s);1944574178176983755;Qargo Coffee;US;False;1;2026-08-17
note;5 étoile(s);2281360171323098495;CareVet of Shoreline;US;False;1;2026-08-17
note;5 étoile(s);2420138228954020213;Elite House Cleaning Mesa;US;False;1;2026-08-19
note;5 étoile(s);2797183553179767293;Rocket Carwash;US;False;1;2026-08-19
note;5 étoile(s);2817059610110232751;Green Pest Services;US;False;1;2026-08-16
note;5 étoile(s);3171881406442480015;Club Berlin Friedrichshain;Europe;False;1;2026-08-13
note;5 étoile(s);319943520006464494;Speakeasy Fitness;US;False;1;2026-08-17
note;5 étoile(s);3425246382128922758;Merle Stone Chevrolet - Porterville;US;False;1;2026-08-14
note;5 étoile(s);3856632261014919795;Keyless Shop Locksmith;US;False;1;2026-08-16
note;5 étoile(s);3881615387971294091;Spa Zuiver;Europe;False;1;2026-08-21
note;5 étoile(s);4085625843546614708;Red Rocks Locksmith North Denver;US;False;1;2026-08-19
note;5 étoile(s);4577485901777502628;IPPA Cafe;Europe;False;1;2026-08-12
note;5 étoile(s);471022147629183520;Insight Pest Solutions;US;True;1;2026-08-12
note;5 étoile(s);4924676720586514423;Mr. Clean Autopflege;Europe;False;1;2026-08-19
note;5 étoile(s);5291096098763143504;Pizza Hut Express;Europe;False;1;2026-08-19
note;5 étoile(s);5493948664261571918;Minicamping en Theeschenkerij De Brinkhoeve;Europe;False;1;2026-08-18
note;5 étoile(s);5686063649767011502;aBeauty Clinique Constanta;Europe;False;1;2026-08-15
note;5 étoile(s);5999991654383813138;EcoShield Pest Solutions;US;True;1;2026-08-19
note;5 étoile(s);6391557302667666156;Babe's Plumbing, Inc. & Fire Sprinklers;US;False;1;2026-08-23
note;5 étoile(s);6622258630771505951;Bulwark Exterminating;US;True;1;2026-08-21
note;5 étoile(s);7127113031759927143;Buchanan Classics;US;False;1;2026-08-22
note;5 étoile(s);7446569207813309645;Stadio Restaurants Herastrau;Europe;False;1;2026-08-20
note;5 étoile(s);7542203160017780480;Eurodecars Automobielhandel;Europe;False;1;2026-08-15
note;5 étoile(s);7868713708357852976;ScrubaDub Car Wash;US;False;1;2026-08-23
note;5 étoile(s);8662000526093675280;Comfort Hotel Porsgrunn;Europe;False;1;2026-08-19
note;5 étoile(s);8864246763002325033;Nu Car Rental;US;False;1;2026-08-14
note;5 étoile(s);9400441828486763598;Brick House Tavern and Tap;US;False;1;2026-08-13
note;5 étoile(s);9555804487296852186;Homemade Taqueria Meeker Ave;US;False;1;2026-08-20
note;5 étoile(s);9951250439450898048;Abba San Sebastian;Europe;False;1;2026-08-17
photo_jointe;avec photo;8117786734318428670;Sunshine Ballooning;Europe;False;6;2026-08-16, 2026-08-17, 2026-08-18, 2026-08-21, 2026-08-23
photo_jointe;avec photo;4479702789086504102;MedVet Columbus;US;False;4;2026-08-20, 2026-08-23
photo_jointe;avec photo;10896163602322254565;Mumbai Masala Playa Paraíso;Europe;False;3;2026-08-16, 2026-08-21
photo_jointe;avec photo;3187607110245052706;Denali Park Zipline;US;False;3;2026-08-12, 2026-08-17, 2026-08-18
photo_jointe;avec photo;8115244571708845709;Cocoa Beach Catamaran;US;False;3;2026-08-16, 2026-08-20
photo_jointe;avec photo;10789067178806450248;Fitness First Griesheim;Europe;False;2;2026-08-17
photo_jointe;avec photo;12035238193368484759;Centro Veterinario Villalba IF;Europe;False;2;2026-08-20
photo_jointe;avec photo;13462096640461798107;Precision Landscaping;US;False;2;2026-08-16
photo_jointe;avec photo;16011688751403367255;Doral Toyota;US;False;2;2026-08-16, 2026-08-19
photo_jointe;avec photo;2220821433190157995;Alannia Salou;Europe;False;2;2026-08-24
photo_jointe;avec photo;7478870134232076043;Rocky Mountain Balloon Adventures;US;False;2;2026-08-22, 2026-08-23
photo_jointe;avec photo;7626411052152447263;The Spa at Cedarbrook Lodge;US;False;2;2026-08-17, 2026-08-19
photo_jointe;avec photo;845684297895448830;Globales Apartamentos Montemar;Europe;False;2;2026-08-22, 2026-08-23
photo_jointe;avec photo;9654059427809994128;Carolina Ale House - Greenville-Woodruff;US;False;2;2026-08-20, 2026-08-22
photo_jointe;avec photo;12179770780704989290;Dojo Studio;US;False;1;2026-08-23
photo_jointe;avec photo;12466888218085323989;MedVet Cleveland;US;False;1;2026-08-16
photo_jointe;avec photo;12653609458785639661;Delta Sonic Car Wash;US;False;1;2026-08-17
photo_jointe;avec photo;13204862283283398368;Hipotels Bahía Cala Millor;Europe;False;1;2026-08-18
photo_jointe;avec photo;13259321554512244271;Massage & Spa;US;False;1;2026-08-12
photo_jointe;avec photo;13447210363258677756;Duryea's Lobster Deck & Seafood Market;US;False;1;2026-08-16
photo_jointe;avec photo;13463525768309466593;Tip Top Garage Doors;US;False;1;2026-08-23
photo_jointe;avec photo;13609296054599897306;AmeriVu Inn & Suites - Chisago City;US;False;1;2026-08-16
photo_jointe;avec photo;14365492306530390455;Zefiro Experience Tour in Catamarano - Sardegna;Europe;False;1;2026-08-14
photo_jointe;avec photo;15702480480125668198;Fox Rent A Car;US;False;1;2026-08-24
photo_jointe;avec photo;15979917185231430356;A Plus Garage Door Repair;US;False;1;2026-08-17
photo_jointe;avec photo;16463535090029643023;Old Town Pour House (freedom Commons - Naperville);US;False;1;2026-08-24
photo_jointe;avec photo;1697023132609060386;Ichiban Japanese Bistro;US;False;1;2026-08-20
photo_jointe;avec photo;17251484945567213252;Globales Simar;Europe;False;1;2026-08-18
photo_jointe;avec photo;17268827580324391692;Detailcar Larios;Europe;False;1;2026-08-20
photo_jointe;avec photo;17297052927911918590;Hertz Autovermietung;Europe;False;1;2026-08-12
photo_jointe;avec photo;2049285413475066406;Top Quality Roofing & Siding;US;False;1;2026-08-13
photo_jointe;avec photo;2054732589707793641;Globales Cala'n Bosch;Europe;False;1;2026-08-23
photo_jointe;avec photo;3352767676680426036;Solve Pest Pros;US;False;1;2026-08-21
photo_jointe;avec photo;3478475095175863634;UNA Hotel Bologna;Europe;False;1;2026-08-24
photo_jointe;avec photo;3881615387971294091;Spa Zuiver;Europe;False;1;2026-08-21
photo_jointe;avec photo;4085625843546614708;Red Rocks Locksmith North Denver;US;False;1;2026-08-19
photo_jointe;avec photo;5474549633975801069;OUTRIGGER Kauai Beach Resort & Spa;US;False;1;2026-08-15
photo_jointe;avec photo;6869486844088751364;Rosa Bonheur à l'Ouest;Europe;False;1;2026-08-19
photo_jointe;avec photo;7071381681211698134;Grismer Tire and Auto Service Center;US;False;1;2026-08-19
photo_jointe;avec photo;7096371038011001168;Route 46 Chrysler Jeep Dodge;US;False;1;2026-08-21
photo_jointe;avec photo;7613905074252745810;EcoShield Pest Solutions;US;True;1;2026-08-16
photo_jointe;avec photo;7651945305551643280;Chania Boat Tours;Europe;False;1;2026-08-22
photo_jointe;avec photo;7864325941761932328;Globales Maioris;Europe;False;1;2026-08-22
photo_jointe;avec photo;8282528182233977034;Cape Coral Boat Cruises;US;False;1;2026-08-21
photo_jointe;avec photo;8514033496595338463;Chatham Orthopaedic Associates;US;False;1;2026-08-19
photo_jointe;avec photo;8592193049411979519;EcoShield Pest Solutions;US;True;1;2026-08-20
photo_jointe;sans photo;10746082602604012869;Insight Pest Solutions;US;True;51;2026-08-12, 2026-08-15, 2026-08-16, 2026-08-17, 2026-08-18, 2026-08-19, 2026-08-20, 2026-08-21, 2026-08-22, 2026-08-23, 2026-08-24
photo_jointe;sans photo;1697023132609060386;Ichiban Japanese Bistro;US;False;30;2026-08-12, 2026-08-13, 2026-08-16, 2026-08-17, 2026-08-18, 2026-08-19, 2026-08-20, 2026-08-21, 2026-08-22, 2026-08-23
photo_jointe;sans photo;2034461622997448093;Bulwark Exterminating;US;True;25;2026-08-13, 2026-08-16, 2026-08-17, 2026-08-19, 2026-08-21, 2026-08-23
photo_jointe;sans photo;10505273405281271038;Cedar Park Overhead Doors;US;False;24;2026-08-13, 2026-08-15, 2026-08-16, 2026-08-17, 2026-08-19, 2026-08-20, 2026-08-21, 2026-08-22
photo_jointe;sans photo;3595820309544267485;EcoShield Pest Solutions;US;True;23;2026-08-13, 2026-08-16, 2026-08-17, 2026-08-19, 2026-08-20, 2026-08-21, 2026-08-23, 2026-08-24
photo_jointe;sans photo;6979673743686913152;EcoShield Pest Solutions;US;True;23;2026-08-12, 2026-08-13, 2026-08-16, 2026-08-17, 2026-08-18, 2026-08-19, 2026-08-21, 2026-08-22, 2026-08-23
photo_jointe;sans photo;10346942689164695031;The Boxer Club;Europe;True;21;2026-08-13, 2026-08-14, 2026-08-17, 2026-08-18, 2026-08-22, 2026-08-23
photo_jointe;sans photo;10896163602322254565;Mumbai Masala Playa Paraíso;Europe;False;18;2026-08-17, 2026-08-18, 2026-08-19, 2026-08-20, 2026-08-21, 2026-08-22, 2026-08-23, 2026-08-24
photo_jointe;sans photo;8592193049411979519;EcoShield Pest Solutions;US;True;18;2026-08-16, 2026-08-17, 2026-08-18, 2026-08-19, 2026-08-20, 2026-08-21
photo_jointe;sans photo;4433090577107943247;EcoShield Pest Solutions;US;True;17;2026-08-12, 2026-08-16, 2026-08-17, 2026-08-19, 2026-08-21, 2026-08-23
photo_jointe;sans photo;12986326219479165233;Azur Service 06;Europe;False;16;2026-08-20, 2026-08-21, 2026-08-22, 2026-08-23
photo_jointe;sans photo;6832155753295535633;Insight Pest Solutions;US;True;16;2026-08-12, 2026-08-13, 2026-08-16, 2026-08-17, 2026-08-18, 2026-08-19, 2026-08-22, 2026-08-24
photo_jointe;sans photo;10789067178806450248;Fitness First Griesheim;Europe;False;14;2026-08-14, 2026-08-16, 2026-08-17, 2026-08-21, 2026-08-23
photo_jointe;sans photo;12653609458785639661;Delta Sonic Car Wash;US;False;14;2026-08-12, 2026-08-13, 2026-08-15, 2026-08-18, 2026-08-21, 2026-08-23, 2026-08-24
photo_jointe;sans photo;15030713588446975167;EcoShield Pest Solutions;US;True;14;2026-08-19, 2026-08-20, 2026-08-21, 2026-08-24
photo_jointe;sans photo;16248341169641882523;Insight Pest Solutions;US;True;14;2026-08-12, 2026-08-15, 2026-08-16, 2026-08-17, 2026-08-19, 2026-08-21, 2026-08-23
photo_jointe;sans photo;6864222717854006596;Insight Pest Solutions;US;True;14;2026-08-12, 2026-08-16, 2026-08-17, 2026-08-18, 2026-08-19, 2026-08-22, 2026-08-24
photo_jointe;sans photo;7478870134232076043;Rocky Mountain Balloon Adventures;US;False;14;2026-08-22, 2026-08-23
photo_jointe;sans photo;7864325941761932328;Globales Maioris;Europe;False;14;2026-08-15, 2026-08-21, 2026-08-22
photo_jointe;sans photo;817498439303474635;EcoShield Pest Solutions;US;True;14;2026-08-12, 2026-08-16, 2026-08-17, 2026-08-19
photo_jointe;sans photo;11527874769595828404;Pointe Pest Control;US;True;13;2026-08-12, 2026-08-16, 2026-08-17, 2026-08-19, 2026-08-20, 2026-08-21
photo_jointe;sans photo;11183164932977516690;Insight Pest Solutions;US;True;12;2026-08-13, 2026-08-15, 2026-08-16, 2026-08-17, 2026-08-19, 2026-08-22
photo_jointe;sans photo;11468972147098209639;Lash and Company Med Spa - Centennial;US;False;12;2026-08-24
photo_jointe;sans photo;13357493140933391105;Insight Pest Solutions;US;True;12;2026-08-12, 2026-08-13, 2026-08-16, 2026-08-17, 2026-08-18, 2026-08-19, 2026-08-24
photo_jointe;sans photo;6665036569245004844;EcoShield Pest Solutions;US;True;12;2026-08-16, 2026-08-19, 2026-08-21
photo_jointe;sans photo;16011688751403367255;Doral Toyota;US;False;11;2026-08-18, 2026-08-19, 2026-08-20, 2026-08-21, 2026-08-22, 2026-08-23
photo_jointe;sans photo;17251484945567213252;Globales Simar;Europe;False;11;2026-08-17, 2026-08-18, 2026-08-20, 2026-08-21, 2026-08-22, 2026-08-23
photo_jointe;sans photo;11752525017306549612;Insight Pest Solutions;US;True;10;2026-08-12, 2026-08-13, 2026-08-16, 2026-08-18, 2026-08-19, 2026-08-23
photo_jointe;sans photo;16867174010602496547;Northwest Exterminating;US;False;10;2026-08-12, 2026-08-13, 2026-08-16, 2026-08-17, 2026-08-20, 2026-08-21
photo_jointe;sans photo;16932179925125573715;Pointe Pest Control;US;True;10;2026-08-12, 2026-08-16, 2026-08-17, 2026-08-19, 2026-08-20, 2026-08-21
photo_jointe;sans photo;6099218902287832250;Ballenoil Albasanz;Europe;False;10;2026-08-14, 2026-08-16, 2026-08-17, 2026-08-18, 2026-08-19, 2026-08-20, 2026-08-21, 2026-08-22
photo_jointe;sans photo;11882525582487875452;Northwest Exterminating;US;False;9;2026-08-15, 2026-08-16, 2026-08-17, 2026-08-19, 2026-08-22, 2026-08-23
photo_jointe;sans photo;12319304188118263291;Pizza Hut Debrecen Plaza;Europe;False;9;2026-08-23
photo_jointe;sans photo;12971538955295795353;West Shore Home;US;False;9;2026-08-21, 2026-08-22, 2026-08-23
photo_jointe;sans photo;16201181649805957681;Heart and Vascular Care;US;False;9;2026-08-13, 2026-08-16, 2026-08-17, 2026-08-20, 2026-08-23
photo_jointe;sans photo;1943990090783039974;United Air Temp;US;False;9;2026-08-22, 2026-08-23
photo_jointe;sans photo;11001368659838863228;Pointe Pest Control;US;True;8;2026-08-16, 2026-08-18, 2026-08-19, 2026-08-20, 2026-08-23, 2026-08-24
photo_jointe;sans photo;11660062678522630526;Sierra Pacific Orthopedics;US;False;8;2026-08-16, 2026-08-18, 2026-08-20, 2026-08-23
photo_jointe;sans photo;16549891742331617014;Abilene Dermatology and Skin;US;False;8;2026-08-16, 2026-08-17, 2026-08-20, 2026-08-21, 2026-08-22
photo_jointe;sans photo;2680144292534599937;HT Fitness;US;False;8;2026-08-13, 2026-08-17, 2026-08-19, 2026-08-23, 2026-08-24
photo_jointe;sans photo;3088388366389061829;Pointe Pest Control;US;True;8;2026-08-16, 2026-08-17, 2026-08-19, 2026-08-20, 2026-08-21
photo_jointe;sans photo;3164305209948048623;Pointe Pest Control;US;True;8;2026-08-16, 2026-08-17, 2026-08-21, 2026-08-24
photo_jointe;sans photo;5119810349067443765;Clarion Hotel The Hub;Europe;False;8;2026-08-13
photo_jointe;sans photo;8256016555611678921;Solve Pest Pros;US;False;8;2026-08-16, 2026-08-17, 2026-08-18, 2026-08-19, 2026-08-24
photo_jointe;sans photo;8303557791751296465;Insight Pest Solutions;US;True;8;2026-08-13, 2026-08-15, 2026-08-17, 2026-08-19, 2026-08-20
photo_jointe;sans photo;8675258714044865202;Aqua Plumbing and Air;US;False;8;2026-08-12, 2026-08-13, 2026-08-16, 2026-08-19
photo_jointe;sans photo;10907116412041709754;Pointe Pest Control;US;True;7;2026-08-16, 2026-08-18, 2026-08-19, 2026-08-20
photo_jointe;sans photo;118597015968253014;EcoShield Pest Solutions Chicago East;US;False;7;2026-08-16, 2026-08-17
photo_jointe;sans photo;1320861146435177408;Fox Rent A Car Denver;US;False;7;2026-08-13, 2026-08-16, 2026-08-17, 2026-08-22, 2026-08-23
photo_jointe;sans photo;146333011060678538;Northwest Exterminating;US;False;7;2026-08-13, 2026-08-16, 2026-08-17, 2026-08-21, 2026-08-23
photo_jointe;sans photo;14933790454100186775;Pointe Pest Control;US;True;7;2026-08-12, 2026-08-13, 2026-08-16, 2026-08-17, 2026-08-19, 2026-08-21
photo_jointe;sans photo;16469337811496657191;Pointe Pest Control;US;True;7;2026-08-12, 2026-08-16, 2026-08-17, 2026-08-20
photo_jointe;sans photo;17208676867430563363;Good Night John Boy;US;False;7;2026-08-16, 2026-08-18, 2026-08-19, 2026-08-20
photo_jointe;sans photo;17461188179245106693;Bulwark Exterminating;US;True;7;2026-08-12, 2026-08-17
photo_jointe;sans photo;2699950723330237401;Tanner Clinic;US;False;7;2026-08-16, 2026-08-17, 2026-08-19, 2026-08-20
photo_jointe;sans photo;3464619508278537951;Chatham Orthopaedic Associates;US;False;7;2026-08-12, 2026-08-17, 2026-08-18, 2026-08-19, 2026-08-20
photo_jointe;sans photo;5063341140303696786;Pointe Pest Control;US;True;7;2026-08-12, 2026-08-17, 2026-08-19, 2026-08-20, 2026-08-21, 2026-08-24
photo_jointe;sans photo;6220232788059998036;Heart and Vascular Care;US;False;7;2026-08-12, 2026-08-16, 2026-08-19, 2026-08-20
photo_jointe;sans photo;6289730490558979524;Bulwark Exterminating;US;True;7;2026-08-19, 2026-08-20
photo_jointe;sans photo;718178259547467488;Pointe Pest Control;US;True;7;2026-08-13, 2026-08-17, 2026-08-19, 2026-08-21, 2026-08-23
photo_jointe;sans photo;8115244571708845709;Cocoa Beach Catamaran;US;False;7;2026-08-12, 2026-08-13, 2026-08-16, 2026-08-19, 2026-08-23
photo_jointe;sans photo;8117786734318428670;Sunshine Ballooning;Europe;False;7;2026-08-16, 2026-08-17, 2026-08-18, 2026-08-21, 2026-08-23
photo_jointe;sans photo;8272933981059498407;Heart and Vascular Care;US;False;7;2026-08-16, 2026-08-19, 2026-08-20, 2026-08-21, 2026-08-23, 2026-08-24
photo_jointe;sans photo;12242899512208579596;Insight Pest Solutions;US;True;6;2026-08-16
photo_jointe;sans photo;13149966690726534760;Green Pest Services;US;False;6;2026-08-16, 2026-08-21, 2026-08-22, 2026-08-23
photo_jointe;sans photo;14825598912279374964;Chatham Sports Medicine & Physical Therapy;US;False;6;2026-08-13, 2026-08-16, 2026-08-17, 2026-08-18, 2026-08-21
photo_jointe;sans photo;15083526705897946018;Heart and Vascular Care;US;False;6;2026-08-17, 2026-08-23
photo_jointe;sans photo;15168756511886563707;Dermatology Affiliates;US;False;6;2026-08-20, 2026-08-21, 2026-08-22
photo_jointe;sans photo;16894789784437684017;Delta Sonic Car Wash;US;False;6;2026-08-16, 2026-08-24
photo_jointe;sans photo;178064072666686963;EcoShield Pest Solutions;US;True;6;2026-08-16, 2026-08-18, 2026-08-19, 2026-08-20, 2026-08-21
photo_jointe;sans photo;2423693438449052039;Bulwark Exterminating;US;True;6;2026-08-16, 2026-08-17, 2026-08-19
photo_jointe;sans photo;2799040813008286606;Tipsy Tiki Fmb;US;False;6;2026-08-21, 2026-08-22, 2026-08-23
photo_jointe;sans photo;3203854443950401309;HT Fitness;US;False;6;2026-08-12, 2026-08-16, 2026-08-17, 2026-08-19, 2026-08-21
photo_jointe;sans photo;3352767676680426036;Solve Pest Pros;US;False;6;2026-08-21, 2026-08-22
photo_jointe;sans photo;4479702789086504102;MedVet Columbus;US;False;6;2026-08-20, 2026-08-23
photo_jointe;sans photo;5050554609943149474;Samesun Hollywood;US;False;6;2026-08-15, 2026-08-16, 2026-08-17
photo_jointe;sans photo;7645830286416566420;Pointe Pest Control;US;True;6;2026-08-16, 2026-08-19, 2026-08-20, 2026-08-21
photo_jointe;sans photo;9284506857513497045;ABC Home & Commercial Services;US;False;6;2026-08-15, 2026-08-16, 2026-08-21, 2026-08-22
photo_jointe;sans photo;10647645013357446509;Pointe Pest Control;US;True;5;2026-08-16, 2026-08-17, 2026-08-19
photo_jointe;sans photo;13048717007599713286;Nu Car Rentals;US;False;5;2026-08-18, 2026-08-19, 2026-08-20, 2026-08-22
photo_jointe;sans photo;17257425285318401586;Hipotels Barrosa Park;Europe;False;5;2026-08-18, 2026-08-19, 2026-08-20, 2026-08-23
photo_jointe;sans photo;17855870789663755598;Fox Rent A Car San Diego;US;False;5;2026-08-16, 2026-08-17
photo_jointe;sans photo;18087544658842131373;Pointe Pest Control;US;True;5;2026-08-17, 2026-08-19, 2026-08-21
photo_jointe;sans photo;3274891443999828364;Elevate Fitness;US;False;5;2026-08-21
photo_jointe;sans photo;3932259871970128515;Alaska Fracture and Orthopedic Clinic;US;False;5;2026-08-16, 2026-08-17, 2026-08-18, 2026-08-20, 2026-08-21
photo_jointe;sans photo;4535259281716615882;EcoShield Pest Solutions;US;True;5;2026-08-16, 2026-08-17, 2026-08-19
photo_jointe;sans photo;6360580975601342886;Carolina Ale House;US;False;5;2026-08-16, 2026-08-19
photo_jointe;sans photo;8295483025098590212;Parker Cornea;US;False;5;2026-08-12, 2026-08-16, 2026-08-19
photo_jointe;sans photo;8514033496595338463;Chatham Orthopaedic Associates;US;False;5;2026-08-16, 2026-08-17, 2026-08-20, 2026-08-21, 2026-08-23
photo_jointe;sans photo;9773764681262796319;Fox Rent A Car Miami;US;False;5;2026-08-16, 2026-08-17, 2026-08-18
photo_jointe;sans photo;10121891181019347598;Fox Rent A Car;US;False;4;2026-08-16, 2026-08-20
photo_jointe;sans photo;11746939377458501797;Green Pest Services;US;False;4;2026-08-12, 2026-08-16, 2026-08-20, 2026-08-22
photo_jointe;sans photo;12162999256610465653;Pointe Pest Control;US;True;4;2026-08-16, 2026-08-17, 2026-08-18, 2026-08-21
photo_jointe;sans photo;12466888218085323989;MedVet Cleveland;US;False;4;2026-08-12, 2026-08-16, 2026-08-17
photo_jointe;sans photo;12523973092132012183;EcoShield Pest Solutions;US;True;4;2026-08-17, 2026-08-23
photo_jointe;sans photo;12701978682932507204;Viva Day Spa and Med Spa;US;False;4;2026-08-12, 2026-08-16, 2026-08-21
photo_jointe;sans photo;13142875894045715065;Green Pest Services;US;False;4;2026-08-21, 2026-08-22
photo_jointe;sans photo;15702480480125668198;Fox Rent A Car;US;False;4;2026-08-23, 2026-08-24
photo_jointe;sans photo;15705776624659968059;Fairway Lawns of Springdale;US;False;4;2026-08-18, 2026-08-23, 2026-08-24
photo_jointe;sans photo;15928859670822937545;Pointe Pest Control;US;True;4;2026-08-14, 2026-08-16, 2026-08-17
photo_jointe;sans photo;16385710373382858530;DKamping Village;Europe;False;4;2026-08-16, 2026-08-18
photo_jointe;sans photo;4397473550123468841;Adventure Dental, Vision and Orthodontics;US;False;4;2026-08-13, 2026-08-16, 2026-08-17
photo_jointe;sans photo;5049402211849837299;Cuisine Plus Saint Nazaire;Europe;False;4;2026-08-17, 2026-08-19, 2026-08-22
photo_jointe;sans photo;5480379830228378813;Polo line - vacation rentals;Europe;False;4;2026-08-20, 2026-08-21, 2026-08-23, 2026-08-24
photo_jointe;sans photo;5618672426900878761;Petfolk Veterinary & Urgent Care - Altamonte Springs;US;False;4;2026-08-16, 2026-08-18, 2026-08-22
photo_jointe;sans photo;7626411052152447263;The Spa at Cedarbrook Lodge;US;False;4;2026-08-15, 2026-08-16
photo_jointe;sans photo;7651945305551643280;Chania Boat Tours;Europe;False;4;2026-08-21, 2026-08-22
photo_jointe;sans photo;8173690169693600909;Fox Rent A Car;US;False;4;2026-08-18, 2026-08-19, 2026-08-20, 2026-08-22
photo_jointe;sans photo;8323898039823195571;Pointe Pest Control;US;True;4;2026-08-15, 2026-08-16, 2026-08-20, 2026-08-23
photo_jointe;sans photo;9921186577906344541;A Plus Plumbing;US;False;4;2026-08-19, 2026-08-20, 2026-08-24
photo_jointe;sans photo;1170749740403083425;WestVet Boise;US;False;3;2026-08-16, 2026-08-19, 2026-08-23
photo_jointe;sans photo;13228969405843925211;Pointe Pest Control;US;True;3;2026-08-15, 2026-08-18, 2026-08-21
photo_jointe;sans photo;13454390046806476880;Hand and Stone Massage and Facial Spa;US;False;3;2026-08-16, 2026-08-23
photo_jointe;sans photo;13462096640461798107;Precision Landscaping;US;False;3;2026-08-23
photo_jointe;sans photo;13609296054599897306;AmeriVu Inn & Suites - Chisago City;US;False;3;2026-08-18, 2026-08-19, 2026-08-21
photo_jointe;sans photo;13919628842978940702;Masajes Eróticos Alicante Eternal Massage;Europe;False;3;2026-08-16, 2026-08-17, 2026-08-23
photo_jointe;sans photo;18371253483526610359;Bulwark Exterminating;US;True;3;2026-08-16, 2026-08-21, 2026-08-24
photo_jointe;sans photo;2054732589707793641;Globales Cala'n Bosch;Europe;False;3;2026-08-13, 2026-08-23
photo_jointe;sans photo;3187607110245052706;Denali Park Zipline;US;False;3;2026-08-15, 2026-08-17, 2026-08-20
photo_jointe;sans photo;3808829296411201732;HDS Munich;Europe;False;3;2026-08-14, 2026-08-16, 2026-08-17
photo_jointe;sans photo;3862407046066641134;Overhead Door Co Of Norwich;US;False;3;2026-08-18, 2026-08-21
photo_jointe;sans photo;3874911723232599474;ABC Home & Commercial Services;US;False;3;2026-08-17, 2026-08-20, 2026-08-23
photo_jointe;sans photo;6278096211291522244;Active Pest Control;US;False;3;2026-08-19, 2026-08-20
photo_jointe;sans photo;8357807472690442969;Green Pest Services;US;False;3;2026-08-17, 2026-08-21
photo_jointe;sans photo;8864246763002325033;Nu Car Rental;US;False;3;2026-08-14, 2026-08-20
photo_jointe;sans photo;9026909565558195702;ABC Home & Commercial Services;US;False;3;2026-08-23
photo_jointe;sans photo;9955525685526011894;Reno Massage Tree;US;False;3;2026-08-15, 2026-08-16
photo_jointe;sans photo;10601184521827317877;Le Palme;Europe;False;2;2026-08-14, 2026-08-24
photo_jointe;sans photo;11121079175657752605;Ježevac Premium Camping Resort by Valamar;Europe;False;2;2026-08-21, 2026-08-22
photo_jointe;sans photo;11381632064786343361;Bobcat Wildlife & Pest Management;US;False;2;2026-08-16, 2026-08-21
photo_jointe;sans photo;11979469692631411558;Cleys Waasmunster;Europe;False;2;2026-08-12, 2026-08-21
photo_jointe;sans photo;12924136556389994153;ABC Home & Commercial Services;US;False;2;2026-08-16, 2026-08-23
photo_jointe;sans photo;13259321554512244271;Massage & Spa;US;False;2;2026-08-12, 2026-08-16
photo_jointe;sans photo;14727272453529875622;Active Pest Control;US;False;2;2026-08-12, 2026-08-16
photo_jointe;sans photo;14735899687559181627;SuperGreen Irrigation;US;False;2;2026-08-15, 2026-08-16
photo_jointe;sans photo;1487794017584324211;Neoness;Europe;False;2;2026-08-14, 2026-08-16
photo_jointe;sans photo;15382424972418370974;Good Night John Boy;US;False;2;2026-08-16
photo_jointe;sans photo;15608058152450039001;Automecanica Castro;Europe;False;2;2026-08-23, 2026-08-24
photo_jointe;sans photo;16191346811025563423;Calicéo Strasbourg;Europe;False;2;2026-08-17, 2026-08-18
photo_jointe;sans photo;16880400502719876773;Pointe Pest Control;US;True;2;2026-08-16, 2026-08-24
photo_jointe;sans photo;1695214525620865262;Adobe Day Spa and Chiropractics;US;False;2;2026-08-22, 2026-08-23
photo_jointe;sans photo;17160257379698395021;Michael R Martineau;US;False;2;2026-08-20
photo_jointe;sans photo;17202679942767108315;ABC Home & Commercial Services;US;False;2;2026-08-16
photo_jointe;sans photo;17365787893692022098;Gîtes du Domaine des Bans;Europe;False;2;2026-08-12, 2026-08-17
photo_jointe;sans photo;18135896731724490192;Coastal Heating and Cooling;US;False;2;2026-08-12, 2026-08-24
photo_jointe;sans photo;2220821433190157995;Alannia Salou;Europe;False;2;2026-08-24
photo_jointe;sans photo;2549079542246731788;MXO Rooftop;Europe;False;2;2026-08-18, 2026-08-21
photo_jointe;sans photo;4272684922168596772;Bulwark Exterminating Corporate;US;False;2;2026-08-22
photo_jointe;sans photo;4350811955412203628;Streetside Classics;US;False;2;2026-08-22
photo_jointe;sans photo;5767747242108722390;AIRE Ancient Baths Chicago;US;False;2;2026-08-19, 2026-08-22
photo_jointe;sans photo;6595076367186224579;Darty;Europe;False;2;2026-08-13, 2026-08-20
photo_jointe;sans photo;7096371038011001168;Route 46 Chrysler Jeep Dodge;US;False;2;2026-08-18, 2026-08-19
photo_jointe;sans photo;7613905074252745810;EcoShield Pest Solutions;US;True;2;2026-08-13, 2026-08-16
photo_jointe;sans photo;8264250907553977852;Carolina Ale House;US;False;2;2026-08-22
photo_jointe;sans photo;9124825751290696378;Loogman Aalsmeer;Europe;False;2;2026-08-15, 2026-08-16
photo_jointe;sans photo;926727815049071482;sunshine cafe at Beebe;US;False;2;2026-08-12, 2026-08-16
photo_jointe;sans photo;9330622820452187742;Club Erfurt;Europe;False;2;2026-08-12, 2026-08-17
photo_jointe;sans photo;10204432935619217142;Liberty GYM Burnhaupt-le-bas;Europe;False;1;2026-08-15
photo_jointe;sans photo;10211842138860800782;Renault Saint-Etienne - Groupe Thivolle;Europe;False;1;2026-08-21
photo_jointe;sans photo;10258162109096166464;Yelloh Village - Aluna Vacances;Europe;False;1;2026-08-14
photo_jointe;sans photo;10330873477402384990;Delizie di Mare - All You Can Eat;Europe;False;1;2026-08-20
photo_jointe;sans photo;10392842969616344066;Quality Hotel Saga;Europe;False;1;2026-08-12
photo_jointe;sans photo;10442243421974187572;Camping Sandaya Etruria;Europe;False;1;2026-08-16
photo_jointe;sans photo;10525843652337503574;Hotel Carris Porto Ribeira;Europe;False;1;2026-08-13
photo_jointe;sans photo;10535711495689713124;SkinSpirit Del Mar;US;False;1;2026-08-15
photo_jointe;sans photo;10688219440227213170;The Old Irish Pub - Aalborg;Europe;False;1;2026-08-16
photo_jointe;sans photo;10866581757464278630;Club Essen Rüttenscheid;Europe;False;1;2026-08-13
photo_jointe;sans photo;10921805046871428741;Compagnie des Déboucheurs;Europe;False;1;2026-08-15
photo_jointe;sans photo;11004380532876327499;Embassy Suites Seattle Downtown-Pioneer Square;US;False;1;2026-08-20
photo_jointe;sans photo;11098111536113255078;Hotel Alunis Health Spa;Europe;False;1;2026-08-17
photo_jointe;sans photo;11152419033877693945;Camping Campéole Le Coiroux;Europe;False;1;2026-08-13
photo_jointe;sans photo;11253624861875245129;EcoShield Pest Solutions;US;True;1;2026-08-18
photo_jointe;sans photo;11306931454900536039;Club Dortmund Gartenstadt;Europe;False;1;2026-08-21
photo_jointe;sans photo;11509551004547941596;Green Elite Pompy Ciepła;Europe;False;1;2026-08-20
photo_jointe;sans photo;11569433775224823960;Neoness;Europe;False;1;2026-08-13
photo_jointe;sans photo;11593746449727099110;Premier Eyecare;US;False;1;2026-08-16
photo_jointe;sans photo;11621061264450053739;Lyons Roofing;US;False;1;2026-08-15
photo_jointe;sans photo;12028540047674361624;Works Plumbing Repair & Drain Cleaning;US;False;1;2026-08-12
photo_jointe;sans photo;12106990848959314672;Hotel Arc-en-ciel;Europe;False;1;2026-08-17
photo_jointe;sans photo;12179770780704989290;Dojo Studio;US;False;1;2026-08-13
photo_jointe;sans photo;12257458818878449587;Carson's Ribs Prime Steaks & Famous Barbecue Chicago;US;False;1;2026-08-18
photo_jointe;sans photo;12399650223478194238;Schön Klinik Hamburg Eilbek;Europe;False;1;2026-08-13
photo_jointe;sans photo;12444480166249994540;Einstein Pros Plumbing;US;False;1;2026-08-15
photo_jointe;sans photo;12460969889495485623;VCA Westside Animal Hospital;US;False;1;2026-08-17
photo_jointe;sans photo;12621991571583444125;SIXT rent a car LaGuardia airport;US;False;1;2026-08-12
photo_jointe;sans photo;12754412867706599016;Excellence Appliance Repair;US;False;1;2026-08-17
photo_jointe;sans photo;12785457364507400376;ABC Home & Commercial Services;US;False;1;2026-08-16
photo_jointe;sans photo;13151071491813197060;Technitoit Villefranche-sur-Saône;Europe;False;1;2026-08-16
photo_jointe;sans photo;13282009709348196868;Camping la Breteche 3 stars;Europe;False;1;2026-08-21
photo_jointe;sans photo;13487146367475704628;Empire Today;US;False;1;2026-08-20
photo_jointe;sans photo;13729045321029806005;Cervecería La Sureña;Europe;False;1;2026-08-23
photo_jointe;sans photo;13801744141903121032;citizenM Paris Charles de Gaulle Airport Hôtel;Europe;False;1;2026-08-21
photo_jointe;sans photo;13815055003457289004;Hospital Veterinario San Antón;Europe;False;1;2026-08-23
photo_jointe;sans photo;13914529929637769875;Homemade Taqueria;US;False;1;2026-08-17
photo_jointe;sans photo;14072176514753891617;Knowlton Dental Associates;US;False;1;2026-08-12
photo_jointe;sans photo;14112705270114144342;Camping Capfun Vlinderloo;Europe;False;1;2026-08-16
photo_jointe;sans photo;14298233888485556219;Club Berlin Prenzlauer Berg;Europe;False;1;2026-08-18
photo_jointe;sans photo;14362882724000770461;Cuisinella;Europe;False;1;2026-08-17
photo_jointe;sans photo;14398824460040053889;Dermatology Affiliates;US;False;1;2026-08-12
photo_jointe;sans photo;14437350526528134386;Claremont Motor Lodge;US;False;1;2026-08-16
photo_jointe;sans photo;14451738291215002268;ProCare Collision;US;False;1;2026-08-12
photo_jointe;sans photo;14480382855388711513;HT Fitness;US;False;1;2026-08-19
photo_jointe;sans photo;14651399241385512560;Insight Pest Solutions;US;True;1;2026-08-21
photo_jointe;sans photo;14669269514609492336;P.J. Whelihan's Pub + Restaurant;US;False;1;2026-08-13
photo_jointe;sans photo;14696288889803762717;Auto Bierschneider;Europe;False;1;2026-08-19
photo_jointe;sans photo;14735279916841429950;Ranger Motel;US;False;1;2026-08-24
photo_jointe;sans photo;14740593769376451592;citizenM Copenhagen Rådhuspladsen;Europe;False;1;2026-08-13
photo_jointe;sans photo;14786803112747547126;Hotel Botanico;Europe;False;1;2026-08-20
photo_jointe;sans photo;14820991856221490337;Camping Les Pirons;Europe;False;1;2026-08-18
photo_jointe;sans photo;14869656164423820253;Mamajuana Cafe;US;False;1;2026-08-17
photo_jointe;sans photo;15338170984100166205;Planet Fitness;Europe;False;1;2026-08-20
photo_jointe;sans photo;15425978298257012661;Body' Minute;Europe;False;1;2026-08-14
photo_jointe;sans photo;15428563441085278652;Relaxia Los Girasoles Bungalows;Europe;False;1;2026-08-24
photo_jointe;sans photo;15598913053706512115;Bedard Bros. Honda;US;False;1;2026-08-17
photo_jointe;sans photo;15615984558165321771;Dermatology Affiliates (East Cobb);US;False;1;2026-08-16
photo_jointe;sans photo;15708082090445471212;ABC Home & Commercial Services - Landscaping Department;US;False;1;2026-08-16
photo_jointe;sans photo;15782623238310293347;AniCura Bergisch Gladbach;Europe;False;1;2026-08-19
photo_jointe;sans photo;15855620533885071362;Auto Bierschneider;Europe;False;1;2026-08-12
photo_jointe;sans photo;1588045585774572368;Istra Premium Camping Resort;Europe;False;1;2026-08-13
photo_jointe;sans photo;15979917185231430356;A Plus Garage Door Repair;US;False;1;2026-08-23
photo_jointe;sans photo;16054806172650950917;Abeauty Clinique Galati;Europe;False;1;2026-08-23
photo_jointe;sans photo;16069512827606530358;Courtyard by Marriott Hanover Whippany;US;False;1;2026-08-18
photo_jointe;sans photo;16130034264863182789;The Grand Hotel;US;False;1;2026-08-16
photo_jointe;sans photo;16170338589303360167;The Bend RV Park;US;False;1;2026-08-19
photo_jointe;sans photo;16491711330372966734;Mavericks Pizza Hangar;US;False;1;2026-08-16
photo_jointe;sans photo;16579715835844117368;Lochridge-Priest;US;False;1;2026-08-18
photo_jointe;sans photo;17021217626669606631;Black Hills Helicopters;US;False;1;2026-08-18
photo_jointe;sans photo;17027544060444986973;Hipotels Bahía Grande;Europe;False;1;2026-08-20
photo_jointe;sans photo;17194856329662937823;Hotel Rural Carlos I;Europe;False;1;2026-08-19
photo_jointe;sans photo;17256331860806033159;Happy Head Foot Reflexology and Massage;US;False;1;2026-08-22
photo_jointe;sans photo;17325999670394372128;Mezze Krotoszyn;Europe;False;1;2026-08-18
photo_jointe;sans photo;17811514628184275600;P.J. Whelihan's Pub + Restaurant [West Chester];US;False;1;2026-08-18
photo_jointe;sans photo;17897632292626765009;AniCura Kleintierspezialisten Augsburg;Europe;False;1;2026-08-20
photo_jointe;sans photo;18114601915347633250;Lee M. Angioletti;US;False;1;2026-08-17
photo_jointe;sans photo;18132941267052248039;Just Refreshed Aesthetics;US;False;1;2026-08-18
photo_jointe;sans photo;18143610989022699807;SkinSpirit Roslyn Heights;US;False;1;2026-08-17
photo_jointe;sans photo;18160242326678368511;Northwest Motor Group;US;False;1;2026-08-15
photo_jointe;sans photo;18250774199179914288;Slow Village Anduze;Europe;False;1;2026-08-14
photo_jointe;sans photo;1944574178176983755;Qargo Coffee;US;False;1;2026-08-17
photo_jointe;sans photo;2281360171323098495;CareVet of Shoreline;US;False;1;2026-08-17
photo_jointe;sans photo;2420138228954020213;Elite House Cleaning Mesa;US;False;1;2026-08-19
photo_jointe;sans photo;246095253791495383;Halbite;Europe;False;1;2026-08-17
photo_jointe;sans photo;2678349505464412907;REEIS;US;False;1;2026-08-15
photo_jointe;sans photo;2745747141372267109;Royal Charters Mallorca;Europe;False;1;2026-08-18
photo_jointe;sans photo;2797183553179767293;Rocket Carwash;US;False;1;2026-08-19
photo_jointe;sans photo;281176211676243797;Satanic Salem Walking Tours;US;False;1;2026-08-16
photo_jointe;sans photo;2817059610110232751;Green Pest Services;US;False;1;2026-08-16
photo_jointe;sans photo;2951464077965952484;Margaritaville Beach Hotel;US;False;1;2026-08-20
photo_jointe;sans photo;3055526259022060684;Detailcar Aqua Multiespacio;Europe;False;1;2026-08-13
photo_jointe;sans photo;3163466139043001754;Boutique The Boxer Club Dr Castelo;Europe;True;1;2026-08-15
photo_jointe;sans photo;316878406668790307;Adventure Dental;US;False;1;2026-08-20
photo_jointe;sans photo;3171881406442480015;Club Berlin Friedrichshain;Europe;False;1;2026-08-13
photo_jointe;sans photo;319943520006464494;Speakeasy Fitness;US;False;1;2026-08-17
photo_jointe;sans photo;3204333037205289385;Cuisinella Val d'Europe;Europe;False;1;2026-08-14
photo_jointe;sans photo;3425246382128922758;Merle Stone Chevrolet - Porterville;US;False;1;2026-08-14
photo_jointe;sans photo;3548043799334044547;Anchor Inn Lodge;US;False;1;2026-08-18
photo_jointe;sans photo;357179753298412712;Camping Adriatico;Europe;False;1;2026-08-16
photo_jointe;sans photo;3705572903770911909;Other Place;US;False;1;2026-08-16
photo_jointe;sans photo;3792836982665205875;Camping Les Sirènes - Campéole;Europe;False;1;2026-08-20
photo_jointe;sans photo;3856632261014919795;Keyless Shop Locksmith;US;False;1;2026-08-16
photo_jointe;sans photo;3881615387971294091;Spa Zuiver;Europe;False;1;2026-08-16
photo_jointe;sans photo;4009596460761180782;Crep'eat;Europe;False;1;2026-08-18
photo_jointe;sans photo;4568901441266442943;Comfort Hotel Union Brygge;Europe;False;1;2026-08-12
photo_jointe;sans photo;4577485901777502628;IPPA Cafe;Europe;False;1;2026-08-12
photo_jointe;sans photo;471022147629183520;Insight Pest Solutions;US;True;1;2026-08-12
photo_jointe;sans photo;4924676720586514423;Mr. Clean Autopflege;Europe;False;1;2026-08-19
photo_jointe;sans photo;4963556190372573154;Chéri;Europe;False;1;2026-08-15
photo_jointe;sans photo;5088659347287832281;Elaya Hotel Stuttgart Boeblingen;Europe;False;1;2026-08-14
photo_jointe;sans photo;5291096098763143504;Pizza Hut Express;Europe;False;1;2026-08-19
photo_jointe;sans photo;5422890961706407530;United Air Temp;US;False;1;2026-08-12
photo_jointe;sans photo;5474549633975801069;OUTRIGGER Kauai Beach Resort & Spa;US;False;1;2026-08-20
photo_jointe;sans photo;5493948664261571918;Minicamping en Theeschenkerij De Brinkhoeve;Europe;False;1;2026-08-18
photo_jointe;sans photo;5644271922112783363;Vakantiepark Capfun - Het Winkel;Europe;False;1;2026-08-13
photo_jointe;sans photo;5686063649767011502;aBeauty Clinique Constanta;Europe;False;1;2026-08-15
photo_jointe;sans photo;587102981669669421;Vakantiepark Capfun De Rotonde;Europe;False;1;2026-08-14
photo_jointe;sans photo;5999991654383813138;EcoShield Pest Solutions;US;True;1;2026-08-19
photo_jointe;sans photo;6064403375455709139;Cuisinella;Europe;False;1;2026-08-21
photo_jointe;sans photo;6208454101415437139;Cénica Porto Hotel, Curio Collection by Hilton;Europe;False;1;2026-08-20
photo_jointe;sans photo;6391557302667666156;Babe's Plumbing, Inc. & Fire Sprinklers;US;False;1;2026-08-23
photo_jointe;sans photo;6453711745241527355;Premier Pest Control LLC;US;False;1;2026-08-21
photo_jointe;sans photo;6502091583801106713;AniCura Kiel;Europe;False;1;2026-08-13
photo_jointe;sans photo;6622258630771505951;Bulwark Exterminating;US;True;1;2026-08-21
photo_jointe;sans photo;6974005517924331668;"Бирария ""Do Re Mi""";Europe;False;1;2026-08-17
photo_jointe;sans photo;7127113031759927143;Buchanan Classics;US;False;1;2026-08-22
photo_jointe;sans photo;7446569207813309645;Stadio Restaurants Herastrau;Europe;False;1;2026-08-20
photo_jointe;sans photo;7511492220568495848;Bonjour Tagungshotel Stuttgart Gerlingen;Europe;False;1;2026-08-21
photo_jointe;sans photo;7542203160017780480;Eurodecars Automobielhandel;Europe;False;1;2026-08-15
photo_jointe;sans photo;7868713708357852976;ScrubaDub Car Wash;US;False;1;2026-08-23
photo_jointe;sans photo;8015064052260497255;Neoness;Europe;False;1;2026-08-14
photo_jointe;sans photo;8207176407898555793;Advantage Roofing Company;US;False;1;2026-08-23
photo_jointe;sans photo;8282528182233977034;Cape Coral Boat Cruises;US;False;1;2026-08-16
photo_jointe;sans photo;845684297895448830;Globales Apartamentos Montemar;Europe;False;1;2026-08-23
photo_jointe;sans photo;8662000526093675280;Comfort Hotel Porsgrunn;Europe;False;1;2026-08-19
photo_jointe;sans photo;915220753679008263;Fairway Lawns of Tulsa;US;False;1;2026-08-20
photo_jointe;sans photo;9166889712521968380;Advantage Rent A Car;US;False;1;2026-08-18
photo_jointe;sans photo;9202959950480882588;AIRE Ancient Baths;US;False;1;2026-08-20
photo_jointe;sans photo;9372823467771251065;Jalilo;Europe;False;1;2026-08-17
photo_jointe;sans photo;9400441828486763598;Brick House Tavern and Tap;US;False;1;2026-08-13
photo_jointe;sans photo;9411249691461597325;Saltic Resort & Spa Leba;Europe;False;1;2026-08-18
photo_jointe;sans photo;9555804487296852186;Homemade Taqueria Meeker Ave;US;False;1;2026-08-20
photo_jointe;sans photo;9951250439450898048;Abba San Sebastian;Europe;False;1;2026-08-17
photos_auteur;0 photo;10746082602604012869;Insight Pest Solutions;US;True;44;2026-08-12, 2026-08-15, 2026-08-16, 2026-08-17, 2026-08-18, 2026-08-19, 2026-08-20, 2026-08-21, 2026-08-22, 2026-08-23, 2026-08-24
photos_auteur;0 photo;1697023132609060386;Ichiban Japanese Bistro;US;False;26;2026-08-12, 2026-08-13, 2026-08-16, 2026-08-17, 2026-08-19, 2026-08-20, 2026-08-21, 2026-08-22, 2026-08-23
photos_auteur;0 photo;10505273405281271038;Cedar Park Overhead Doors;US;False;19;2026-08-13, 2026-08-15, 2026-08-16, 2026-08-17, 2026-08-19, 2026-08-20, 2026-08-21, 2026-08-22
photos_auteur;0 photo;3595820309544267485;EcoShield Pest Solutions;US;True;18;2026-08-13, 2026-08-16, 2026-08-17, 2026-08-19, 2026-08-21, 2026-08-23, 2026-08-24
photos_auteur;0 photo;6979673743686913152;EcoShield Pest Solutions;US;True;18;2026-08-12, 2026-08-13, 2026-08-16, 2026-08-17, 2026-08-18, 2026-08-19, 2026-08-21, 2026-08-22, 2026-08-23
photos_auteur;0 photo;10346942689164695031;The Boxer Club;Europe;True;16;2026-08-13, 2026-08-14, 2026-08-18, 2026-08-22, 2026-08-23
photos_auteur;0 photo;12986326219479165233;Azur Service 06;Europe;False;16;2026-08-20, 2026-08-21, 2026-08-22, 2026-08-23
photos_auteur;0 photo;10896163602322254565;Mumbai Masala Playa Paraíso;Europe;False;15;2026-08-17, 2026-08-18, 2026-08-19, 2026-08-20, 2026-08-21, 2026-08-22, 2026-08-23, 2026-08-24
photos_auteur;0 photo;8592193049411979519;EcoShield Pest Solutions;US;True;15;2026-08-16, 2026-08-18, 2026-08-19, 2026-08-21
photos_auteur;0 photo;10789067178806450248;Fitness First Griesheim;Europe;False;14;2026-08-14, 2026-08-16, 2026-08-17, 2026-08-21, 2026-08-23
photos_auteur;0 photo;12653609458785639661;Delta Sonic Car Wash;US;False;14;2026-08-12, 2026-08-13, 2026-08-15, 2026-08-18, 2026-08-21, 2026-08-23, 2026-08-24
photos_auteur;0 photo;2034461622997448093;Bulwark Exterminating;US;True;14;2026-08-13, 2026-08-16, 2026-08-17, 2026-08-21
photos_auteur;0 photo;4433090577107943247;EcoShield Pest Solutions;US;True;14;2026-08-12, 2026-08-16, 2026-08-17, 2026-08-19, 2026-08-21, 2026-08-23
photos_auteur;0 photo;6832155753295535633;Insight Pest Solutions;US;True;13;2026-08-12, 2026-08-13, 2026-08-16, 2026-08-18, 2026-08-19, 2026-08-22, 2026-08-24
photos_auteur;0 photo;6864222717854006596;Insight Pest Solutions;US;True;12;2026-08-12, 2026-08-16, 2026-08-17, 2026-08-19, 2026-08-22, 2026-08-24
photos_auteur;0 photo;7478870134232076043;Rocky Mountain Balloon Adventures;US;False;12;2026-08-22, 2026-08-23
photos_auteur;0 photo;7864325941761932328;Globales Maioris;Europe;False;12;2026-08-15, 2026-08-21, 2026-08-22
photos_auteur;0 photo;11527874769595828404;Pointe Pest Control;US;True;11;2026-08-12, 2026-08-16, 2026-08-17, 2026-08-19, 2026-08-20, 2026-08-21
photos_auteur;0 photo;16248341169641882523;Insight Pest Solutions;US;True;11;2026-08-12, 2026-08-15, 2026-08-16, 2026-08-17, 2026-08-19, 2026-08-21, 2026-08-23
photos_auteur;0 photo;6665036569245004844;EcoShield Pest Solutions;US;True;11;2026-08-16, 2026-08-19, 2026-08-21
photos_auteur;0 photo;13357493140933391105;Insight Pest Solutions;US;True;10;2026-08-12, 2026-08-13, 2026-08-16, 2026-08-17, 2026-08-19, 2026-08-24
photos_auteur;0 photo;15030713588446975167;EcoShield Pest Solutions;US;True;9;2026-08-19, 2026-08-20, 2026-08-21, 2026-08-24
photos_auteur;0 photo;16867174010602496547;Northwest Exterminating;US;False;9;2026-08-12, 2026-08-13, 2026-08-16, 2026-08-17, 2026-08-20, 2026-08-21
photos_auteur;0 photo;17251484945567213252;Globales Simar;Europe;False;9;2026-08-17, 2026-08-18, 2026-08-20, 2026-08-22, 2026-08-23
photos_auteur;0 photo;11183164932977516690;Insight Pest Solutions;US;True;8;2026-08-13, 2026-08-16, 2026-08-17, 2026-08-19, 2026-08-22
photos_auteur;0 photo;11468972147098209639;Lash and Company Med Spa - Centennial;US;False;8;2026-08-24
photos_auteur;0 photo;11752525017306549612;Insight Pest Solutions;US;True;8;2026-08-12, 2026-08-13, 2026-08-16, 2026-08-19, 2026-08-23
photos_auteur;0 photo;12319304188118263291;Pizza Hut Debrecen Plaza;Europe;False;8;2026-08-23
photos_auteur;0 photo;16011688751403367255;Doral Toyota;US;False;8;2026-08-18, 2026-08-19, 2026-08-21, 2026-08-22, 2026-08-23
photos_auteur;0 photo;16549891742331617014;Abilene Dermatology and Skin;US;False;8;2026-08-16, 2026-08-17, 2026-08-20, 2026-08-21, 2026-08-22
photos_auteur;0 photo;16932179925125573715;Pointe Pest Control;US;True;8;2026-08-12, 2026-08-16, 2026-08-17, 2026-08-19, 2026-08-21
photos_auteur;0 photo;1943990090783039974;United Air Temp;US;False;8;2026-08-22, 2026-08-23
photos_auteur;0 photo;2680144292534599937;HT Fitness;US;False;8;2026-08-13, 2026-08-17, 2026-08-19, 2026-08-23, 2026-08-24
photos_auteur;0 photo;8675258714044865202;Aqua Plumbing and Air;US;False;8;2026-08-12, 2026-08-13, 2026-08-16, 2026-08-19
photos_auteur;0 photo;11660062678522630526;Sierra Pacific Orthopedics;US;False;7;2026-08-16, 2026-08-18, 2026-08-20, 2026-08-23
photos_auteur;0 photo;118597015968253014;EcoShield Pest Solutions Chicago East;US;False;7;2026-08-16, 2026-08-17
photos_auteur;0 photo;11882525582487875452;Northwest Exterminating;US;False;7;2026-08-15, 2026-08-16, 2026-08-17, 2026-08-19, 2026-08-22, 2026-08-23
photos_auteur;0 photo;12971538955295795353;West Shore Home;US;False;7;2026-08-21, 2026-08-22
photos_auteur;0 photo;1320861146435177408;Fox Rent A Car Denver;US;False;7;2026-08-13, 2026-08-16, 2026-08-17, 2026-08-22, 2026-08-23
photos_auteur;0 photo;16201181649805957681;Heart and Vascular Care;US;False;7;2026-08-13, 2026-08-16, 2026-08-17
photos_auteur;0 photo;6220232788059998036;Heart and Vascular Care;US;False;7;2026-08-12, 2026-08-16, 2026-08-19, 2026-08-20
photos_auteur;0 photo;8272933981059498407;Heart and Vascular Care;US;False;7;2026-08-16, 2026-08-19, 2026-08-20, 2026-08-21, 2026-08-23, 2026-08-24
photos_auteur;0 photo;10907116412041709754;Pointe Pest Control;US;True;6;2026-08-16, 2026-08-18, 2026-08-19, 2026-08-20
photos_auteur;0 photo;11001368659838863228;Pointe Pest Control;US;True;6;2026-08-16, 2026-08-19, 2026-08-20, 2026-08-24
photos_auteur;0 photo;12242899512208579596;Insight Pest Solutions;US;True;6;2026-08-16
photos_auteur;0 photo;16894789784437684017;Delta Sonic Car Wash;US;False;6;2026-08-16, 2026-08-24
photos_auteur;0 photo;17461188179245106693;Bulwark Exterminating;US;True;6;2026-08-12, 2026-08-17
photos_auteur;0 photo;3164305209948048623;Pointe Pest Control;US;True;6;2026-08-17, 2026-08-21, 2026-08-24
photos_auteur;0 photo;3203854443950401309;HT Fitness;US;False;6;2026-08-12, 2026-08-16, 2026-08-17, 2026-08-19, 2026-08-21
photos_auteur;0 photo;3352767676680426036;Solve Pest Pros;US;False;6;2026-08-21, 2026-08-22
photos_auteur;0 photo;6289730490558979524;Bulwark Exterminating;US;True;6;2026-08-19, 2026-08-20
photos_auteur;0 photo;8115244571708845709;Cocoa Beach Catamaran;US;False;6;2026-08-13, 2026-08-16, 2026-08-19, 2026-08-23
photos_auteur;0 photo;817498439303474635;EcoShield Pest Solutions;US;True;6;2026-08-12, 2026-08-16, 2026-08-19
photos_auteur;0 photo;8303557791751296465;Insight Pest Solutions;US;True;6;2026-08-13, 2026-08-15, 2026-08-19, 2026-08-20
photos_auteur;0 photo;13149966690726534760;Green Pest Services;US;False;5;2026-08-16, 2026-08-21, 2026-08-23
photos_auteur;0 photo;14825598912279374964;Chatham Sports Medicine & Physical Therapy;US;False;5;2026-08-13, 2026-08-17, 2026-08-18, 2026-08-21
photos_auteur;0 photo;14933790454100186775;Pointe Pest Control;US;True;5;2026-08-12, 2026-08-16, 2026-08-17, 2026-08-19, 2026-08-21
photos_auteur;0 photo;15083526705897946018;Heart and Vascular Care;US;False;5;2026-08-23
photos_auteur;0 photo;17208676867430563363;Good Night John Boy;US;False;5;2026-08-16, 2026-08-20
photos_auteur;0 photo;18087544658842131373;Pointe Pest Control;US;True;5;2026-08-17, 2026-08-19, 2026-08-21
photos_auteur;0 photo;2699950723330237401;Tanner Clinic;US;False;5;2026-08-16, 2026-08-17, 2026-08-19, 2026-08-20
photos_auteur;0 photo;3932259871970128515;Alaska Fracture and Orthopedic Clinic;US;False;5;2026-08-16, 2026-08-17, 2026-08-18, 2026-08-20, 2026-08-21
photos_auteur;0 photo;4479702789086504102;MedVet Columbus;US;False;5;2026-08-20, 2026-08-23
photos_auteur;0 photo;5050554609943149474;Samesun Hollywood;US;False;5;2026-08-16, 2026-08-17
photos_auteur;0 photo;5063341140303696786;Pointe Pest Control;US;True;5;2026-08-12, 2026-08-19, 2026-08-21, 2026-08-24
photos_auteur;0 photo;718178259547467488;Pointe Pest Control;US;True;5;2026-08-13, 2026-08-17, 2026-08-19, 2026-08-21, 2026-08-23
photos_auteur;0 photo;7645830286416566420;Pointe Pest Control;US;True;5;2026-08-16, 2026-08-20, 2026-08-21
photos_auteur;0 photo;8117786734318428670;Sunshine Ballooning;Europe;False;5;2026-08-16, 2026-08-18, 2026-08-21, 2026-08-23
photos_auteur;0 photo;8256016555611678921;Solve Pest Pros;US;False;5;2026-08-16, 2026-08-17, 2026-08-18, 2026-08-19
photos_auteur;0 photo;9284506857513497045;ABC Home & Commercial Services;US;False;5;2026-08-15, 2026-08-16, 2026-08-21, 2026-08-22
photos_auteur;0 photo;10647645013357446509;Pointe Pest Control;US;True;4;2026-08-16, 2026-08-17, 2026-08-19
photos_auteur;0 photo;12162999256610465653;Pointe Pest Control;US;True;4;2026-08-16, 2026-08-17, 2026-08-18, 2026-08-21
photos_auteur;0 photo;12466888218085323989;MedVet Cleveland;US;False;4;2026-08-12, 2026-08-16, 2026-08-17
photos_auteur;0 photo;13048717007599713286;Nu Car Rentals;US;False;4;2026-08-18, 2026-08-20, 2026-08-22
photos_auteur;0 photo;146333011060678538;Northwest Exterminating;US;False;4;2026-08-13, 2026-08-16, 2026-08-21
photos_auteur;0 photo;15168756511886563707;Dermatology Affiliates;US;False;4;2026-08-20, 2026-08-21, 2026-08-22
photos_auteur;0 photo;15702480480125668198;Fox Rent A Car;US;False;4;2026-08-23, 2026-08-24
photos_auteur;0 photo;15705776624659968059;Fairway Lawns of Springdale;US;False;4;2026-08-18, 2026-08-23, 2026-08-24
photos_auteur;0 photo;16469337811496657191;Pointe Pest Control;US;True;4;2026-08-12, 2026-08-16, 2026-08-17, 2026-08-20
photos_auteur;0 photo;2423693438449052039;Bulwark Exterminating;US;True;4;2026-08-16, 2026-08-17
photos_auteur;0 photo;2799040813008286606;Tipsy Tiki Fmb;US;False;4;2026-08-21, 2026-08-22, 2026-08-23
photos_auteur;0 photo;3088388366389061829;Pointe Pest Control;US;True;4;2026-08-16, 2026-08-17, 2026-08-21
photos_auteur;0 photo;3274891443999828364;Elevate Fitness;US;False;4;2026-08-21
photos_auteur;0 photo;3464619508278537951;Chatham Orthopaedic Associates;US;False;4;2026-08-12, 2026-08-18, 2026-08-19
photos_auteur;0 photo;4397473550123468841;Adventure Dental, Vision and Orthodontics;US;False;4;2026-08-13, 2026-08-16, 2026-08-17
photos_auteur;0 photo;4535259281716615882;EcoShield Pest Solutions;US;True;4;2026-08-16, 2026-08-17, 2026-08-19
photos_auteur;0 photo;5049402211849837299;Cuisine Plus Saint Nazaire;Europe;False;4;2026-08-17, 2026-08-19, 2026-08-22
photos_auteur;0 photo;5119810349067443765;Clarion Hotel The Hub;Europe;False;4;2026-08-13
photos_auteur;0 photo;6360580975601342886;Carolina Ale House;US;False;4;2026-08-16, 2026-08-19
photos_auteur;0 photo;7651945305551643280;Chania Boat Tours;Europe;False;4;2026-08-21, 2026-08-22
photos_auteur;0 photo;8295483025098590212;Parker Cornea;US;False;4;2026-08-12, 2026-08-16, 2026-08-19
photos_auteur;0 photo;10121891181019347598;Fox Rent A Car;US;False;3;2026-08-16, 2026-08-20
photos_auteur;0 photo;1170749740403083425;WestVet Boise;US;False;3;2026-08-16, 2026-08-19, 2026-08-23
photos_auteur;0 photo;13228969405843925211;Pointe Pest Control;US;True;3;2026-08-15, 2026-08-18, 2026-08-21
photos_auteur;0 photo;13462096640461798107;Precision Landscaping;US;False;3;2026-08-23
photos_auteur;0 photo;15928859670822937545;Pointe Pest Control;US;True;3;2026-08-14, 2026-08-16, 2026-08-17
photos_auteur;0 photo;16385710373382858530;DKamping Village;Europe;False;3;2026-08-16, 2026-08-18
photos_auteur;0 photo;178064072666686963;EcoShield Pest Solutions;US;True;3;2026-08-16, 2026-08-18
photos_auteur;0 photo;3808829296411201732;HDS Munich;Europe;False;3;2026-08-14, 2026-08-16, 2026-08-17
photos_auteur;0 photo;5618672426900878761;Petfolk Veterinary & Urgent Care - Altamonte Springs;US;False;3;2026-08-16, 2026-08-18, 2026-08-22
photos_auteur;0 photo;6278096211291522244;Active Pest Control;US;False;3;2026-08-19, 2026-08-20
photos_auteur;0 photo;8514033496595338463;Chatham Orthopaedic Associates;US;False;3;2026-08-16, 2026-08-17, 2026-08-20
photos_auteur;0 photo;9773764681262796319;Fox Rent A Car Miami;US;False;3;2026-08-16, 2026-08-17
photos_auteur;0 photo;9921186577906344541;A Plus Plumbing;US;False;3;2026-08-19, 2026-08-20
photos_auteur;0 photo;9955525685526011894;Reno Massage Tree;US;False;3;2026-08-15, 2026-08-16
photos_auteur;0 photo;11381632064786343361;Bobcat Wildlife & Pest Management;US;False;2;2026-08-16, 2026-08-21
photos_auteur;0 photo;12701978682932507204;Viva Day Spa and Med Spa;US;False;2;2026-08-12, 2026-08-21
photos_auteur;0 photo;12924136556389994153;ABC Home & Commercial Services;US;False;2;2026-08-16, 2026-08-23
photos_auteur;0 photo;13142875894045715065;Green Pest Services;US;False;2;2026-08-21
photos_auteur;0 photo;14727272453529875622;Active Pest Control;US;False;2;2026-08-12, 2026-08-16
photos_auteur;0 photo;14735899687559181627;SuperGreen Irrigation;US;False;2;2026-08-15, 2026-08-16
photos_auteur;0 photo;16880400502719876773;Pointe Pest Control;US;True;2;2026-08-16, 2026-08-24
photos_auteur;0 photo;17257425285318401586;Hipotels Barrosa Park;Europe;False;2;2026-08-19, 2026-08-23
photos_auteur;0 photo;17365787893692022098;Gîtes du Domaine des Bans;Europe;False;2;2026-08-12, 2026-08-17
photos_auteur;0 photo;17855870789663755598;Fox Rent A Car San Diego;US;False;2;2026-08-16
photos_auteur;0 photo;18135896731724490192;Coastal Heating and Cooling;US;False;2;2026-08-12, 2026-08-24
photos_auteur;0 photo;18371253483526610359;Bulwark Exterminating;US;True;2;2026-08-16, 2026-08-21
photos_auteur;0 photo;2220821433190157995;Alannia Salou;Europe;False;2;2026-08-24
photos_auteur;0 photo;2549079542246731788;MXO Rooftop;Europe;False;2;2026-08-18, 2026-08-21
photos_auteur;0 photo;3862407046066641134;Overhead Door Co Of Norwich;US;False;2;2026-08-21
photos_auteur;0 photo;3874911723232599474;ABC Home & Commercial Services;US;False;2;2026-08-17, 2026-08-23
photos_auteur;0 photo;7096371038011001168;Route 46 Chrysler Jeep Dodge;US;False;2;2026-08-18, 2026-08-19
photos_auteur;0 photo;7613905074252745810;EcoShield Pest Solutions;US;True;2;2026-08-13, 2026-08-16
photos_auteur;0 photo;7626411052152447263;The Spa at Cedarbrook Lodge;US;False;2;2026-08-16
photos_auteur;0 photo;8264250907553977852;Carolina Ale House;US;False;2;2026-08-22
photos_auteur;0 photo;8323898039823195571;Pointe Pest Control;US;True;2;2026-08-16, 2026-08-20
photos_auteur;0 photo;8357807472690442969;Green Pest Services;US;False;2;2026-08-17, 2026-08-21
photos_auteur;0 photo;8864246763002325033;Nu Car Rental;US;False;2;2026-08-14, 2026-08-20
photos_auteur;0 photo;10204432935619217142;Liberty GYM Burnhaupt-le-bas;Europe;False;1;2026-08-15
photos_auteur;0 photo;10330873477402384990;Delizie di Mare - All You Can Eat;Europe;False;1;2026-08-20
photos_auteur;0 photo;10535711495689713124;SkinSpirit Del Mar;US;False;1;2026-08-15
photos_auteur;0 photo;10601184521827317877;Le Palme;Europe;False;1;2026-08-14
photos_auteur;0 photo;10688219440227213170;The Old Irish Pub - Aalborg;Europe;False;1;2026-08-16
photos_auteur;0 photo;10866581757464278630;Club Essen Rüttenscheid;Europe;False;1;2026-08-13
photos_auteur;0 photo;10921805046871428741;Compagnie des Déboucheurs;Europe;False;1;2026-08-15
photos_auteur;0 photo;11004380532876327499;Embassy Suites Seattle Downtown-Pioneer Square;US;False;1;2026-08-20
photos_auteur;0 photo;11098111536113255078;Hotel Alunis Health Spa;Europe;False;1;2026-08-17
photos_auteur;0 photo;11152419033877693945;Camping Campéole Le Coiroux;Europe;False;1;2026-08-13
photos_auteur;0 photo;11253624861875245129;EcoShield Pest Solutions;US;True;1;2026-08-18
photos_auteur;0 photo;11306931454900536039;Club Dortmund Gartenstadt;Europe;False;1;2026-08-21
photos_auteur;0 photo;11593746449727099110;Premier Eyecare;US;False;1;2026-08-16
photos_auteur;0 photo;11621061264450053739;Lyons Roofing;US;False;1;2026-08-15
photos_auteur;0 photo;11746939377458501797;Green Pest Services;US;False;1;2026-08-16
photos_auteur;0 photo;11979469692631411558;Cleys Waasmunster;Europe;False;1;2026-08-12
photos_auteur;0 photo;12028540047674361624;Works Plumbing Repair & Drain Cleaning;US;False;1;2026-08-12
photos_auteur;0 photo;12106990848959314672;Hotel Arc-en-ciel;Europe;False;1;2026-08-17
photos_auteur;0 photo;12179770780704989290;Dojo Studio;US;False;1;2026-08-13
photos_auteur;0 photo;12399650223478194238;Schön Klinik Hamburg Eilbek;Europe;False;1;2026-08-13
photos_auteur;0 photo;12444480166249994540;Einstein Pros Plumbing;US;False;1;2026-08-15
photos_auteur;0 photo;12523973092132012183;EcoShield Pest Solutions;US;True;1;2026-08-17
photos_auteur;0 photo;12754412867706599016;Excellence Appliance Repair;US;False;1;2026-08-17
photos_auteur;0 photo;12785457364507400376;ABC Home & Commercial Services;US;False;1;2026-08-16
photos_auteur;0 photo;13259321554512244271;Massage & Spa;US;False;1;2026-08-12
photos_auteur;0 photo;13282009709348196868;Camping la Breteche 3 stars;Europe;False;1;2026-08-21
photos_auteur;0 photo;13454390046806476880;Hand and Stone Massage and Facial Spa;US;False;1;2026-08-23
photos_auteur;0 photo;13487146367475704628;Empire Today;US;False;1;2026-08-20
photos_auteur;0 photo;13609296054599897306;AmeriVu Inn & Suites - Chisago City;US;False;1;2026-08-21
photos_auteur;0 photo;13729045321029806005;Cervecería La Sureña;Europe;False;1;2026-08-23
photos_auteur;0 photo;13801744141903121032;citizenM Paris Charles de Gaulle Airport Hôtel;Europe;False;1;2026-08-21
photos_auteur;0 photo;13914529929637769875;Homemade Taqueria;US;False;1;2026-08-17
photos_auteur;0 photo;14112705270114144342;Camping Capfun Vlinderloo;Europe;False;1;2026-08-16
photos_auteur;0 photo;14298233888485556219;Club Berlin Prenzlauer Berg;Europe;False;1;2026-08-18
photos_auteur;0 photo;14362882724000770461;Cuisinella;Europe;False;1;2026-08-17
photos_auteur;0 photo;14437350526528134386;Claremont Motor Lodge;US;False;1;2026-08-16
photos_auteur;0 photo;14480382855388711513;HT Fitness;US;False;1;2026-08-19
photos_auteur;0 photo;14696288889803762717;Auto Bierschneider;Europe;False;1;2026-08-19
photos_auteur;0 photo;14740593769376451592;citizenM Copenhagen Rådhuspladsen;Europe;False;1;2026-08-13
photos_auteur;0 photo;14786803112747547126;Hotel Botanico;Europe;False;1;2026-08-20
photos_auteur;0 photo;14820991856221490337;Camping Les Pirons;Europe;False;1;2026-08-18
photos_auteur;0 photo;14869656164423820253;Mamajuana Cafe;US;False;1;2026-08-17
photos_auteur;0 photo;1487794017584324211;Neoness;Europe;False;1;2026-08-14
photos_auteur;0 photo;15382424972418370974;Good Night John Boy;US;False;1;2026-08-16
photos_auteur;0 photo;15425978298257012661;Body' Minute;Europe;False;1;2026-08-14
photos_auteur;0 photo;15428563441085278652;Relaxia Los Girasoles Bungalows;Europe;False;1;2026-08-24
photos_auteur;0 photo;15598913053706512115;Bedard Bros. Honda;US;False;1;2026-08-17
photos_auteur;0 photo;15615984558165321771;Dermatology Affiliates (East Cobb);US;False;1;2026-08-16
photos_auteur;0 photo;15708082090445471212;ABC Home & Commercial Services - Landscaping Department;US;False;1;2026-08-16
photos_auteur;0 photo;15782623238310293347;AniCura Bergisch Gladbach;Europe;False;1;2026-08-19
photos_auteur;0 photo;1588045585774572368;Istra Premium Camping Resort;Europe;False;1;2026-08-13
photos_auteur;0 photo;16054806172650950917;Abeauty Clinique Galati;Europe;False;1;2026-08-23
photos_auteur;0 photo;16130034264863182789;The Grand Hotel;US;False;1;2026-08-16
photos_auteur;0 photo;16170338589303360167;The Bend RV Park;US;False;1;2026-08-19
photos_auteur;0 photo;16579715835844117368;Lochridge-Priest;US;False;1;2026-08-18
photos_auteur;0 photo;1695214525620865262;Adobe Day Spa and Chiropractics;US;False;1;2026-08-22
photos_auteur;0 photo;17027544060444986973;Hipotels Bahía Grande;Europe;False;1;2026-08-20
photos_auteur;0 photo;17160257379698395021;Michael R Martineau;US;False;1;2026-08-20
photos_auteur;0 photo;17194856329662937823;Hotel Rural Carlos I;Europe;False;1;2026-08-19
photos_auteur;0 photo;17202679942767108315;ABC Home & Commercial Services;US;False;1;2026-08-16
photos_auteur;0 photo;17256331860806033159;Happy Head Foot Reflexology and Massage;US;False;1;2026-08-22
photos_auteur;0 photo;17325999670394372128;Mezze Krotoszyn;Europe;False;1;2026-08-18
photos_auteur;0 photo;17811514628184275600;P.J. Whelihan's Pub + Restaurant [West Chester];US;False;1;2026-08-18
photos_auteur;0 photo;17897632292626765009;AniCura Kleintierspezialisten Augsburg;Europe;False;1;2026-08-20
photos_auteur;0 photo;18132941267052248039;Just Refreshed Aesthetics;US;False;1;2026-08-18
photos_auteur;0 photo;18143610989022699807;SkinSpirit Roslyn Heights;US;False;1;2026-08-17
photos_auteur;0 photo;18160242326678368511;Northwest Motor Group;US;False;1;2026-08-15
photos_auteur;0 photo;18250774199179914288;Slow Village Anduze;Europe;False;1;2026-08-14
photos_auteur;0 photo;1944574178176983755;Qargo Coffee;US;False;1;2026-08-17
photos_auteur;0 photo;2054732589707793641;Globales Cala'n Bosch;Europe;False;1;2026-08-23
photos_auteur;0 photo;2281360171323098495;CareVet of Shoreline;US;False;1;2026-08-17
photos_auteur;0 photo;2420138228954020213;Elite House Cleaning Mesa;US;False;1;2026-08-19
photos_auteur;0 photo;246095253791495383;Halbite;Europe;False;1;2026-08-17
photos_auteur;0 photo;2678349505464412907;REEIS;US;False;1;2026-08-15
photos_auteur;0 photo;2745747141372267109;Royal Charters Mallorca;Europe;False;1;2026-08-18
photos_auteur;0 photo;2797183553179767293;Rocket Carwash;US;False;1;2026-08-19
photos_auteur;0 photo;2817059610110232751;Green Pest Services;US;False;1;2026-08-16
photos_auteur;0 photo;3055526259022060684;Detailcar Aqua Multiespacio;Europe;False;1;2026-08-13
photos_auteur;0 photo;3163466139043001754;Boutique The Boxer Club Dr Castelo;Europe;True;1;2026-08-15
photos_auteur;0 photo;316878406668790307;Adventure Dental;US;False;1;2026-08-20
photos_auteur;0 photo;3187607110245052706;Denali Park Zipline;US;False;1;2026-08-20
photos_auteur;0 photo;319943520006464494;Speakeasy Fitness;US;False;1;2026-08-17
photos_auteur;0 photo;3425246382128922758;Merle Stone Chevrolet - Porterville;US;False;1;2026-08-14
photos_auteur;0 photo;3548043799334044547;Anchor Inn Lodge;US;False;1;2026-08-18
photos_auteur;0 photo;357179753298412712;Camping Adriatico;Europe;False;1;2026-08-16
photos_auteur;0 photo;3705572903770911909;Other Place;US;False;1;2026-08-16
photos_auteur;0 photo;3856632261014919795;Keyless Shop Locksmith;US;False;1;2026-08-16
photos_auteur;0 photo;3881615387971294091;Spa Zuiver;Europe;False;1;2026-08-16
photos_auteur;0 photo;4272684922168596772;Bulwark Exterminating Corporate;US;False;1;2026-08-22
photos_auteur;0 photo;4350811955412203628;Streetside Classics;US;False;1;2026-08-22
photos_auteur;0 photo;471022147629183520;Insight Pest Solutions;US;True;1;2026-08-12
photos_auteur;0 photo;5088659347287832281;Elaya Hotel Stuttgart Boeblingen;Europe;False;1;2026-08-14
photos_auteur;0 photo;5291096098763143504;Pizza Hut Express;Europe;False;1;2026-08-19
photos_auteur;0 photo;5422890961706407530;United Air Temp;US;False;1;2026-08-12
photos_auteur;0 photo;5480379830228378813;Polo line - vacation rentals;Europe;False;1;2026-08-23
photos_auteur;0 photo;5644271922112783363;Vakantiepark Capfun - Het Winkel;Europe;False;1;2026-08-13
photos_auteur;0 photo;5686063649767011502;aBeauty Clinique Constanta;Europe;False;1;2026-08-15
photos_auteur;0 photo;5767747242108722390;AIRE Ancient Baths Chicago;US;False;1;2026-08-19
photos_auteur;0 photo;5999991654383813138;EcoShield Pest Solutions;US;True;1;2026-08-19
photos_auteur;0 photo;6208454101415437139;Cénica Porto Hotel, Curio Collection by Hilton;Europe;False;1;2026-08-20
photos_auteur;0 photo;6502091583801106713;AniCura Kiel;Europe;False;1;2026-08-13
photos_auteur;0 photo;6595076367186224579;Darty;Europe;False;1;2026-08-20
photos_auteur;0 photo;6974005517924331668;"Бирария ""Do Re Mi""";Europe;False;1;2026-08-17
photos_auteur;0 photo;7127113031759927143;Buchanan Classics;US;False;1;2026-08-22
photos_auteur;0 photo;7511492220568495848;Bonjour Tagungshotel Stuttgart Gerlingen;Europe;False;1;2026-08-21
photos_auteur;0 photo;7542203160017780480;Eurodecars Automobielhandel;Europe;False;1;2026-08-15
photos_auteur;0 photo;7868713708357852976;ScrubaDub Car Wash;US;False;1;2026-08-23
photos_auteur;0 photo;8015064052260497255;Neoness;Europe;False;1;2026-08-14
photos_auteur;0 photo;8173690169693600909;Fox Rent A Car;US;False;1;2026-08-20
photos_auteur;0 photo;8207176407898555793;Advantage Roofing Company;US;False;1;2026-08-23
photos_auteur;0 photo;8282528182233977034;Cape Coral Boat Cruises;US;False;1;2026-08-16
photos_auteur;0 photo;8662000526093675280;Comfort Hotel Porsgrunn;Europe;False;1;2026-08-19
photos_auteur;0 photo;9026909565558195702;ABC Home & Commercial Services;US;False;1;2026-08-23
photos_auteur;0 photo;9124825751290696378;Loogman Aalsmeer;Europe;False;1;2026-08-16
photos_auteur;0 photo;915220753679008263;Fairway Lawns of Tulsa;US;False;1;2026-08-20
photos_auteur;0 photo;9166889712521968380;Advantage Rent A Car;US;False;1;2026-08-18
photos_auteur;0 photo;9202959950480882588;AIRE Ancient Baths;US;False;1;2026-08-20
photos_auteur;0 photo;926727815049071482;sunshine cafe at Beebe;US;False;1;2026-08-12
photos_auteur;0 photo;9330622820452187742;Club Erfurt;Europe;False;1;2026-08-12
photos_auteur;0 photo;9372823467771251065;Jalilo;Europe;False;1;2026-08-17
photos_auteur;0 photo;9400441828486763598;Brick House Tavern and Tap;US;False;1;2026-08-13
photos_auteur;0 photo;9411249691461597325;Saltic Resort & Spa Leba;Europe;False;1;2026-08-18
photos_auteur;0 photo;9555804487296852186;Homemade Taqueria Meeker Ave;US;False;1;2026-08-20
photos_auteur;1 à 20 photos;2034461622997448093;Bulwark Exterminating;US;True;11;2026-08-13, 2026-08-16, 2026-08-17, 2026-08-19, 2026-08-21, 2026-08-23
photos_auteur;1 à 20 photos;6099218902287832250;Ballenoil Albasanz;Europe;False;10;2026-08-14, 2026-08-16, 2026-08-17, 2026-08-18, 2026-08-19, 2026-08-20, 2026-08-21, 2026-08-22
photos_auteur;1 à 20 photos;8117786734318428670;Sunshine Ballooning;Europe;False;8;2026-08-16, 2026-08-17, 2026-08-18, 2026-08-21, 2026-08-23
photos_auteur;1 à 20 photos;817498439303474635;EcoShield Pest Solutions;US;True;8;2026-08-12, 2026-08-16, 2026-08-17, 2026-08-19
photos_auteur;1 à 20 photos;10746082602604012869;Insight Pest Solutions;US;True;7;2026-08-16, 2026-08-17, 2026-08-18, 2026-08-19, 2026-08-20
photos_auteur;1 à 20 photos;10896163602322254565;Mumbai Masala Playa Paraíso;Europe;False;6;2026-08-16, 2026-08-18, 2026-08-21, 2026-08-22, 2026-08-24
photos_auteur;1 à 20 photos;10505273405281271038;Cedar Park Overhead Doors;US;False;5;2026-08-15, 2026-08-16, 2026-08-17, 2026-08-19
photos_auteur;1 à 20 photos;15030713588446975167;EcoShield Pest Solutions;US;True;5;2026-08-19, 2026-08-20, 2026-08-21
photos_auteur;1 à 20 photos;16011688751403367255;Doral Toyota;US;False;5;2026-08-16, 2026-08-19, 2026-08-20, 2026-08-21
photos_auteur;1 à 20 photos;1697023132609060386;Ichiban Japanese Bistro;US;False;5;2026-08-12, 2026-08-16, 2026-08-18, 2026-08-19, 2026-08-20
photos_auteur;1 à 20 photos;3187607110245052706;Denali Park Zipline;US;False;5;2026-08-12, 2026-08-15, 2026-08-17, 2026-08-18
photos_auteur;1 à 20 photos;3595820309544267485;EcoShield Pest Solutions;US;True;5;2026-08-13, 2026-08-16, 2026-08-19, 2026-08-20
photos_auteur;1 à 20 photos;4479702789086504102;MedVet Columbus;US;False;5;2026-08-20, 2026-08-23
photos_auteur;1 à 20 photos;6979673743686913152;EcoShield Pest Solutions;US;True;5;2026-08-12, 2026-08-16, 2026-08-22, 2026-08-23
photos_auteur;1 à 20 photos;10346942689164695031;The Boxer Club;Europe;True;4;2026-08-14, 2026-08-22, 2026-08-23
photos_auteur;1 à 20 photos;11183164932977516690;Insight Pest Solutions;US;True;4;2026-08-15, 2026-08-16, 2026-08-22
photos_auteur;1 à 20 photos;11468972147098209639;Lash and Company Med Spa - Centennial;US;False;4;2026-08-24
photos_auteur;1 à 20 photos;3088388366389061829;Pointe Pest Control;US;True;4;2026-08-16, 2026-08-17, 2026-08-19, 2026-08-20
photos_auteur;1 à 20 photos;7478870134232076043;Rocky Mountain Balloon Adventures;US;False;4;2026-08-22, 2026-08-23
photos_auteur;1 à 20 photos;8115244571708845709;Cocoa Beach Catamaran;US;False;4;2026-08-12, 2026-08-16, 2026-08-20
photos_auteur;1 à 20 photos;8592193049411979519;EcoShield Pest Solutions;US;True;4;2026-08-16, 2026-08-17, 2026-08-20
photos_auteur;1 à 20 photos;11746939377458501797;Green Pest Services;US;False;3;2026-08-12, 2026-08-20, 2026-08-22
photos_auteur;1 à 20 photos;13609296054599897306;AmeriVu Inn & Suites - Chisago City;US;False;3;2026-08-16, 2026-08-18, 2026-08-19
photos_auteur;1 à 20 photos;146333011060678538;Northwest Exterminating;US;False;3;2026-08-17, 2026-08-21, 2026-08-23
photos_auteur;1 à 20 photos;16248341169641882523;Insight Pest Solutions;US;True;3;2026-08-16
photos_auteur;1 à 20 photos;16469337811496657191;Pointe Pest Control;US;True;3;2026-08-12, 2026-08-16
photos_auteur;1 à 20 photos;178064072666686963;EcoShield Pest Solutions;US;True;3;2026-08-19, 2026-08-20, 2026-08-21
photos_auteur;1 à 20 photos;17855870789663755598;Fox Rent A Car San Diego;US;False;3;2026-08-16, 2026-08-17
photos_auteur;1 à 20 photos;3464619508278537951;Chatham Orthopaedic Associates;US;False;3;2026-08-17, 2026-08-18, 2026-08-20
photos_auteur;1 à 20 photos;4433090577107943247;EcoShield Pest Solutions;US;True;3;2026-08-19, 2026-08-23
photos_auteur;1 à 20 photos;5480379830228378813;Polo line - vacation rentals;Europe;False;3;2026-08-20, 2026-08-21, 2026-08-24
photos_auteur;1 à 20 photos;6832155753295535633;Insight Pest Solutions;US;True;3;2026-08-16, 2026-08-17, 2026-08-18
photos_auteur;1 à 20 photos;7864325941761932328;Globales Maioris;Europe;False;3;2026-08-21, 2026-08-22
photos_auteur;1 à 20 photos;8173690169693600909;Fox Rent A Car;US;False;3;2026-08-18, 2026-08-19, 2026-08-22
photos_auteur;1 à 20 photos;8256016555611678921;Solve Pest Pros;US;False;3;2026-08-16, 2026-08-24
photos_auteur;1 à 20 photos;8514033496595338463;Chatham Orthopaedic Associates;US;False;3;2026-08-19, 2026-08-21, 2026-08-23
photos_auteur;1 à 20 photos;10789067178806450248;Fitness First Griesheim;Europe;False;2;2026-08-17
photos_auteur;1 à 20 photos;11001368659838863228;Pointe Pest Control;US;True;2;2026-08-18, 2026-08-23
photos_auteur;1 à 20 photos;11527874769595828404;Pointe Pest Control;US;True;2;2026-08-12, 2026-08-21
photos_auteur;1 à 20 photos;11752525017306549612;Insight Pest Solutions;US;True;2;2026-08-16, 2026-08-18
photos_auteur;1 à 20 photos;11882525582487875452;Northwest Exterminating;US;False;2;2026-08-17, 2026-08-19
photos_auteur;1 à 20 photos;12035238193368484759;Centro Veterinario Villalba IF;Europe;False;2;2026-08-20
photos_auteur;1 à 20 photos;12523973092132012183;EcoShield Pest Solutions;US;True;2;2026-08-17, 2026-08-23
photos_auteur;1 à 20 photos;12971538955295795353;West Shore Home;US;False;2;2026-08-22, 2026-08-23
photos_auteur;1 à 20 photos;13142875894045715065;Green Pest Services;US;False;2;2026-08-22
photos_auteur;1 à 20 photos;13259321554512244271;Massage & Spa;US;False;2;2026-08-12, 2026-08-16
photos_auteur;1 à 20 photos;13357493140933391105;Insight Pest Solutions;US;True;2;2026-08-16, 2026-08-18
photos_auteur;1 à 20 photos;13454390046806476880;Hand and Stone Massage and Facial Spa;US;False;2;2026-08-16
photos_auteur;1 à 20 photos;13462096640461798107;Precision Landscaping;US;False;2;2026-08-16
photos_auteur;1 à 20 photos;13919628842978940702;Masajes Eróticos Alicante Eternal Massage;Europe;False;2;2026-08-16, 2026-08-23
photos_auteur;1 à 20 photos;14933790454100186775;Pointe Pest Control;US;True;2;2026-08-13, 2026-08-21
photos_auteur;1 à 20 photos;15168756511886563707;Dermatology Affiliates;US;False;2;2026-08-20
photos_auteur;1 à 20 photos;15608058152450039001;Automecanica Castro;Europe;False;2;2026-08-23, 2026-08-24
photos_auteur;1 à 20 photos;15979917185231430356;A Plus Garage Door Repair;US;False;2;2026-08-17, 2026-08-23
photos_auteur;1 à 20 photos;16191346811025563423;Calicéo Strasbourg;Europe;False;2;2026-08-17, 2026-08-18
photos_auteur;1 à 20 photos;16201181649805957681;Heart and Vascular Care;US;False;2;2026-08-20, 2026-08-23
photos_auteur;1 à 20 photos;16932179925125573715;Pointe Pest Control;US;True;2;2026-08-16, 2026-08-20
photos_auteur;1 à 20 photos;17208676867430563363;Good Night John Boy;US;False;2;2026-08-18, 2026-08-19
photos_auteur;1 à 20 photos;17251484945567213252;Globales Simar;Europe;False;2;2026-08-18, 2026-08-21
photos_auteur;1 à 20 photos;17257425285318401586;Hipotels Barrosa Park;Europe;False;2;2026-08-18, 2026-08-20
photos_auteur;1 à 20 photos;2220821433190157995;Alannia Salou;Europe;False;2;2026-08-24
photos_auteur;1 à 20 photos;2423693438449052039;Bulwark Exterminating;US;True;2;2026-08-16, 2026-08-19
photos_auteur;1 à 20 photos;2699950723330237401;Tanner Clinic;US;False;2;2026-08-17, 2026-08-19
photos_auteur;1 à 20 photos;2799040813008286606;Tipsy Tiki Fmb;US;False;2;2026-08-21, 2026-08-23
photos_auteur;1 à 20 photos;3164305209948048623;Pointe Pest Control;US;True;2;2026-08-16, 2026-08-21
photos_auteur;1 à 20 photos;5063341140303696786;Pointe Pest Control;US;True;2;2026-08-17, 2026-08-20
photos_auteur;1 à 20 photos;6864222717854006596;Insight Pest Solutions;US;True;2;2026-08-16, 2026-08-18
photos_auteur;1 à 20 photos;718178259547467488;Pointe Pest Control;US;True;2;2026-08-19, 2026-08-21
photos_auteur;1 à 20 photos;7626411052152447263;The Spa at Cedarbrook Lodge;US;False;2;2026-08-15, 2026-08-16
photos_auteur;1 à 20 photos;8303557791751296465;Insight Pest Solutions;US;True;2;2026-08-17, 2026-08-20
photos_auteur;1 à 20 photos;8323898039823195571;Pointe Pest Control;US;True;2;2026-08-15, 2026-08-23
photos_auteur;1 à 20 photos;845684297895448830;Globales Apartamentos Montemar;Europe;False;2;2026-08-22, 2026-08-23
photos_auteur;1 à 20 photos;9026909565558195702;ABC Home & Commercial Services;US;False;2;2026-08-23
photos_auteur;1 à 20 photos;9654059427809994128;Carolina Ale House - Greenville-Woodruff;US;False;2;2026-08-20, 2026-08-22
photos_auteur;1 à 20 photos;9773764681262796319;Fox Rent A Car Miami;US;False;2;2026-08-16, 2026-08-18
photos_auteur;1 à 20 photos;10121891181019347598;Fox Rent A Car;US;False;1;2026-08-16
photos_auteur;1 à 20 photos;10211842138860800782;Renault Saint-Etienne - Groupe Thivolle;Europe;False;1;2026-08-21
photos_auteur;1 à 20 photos;10392842969616344066;Quality Hotel Saga;Europe;False;1;2026-08-12
photos_auteur;1 à 20 photos;10442243421974187572;Camping Sandaya Etruria;Europe;False;1;2026-08-16
photos_auteur;1 à 20 photos;10525843652337503574;Hotel Carris Porto Ribeira;Europe;False;1;2026-08-13
photos_auteur;1 à 20 photos;10601184521827317877;Le Palme;Europe;False;1;2026-08-24
photos_auteur;1 à 20 photos;10647645013357446509;Pointe Pest Control;US;True;1;2026-08-17
photos_auteur;1 à 20 photos;10907116412041709754;Pointe Pest Control;US;True;1;2026-08-16
photos_auteur;1 à 20 photos;11121079175657752605;Ježevac Premium Camping Resort by Valamar;Europe;False;1;2026-08-22
photos_auteur;1 à 20 photos;11509551004547941596;Green Elite Pompy Ciepła;Europe;False;1;2026-08-20
photos_auteur;1 à 20 photos;11569433775224823960;Neoness;Europe;False;1;2026-08-13
photos_auteur;1 à 20 photos;11660062678522630526;Sierra Pacific Orthopedics;US;False;1;2026-08-18
photos_auteur;1 à 20 photos;11979469692631411558;Cleys Waasmunster;Europe;False;1;2026-08-21
photos_auteur;1 à 20 photos;12179770780704989290;Dojo Studio;US;False;1;2026-08-23
photos_auteur;1 à 20 photos;12319304188118263291;Pizza Hut Debrecen Plaza;Europe;False;1;2026-08-23
photos_auteur;1 à 20 photos;12460969889495485623;VCA Westside Animal Hospital;US;False;1;2026-08-17
photos_auteur;1 à 20 photos;12466888218085323989;MedVet Cleveland;US;False;1;2026-08-16
photos_auteur;1 à 20 photos;12653609458785639661;Delta Sonic Car Wash;US;False;1;2026-08-17
photos_auteur;1 à 20 photos;12701978682932507204;Viva Day Spa and Med Spa;US;False;1;2026-08-21
photos_auteur;1 à 20 photos;13048717007599713286;Nu Car Rentals;US;False;1;2026-08-19
photos_auteur;1 à 20 photos;13149966690726534760;Green Pest Services;US;False;1;2026-08-22
photos_auteur;1 à 20 photos;13151071491813197060;Technitoit Villefranche-sur-Saône;Europe;False;1;2026-08-16
photos_auteur;1 à 20 photos;13204862283283398368;Hipotels Bahía Cala Millor;Europe;False;1;2026-08-18
photos_auteur;1 à 20 photos;13463525768309466593;Tip Top Garage Doors;US;False;1;2026-08-23
photos_auteur;1 à 20 photos;13815055003457289004;Hospital Veterinario San Antón;Europe;False;1;2026-08-23
photos_auteur;1 à 20 photos;14365492306530390455;Zefiro Experience Tour in Catamarano - Sardegna;Europe;False;1;2026-08-14
photos_auteur;1 à 20 photos;14398824460040053889;Dermatology Affiliates;US;False;1;2026-08-12
photos_auteur;1 à 20 photos;14451738291215002268;ProCare Collision;US;False;1;2026-08-12
photos_auteur;1 à 20 photos;14651399241385512560;Insight Pest Solutions;US;True;1;2026-08-21
photos_auteur;1 à 20 photos;14669269514609492336;P.J. Whelihan's Pub + Restaurant;US;False;1;2026-08-13
photos_auteur;1 à 20 photos;14735279916841429950;Ranger Motel;US;False;1;2026-08-24
photos_auteur;1 à 20 photos;14825598912279374964;Chatham Sports Medicine & Physical Therapy;US;False;1;2026-08-16
photos_auteur;1 à 20 photos;1487794017584324211;Neoness;Europe;False;1;2026-08-16
photos_auteur;1 à 20 photos;15083526705897946018;Heart and Vascular Care;US;False;1;2026-08-17
photos_auteur;1 à 20 photos;15382424972418370974;Good Night John Boy;US;False;1;2026-08-16
photos_auteur;1 à 20 photos;15702480480125668198;Fox Rent A Car;US;False;1;2026-08-24
photos_auteur;1 à 20 photos;15855620533885071362;Auto Bierschneider;Europe;False;1;2026-08-12
photos_auteur;1 à 20 photos;16069512827606530358;Courtyard by Marriott Hanover Whippany;US;False;1;2026-08-18
photos_auteur;1 à 20 photos;16385710373382858530;DKamping Village;Europe;False;1;2026-08-16
photos_auteur;1 à 20 photos;16463535090029643023;Old Town Pour House (freedom Commons - Naperville);US;False;1;2026-08-24
photos_auteur;1 à 20 photos;16491711330372966734;Mavericks Pizza Hangar;US;False;1;2026-08-16
photos_auteur;1 à 20 photos;16867174010602496547;Northwest Exterminating;US;False;1;2026-08-21
photos_auteur;1 à 20 photos;1695214525620865262;Adobe Day Spa and Chiropractics;US;False;1;2026-08-23
photos_auteur;1 à 20 photos;17021217626669606631;Black Hills Helicopters;US;False;1;2026-08-18
photos_auteur;1 à 20 photos;17160257379698395021;Michael R Martineau;US;False;1;2026-08-20
photos_auteur;1 à 20 photos;17202679942767108315;ABC Home & Commercial Services;US;False;1;2026-08-16
photos_auteur;1 à 20 photos;17461188179245106693;Bulwark Exterminating;US;True;1;2026-08-17
photos_auteur;1 à 20 photos;18114601915347633250;Lee M. Angioletti;US;False;1;2026-08-17
photos_auteur;1 à 20 photos;18371253483526610359;Bulwark Exterminating;US;True;1;2026-08-24
photos_auteur;1 à 20 photos;1943990090783039974;United Air Temp;US;False;1;2026-08-22
photos_auteur;1 à 20 photos;2054732589707793641;Globales Cala'n Bosch;Europe;False;1;2026-08-23
photos_auteur;1 à 20 photos;281176211676243797;Satanic Salem Walking Tours;US;False;1;2026-08-16
photos_auteur;1 à 20 photos;3171881406442480015;Club Berlin Friedrichshain;Europe;False;1;2026-08-13
photos_auteur;1 à 20 photos;3204333037205289385;Cuisinella Val d'Europe;Europe;False;1;2026-08-14
photos_auteur;1 à 20 photos;3274891443999828364;Elevate Fitness;US;False;1;2026-08-21
photos_auteur;1 à 20 photos;3352767676680426036;Solve Pest Pros;US;False;1;2026-08-21
photos_auteur;1 à 20 photos;3862407046066641134;Overhead Door Co Of Norwich;US;False;1;2026-08-18
photos_auteur;1 à 20 photos;3874911723232599474;ABC Home & Commercial Services;US;False;1;2026-08-20
photos_auteur;1 à 20 photos;4009596460761180782;Crep'eat;Europe;False;1;2026-08-18
photos_auteur;1 à 20 photos;4085625843546614708;Red Rocks Locksmith North Denver;US;False;1;2026-08-19
photos_auteur;1 à 20 photos;4272684922168596772;Bulwark Exterminating Corporate;US;False;1;2026-08-22
photos_auteur;1 à 20 photos;4350811955412203628;Streetside Classics;US;False;1;2026-08-22
photos_auteur;1 à 20 photos;4535259281716615882;EcoShield Pest Solutions;US;True;1;2026-08-16
photos_auteur;1 à 20 photos;4568901441266442943;Comfort Hotel Union Brygge;Europe;False;1;2026-08-12
photos_auteur;1 à 20 photos;4577485901777502628;IPPA Cafe;Europe;False;1;2026-08-12
photos_auteur;1 à 20 photos;4924676720586514423;Mr. Clean Autopflege;Europe;False;1;2026-08-19
photos_auteur;1 à 20 photos;5050554609943149474;Samesun Hollywood;US;False;1;2026-08-15
photos_auteur;1 à 20 photos;5119810349067443765;Clarion Hotel The Hub;Europe;False;1;2026-08-13
photos_auteur;1 à 20 photos;5474549633975801069;OUTRIGGER Kauai Beach Resort & Spa;US;False;1;2026-08-20
photos_auteur;1 à 20 photos;5493948664261571918;Minicamping en Theeschenkerij De Brinkhoeve;Europe;False;1;2026-08-18
photos_auteur;1 à 20 photos;5618672426900878761;Petfolk Veterinary & Urgent Care - Altamonte Springs;US;False;1;2026-08-16
photos_auteur;1 à 20 photos;587102981669669421;Vakantiepark Capfun De Rotonde;Europe;False;1;2026-08-14
photos_auteur;1 à 20 photos;6064403375455709139;Cuisinella;Europe;False;1;2026-08-21
photos_auteur;1 à 20 photos;6289730490558979524;Bulwark Exterminating;US;True;1;2026-08-20
photos_auteur;1 à 20 photos;6360580975601342886;Carolina Ale House;US;False;1;2026-08-19
photos_auteur;1 à 20 photos;6391557302667666156;Babe's Plumbing, Inc. & Fire Sprinklers;US;False;1;2026-08-23
photos_auteur;1 à 20 photos;6453711745241527355;Premier Pest Control LLC;US;False;1;2026-08-21
photos_auteur;1 à 20 photos;6595076367186224579;Darty;Europe;False;1;2026-08-13
photos_auteur;1 à 20 photos;6622258630771505951;Bulwark Exterminating;US;True;1;2026-08-21
photos_auteur;1 à 20 photos;6665036569245004844;EcoShield Pest Solutions;US;True;1;2026-08-19
photos_auteur;1 à 20 photos;6869486844088751364;Rosa Bonheur à l'Ouest;Europe;False;1;2026-08-19
photos_auteur;1 à 20 photos;7071381681211698134;Grismer Tire and Auto Service Center;US;False;1;2026-08-19
photos_auteur;1 à 20 photos;7096371038011001168;Route 46 Chrysler Jeep Dodge;US;False;1;2026-08-21
photos_auteur;1 à 20 photos;7446569207813309645;Stadio Restaurants Herastrau;Europe;False;1;2026-08-20
photos_auteur;1 à 20 photos;7613905074252745810;EcoShield Pest Solutions;US;True;1;2026-08-16
photos_auteur;1 à 20 photos;7645830286416566420;Pointe Pest Control;US;True;1;2026-08-19
photos_auteur;1 à 20 photos;7651945305551643280;Chania Boat Tours;Europe;False;1;2026-08-22
photos_auteur;1 à 20 photos;8282528182233977034;Cape Coral Boat Cruises;US;False;1;2026-08-21
photos_auteur;1 à 20 photos;8295483025098590212;Parker Cornea;US;False;1;2026-08-16
photos_auteur;1 à 20 photos;8357807472690442969;Green Pest Services;US;False;1;2026-08-17
photos_auteur;1 à 20 photos;8864246763002325033;Nu Car Rental;US;False;1;2026-08-20
photos_auteur;1 à 20 photos;926727815049071482;sunshine cafe at Beebe;US;False;1;2026-08-16
photos_auteur;1 à 20 photos;9284506857513497045;ABC Home & Commercial Services;US;False;1;2026-08-15
photos_auteur;1 à 20 photos;9330622820452187742;Club Erfurt;Europe;False;1;2026-08-17
photos_auteur;1 à 20 photos;9921186577906344541;A Plus Plumbing;US;False;1;2026-08-24
photos_auteur;plus de 20 photos;5119810349067443765;Clarion Hotel The Hub;Europe;False;3;2026-08-13
photos_auteur;plus de 20 photos;2054732589707793641;Globales Cala'n Bosch;Europe;False;2;2026-08-13, 2026-08-23
photos_auteur;plus de 20 photos;7626411052152447263;The Spa at Cedarbrook Lodge;US;False;2;2026-08-17, 2026-08-19
photos_auteur;plus de 20 photos;10258162109096166464;Yelloh Village - Aluna Vacances;Europe;False;1;2026-08-14
photos_auteur;plus de 20 photos;10346942689164695031;The Boxer Club;Europe;True;1;2026-08-17
photos_auteur;plus de 20 photos;11121079175657752605;Ježevac Premium Camping Resort by Valamar;Europe;False;1;2026-08-21
photos_auteur;plus de 20 photos;12257458818878449587;Carson's Ribs Prime Steaks & Famous Barbecue Chicago;US;False;1;2026-08-18
photos_auteur;plus de 20 photos;12523973092132012183;EcoShield Pest Solutions;US;True;1;2026-08-17
photos_auteur;plus de 20 photos;12621991571583444125;SIXT rent a car LaGuardia airport;US;False;1;2026-08-12
photos_auteur;plus de 20 photos;12701978682932507204;Viva Day Spa and Med Spa;US;False;1;2026-08-16
photos_auteur;plus de 20 photos;13447210363258677756;Duryea's Lobster Deck & Seafood Market;US;False;1;2026-08-16
photos_auteur;plus de 20 photos;13919628842978940702;Masajes Eróticos Alicante Eternal Massage;Europe;False;1;2026-08-17
photos_auteur;plus de 20 photos;14072176514753891617;Knowlton Dental Associates;US;False;1;2026-08-12
photos_auteur;plus de 20 photos;15338170984100166205;Planet Fitness;Europe;False;1;2026-08-20
photos_auteur;plus de 20 photos;15928859670822937545;Pointe Pest Control;US;True;1;2026-08-17
photos_auteur;plus de 20 photos;17251484945567213252;Globales Simar;Europe;False;1;2026-08-18
photos_auteur;plus de 20 photos;17257425285318401586;Hipotels Barrosa Park;Europe;False;1;2026-08-19
photos_auteur;plus de 20 photos;17268827580324391692;Detailcar Larios;Europe;False;1;2026-08-20
photos_auteur;plus de 20 photos;17297052927911918590;Hertz Autovermietung;Europe;False;1;2026-08-12
photos_auteur;plus de 20 photos;2049285413475066406;Top Quality Roofing & Siding;US;False;1;2026-08-13
photos_auteur;plus de 20 photos;2951464077965952484;Margaritaville Beach Hotel;US;False;1;2026-08-20
photos_auteur;plus de 20 photos;3478475095175863634;UNA Hotel Bologna;Europe;False;1;2026-08-24
photos_auteur;plus de 20 photos;3792836982665205875;Camping Les Sirènes - Campéole;Europe;False;1;2026-08-20
photos_auteur;plus de 20 photos;3881615387971294091;Spa Zuiver;Europe;False;1;2026-08-21
photos_auteur;plus de 20 photos;4963556190372573154;Chéri;Europe;False;1;2026-08-15
photos_auteur;plus de 20 photos;5474549633975801069;OUTRIGGER Kauai Beach Resort & Spa;US;False;1;2026-08-15
photos_auteur;plus de 20 photos;5767747242108722390;AIRE Ancient Baths Chicago;US;False;1;2026-08-22
photos_auteur;plus de 20 photos;845684297895448830;Globales Apartamentos Montemar;Europe;False;1;2026-08-23
photos_auteur;plus de 20 photos;9124825751290696378;Loogman Aalsmeer;Europe;False;1;2026-08-15
photos_auteur;plus de 20 photos;9951250439450898048;Abba San Sebastian;Europe;False;1;2026-08-17
reponse;pas de réponse, fiche qui répond à 75 % ou moins;10746082602604012869;Insight Pest Solutions;US;True;51;2026-08-12, 2026-08-15, 2026-08-16, 2026-08-17, 2026-08-18, 2026-08-19, 2026-08-20, 2026-08-21, 2026-08-22, 2026-08-23, 2026-08-24
reponse;pas de réponse, fiche qui répond à 75 % ou moins;1697023132609060386;Ichiban Japanese Bistro;US;False;30;2026-08-12, 2026-08-13, 2026-08-16, 2026-08-17, 2026-08-18, 2026-08-19, 2026-08-20, 2026-08-21, 2026-08-22, 2026-08-23
reponse;pas de réponse, fiche qui répond à 75 % ou moins;3595820309544267485;EcoShield Pest Solutions;US;True;23;2026-08-13, 2026-08-16, 2026-08-17, 2026-08-19, 2026-08-20, 2026-08-21, 2026-08-23, 2026-08-24
reponse;pas de réponse, fiche qui répond à 75 % ou moins;10896163602322254565;Mumbai Masala Playa Paraíso;Europe;False;21;2026-08-16, 2026-08-17, 2026-08-18, 2026-08-19, 2026-08-20, 2026-08-21, 2026-08-22, 2026-08-23, 2026-08-24
reponse;pas de réponse, fiche qui répond à 75 % ou moins;6979673743686913152;EcoShield Pest Solutions;US;True;19;2026-08-12, 2026-08-13, 2026-08-16, 2026-08-18, 2026-08-19, 2026-08-21, 2026-08-22, 2026-08-23
reponse;pas de réponse, fiche qui répond à 75 % ou moins;8592193049411979519;EcoShield Pest Solutions;US;True;19;2026-08-16, 2026-08-17, 2026-08-18, 2026-08-19, 2026-08-20, 2026-08-21
reponse;pas de réponse, fiche qui répond à 75 % ou moins;4433090577107943247;EcoShield Pest Solutions;US;True;16;2026-08-12, 2026-08-16, 2026-08-17, 2026-08-19, 2026-08-21, 2026-08-23
reponse;pas de réponse, fiche qui répond à 75 % ou moins;7478870134232076043;Rocky Mountain Balloon Adventures;US;False;16;2026-08-22, 2026-08-23
reponse;pas de réponse, fiche qui répond à 75 % ou moins;15030713588446975167;EcoShield Pest Solutions;US;True;14;2026-08-19, 2026-08-20, 2026-08-21, 2026-08-24
reponse;pas de réponse, fiche qui répond à 75 % ou moins;817498439303474635;EcoShield Pest Solutions;US;True;14;2026-08-12, 2026-08-16, 2026-08-17, 2026-08-19
reponse;pas de réponse, fiche qui répond à 75 % ou moins;16011688751403367255;Doral Toyota;US;False;13;2026-08-16, 2026-08-18, 2026-08-19, 2026-08-20, 2026-08-21, 2026-08-22, 2026-08-23
reponse;pas de réponse, fiche qui répond à 75 % ou moins;8117786734318428670;Sunshine Ballooning;Europe;False;13;2026-08-16, 2026-08-17, 2026-08-18, 2026-08-21, 2026-08-23
reponse;pas de réponse, fiche qui répond à 75 % ou moins;6665036569245004844;EcoShield Pest Solutions;US;True;12;2026-08-16, 2026-08-19, 2026-08-21
reponse;pas de réponse, fiche qui répond à 75 % ou moins;16201181649805957681;Heart and Vascular Care;US;False;9;2026-08-13, 2026-08-16, 2026-08-17, 2026-08-20, 2026-08-23
reponse;pas de réponse, fiche qui répond à 75 % ou moins;11660062678522630526;Sierra Pacific Orthopedics;US;False;8;2026-08-16, 2026-08-18, 2026-08-20, 2026-08-23
reponse;pas de réponse, fiche qui répond à 75 % ou moins;16549891742331617014;Abilene Dermatology and Skin;US;False;8;2026-08-16, 2026-08-17, 2026-08-20, 2026-08-21, 2026-08-22
reponse;pas de réponse, fiche qui répond à 75 % ou moins;2680144292534599937;HT Fitness;US;False;8;2026-08-13, 2026-08-17, 2026-08-19, 2026-08-23, 2026-08-24
reponse;pas de réponse, fiche qui répond à 75 % ou moins;10346942689164695031;The Boxer Club;Europe;True;7;2026-08-13, 2026-08-14, 2026-08-22
reponse;pas de réponse, fiche qui répond à 75 % ou moins;118597015968253014;EcoShield Pest Solutions Chicago East;US;False;7;2026-08-16, 2026-08-17
reponse;pas de réponse, fiche qui répond à 75 % ou moins;12319304188118263291;Pizza Hut Debrecen Plaza;Europe;False;7;2026-08-23
reponse;pas de réponse, fiche qui répond à 75 % ou moins;1320861146435177408;Fox Rent A Car Denver;US;False;7;2026-08-13, 2026-08-16, 2026-08-17, 2026-08-22, 2026-08-23
reponse;pas de réponse, fiche qui répond à 75 % ou moins;6220232788059998036;Heart and Vascular Care;US;False;7;2026-08-12, 2026-08-16, 2026-08-19, 2026-08-20
reponse;pas de réponse, fiche qui répond à 75 % ou moins;8272933981059498407;Heart and Vascular Care;US;False;7;2026-08-16, 2026-08-19, 2026-08-20, 2026-08-21, 2026-08-23, 2026-08-24
reponse;pas de réponse, fiche qui répond à 75 % ou moins;12242899512208579596;Insight Pest Solutions;US;True;6;2026-08-16
reponse;pas de réponse, fiche qui répond à 75 % ou moins;15083526705897946018;Heart and Vascular Care;US;False;6;2026-08-17, 2026-08-23
reponse;pas de réponse, fiche qui répond à 75 % ou moins;3187607110245052706;Denali Park Zipline;US;False;6;2026-08-12, 2026-08-15, 2026-08-17, 2026-08-18, 2026-08-20
reponse;pas de réponse, fiche qui répond à 75 % ou moins;3203854443950401309;HT Fitness;US;False;6;2026-08-12, 2026-08-16, 2026-08-17, 2026-08-19, 2026-08-21
reponse;pas de réponse, fiche qui répond à 75 % ou moins;9284506857513497045;ABC Home & Commercial Services;US;False;6;2026-08-15, 2026-08-16, 2026-08-21, 2026-08-22
reponse;pas de réponse, fiche qui répond à 75 % ou moins;15702480480125668198;Fox Rent A Car;US;False;5;2026-08-23, 2026-08-24
reponse;pas de réponse, fiche qui répond à 75 % ou moins;178064072666686963;EcoShield Pest Solutions;US;True;5;2026-08-16, 2026-08-18, 2026-08-20, 2026-08-21
reponse;pas de réponse, fiche qui répond à 75 % ou moins;17855870789663755598;Fox Rent A Car San Diego;US;False;5;2026-08-16, 2026-08-17
reponse;pas de réponse, fiche qui répond à 75 % ou moins;4535259281716615882;EcoShield Pest Solutions;US;True;5;2026-08-16, 2026-08-17, 2026-08-19
reponse;pas de réponse, fiche qui répond à 75 % ou moins;7651945305551643280;Chania Boat Tours;Europe;False;5;2026-08-21, 2026-08-22
reponse;pas de réponse, fiche qui répond à 75 % ou moins;8295483025098590212;Parker Cornea;US;False;5;2026-08-12, 2026-08-16, 2026-08-19
reponse;pas de réponse, fiche qui répond à 75 % ou moins;9773764681262796319;Fox Rent A Car Miami;US;False;5;2026-08-16, 2026-08-17, 2026-08-18
reponse;pas de réponse, fiche qui répond à 75 % ou moins;10121891181019347598;Fox Rent A Car;US;False;4;2026-08-16, 2026-08-20
reponse;pas de réponse, fiche qui répond à 75 % ou moins;10789067178806450248;Fitness First Griesheim;Europe;False;4;2026-08-21, 2026-08-23
reponse;pas de réponse, fiche qui répond à 75 % ou moins;13609296054599897306;AmeriVu Inn & Suites - Chisago City;US;False;4;2026-08-16, 2026-08-18, 2026-08-19, 2026-08-21
reponse;pas de réponse, fiche qui répond à 75 % ou moins;16385710373382858530;DKamping Village;Europe;False;4;2026-08-16, 2026-08-18
reponse;pas de réponse, fiche qui répond à 75 % ou moins;2220821433190157995;Alannia Salou;Europe;False;4;2026-08-24
reponse;pas de réponse, fiche qui répond à 75 % ou moins;5480379830228378813;Polo line - vacation rentals;Europe;False;4;2026-08-20, 2026-08-21, 2026-08-23, 2026-08-24
reponse;pas de réponse, fiche qui répond à 75 % ou moins;5618672426900878761;Petfolk Veterinary & Urgent Care - Altamonte Springs;US;False;4;2026-08-16, 2026-08-18, 2026-08-22
reponse;pas de réponse, fiche qui répond à 75 % ou moins;8173690169693600909;Fox Rent A Car;US;False;4;2026-08-18, 2026-08-19, 2026-08-20, 2026-08-22
reponse;pas de réponse, fiche qui répond à 75 % ou moins;10505273405281271038;Cedar Park Overhead Doors;US;False;3;2026-08-13, 2026-08-15, 2026-08-19
reponse;pas de réponse, fiche qui répond à 75 % ou moins;13919628842978940702;Masajes Eróticos Alicante Eternal Massage;Europe;False;3;2026-08-16, 2026-08-17, 2026-08-23
reponse;pas de réponse, fiche qui répond à 75 % ou moins;3808829296411201732;HDS Munich;Europe;False;3;2026-08-14, 2026-08-16, 2026-08-17
reponse;pas de réponse, fiche qui répond à 75 % ou moins;3862407046066641134;Overhead Door Co Of Norwich;US;False;3;2026-08-18, 2026-08-21
reponse;pas de réponse, fiche qui répond à 75 % ou moins;5050554609943149474;Samesun Hollywood;US;False;3;2026-08-15, 2026-08-16, 2026-08-17
reponse;pas de réponse, fiche qui répond à 75 % ou moins;9026909565558195702;ABC Home & Commercial Services;US;False;3;2026-08-23
reponse;pas de réponse, fiche qui répond à 75 % ou moins;10601184521827317877;Le Palme;Europe;False;2;2026-08-14, 2026-08-24
reponse;pas de réponse, fiche qui répond à 75 % ou moins;12179770780704989290;Dojo Studio;US;False;2;2026-08-13, 2026-08-23
reponse;pas de réponse, fiche qui répond à 75 % ou moins;15608058152450039001;Automecanica Castro;Europe;False;2;2026-08-23, 2026-08-24
reponse;pas de réponse, fiche qui répond à 75 % ou moins;17365787893692022098;Gîtes du Domaine des Bans;Europe;False;2;2026-08-12, 2026-08-17
reponse;pas de réponse, fiche qui répond à 75 % ou moins;2549079542246731788;MXO Rooftop;Europe;False;2;2026-08-18, 2026-08-21
reponse;pas de réponse, fiche qui répond à 75 % ou moins;4272684922168596772;Bulwark Exterminating Corporate;US;False;2;2026-08-22
reponse;pas de réponse, fiche qui répond à 75 % ou moins;9124825751290696378;Loogman Aalsmeer;Europe;False;2;2026-08-15, 2026-08-16
reponse;pas de réponse, fiche qui répond à 75 % ou moins;9330622820452187742;Club Erfurt;Europe;False;2;2026-08-12, 2026-08-17
reponse;pas de réponse, fiche qui répond à 75 % ou moins;10204432935619217142;Liberty GYM Burnhaupt-le-bas;Europe;False;1;2026-08-15
reponse;pas de réponse, fiche qui répond à 75 % ou moins;10258162109096166464;Yelloh Village - Aluna Vacances;Europe;False;1;2026-08-14
reponse;pas de réponse, fiche qui répond à 75 % ou moins;10392842969616344066;Quality Hotel Saga;Europe;False;1;2026-08-12
reponse;pas de réponse, fiche qui répond à 75 % ou moins;10535711495689713124;SkinSpirit Del Mar;US;False;1;2026-08-15
reponse;pas de réponse, fiche qui répond à 75 % ou moins;10688219440227213170;The Old Irish Pub - Aalborg;Europe;False;1;2026-08-16
reponse;pas de réponse, fiche qui répond à 75 % ou moins;10866581757464278630;Club Essen Rüttenscheid;Europe;False;1;2026-08-13
reponse;pas de réponse, fiche qui répond à 75 % ou moins;11098111536113255078;Hotel Alunis Health Spa;Europe;False;1;2026-08-17
reponse;pas de réponse, fiche qui répond à 75 % ou moins;11253624861875245129;EcoShield Pest Solutions;US;True;1;2026-08-18
reponse;pas de réponse, fiche qui répond à 75 % ou moins;11306931454900536039;Club Dortmund Gartenstadt;Europe;False;1;2026-08-21
reponse;pas de réponse, fiche qui répond à 75 % ou moins;11593746449727099110;Premier Eyecare;US;False;1;2026-08-16
reponse;pas de réponse, fiche qui répond à 75 % ou moins;12399650223478194238;Schön Klinik Hamburg Eilbek;Europe;False;1;2026-08-13
reponse;pas de réponse, fiche qui répond à 75 % ou moins;13282009709348196868;Camping la Breteche 3 stars;Europe;False;1;2026-08-21
reponse;pas de réponse, fiche qui répond à 75 % ou moins;13447210363258677756;Duryea's Lobster Deck & Seafood Market;US;False;1;2026-08-16
reponse;pas de réponse, fiche qui répond à 75 % ou moins;13454390046806476880;Hand and Stone Massage and Facial Spa;US;False;1;2026-08-16
reponse;pas de réponse, fiche qui répond à 75 % ou moins;13729045321029806005;Cervecería La Sureña;Europe;False;1;2026-08-23
reponse;pas de réponse, fiche qui répond à 75 % ou moins;13801744141903121032;citizenM Paris Charles de Gaulle Airport Hôtel;Europe;False;1;2026-08-21
reponse;pas de réponse, fiche qui répond à 75 % ou moins;13914529929637769875;Homemade Taqueria;US;False;1;2026-08-17
reponse;pas de réponse, fiche qui répond à 75 % ou moins;14112705270114144342;Camping Capfun Vlinderloo;Europe;False;1;2026-08-16
reponse;pas de réponse, fiche qui répond à 75 % ou moins;14298233888485556219;Club Berlin Prenzlauer Berg;Europe;False;1;2026-08-18
reponse;pas de réponse, fiche qui répond à 75 % ou moins;14437350526528134386;Claremont Motor Lodge;US;False;1;2026-08-16
reponse;pas de réponse, fiche qui répond à 75 % ou moins;14480382855388711513;HT Fitness;US;False;1;2026-08-19
reponse;pas de réponse, fiche qui répond à 75 % ou moins;14651399241385512560;Insight Pest Solutions;US;True;1;2026-08-21
reponse;pas de réponse, fiche qui répond à 75 % ou moins;14735279916841429950;Ranger Motel;US;False;1;2026-08-24
reponse;pas de réponse, fiche qui répond à 75 % ou moins;14740593769376451592;citizenM Copenhagen Rådhuspladsen;Europe;False;1;2026-08-13
reponse;pas de réponse, fiche qui répond à 75 % ou moins;14869656164423820253;Mamajuana Cafe;US;False;1;2026-08-17
reponse;pas de réponse, fiche qui répond à 75 % ou moins;15338170984100166205;Planet Fitness;Europe;False;1;2026-08-20
reponse;pas de réponse, fiche qui répond à 75 % ou moins;15598913053706512115;Bedard Bros. Honda;US;False;1;2026-08-17
reponse;pas de réponse, fiche qui répond à 75 % ou moins;15708082090445471212;ABC Home & Commercial Services - Landscaping Department;US;False;1;2026-08-16
reponse;pas de réponse, fiche qui répond à 75 % ou moins;16130034264863182789;The Grand Hotel;US;False;1;2026-08-16
reponse;pas de réponse, fiche qui répond à 75 % ou moins;16463535090029643023;Old Town Pour House (freedom Commons - Naperville);US;False;1;2026-08-24
reponse;pas de réponse, fiche qui répond à 75 % ou moins;16491711330372966734;Mavericks Pizza Hangar;US;False;1;2026-08-16
reponse;pas de réponse, fiche qui répond à 75 % ou moins;16579715835844117368;Lochridge-Priest;US;False;1;2026-08-18
reponse;pas de réponse, fiche qui répond à 75 % ou moins;17021217626669606631;Black Hills Helicopters;US;False;1;2026-08-18
reponse;pas de réponse, fiche qui répond à 75 % ou moins;17194856329662937823;Hotel Rural Carlos I;Europe;False;1;2026-08-19
reponse;pas de réponse, fiche qui répond à 75 % ou moins;17256331860806033159;Happy Head Foot Reflexology and Massage;US;False;1;2026-08-22
reponse;pas de réponse, fiche qui répond à 75 % ou moins;17897632292626765009;AniCura Kleintierspezialisten Augsburg;Europe;False;1;2026-08-20
reponse;pas de réponse, fiche qui répond à 75 % ou moins;18114601915347633250;Lee M. Angioletti;US;False;1;2026-08-17
reponse;pas de réponse, fiche qui répond à 75 % ou moins;18160242326678368511;Northwest Motor Group;US;False;1;2026-08-15
reponse;pas de réponse, fiche qui répond à 75 % ou moins;2678349505464412907;REEIS;US;False;1;2026-08-15
reponse;pas de réponse, fiche qui répond à 75 % ou moins;2745747141372267109;Royal Charters Mallorca;Europe;False;1;2026-08-18
reponse;pas de réponse, fiche qui répond à 75 % ou moins;281176211676243797;Satanic Salem Walking Tours;US;False;1;2026-08-16
reponse;pas de réponse, fiche qui répond à 75 % ou moins;3171881406442480015;Club Berlin Friedrichshain;Europe;False;1;2026-08-13
reponse;pas de réponse, fiche qui répond à 75 % ou moins;319943520006464494;Speakeasy Fitness;US;False;1;2026-08-17
reponse;pas de réponse, fiche qui répond à 75 % ou moins;3425246382128922758;Merle Stone Chevrolet - Porterville;US;False;1;2026-08-14
reponse;pas de réponse, fiche qui répond à 75 % ou moins;357179753298412712;Camping Adriatico;Europe;False;1;2026-08-16
reponse;pas de réponse, fiche qui répond à 75 % ou moins;3705572903770911909;Other Place;US;False;1;2026-08-16
reponse;pas de réponse, fiche qui répond à 75 % ou moins;3856632261014919795;Keyless Shop Locksmith;US;False;1;2026-08-16
reponse;pas de réponse, fiche qui répond à 75 % ou moins;3881615387971294091;Spa Zuiver;Europe;False;1;2026-08-16
reponse;pas de réponse, fiche qui répond à 75 % ou moins;4085625843546614708;Red Rocks Locksmith North Denver;US;False;1;2026-08-19
reponse;pas de réponse, fiche qui répond à 75 % ou moins;4568901441266442943;Comfort Hotel Union Brygge;Europe;False;1;2026-08-12
reponse;pas de réponse, fiche qui répond à 75 % ou moins;4577485901777502628;IPPA Cafe;Europe;False;1;2026-08-12
reponse;pas de réponse, fiche qui répond à 75 % ou moins;471022147629183520;Insight Pest Solutions;US;True;1;2026-08-12
reponse;pas de réponse, fiche qui répond à 75 % ou moins;4963556190372573154;Chéri;Europe;False;1;2026-08-15
reponse;pas de réponse, fiche qui répond à 75 % ou moins;5088659347287832281;Elaya Hotel Stuttgart Boeblingen;Europe;False;1;2026-08-14
reponse;pas de réponse, fiche qui répond à 75 % ou moins;5291096098763143504;Pizza Hut Express;Europe;False;1;2026-08-19
reponse;pas de réponse, fiche qui répond à 75 % ou moins;5493948664261571918;Minicamping en Theeschenkerij De Brinkhoeve;Europe;False;1;2026-08-18
reponse;pas de réponse, fiche qui répond à 75 % ou moins;5644271922112783363;Vakantiepark Capfun - Het Winkel;Europe;False;1;2026-08-13
reponse;pas de réponse, fiche qui répond à 75 % ou moins;587102981669669421;Vakantiepark Capfun De Rotonde;Europe;False;1;2026-08-14
reponse;pas de réponse, fiche qui répond à 75 % ou moins;5999991654383813138;EcoShield Pest Solutions;US;True;1;2026-08-19
reponse;pas de réponse, fiche qui répond à 75 % ou moins;6502091583801106713;AniCura Kiel;Europe;False;1;2026-08-13
reponse;pas de réponse, fiche qui répond à 75 % ou moins;6869486844088751364;Rosa Bonheur à l'Ouest;Europe;False;1;2026-08-19
reponse;pas de réponse, fiche qui répond à 75 % ou moins;7071381681211698134;Grismer Tire and Auto Service Center;US;False;1;2026-08-19
reponse;pas de réponse, fiche qui répond à 75 % ou moins;7446569207813309645;Stadio Restaurants Herastrau;Europe;False;1;2026-08-20
reponse;pas de réponse, fiche qui répond à 75 % ou moins;7511492220568495848;Bonjour Tagungshotel Stuttgart Gerlingen;Europe;False;1;2026-08-21
reponse;pas de réponse, fiche qui répond à 75 % ou moins;8662000526093675280;Comfort Hotel Porsgrunn;Europe;False;1;2026-08-19
reponse;pas de réponse, fiche qui répond à plus de 75 %;12986326219479165233;Azur Service 06;Europe;False;16;2026-08-20, 2026-08-21, 2026-08-22, 2026-08-23
reponse;pas de réponse, fiche qui répond à plus de 75 %;16867174010602496547;Northwest Exterminating;US;False;10;2026-08-12, 2026-08-13, 2026-08-16, 2026-08-17, 2026-08-20, 2026-08-21
reponse;pas de réponse, fiche qui répond à plus de 75 %;8256016555611678921;Solve Pest Pros;US;False;8;2026-08-16, 2026-08-17, 2026-08-18, 2026-08-19, 2026-08-24
reponse;pas de réponse, fiche qui répond à plus de 75 %;12653609458785639661;Delta Sonic Car Wash;US;False;7;2026-08-13, 2026-08-21, 2026-08-23, 2026-08-24
reponse;pas de réponse, fiche qui répond à plus de 75 %;3464619508278537951;Chatham Orthopaedic Associates;US;False;7;2026-08-12, 2026-08-17, 2026-08-18, 2026-08-19, 2026-08-20
reponse;pas de réponse, fiche qui répond à plus de 75 %;11468972147098209639;Lash and Company Med Spa - Centennial;US;False;6;2026-08-24
reponse;pas de réponse, fiche qui répond à plus de 75 %;14825598912279374964;Chatham Sports Medicine & Physical Therapy;US;False;6;2026-08-13, 2026-08-16, 2026-08-17, 2026-08-18, 2026-08-21
reponse;pas de réponse, fiche qui répond à plus de 75 %;17251484945567213252;Globales Simar;Europe;False;6;2026-08-18, 2026-08-21, 2026-08-22, 2026-08-23
reponse;pas de réponse, fiche qui répond à plus de 75 %;2799040813008286606;Tipsy Tiki Fmb;US;False;6;2026-08-21, 2026-08-22, 2026-08-23
reponse;pas de réponse, fiche qui répond à plus de 75 %;7864325941761932328;Globales Maioris;Europe;False;6;2026-08-15, 2026-08-21, 2026-08-22
reponse;pas de réponse, fiche qui répond à plus de 75 %;8514033496595338463;Chatham Orthopaedic Associates;US;False;6;2026-08-16, 2026-08-17, 2026-08-19, 2026-08-20, 2026-08-21, 2026-08-23
reponse;pas de réponse, fiche qui répond à plus de 75 %;17208676867430563363;Good Night John Boy;US;False;5;2026-08-16, 2026-08-20
reponse;pas de réponse, fiche qui répond à plus de 75 %;17257425285318401586;Hipotels Barrosa Park;Europe;False;5;2026-08-18, 2026-08-19, 2026-08-20, 2026-08-23
reponse;pas de réponse, fiche qui répond à plus de 75 %;3274891443999828364;Elevate Fitness;US;False;5;2026-08-21
reponse;pas de réponse, fiche qui répond à plus de 75 %;6099218902287832250;Ballenoil Albasanz;Europe;False;5;2026-08-17, 2026-08-18, 2026-08-19, 2026-08-21
reponse;pas de réponse, fiche qui répond à plus de 75 %;5119810349067443765;Clarion Hotel The Hub;Europe;False;4;2026-08-13
reponse;pas de réponse, fiche qui répond à plus de 75 %;9921186577906344541;A Plus Plumbing;US;False;4;2026-08-19, 2026-08-20, 2026-08-24
reponse;pas de réponse, fiche qui répond à plus de 75 %;12466888218085323989;MedVet Cleveland;US;False;3;2026-08-12, 2026-08-16, 2026-08-17
reponse;pas de réponse, fiche qui répond à plus de 75 %;13259321554512244271;Massage & Spa;US;False;3;2026-08-12, 2026-08-16
reponse;pas de réponse, fiche qui répond à plus de 75 %;146333011060678538;Northwest Exterminating;US;False;3;2026-08-21, 2026-08-23
reponse;pas de réponse, fiche qui répond à plus de 75 %;2034461622997448093;Bulwark Exterminating;US;True;3;2026-08-13
reponse;pas de réponse, fiche qui répond à plus de 75 %;2699950723330237401;Tanner Clinic;US;False;3;2026-08-19, 2026-08-20
reponse;pas de réponse, fiche qui répond à plus de 75 %;1170749740403083425;WestVet Boise;US;False;2;2026-08-16, 2026-08-19
reponse;pas de réponse, fiche qui répond à plus de 75 %;11979469692631411558;Cleys Waasmunster;Europe;False;2;2026-08-12, 2026-08-21
reponse;pas de réponse, fiche qui répond à plus de 75 %;12924136556389994153;ABC Home & Commercial Services;US;False;2;2026-08-16, 2026-08-23
reponse;pas de réponse, fiche qui répond à plus de 75 %;13462096640461798107;Precision Landscaping;US;False;2;2026-08-16
reponse;pas de réponse, fiche qui répond à plus de 75 %;1487794017584324211;Neoness;Europe;False;2;2026-08-14, 2026-08-16
reponse;pas de réponse, fiche qui répond à plus de 75 %;15382424972418370974;Good Night John Boy;US;False;2;2026-08-16
reponse;pas de réponse, fiche qui répond à plus de 75 %;16191346811025563423;Calicéo Strasbourg;Europe;False;2;2026-08-17, 2026-08-18
reponse;pas de réponse, fiche qui répond à plus de 75 %;1695214525620865262;Adobe Day Spa and Chiropractics;US;False;2;2026-08-22, 2026-08-23
reponse;pas de réponse, fiche qui répond à plus de 75 %;17202679942767108315;ABC Home & Commercial Services;US;False;2;2026-08-16
reponse;pas de réponse, fiche qui répond à plus de 75 %;2054732589707793641;Globales Cala'n Bosch;Europe;False;2;2026-08-13, 2026-08-23
reponse;pas de réponse, fiche qui répond à plus de 75 %;7626411052152447263;The Spa at Cedarbrook Lodge;US;False;2;2026-08-15, 2026-08-16
reponse;pas de réponse, fiche qui répond à plus de 75 %;9654059427809994128;Carolina Ale House - Greenville-Woodruff;US;False;2;2026-08-20, 2026-08-22
reponse;pas de réponse, fiche qui répond à plus de 75 %;10330873477402384990;Delizie di Mare - All You Can Eat;Europe;False;1;2026-08-20
reponse;pas de réponse, fiche qui répond à plus de 75 %;10442243421974187572;Camping Sandaya Etruria;Europe;False;1;2026-08-16
reponse;pas de réponse, fiche qui répond à plus de 75 %;10525843652337503574;Hotel Carris Porto Ribeira;Europe;False;1;2026-08-13
reponse;pas de réponse, fiche qui répond à plus de 75 %;10921805046871428741;Compagnie des Déboucheurs;Europe;False;1;2026-08-15
reponse;pas de réponse, fiche qui répond à plus de 75 %;11152419033877693945;Camping Campéole Le Coiroux;Europe;False;1;2026-08-13
reponse;pas de réponse, fiche qui répond à plus de 75 %;11569433775224823960;Neoness;Europe;False;1;2026-08-13
reponse;pas de réponse, fiche qui répond à plus de 75 %;11621061264450053739;Lyons Roofing;US;False;1;2026-08-15
reponse;pas de réponse, fiche qui répond à plus de 75 %;12035238193368484759;Centro Veterinario Villalba IF;Europe;False;1;2026-08-20
reponse;pas de réponse, fiche qui répond à plus de 75 %;12257458818878449587;Carson's Ribs Prime Steaks & Famous Barbecue Chicago;US;False;1;2026-08-18
reponse;pas de réponse, fiche qui répond à plus de 75 %;12754412867706599016;Excellence Appliance Repair;US;False;1;2026-08-17
reponse;pas de réponse, fiche qui répond à plus de 75 %;13048717007599713286;Nu Car Rentals;US;False;1;2026-08-20
reponse;pas de réponse, fiche qui répond à plus de 75 %;13151071491813197060;Technitoit Villefranche-sur-Saône;Europe;False;1;2026-08-16
reponse;pas de réponse, fiche qui répond à plus de 75 %;13204862283283398368;Hipotels Bahía Cala Millor;Europe;False;1;2026-08-18
reponse;pas de réponse, fiche qui répond à plus de 75 %;13815055003457289004;Hospital Veterinario San Antón;Europe;False;1;2026-08-23
reponse;pas de réponse, fiche qui répond à plus de 75 %;14362882724000770461;Cuisinella;Europe;False;1;2026-08-17
reponse;pas de réponse, fiche qui répond à plus de 75 %;14398824460040053889;Dermatology Affiliates;US;False;1;2026-08-12
reponse;pas de réponse, fiche qui répond à plus de 75 %;14669269514609492336;P.J. Whelihan's Pub + Restaurant;US;False;1;2026-08-13
reponse;pas de réponse, fiche qui répond à plus de 75 %;14786803112747547126;Hotel Botanico;Europe;False;1;2026-08-20
reponse;pas de réponse, fiche qui répond à plus de 75 %;14820991856221490337;Camping Les Pirons;Europe;False;1;2026-08-18
reponse;pas de réponse, fiche qui répond à plus de 75 %;15168756511886563707;Dermatology Affiliates;US;False;1;2026-08-22
reponse;pas de réponse, fiche qui répond à plus de 75 %;15425978298257012661;Body' Minute;Europe;False;1;2026-08-14
reponse;pas de réponse, fiche qui répond à plus de 75 %;15782623238310293347;AniCura Bergisch Gladbach;Europe;False;1;2026-08-19
reponse;pas de réponse, fiche qui répond à plus de 75 %;15855620533885071362;Auto Bierschneider;Europe;False;1;2026-08-12
reponse;pas de réponse, fiche qui répond à plus de 75 %;1588045585774572368;Istra Premium Camping Resort;Europe;False;1;2026-08-13
reponse;pas de réponse, fiche qui répond à plus de 75 %;15979917185231430356;A Plus Garage Door Repair;US;False;1;2026-08-23
reponse;pas de réponse, fiche qui répond à plus de 75 %;17160257379698395021;Michael R Martineau;US;False;1;2026-08-20
reponse;pas de réponse, fiche qui répond à plus de 75 %;17297052927911918590;Hertz Autovermietung;Europe;False;1;2026-08-12
reponse;pas de réponse, fiche qui répond à plus de 75 %;17811514628184275600;P.J. Whelihan's Pub + Restaurant [West Chester];US;False;1;2026-08-18
reponse;pas de réponse, fiche qui répond à plus de 75 %;18135896731724490192;Coastal Heating and Cooling;US;False;1;2026-08-12
reponse;pas de réponse, fiche qui répond à plus de 75 %;18250774199179914288;Slow Village Anduze;Europe;False;1;2026-08-14
reponse;pas de réponse, fiche qui répond à plus de 75 %;2281360171323098495;CareVet of Shoreline;US;False;1;2026-08-17
reponse;pas de réponse, fiche qui répond à plus de 75 %;2420138228954020213;Elite House Cleaning Mesa;US;False;1;2026-08-19
reponse;pas de réponse, fiche qui répond à plus de 75 %;2797183553179767293;Rocket Carwash;US;False;1;2026-08-19
reponse;pas de réponse, fiche qui répond à plus de 75 %;2951464077965952484;Margaritaville Beach Hotel;US;False;1;2026-08-20
reponse;pas de réponse, fiche qui répond à plus de 75 %;3204333037205289385;Cuisinella Val d'Europe;Europe;False;1;2026-08-14
reponse;pas de réponse, fiche qui répond à plus de 75 %;3792836982665205875;Camping Les Sirènes - Campéole;Europe;False;1;2026-08-20
reponse;pas de réponse, fiche qui répond à plus de 75 %;3874911723232599474;ABC Home & Commercial Services;US;False;1;2026-08-17
reponse;pas de réponse, fiche qui répond à plus de 75 %;3932259871970128515;Alaska Fracture and Orthopedic Clinic;US;False;1;2026-08-20
reponse;pas de réponse, fiche qui répond à plus de 75 %;4009596460761180782;Crep'eat;Europe;False;1;2026-08-18
reponse;pas de réponse, fiche qui répond à plus de 75 %;5686063649767011502;aBeauty Clinique Constanta;Europe;False;1;2026-08-15
reponse;pas de réponse, fiche qui répond à plus de 75 %;5767747242108722390;AIRE Ancient Baths Chicago;US;False;1;2026-08-19
reponse;pas de réponse, fiche qui répond à plus de 75 %;6064403375455709139;Cuisinella;Europe;False;1;2026-08-21
reponse;pas de réponse, fiche qui répond à plus de 75 %;6208454101415437139;Cénica Porto Hotel, Curio Collection by Hilton;Europe;False;1;2026-08-20
reponse;pas de réponse, fiche qui répond à plus de 75 %;6391557302667666156;Babe's Plumbing, Inc. & Fire Sprinklers;US;False;1;2026-08-23
reponse;pas de réponse, fiche qui répond à plus de 75 %;7542203160017780480;Eurodecars Automobielhandel;Europe;False;1;2026-08-15
reponse;pas de réponse, fiche qui répond à plus de 75 %;8015064052260497255;Neoness;Europe;False;1;2026-08-14
reponse;pas de réponse, fiche qui répond à plus de 75 %;8115244571708845709;Cocoa Beach Catamaran;US;False;1;2026-08-16
reponse;pas de réponse, fiche qui répond à plus de 75 %;9166889712521968380;Advantage Rent A Car;US;False;1;2026-08-18
reponse;pas de réponse, fiche qui répond à plus de 75 %;9202959950480882588;AIRE Ancient Baths;US;False;1;2026-08-20
reponse;pas de réponse, habitude inconnue;12444480166249994540;Einstein Pros Plumbing;US;False;1;2026-08-15
reponse;pas de réponse, habitude inconnue;7127113031759927143;Buchanan Classics;US;False;1;2026-08-22
reponse;réponse déjà là, fiche qui répond à 75 % ou moins;10505273405281271038;Cedar Park Overhead Doors;US;False;21;2026-08-13, 2026-08-15, 2026-08-16, 2026-08-17, 2026-08-19, 2026-08-20, 2026-08-21, 2026-08-22
reponse;réponse déjà là, fiche qui répond à 75 % ou moins;10346942689164695031;The Boxer Club;Europe;True;14;2026-08-17, 2026-08-18, 2026-08-22, 2026-08-23
reponse;réponse déjà là, fiche qui répond à 75 % ou moins;10789067178806450248;Fitness First Griesheim;Europe;False;12;2026-08-14, 2026-08-16, 2026-08-17, 2026-08-21
reponse;réponse déjà là, fiche qui répond à 75 % ou moins;12523973092132012183;EcoShield Pest Solutions;US;True;4;2026-08-17, 2026-08-23
reponse;réponse déjà là, fiche qui répond à 75 % ou moins;6979673743686913152;EcoShield Pest Solutions;US;True;4;2026-08-16, 2026-08-17, 2026-08-22
reponse;réponse déjà là, fiche qui répond à 75 % ou moins;5050554609943149474;Samesun Hollywood;US;False;3;2026-08-16, 2026-08-17
reponse;réponse déjà là, fiche qui répond à 75 % ou moins;6278096211291522244;Active Pest Control;US;False;3;2026-08-19, 2026-08-20
reponse;réponse déjà là, fiche qui répond à 75 % ou moins;7613905074252745810;EcoShield Pest Solutions;US;True;3;2026-08-13, 2026-08-16
reponse;réponse déjà là, fiche qui répond à 75 % ou moins;845684297895448830;Globales Apartamentos Montemar;Europe;False;3;2026-08-22, 2026-08-23
reponse;réponse déjà là, fiche qui répond à 75 % ou moins;12319304188118263291;Pizza Hut Debrecen Plaza;Europe;False;2;2026-08-23
reponse;réponse déjà là, fiche qui répond à 75 % ou moins;13454390046806476880;Hand and Stone Massage and Facial Spa;US;False;2;2026-08-16, 2026-08-23
reponse;réponse déjà là, fiche qui répond à 75 % ou moins;14727272453529875622;Active Pest Control;US;False;2;2026-08-12, 2026-08-16
reponse;réponse déjà là, fiche qui répond à 75 % ou moins;16069512827606530358;Courtyard by Marriott Hanover Whippany;US;False;1;2026-08-18
reponse;réponse déjà là, fiche qui répond à 75 % ou moins;16170338589303360167;The Bend RV Park;US;False;1;2026-08-19
reponse;réponse déjà là, fiche qui répond à 75 % ou moins;1697023132609060386;Ichiban Japanese Bistro;US;False;1;2026-08-20
reponse;réponse déjà là, fiche qui répond à 75 % ou moins;17027544060444986973;Hipotels Bahía Grande;Europe;False;1;2026-08-20
reponse;réponse déjà là, fiche qui répond à 75 % ou moins;17325999670394372128;Mezze Krotoszyn;Europe;False;1;2026-08-18
reponse;réponse déjà là, fiche qui répond à 75 % ou moins;178064072666686963;EcoShield Pest Solutions;US;True;1;2026-08-19
reponse;réponse déjà là, fiche qui répond à 75 % ou moins;18143610989022699807;SkinSpirit Roslyn Heights;US;False;1;2026-08-17
reponse;réponse déjà là, fiche qui répond à 75 % ou moins;246095253791495383;Halbite;Europe;False;1;2026-08-17
reponse;réponse déjà là, fiche qui répond à 75 % ou moins;3163466139043001754;Boutique The Boxer Club Dr Castelo;Europe;True;1;2026-08-15
reponse;réponse déjà là, fiche qui répond à 75 % ou moins;3881615387971294091;Spa Zuiver;Europe;False;1;2026-08-21
reponse;réponse déjà là, fiche qui répond à 75 % ou moins;4433090577107943247;EcoShield Pest Solutions;US;True;1;2026-08-19
reponse;réponse déjà là, fiche qui répond à 75 % ou moins;4924676720586514423;Mr. Clean Autopflege;Europe;False;1;2026-08-19
reponse;réponse déjà là, fiche qui répond à 75 % ou moins;6974005517924331668;"Бирария ""Do Re Mi""";Europe;False;1;2026-08-17
reponse;réponse déjà là, fiche qui répond à 75 % ou moins;9411249691461597325;Saltic Resort & Spa Leba;Europe;False;1;2026-08-18
reponse;réponse déjà là, fiche qui répond à 75 % ou moins;9555804487296852186;Homemade Taqueria Meeker Ave;US;False;1;2026-08-20
reponse;réponse déjà là, fiche qui répond à plus de 75 %;2034461622997448093;Bulwark Exterminating;US;True;22;2026-08-13, 2026-08-16, 2026-08-17, 2026-08-19, 2026-08-21, 2026-08-23
reponse;réponse déjà là, fiche qui répond à plus de 75 %;6832155753295535633;Insight Pest Solutions;US;True;16;2026-08-12, 2026-08-13, 2026-08-16, 2026-08-17, 2026-08-18, 2026-08-19, 2026-08-22, 2026-08-24
reponse;réponse déjà là, fiche qui répond à plus de 75 %;16248341169641882523;Insight Pest Solutions;US;True;14;2026-08-12, 2026-08-15, 2026-08-16, 2026-08-17, 2026-08-19, 2026-08-21, 2026-08-23
reponse;réponse déjà là, fiche qui répond à plus de 75 %;6864222717854006596;Insight Pest Solutions;US;True;14;2026-08-12, 2026-08-16, 2026-08-17, 2026-08-18, 2026-08-19, 2026-08-22, 2026-08-24
reponse;réponse déjà là, fiche qui répond à plus de 75 %;11527874769595828404;Pointe Pest Control;US;True;13;2026-08-12, 2026-08-16, 2026-08-17, 2026-08-19, 2026-08-20, 2026-08-21
reponse;réponse déjà là, fiche qui répond à plus de 75 %;11183164932977516690;Insight Pest Solutions;US;True;12;2026-08-13, 2026-08-15, 2026-08-16, 2026-08-17, 2026-08-19, 2026-08-22
reponse;réponse déjà là, fiche qui répond à plus de 75 %;13357493140933391105;Insight Pest Solutions;US;True;12;2026-08-12, 2026-08-13, 2026-08-16, 2026-08-17, 2026-08-18, 2026-08-19, 2026-08-24
reponse;réponse déjà là, fiche qui répond à plus de 75 %;11752525017306549612;Insight Pest Solutions;US;True;10;2026-08-12, 2026-08-13, 2026-08-16, 2026-08-18, 2026-08-19, 2026-08-23
reponse;réponse déjà là, fiche qui répond à plus de 75 %;16932179925125573715;Pointe Pest Control;US;True;10;2026-08-12, 2026-08-16, 2026-08-17, 2026-08-19, 2026-08-20, 2026-08-21
reponse;réponse déjà là, fiche qui répond à plus de 75 %;4479702789086504102;MedVet Columbus;US;False;10;2026-08-20, 2026-08-23
reponse;réponse déjà là, fiche qui répond à plus de 75 %;11882525582487875452;Northwest Exterminating;US;False;9;2026-08-15, 2026-08-16, 2026-08-17, 2026-08-19, 2026-08-22, 2026-08-23
reponse;réponse déjà là, fiche qui répond à plus de 75 %;12971538955295795353;West Shore Home;US;False;9;2026-08-21, 2026-08-22, 2026-08-23
reponse;réponse déjà là, fiche qui répond à plus de 75 %;1943990090783039974;United Air Temp;US;False;9;2026-08-22, 2026-08-23
reponse;réponse déjà là, fiche qui répond à plus de 75 %;7864325941761932328;Globales Maioris;Europe;False;9;2026-08-21, 2026-08-22
reponse;réponse déjà là, fiche qui répond à plus de 75 %;8115244571708845709;Cocoa Beach Catamaran;US;False;9;2026-08-12, 2026-08-13, 2026-08-16, 2026-08-19, 2026-08-20, 2026-08-23
reponse;réponse déjà là, fiche qui répond à plus de 75 %;11001368659838863228;Pointe Pest Control;US;True;8;2026-08-16, 2026-08-18, 2026-08-19, 2026-08-20, 2026-08-23, 2026-08-24
reponse;réponse déjà là, fiche qui répond à plus de 75 %;12653609458785639661;Delta Sonic Car Wash;US;False;8;2026-08-12, 2026-08-15, 2026-08-17, 2026-08-18, 2026-08-23, 2026-08-24
reponse;réponse déjà là, fiche qui répond à plus de 75 %;3088388366389061829;Pointe Pest Control;US;True;8;2026-08-16, 2026-08-17, 2026-08-19, 2026-08-20, 2026-08-21
reponse;réponse déjà là, fiche qui répond à plus de 75 %;3164305209948048623;Pointe Pest Control;US;True;8;2026-08-16, 2026-08-17, 2026-08-21, 2026-08-24
reponse;réponse déjà là, fiche qui répond à plus de 75 %;8303557791751296465;Insight Pest Solutions;US;True;8;2026-08-13, 2026-08-15, 2026-08-17, 2026-08-19, 2026-08-20
reponse;réponse déjà là, fiche qui répond à plus de 75 %;8675258714044865202;Aqua Plumbing and Air;US;False;8;2026-08-12, 2026-08-13, 2026-08-16, 2026-08-19
reponse;réponse déjà là, fiche qui répond à plus de 75 %;10907116412041709754;Pointe Pest Control;US;True;7;2026-08-16, 2026-08-18, 2026-08-19, 2026-08-20
reponse;réponse déjà là, fiche qui répond à plus de 75 %;14933790454100186775;Pointe Pest Control;US;True;7;2026-08-12, 2026-08-13, 2026-08-16, 2026-08-17, 2026-08-19, 2026-08-21
reponse;réponse déjà là, fiche qui répond à plus de 75 %;16469337811496657191;Pointe Pest Control;US;True;7;2026-08-12, 2026-08-16, 2026-08-17, 2026-08-20
reponse;réponse déjà là, fiche qui répond à plus de 75 %;17461188179245106693;Bulwark Exterminating;US;True;7;2026-08-12, 2026-08-17
reponse;réponse déjà là, fiche qui répond à plus de 75 %;3352767676680426036;Solve Pest Pros;US;False;7;2026-08-21, 2026-08-22
reponse;réponse déjà là, fiche qui répond à plus de 75 %;5063341140303696786;Pointe Pest Control;US;True;7;2026-08-12, 2026-08-17, 2026-08-19, 2026-08-20, 2026-08-21, 2026-08-24
reponse;réponse déjà là, fiche qui répond à plus de 75 %;6289730490558979524;Bulwark Exterminating;US;True;7;2026-08-19, 2026-08-20
reponse;réponse déjà là, fiche qui répond à plus de 75 %;718178259547467488;Pointe Pest Control;US;True;7;2026-08-13, 2026-08-17, 2026-08-19, 2026-08-21, 2026-08-23
reponse;réponse déjà là, fiche qui répond à plus de 75 %;11468972147098209639;Lash and Company Med Spa - Centennial;US;False;6;2026-08-24
reponse;réponse déjà là, fiche qui répond à plus de 75 %;13149966690726534760;Green Pest Services;US;False;6;2026-08-16, 2026-08-21, 2026-08-22, 2026-08-23
reponse;réponse déjà là, fiche qui répond à plus de 75 %;16894789784437684017;Delta Sonic Car Wash;US;False;6;2026-08-16, 2026-08-24
reponse;réponse déjà là, fiche qui répond à plus de 75 %;17251484945567213252;Globales Simar;Europe;False;6;2026-08-17, 2026-08-18, 2026-08-20, 2026-08-22
reponse;réponse déjà là, fiche qui répond à plus de 75 %;2423693438449052039;Bulwark Exterminating;US;True;6;2026-08-16, 2026-08-17, 2026-08-19
reponse;réponse déjà là, fiche qui répond à plus de 75 %;7645830286416566420;Pointe Pest Control;US;True;6;2026-08-16, 2026-08-19, 2026-08-20, 2026-08-21
reponse;réponse déjà là, fiche qui répond à plus de 75 %;10647645013357446509;Pointe Pest Control;US;True;5;2026-08-16, 2026-08-17, 2026-08-19
reponse;réponse déjà là, fiche qui répond à plus de 75 %;15168756511886563707;Dermatology Affiliates;US;False;5;2026-08-20, 2026-08-21
reponse;réponse déjà là, fiche qui répond à plus de 75 %;18087544658842131373;Pointe Pest Control;US;True;5;2026-08-17, 2026-08-19, 2026-08-21
reponse;réponse déjà là, fiche qui répond à plus de 75 %;6099218902287832250;Ballenoil Albasanz;Europe;False;5;2026-08-14, 2026-08-16, 2026-08-20, 2026-08-22
reponse;réponse déjà là, fiche qui répond à plus de 75 %;6360580975601342886;Carolina Ale House;US;False;5;2026-08-16, 2026-08-19
reponse;réponse déjà là, fiche qui répond à plus de 75 %;11746939377458501797;Green Pest Services;US;False;4;2026-08-12, 2026-08-16, 2026-08-20, 2026-08-22
reponse;réponse déjà là, fiche qui répond à plus de 75 %;12162999256610465653;Pointe Pest Control;US;True;4;2026-08-16, 2026-08-17, 2026-08-18, 2026-08-21
reponse;réponse déjà là, fiche qui répond à plus de 75 %;12701978682932507204;Viva Day Spa and Med Spa;US;False;4;2026-08-12, 2026-08-16, 2026-08-21
reponse;réponse déjà là, fiche qui répond à plus de 75 %;13048717007599713286;Nu Car Rentals;US;False;4;2026-08-18, 2026-08-19, 2026-08-22
reponse;réponse déjà là, fiche qui répond à plus de 75 %;13142875894045715065;Green Pest Services;US;False;4;2026-08-21, 2026-08-22
reponse;réponse déjà là, fiche qui répond à plus de 75 %;146333011060678538;Northwest Exterminating;US;False;4;2026-08-13, 2026-08-16, 2026-08-17, 2026-08-21
reponse;réponse déjà là, fiche qui répond à plus de 75 %;15705776624659968059;Fairway Lawns of Springdale;US;False;4;2026-08-18, 2026-08-23, 2026-08-24
reponse;réponse déjà là, fiche qui répond à plus de 75 %;15928859670822937545;Pointe Pest Control;US;True;4;2026-08-14, 2026-08-16, 2026-08-17
reponse;réponse déjà là, fiche qui répond à plus de 75 %;2699950723330237401;Tanner Clinic;US;False;4;2026-08-16, 2026-08-17
reponse;réponse déjà là, fiche qui répond à plus de 75 %;3932259871970128515;Alaska Fracture and Orthopedic Clinic;US;False;4;2026-08-16, 2026-08-17, 2026-08-18, 2026-08-21
reponse;réponse déjà là, fiche qui répond à plus de 75 %;4397473550123468841;Adventure Dental, Vision and Orthodontics;US;False;4;2026-08-13, 2026-08-16, 2026-08-17
reponse;réponse déjà là, fiche qui répond à plus de 75 %;5049402211849837299;Cuisine Plus Saint Nazaire;Europe;False;4;2026-08-17, 2026-08-19, 2026-08-22
reponse;réponse déjà là, fiche qui répond à plus de 75 %;5119810349067443765;Clarion Hotel The Hub;Europe;False;4;2026-08-13
reponse;réponse déjà là, fiche qui répond à plus de 75 %;7626411052152447263;The Spa at Cedarbrook Lodge;US;False;4;2026-08-16, 2026-08-17, 2026-08-19
reponse;réponse déjà là, fiche qui répond à plus de 75 %;8323898039823195571;Pointe Pest Control;US;True;4;2026-08-15, 2026-08-16, 2026-08-20, 2026-08-23
reponse;réponse déjà là, fiche qui répond à plus de 75 %;13228969405843925211;Pointe Pest Control;US;True;3;2026-08-15, 2026-08-18, 2026-08-21
reponse;réponse déjà là, fiche qui répond à plus de 75 %;13462096640461798107;Precision Landscaping;US;False;3;2026-08-23
reponse;réponse déjà là, fiche qui répond à plus de 75 %;18371253483526610359;Bulwark Exterminating;US;True;3;2026-08-16, 2026-08-21, 2026-08-24
reponse;réponse déjà là, fiche qui répond à plus de 75 %;7096371038011001168;Route 46 Chrysler Jeep Dodge;US;False;3;2026-08-18, 2026-08-19, 2026-08-21
reponse;réponse déjà là, fiche qui répond à plus de 75 %;8357807472690442969;Green Pest Services;US;False;3;2026-08-17, 2026-08-21
reponse;réponse déjà là, fiche qui répond à plus de 75 %;8864246763002325033;Nu Car Rental;US;False;3;2026-08-14, 2026-08-20
reponse;réponse déjà là, fiche qui répond à plus de 75 %;9955525685526011894;Reno Massage Tree;US;False;3;2026-08-15, 2026-08-16
reponse;réponse déjà là, fiche qui répond à plus de 75 %;11121079175657752605;Ježevac Premium Camping Resort by Valamar;Europe;False;2;2026-08-21, 2026-08-22
reponse;réponse déjà là, fiche qui répond à plus de 75 %;11381632064786343361;Bobcat Wildlife & Pest Management;US;False;2;2026-08-16, 2026-08-21
reponse;réponse déjà là, fiche qui répond à plus de 75 %;12466888218085323989;MedVet Cleveland;US;False;2;2026-08-16, 2026-08-17
reponse;réponse déjà là, fiche qui répond à plus de 75 %;14735899687559181627;SuperGreen Irrigation;US;False;2;2026-08-15, 2026-08-16
reponse;réponse déjà là, fiche qui répond à plus de 75 %;16880400502719876773;Pointe Pest Control;US;True;2;2026-08-16, 2026-08-24
reponse;réponse déjà là, fiche qui répond à plus de 75 %;17208676867430563363;Good Night John Boy;US;False;2;2026-08-18, 2026-08-19
reponse;réponse déjà là, fiche qui répond à plus de 75 %;2054732589707793641;Globales Cala'n Bosch;Europe;False;2;2026-08-23
reponse;réponse déjà là, fiche qui répond à plus de 75 %;3874911723232599474;ABC Home & Commercial Services;US;False;2;2026-08-20, 2026-08-23
reponse;réponse déjà là, fiche qui répond à plus de 75 %;4350811955412203628;Streetside Classics;US;False;2;2026-08-22
reponse;réponse déjà là, fiche qui répond à plus de 75 %;5474549633975801069;OUTRIGGER Kauai Beach Resort & Spa;US;False;2;2026-08-15, 2026-08-20
reponse;réponse déjà là, fiche qui répond à plus de 75 %;6595076367186224579;Darty;Europe;False;2;2026-08-13, 2026-08-20
reponse;réponse déjà là, fiche qui répond à plus de 75 %;8264250907553977852;Carolina Ale House;US;False;2;2026-08-22
reponse;réponse déjà là, fiche qui répond à plus de 75 %;8282528182233977034;Cape Coral Boat Cruises;US;False;2;2026-08-16, 2026-08-21
reponse;réponse déjà là, fiche qui répond à plus de 75 %;926727815049071482;sunshine cafe at Beebe;US;False;2;2026-08-12, 2026-08-16
reponse;réponse déjà là, fiche qui répond à plus de 75 %;10211842138860800782;Renault Saint-Etienne - Groupe Thivolle;Europe;False;1;2026-08-21
reponse;réponse déjà là, fiche qui répond à plus de 75 %;11004380532876327499;Embassy Suites Seattle Downtown-Pioneer Square;US;False;1;2026-08-20
reponse;réponse déjà là, fiche qui répond à plus de 75 %;11509551004547941596;Green Elite Pompy Ciepła;Europe;False;1;2026-08-20
reponse;réponse déjà là, fiche qui répond à plus de 75 %;1170749740403083425;WestVet Boise;US;False;1;2026-08-23
reponse;réponse déjà là, fiche qui répond à plus de 75 %;12028540047674361624;Works Plumbing Repair & Drain Cleaning;US;False;1;2026-08-12
reponse;réponse déjà là, fiche qui répond à plus de 75 %;12035238193368484759;Centro Veterinario Villalba IF;Europe;False;1;2026-08-20
reponse;réponse déjà là, fiche qui répond à plus de 75 %;12106990848959314672;Hotel Arc-en-ciel;Europe;False;1;2026-08-17
reponse;réponse déjà là, fiche qui répond à plus de 75 %;12460969889495485623;VCA Westside Animal Hospital;US;False;1;2026-08-17
reponse;réponse déjà là, fiche qui répond à plus de 75 %;12621991571583444125;SIXT rent a car LaGuardia airport;US;False;1;2026-08-12
reponse;réponse déjà là, fiche qui répond à plus de 75 %;12785457364507400376;ABC Home & Commercial Services;US;False;1;2026-08-16
reponse;réponse déjà là, fiche qui répond à plus de 75 %;13463525768309466593;Tip Top Garage Doors;US;False;1;2026-08-23
reponse;réponse déjà là, fiche qui répond à plus de 75 %;13487146367475704628;Empire Today;US;False;1;2026-08-20
reponse;réponse déjà là, fiche qui répond à plus de 75 %;14365492306530390455;Zefiro Experience Tour in Catamarano - Sardegna;Europe;False;1;2026-08-14
reponse;réponse déjà là, fiche qui répond à plus de 75 %;14451738291215002268;ProCare Collision;US;False;1;2026-08-12
reponse;réponse déjà là, fiche qui répond à plus de 75 %;14696288889803762717;Auto Bierschneider;Europe;False;1;2026-08-19
reponse;réponse déjà là, fiche qui répond à plus de 75 %;15428563441085278652;Relaxia Los Girasoles Bungalows;Europe;False;1;2026-08-24
reponse;réponse déjà là, fiche qui répond à plus de 75 %;15615984558165321771;Dermatology Affiliates (East Cobb);US;False;1;2026-08-16
reponse;réponse déjà là, fiche qui répond à plus de 75 %;15979917185231430356;A Plus Garage Door Repair;US;False;1;2026-08-17
reponse;réponse déjà là, fiche qui répond à plus de 75 %;16054806172650950917;Abeauty Clinique Galati;Europe;False;1;2026-08-23
reponse;réponse déjà là, fiche qui répond à plus de 75 %;17160257379698395021;Michael R Martineau;US;False;1;2026-08-20
reponse;réponse déjà là, fiche qui répond à plus de 75 %;17268827580324391692;Detailcar Larios;Europe;False;1;2026-08-20
reponse;réponse déjà là, fiche qui répond à plus de 75 %;18132941267052248039;Just Refreshed Aesthetics;US;False;1;2026-08-18
reponse;réponse déjà là, fiche qui répond à plus de 75 %;18135896731724490192;Coastal Heating and Cooling;US;False;1;2026-08-24
reponse;réponse déjà là, fiche qui répond à plus de 75 %;1944574178176983755;Qargo Coffee;US;False;1;2026-08-17
reponse;réponse déjà là, fiche qui répond à plus de 75 %;2049285413475066406;Top Quality Roofing & Siding;US;False;1;2026-08-13
reponse;réponse déjà là, fiche qui répond à plus de 75 %;2817059610110232751;Green Pest Services;US;False;1;2026-08-16
reponse;réponse déjà là, fiche qui répond à plus de 75 %;3055526259022060684;Detailcar Aqua Multiespacio;Europe;False;1;2026-08-13
reponse;réponse déjà là, fiche qui répond à plus de 75 %;316878406668790307;Adventure Dental;US;False;1;2026-08-20
reponse;réponse déjà là, fiche qui répond à plus de 75 %;3478475095175863634;UNA Hotel Bologna;Europe;False;1;2026-08-24
reponse;réponse déjà là, fiche qui répond à plus de 75 %;3548043799334044547;Anchor Inn Lodge;US;False;1;2026-08-18
reponse;réponse déjà là, fiche qui répond à plus de 75 %;5422890961706407530;United Air Temp;US;False;1;2026-08-12
reponse;réponse déjà là, fiche qui répond à plus de 75 %;5767747242108722390;AIRE Ancient Baths Chicago;US;False;1;2026-08-22
reponse;réponse déjà là, fiche qui répond à plus de 75 %;6453711745241527355;Premier Pest Control LLC;US;False;1;2026-08-21
reponse;réponse déjà là, fiche qui répond à plus de 75 %;6622258630771505951;Bulwark Exterminating;US;True;1;2026-08-21
reponse;réponse déjà là, fiche qui répond à plus de 75 %;7868713708357852976;ScrubaDub Car Wash;US;False;1;2026-08-23
reponse;réponse déjà là, fiche qui répond à plus de 75 %;8207176407898555793;Advantage Roofing Company;US;False;1;2026-08-23
reponse;réponse déjà là, fiche qui répond à plus de 75 %;915220753679008263;Fairway Lawns of Tulsa;US;False;1;2026-08-20
reponse;réponse déjà là, fiche qui répond à plus de 75 %;9372823467771251065;Jalilo;Europe;False;1;2026-08-17
reponse;réponse déjà là, fiche qui répond à plus de 75 %;9400441828486763598;Brick House Tavern and Tap;US;False;1;2026-08-13
reponse;réponse déjà là, fiche qui répond à plus de 75 %;9951250439450898048;Abba San Sebastian;Europe;False;1;2026-08-17
reponse;réponse déjà là, habitude inconnue;14072176514753891617;Knowlton Dental Associates;US;False;1;2026-08-12
texte;1 à 50 caractères;10746082602604012869;Insight Pest Solutions;US;True;8;2026-08-16, 2026-08-17, 2026-08-18, 2026-08-19, 2026-08-21
texte;1 à 50 caractères;1697023132609060386;Ichiban Japanese Bistro;US;False;7;2026-08-16, 2026-08-19, 2026-08-20
texte;1 à 50 caractères;10505273405281271038;Cedar Park Overhead Doors;US;False;6;2026-08-13, 2026-08-17, 2026-08-19, 2026-08-20, 2026-08-22
texte;1 à 50 caractères;10789067178806450248;Fitness First Griesheim;Europe;False;6;2026-08-14, 2026-08-17, 2026-08-21, 2026-08-23
texte;1 à 50 caractères;6979673743686913152;EcoShield Pest Solutions;US;True;6;2026-08-12, 2026-08-13, 2026-08-21, 2026-08-23
texte;1 à 50 caractères;10896163602322254565;Mumbai Masala Playa Paraíso;Europe;False;5;2026-08-18, 2026-08-19, 2026-08-23
texte;1 à 50 caractères;5050554609943149474;Samesun Hollywood;US;False;5;2026-08-16, 2026-08-17
texte;1 à 50 caractères;6832155753295535633;Insight Pest Solutions;US;True;5;2026-08-16, 2026-08-18, 2026-08-22
texte;1 à 50 caractères;12986326219479165233;Azur Service 06;Europe;False;4;2026-08-20, 2026-08-21, 2026-08-23
texte;1 à 50 caractères;7478870134232076043;Rocky Mountain Balloon Adventures;US;False;4;2026-08-22, 2026-08-23
texte;1 à 50 caractères;817498439303474635;EcoShield Pest Solutions;US;True;4;2026-08-16, 2026-08-19
texte;1 à 50 caractères;8592193049411979519;EcoShield Pest Solutions;US;True;4;2026-08-16, 2026-08-18
texte;1 à 50 caractères;11752525017306549612;Insight Pest Solutions;US;True;3;2026-08-13, 2026-08-16, 2026-08-23
texte;1 à 50 caractères;12162999256610465653;Pointe Pest Control;US;True;3;2026-08-16, 2026-08-18, 2026-08-21
texte;1 à 50 caractères;16469337811496657191;Pointe Pest Control;US;True;3;2026-08-16, 2026-08-20
texte;1 à 50 caractères;16867174010602496547;Northwest Exterminating;US;False;3;2026-08-16, 2026-08-17, 2026-08-21
texte;1 à 50 caractères;16894789784437684017;Delta Sonic Car Wash;US;False;3;2026-08-16
texte;1 à 50 caractères;4433090577107943247;EcoShield Pest Solutions;US;True;3;2026-08-16, 2026-08-19, 2026-08-23
texte;1 à 50 caractères;7626411052152447263;The Spa at Cedarbrook Lodge;US;False;3;2026-08-15, 2026-08-16
texte;1 à 50 caractères;8115244571708845709;Cocoa Beach Catamaran;US;False;3;2026-08-12, 2026-08-19, 2026-08-20
texte;1 à 50 caractères;8256016555611678921;Solve Pest Pros;US;False;3;2026-08-16, 2026-08-24
texte;1 à 50 caractères;8303557791751296465;Insight Pest Solutions;US;True;3;2026-08-15, 2026-08-19, 2026-08-20
texte;1 à 50 caractères;9955525685526011894;Reno Massage Tree;US;False;3;2026-08-15, 2026-08-16
texte;1 à 50 caractères;10346942689164695031;The Boxer Club;Europe;True;2;2026-08-14, 2026-08-18
texte;1 à 50 caractères;10907116412041709754;Pointe Pest Control;US;True;2;2026-08-16
texte;1 à 50 caractères;11001368659838863228;Pointe Pest Control;US;True;2;2026-08-16, 2026-08-18
texte;1 à 50 caractères;11468972147098209639;Lash and Company Med Spa - Centennial;US;False;2;2026-08-24
texte;1 à 50 caractères;11882525582487875452;Northwest Exterminating;US;False;2;2026-08-15, 2026-08-17
texte;1 à 50 caractères;13357493140933391105;Insight Pest Solutions;US;True;2;2026-08-17, 2026-08-19
texte;1 à 50 caractères;17208676867430563363;Good Night John Boy;US;False;2;2026-08-16, 2026-08-20
texte;1 à 50 caractères;2423693438449052039;Bulwark Exterminating;US;True;2;2026-08-16, 2026-08-19
texte;1 à 50 caractères;2680144292534599937;HT Fitness;US;False;2;2026-08-13, 2026-08-19
texte;1 à 50 caractères;2799040813008286606;Tipsy Tiki Fmb;US;False;2;2026-08-23
texte;1 à 50 caractères;3164305209948048623;Pointe Pest Control;US;True;2;2026-08-16, 2026-08-21
texte;1 à 50 caractères;3274891443999828364;Elevate Fitness;US;False;2;2026-08-21
texte;1 à 50 caractères;6289730490558979524;Bulwark Exterminating;US;True;2;2026-08-19, 2026-08-20
texte;1 à 50 caractères;10204432935619217142;Liberty GYM Burnhaupt-le-bas;Europe;False;1;2026-08-15
texte;1 à 50 caractères;10330873477402384990;Delizie di Mare - All You Can Eat;Europe;False;1;2026-08-20
texte;1 à 50 caractères;10392842969616344066;Quality Hotel Saga;Europe;False;1;2026-08-12
texte;1 à 50 caractères;10647645013357446509;Pointe Pest Control;US;True;1;2026-08-19
texte;1 à 50 caractères;10866581757464278630;Club Essen Rüttenscheid;Europe;False;1;2026-08-13
texte;1 à 50 caractères;11621061264450053739;Lyons Roofing;US;False;1;2026-08-15
texte;1 à 50 caractères;11660062678522630526;Sierra Pacific Orthopedics;US;False;1;2026-08-16
texte;1 à 50 caractères;11746939377458501797;Green Pest Services;US;False;1;2026-08-12
texte;1 à 50 caractères;118597015968253014;EcoShield Pest Solutions Chicago East;US;False;1;2026-08-17
texte;1 à 50 caractères;12028540047674361624;Works Plumbing Repair & Drain Cleaning;US;False;1;2026-08-12
texte;1 à 50 caractères;12242899512208579596;Insight Pest Solutions;US;True;1;2026-08-16
texte;1 à 50 caractères;12319304188118263291;Pizza Hut Debrecen Plaza;Europe;False;1;2026-08-23
texte;1 à 50 caractères;12444480166249994540;Einstein Pros Plumbing;US;False;1;2026-08-15
texte;1 à 50 caractères;12653609458785639661;Delta Sonic Car Wash;US;False;1;2026-08-23
texte;1 à 50 caractères;12754412867706599016;Excellence Appliance Repair;US;False;1;2026-08-17
texte;1 à 50 caractères;12924136556389994153;ABC Home & Commercial Services;US;False;1;2026-08-23
texte;1 à 50 caractères;13048717007599713286;Nu Car Rentals;US;False;1;2026-08-19
texte;1 à 50 caractères;13142875894045715065;Green Pest Services;US;False;1;2026-08-22
texte;1 à 50 caractères;13228969405843925211;Pointe Pest Control;US;True;1;2026-08-21
texte;1 à 50 caractères;13259321554512244271;Massage & Spa;US;False;1;2026-08-12
texte;1 à 50 caractères;13282009709348196868;Camping la Breteche 3 stars;Europe;False;1;2026-08-21
texte;1 à 50 caractères;13454390046806476880;Hand and Stone Massage and Facial Spa;US;False;1;2026-08-16
texte;1 à 50 caractères;14480382855388711513;HT Fitness;US;False;1;2026-08-19
texte;1 à 50 caractères;146333011060678538;Northwest Exterminating;US;False;1;2026-08-17
texte;1 à 50 caractères;14933790454100186775;Pointe Pest Control;US;True;1;2026-08-13
texte;1 à 50 caractères;15030713588446975167;EcoShield Pest Solutions;US;True;1;2026-08-21
texte;1 à 50 caractères;15083526705897946018;Heart and Vascular Care;US;False;1;2026-08-23
texte;1 à 50 caractères;15382424972418370974;Good Night John Boy;US;False;1;2026-08-16
texte;1 à 50 caractères;15708082090445471212;ABC Home & Commercial Services - Landscaping Department;US;False;1;2026-08-16
texte;1 à 50 caractères;15979917185231430356;A Plus Garage Door Repair;US;False;1;2026-08-17
texte;1 à 50 caractères;16069512827606530358;Courtyard by Marriott Hanover Whippany;US;False;1;2026-08-18
texte;1 à 50 caractères;16248341169641882523;Insight Pest Solutions;US;True;1;2026-08-17
texte;1 à 50 caractères;16549891742331617014;Abilene Dermatology and Skin;US;False;1;2026-08-17
texte;1 à 50 caractères;16579715835844117368;Lochridge-Priest;US;False;1;2026-08-18
texte;1 à 50 caractères;17256331860806033159;Happy Head Foot Reflexology and Massage;US;False;1;2026-08-22
texte;1 à 50 caractères;17325999670394372128;Mezze Krotoszyn;Europe;False;1;2026-08-18
texte;1 à 50 caractères;17811514628184275600;P.J. Whelihan's Pub + Restaurant [West Chester];US;False;1;2026-08-18
texte;1 à 50 caractères;18087544658842131373;Pointe Pest Control;US;True;1;2026-08-19
texte;1 à 50 caractères;18371253483526610359;Bulwark Exterminating;US;True;1;2026-08-24
texte;1 à 50 caractères;2034461622997448093;Bulwark Exterminating;US;True;1;2026-08-21
texte;1 à 50 caractères;2220821433190157995;Alannia Salou;Europe;False;1;2026-08-24
texte;1 à 50 caractères;2678349505464412907;REEIS;US;False;1;2026-08-15
texte;1 à 50 caractères;2699950723330237401;Tanner Clinic;US;False;1;2026-08-16
texte;1 à 50 caractères;2951464077965952484;Margaritaville Beach Hotel;US;False;1;2026-08-20
texte;1 à 50 caractères;3088388366389061829;Pointe Pest Control;US;True;1;2026-08-16
texte;1 à 50 caractères;3171881406442480015;Club Berlin Friedrichshain;Europe;False;1;2026-08-13
texte;1 à 50 caractères;3203854443950401309;HT Fitness;US;False;1;2026-08-16
texte;1 à 50 caractères;3425246382128922758;Merle Stone Chevrolet - Porterville;US;False;1;2026-08-14
texte;1 à 50 caractères;3856632261014919795;Keyless Shop Locksmith;US;False;1;2026-08-16
texte;1 à 50 caractères;3862407046066641134;Overhead Door Co Of Norwich;US;False;1;2026-08-21
texte;1 à 50 caractères;4397473550123468841;Adventure Dental, Vision and Orthodontics;US;False;1;2026-08-13
texte;1 à 50 caractères;4479702789086504102;MedVet Columbus;US;False;1;2026-08-23
texte;1 à 50 caractères;4535259281716615882;EcoShield Pest Solutions;US;True;1;2026-08-16
texte;1 à 50 caractères;4568901441266442943;Comfort Hotel Union Brygge;Europe;False;1;2026-08-12
texte;1 à 50 caractères;4577485901777502628;IPPA Cafe;Europe;False;1;2026-08-12
texte;1 à 50 caractères;5422890961706407530;United Air Temp;US;False;1;2026-08-12
texte;1 à 50 caractères;5480379830228378813;Polo line - vacation rentals;Europe;False;1;2026-08-24
texte;1 à 50 caractères;6099218902287832250;Ballenoil Albasanz;Europe;False;1;2026-08-22
texte;1 à 50 caractères;6360580975601342886;Carolina Ale House;US;False;1;2026-08-19
texte;1 à 50 caractères;6595076367186224579;Darty;Europe;False;1;2026-08-13
texte;1 à 50 caractères;6622258630771505951;Bulwark Exterminating;US;True;1;2026-08-21
texte;1 à 50 caractères;6665036569245004844;EcoShield Pest Solutions;US;True;1;2026-08-21
texte;1 à 50 caractères;6864222717854006596;Insight Pest Solutions;US;True;1;2026-08-22
texte;1 à 50 caractères;718178259547467488;Pointe Pest Control;US;True;1;2026-08-19
texte;1 à 50 caractères;7645830286416566420;Pointe Pest Control;US;True;1;2026-08-19
texte;1 à 50 caractères;7651945305551643280;Chania Boat Tours;Europe;False;1;2026-08-22
texte;1 à 50 caractères;7864325941761932328;Globales Maioris;Europe;False;1;2026-08-22
texte;1 à 50 caractères;7868713708357852976;ScrubaDub Car Wash;US;False;1;2026-08-23
texte;1 à 50 caractères;8117786734318428670;Sunshine Ballooning;Europe;False;1;2026-08-23
texte;1 à 50 caractères;8264250907553977852;Carolina Ale House;US;False;1;2026-08-22
texte;1 à 50 caractères;8323898039823195571;Pointe Pest Control;US;True;1;2026-08-20
texte;1 à 50 caractères;8514033496595338463;Chatham Orthopaedic Associates;US;False;1;2026-08-17
texte;1 à 50 caractères;9026909565558195702;ABC Home & Commercial Services;US;False;1;2026-08-23
texte;1 à 50 caractères;9284506857513497045;ABC Home & Commercial Services;US;False;1;2026-08-22
texte;1 à 50 caractères;9773764681262796319;Fox Rent A Car Miami;US;False;1;2026-08-16
texte;51 à 200 caractères;1697023132609060386;Ichiban Japanese Bistro;US;False;20;2026-08-12, 2026-08-13, 2026-08-16, 2026-08-17, 2026-08-18, 2026-08-19, 2026-08-20, 2026-08-21, 2026-08-22, 2026-08-23
texte;51 à 200 caractères;10746082602604012869;Insight Pest Solutions;US;True;17;2026-08-16, 2026-08-18, 2026-08-20, 2026-08-21, 2026-08-23, 2026-08-24
texte;51 à 200 caractères;3595820309544267485;EcoShield Pest Solutions;US;True;14;2026-08-13, 2026-08-16, 2026-08-17, 2026-08-19, 2026-08-20, 2026-08-21, 2026-08-23
texte;51 à 200 caractères;12986326219479165233;Azur Service 06;Europe;False;12;2026-08-20, 2026-08-21, 2026-08-22, 2026-08-23
texte;51 à 200 caractères;16248341169641882523;Insight Pest Solutions;US;True;10;2026-08-12, 2026-08-15, 2026-08-16, 2026-08-17, 2026-08-19, 2026-08-23
texte;51 à 200 caractères;10896163602322254565;Mumbai Masala Playa Paraíso;Europe;False;9;2026-08-17, 2026-08-21, 2026-08-22, 2026-08-23, 2026-08-24
texte;51 à 200 caractères;12653609458785639661;Delta Sonic Car Wash;US;False;9;2026-08-13, 2026-08-18, 2026-08-23, 2026-08-24
texte;51 à 200 caractères;15030713588446975167;EcoShield Pest Solutions;US;True;9;2026-08-19, 2026-08-20, 2026-08-21
texte;51 à 200 caractères;6099218902287832250;Ballenoil Albasanz;Europe;False;9;2026-08-14, 2026-08-16, 2026-08-17, 2026-08-18, 2026-08-19, 2026-08-20, 2026-08-21
texte;51 à 200 caractères;11468972147098209639;Lash and Company Med Spa - Centennial;US;False;8;2026-08-24
texte;51 à 200 caractères;11527874769595828404;Pointe Pest Control;US;True;8;2026-08-16, 2026-08-17, 2026-08-19, 2026-08-21
texte;51 à 200 caractères;12971538955295795353;West Shore Home;US;False;8;2026-08-21, 2026-08-22, 2026-08-23
texte;51 à 200 caractères;8592193049411979519;EcoShield Pest Solutions;US;True;8;2026-08-16, 2026-08-17, 2026-08-18, 2026-08-19
texte;51 à 200 caractères;4433090577107943247;EcoShield Pest Solutions;US;True;7;2026-08-12, 2026-08-16, 2026-08-19, 2026-08-23
texte;51 à 200 caractères;6979673743686913152;EcoShield Pest Solutions;US;True;7;2026-08-12, 2026-08-13, 2026-08-19, 2026-08-22
texte;51 à 200 caractères;7478870134232076043;Rocky Mountain Balloon Adventures;US;False;7;2026-08-22, 2026-08-23
texte;51 à 200 caractères;8117786734318428670;Sunshine Ballooning;Europe;False;7;2026-08-17, 2026-08-18, 2026-08-21, 2026-08-23
texte;51 à 200 caractères;817498439303474635;EcoShield Pest Solutions;US;True;7;2026-08-12, 2026-08-16, 2026-08-17, 2026-08-19
texte;51 à 200 caractères;10505273405281271038;Cedar Park Overhead Doors;US;False;6;2026-08-13, 2026-08-15, 2026-08-16, 2026-08-19
texte;51 à 200 caractères;16549891742331617014;Abilene Dermatology and Skin;US;False;6;2026-08-16, 2026-08-20, 2026-08-21
texte;51 à 200 caractères;6665036569245004844;EcoShield Pest Solutions;US;True;6;2026-08-16, 2026-08-19, 2026-08-21
texte;51 à 200 caractères;8675258714044865202;Aqua Plumbing and Air;US;False;6;2026-08-12, 2026-08-13, 2026-08-16
texte;51 à 200 caractères;16011688751403367255;Doral Toyota;US;False;5;2026-08-20, 2026-08-21, 2026-08-23
texte;51 à 200 caractères;2034461622997448093;Bulwark Exterminating;US;True;5;2026-08-16, 2026-08-17, 2026-08-23
texte;51 à 200 caractères;2699950723330237401;Tanner Clinic;US;False;5;2026-08-16, 2026-08-17, 2026-08-19, 2026-08-20
texte;51 à 200 caractères;3187607110245052706;Denali Park Zipline;US;False;5;2026-08-12, 2026-08-15, 2026-08-17, 2026-08-20
texte;51 à 200 caractères;11183164932977516690;Insight Pest Solutions;US;True;4;2026-08-15, 2026-08-16, 2026-08-17, 2026-08-19
texte;51 à 200 caractères;11660062678522630526;Sierra Pacific Orthopedics;US;False;4;2026-08-18, 2026-08-20, 2026-08-23
texte;51 à 200 caractères;13462096640461798107;Precision Landscaping;US;False;4;2026-08-16, 2026-08-23
texte;51 à 200 caractères;16201181649805957681;Heart and Vascular Care;US;False;4;2026-08-13, 2026-08-16, 2026-08-17, 2026-08-23
texte;51 à 200 caractères;16932179925125573715;Pointe Pest Control;US;True;4;2026-08-17, 2026-08-19, 2026-08-20
texte;51 à 200 caractères;178064072666686963;EcoShield Pest Solutions;US;True;4;2026-08-16, 2026-08-20, 2026-08-21
texte;51 à 200 caractères;3088388366389061829;Pointe Pest Control;US;True;4;2026-08-16, 2026-08-17, 2026-08-21
texte;51 à 200 caractères;3164305209948048623;Pointe Pest Control;US;True;4;2026-08-17, 2026-08-21
texte;51 à 200 caractères;3352767676680426036;Solve Pest Pros;US;False;4;2026-08-21, 2026-08-22
texte;51 à 200 caractères;4479702789086504102;MedVet Columbus;US;False;4;2026-08-20, 2026-08-23
texte;51 à 200 caractères;8256016555611678921;Solve Pest Pros;US;False;4;2026-08-16, 2026-08-17, 2026-08-18, 2026-08-19
texte;51 à 200 caractères;8295483025098590212;Parker Cornea;US;False;4;2026-08-12, 2026-08-16, 2026-08-19
texte;51 à 200 caractères;8303557791751296465;Insight Pest Solutions;US;True;4;2026-08-13, 2026-08-17, 2026-08-20
texte;51 à 200 caractères;10346942689164695031;The Boxer Club;Europe;True;3;2026-08-18, 2026-08-22
texte;51 à 200 caractères;11001368659838863228;Pointe Pest Control;US;True;3;2026-08-19, 2026-08-20, 2026-08-24
texte;51 à 200 caractères;14933790454100186775;Pointe Pest Control;US;True;3;2026-08-12, 2026-08-17, 2026-08-21
texte;51 à 200 caractères;15083526705897946018;Heart and Vascular Care;US;False;3;2026-08-17, 2026-08-23
texte;51 à 200 caractères;16894789784437684017;Delta Sonic Car Wash;US;False;3;2026-08-16, 2026-08-24
texte;51 à 200 caractères;2799040813008286606;Tipsy Tiki Fmb;US;False;3;2026-08-21, 2026-08-22
texte;51 à 200 caractères;3274891443999828364;Elevate Fitness;US;False;3;2026-08-21
texte;51 à 200 caractères;3808829296411201732;HDS Munich;Europe;False;3;2026-08-14, 2026-08-16, 2026-08-17
texte;51 à 200 caractères;6289730490558979524;Bulwark Exterminating;US;True;3;2026-08-19, 2026-08-20
texte;51 à 200 caractères;8272933981059498407;Heart and Vascular Care;US;False;3;2026-08-21, 2026-08-23, 2026-08-24
texte;51 à 200 caractères;9284506857513497045;ABC Home & Commercial Services;US;False;3;2026-08-15, 2026-08-16, 2026-08-21
texte;51 à 200 caractères;10907116412041709754;Pointe Pest Control;US;True;2;2026-08-16, 2026-08-20
texte;51 à 200 caractères;11381632064786343361;Bobcat Wildlife & Pest Management;US;False;2;2026-08-16, 2026-08-21
texte;51 à 200 caractères;11752525017306549612;Insight Pest Solutions;US;True;2;2026-08-12, 2026-08-16
texte;51 à 200 caractères;11882525582487875452;Northwest Exterminating;US;False;2;2026-08-16, 2026-08-22
texte;51 à 200 caractères;12242899512208579596;Insight Pest Solutions;US;True;2;2026-08-16
texte;51 à 200 caractères;13357493140933391105;Insight Pest Solutions;US;True;2;2026-08-16, 2026-08-24
texte;51 à 200 caractères;13919628842978940702;Masajes Eróticos Alicante Eternal Massage;Europe;False;2;2026-08-16, 2026-08-17
texte;51 à 200 caractères;146333011060678538;Northwest Exterminating;US;False;2;2026-08-16, 2026-08-21
texte;51 à 200 caractères;14727272453529875622;Active Pest Control;US;False;2;2026-08-12, 2026-08-16
texte;51 à 200 caractères;15168756511886563707;Dermatology Affiliates;US;False;2;2026-08-20, 2026-08-22
texte;51 à 200 caractères;15608058152450039001;Automecanica Castro;Europe;False;2;2026-08-23, 2026-08-24
texte;51 à 200 caractères;15705776624659968059;Fairway Lawns of Springdale;US;False;2;2026-08-18, 2026-08-23
texte;51 à 200 caractères;15928859670822937545;Pointe Pest Control;US;True;2;2026-08-16, 2026-08-17
texte;51 à 200 caractères;16867174010602496547;Northwest Exterminating;US;False;2;2026-08-13, 2026-08-20
texte;51 à 200 caractères;17251484945567213252;Globales Simar;Europe;False;2;2026-08-18
texte;51 à 200 caractères;17461188179245106693;Bulwark Exterminating;US;True;2;2026-08-17
texte;51 à 200 caractères;18087544658842131373;Pointe Pest Control;US;True;2;2026-08-17
texte;51 à 200 caractères;18135896731724490192;Coastal Heating and Cooling;US;False;2;2026-08-12, 2026-08-24
texte;51 à 200 caractères;1943990090783039974;United Air Temp;US;False;2;2026-08-22, 2026-08-23
texte;51 à 200 caractères;2054732589707793641;Globales Cala'n Bosch;Europe;False;2;2026-08-13, 2026-08-23
texte;51 à 200 caractères;2423693438449052039;Bulwark Exterminating;US;True;2;2026-08-16, 2026-08-17
texte;51 à 200 caractères;3464619508278537951;Chatham Orthopaedic Associates;US;False;2;2026-08-12, 2026-08-18
texte;51 à 200 caractères;3862407046066641134;Overhead Door Co Of Norwich;US;False;2;2026-08-18, 2026-08-21
texte;51 à 200 caractères;3932259871970128515;Alaska Fracture and Orthopedic Clinic;US;False;2;2026-08-18, 2026-08-21
texte;51 à 200 caractères;4272684922168596772;Bulwark Exterminating Corporate;US;False;2;2026-08-22
texte;51 à 200 caractères;4397473550123468841;Adventure Dental, Vision and Orthodontics;US;False;2;2026-08-16, 2026-08-17
texte;51 à 200 caractères;5049402211849837299;Cuisine Plus Saint Nazaire;Europe;False;2;2026-08-17, 2026-08-19
texte;51 à 200 caractères;5063341140303696786;Pointe Pest Control;US;True;2;2026-08-19, 2026-08-20
texte;51 à 200 caractères;5119810349067443765;Clarion Hotel The Hub;Europe;False;2;2026-08-13
texte;51 à 200 caractères;6360580975601342886;Carolina Ale House;US;False;2;2026-08-16, 2026-08-19
texte;51 à 200 caractères;6864222717854006596;Insight Pest Solutions;US;True;2;2026-08-16, 2026-08-22
texte;51 à 200 caractères;718178259547467488;Pointe Pest Control;US;True;2;2026-08-17, 2026-08-21
texte;51 à 200 caractères;7645830286416566420;Pointe Pest Control;US;True;2;2026-08-16, 2026-08-21
texte;51 à 200 caractères;7864325941761932328;Globales Maioris;Europe;False;2;2026-08-21, 2026-08-22
texte;51 à 200 caractères;8115244571708845709;Cocoa Beach Catamaran;US;False;2;2026-08-16, 2026-08-23
texte;51 à 200 caractères;8514033496595338463;Chatham Orthopaedic Associates;US;False;2;2026-08-19, 2026-08-21
texte;51 à 200 caractères;9654059427809994128;Carolina Ale House - Greenville-Woodruff;US;False;2;2026-08-20, 2026-08-22
texte;51 à 200 caractères;10258162109096166464;Yelloh Village - Aluna Vacances;Europe;False;1;2026-08-14
texte;51 à 200 caractères;10535711495689713124;SkinSpirit Del Mar;US;False;1;2026-08-15
texte;51 à 200 caractères;10601184521827317877;Le Palme;Europe;False;1;2026-08-24
texte;51 à 200 caractères;10647645013357446509;Pointe Pest Control;US;True;1;2026-08-16
texte;51 à 200 caractères;10688219440227213170;The Old Irish Pub - Aalborg;Europe;False;1;2026-08-16
texte;51 à 200 caractères;10789067178806450248;Fitness First Griesheim;Europe;False;1;2026-08-17
texte;51 à 200 caractères;10921805046871428741;Compagnie des Déboucheurs;Europe;False;1;2026-08-15
texte;51 à 200 caractères;11253624861875245129;EcoShield Pest Solutions;US;True;1;2026-08-18
texte;51 à 200 caractères;11306931454900536039;Club Dortmund Gartenstadt;Europe;False;1;2026-08-21
texte;51 à 200 caractères;11509551004547941596;Green Elite Pompy Ciepła;Europe;False;1;2026-08-20
texte;51 à 200 caractères;11569433775224823960;Neoness;Europe;False;1;2026-08-13
texte;51 à 200 caractères;11593746449727099110;Premier Eyecare;US;False;1;2026-08-16
texte;51 à 200 caractères;11746939377458501797;Green Pest Services;US;False;1;2026-08-20
texte;51 à 200 caractères;118597015968253014;EcoShield Pest Solutions Chicago East;US;False;1;2026-08-17
texte;51 à 200 caractères;12162999256610465653;Pointe Pest Control;US;True;1;2026-08-17
texte;51 à 200 caractères;12179770780704989290;Dojo Studio;US;False;1;2026-08-13
texte;51 à 200 caractères;12319304188118263291;Pizza Hut Debrecen Plaza;Europe;False;1;2026-08-23
texte;51 à 200 caractères;12701978682932507204;Viva Day Spa and Med Spa;US;False;1;2026-08-12
texte;51 à 200 caractères;13149966690726534760;Green Pest Services;US;False;1;2026-08-23
texte;51 à 200 caractères;13204862283283398368;Hipotels Bahía Cala Millor;Europe;False;1;2026-08-18
texte;51 à 200 caractères;1320861146435177408;Fox Rent A Car Denver;US;False;1;2026-08-16
texte;51 à 200 caractères;13228969405843925211;Pointe Pest Control;US;True;1;2026-08-18
texte;51 à 200 caractères;13259321554512244271;Massage & Spa;US;False;1;2026-08-16
texte;51 à 200 caractères;13447210363258677756;Duryea's Lobster Deck & Seafood Market;US;False;1;2026-08-16
texte;51 à 200 caractères;13454390046806476880;Hand and Stone Massage and Facial Spa;US;False;1;2026-08-16
texte;51 à 200 caractères;13487146367475704628;Empire Today;US;False;1;2026-08-20
texte;51 à 200 caractères;13729045321029806005;Cervecería La Sureña;Europe;False;1;2026-08-23
texte;51 à 200 caractères;13801744141903121032;citizenM Paris Charles de Gaulle Airport Hôtel;Europe;False;1;2026-08-21
texte;51 à 200 caractères;14072176514753891617;Knowlton Dental Associates;US;False;1;2026-08-12
texte;51 à 200 caractères;14298233888485556219;Club Berlin Prenzlauer Berg;Europe;False;1;2026-08-18
texte;51 à 200 caractères;14365492306530390455;Zefiro Experience Tour in Catamarano - Sardegna;Europe;False;1;2026-08-14
texte;51 à 200 caractères;14735279916841429950;Ranger Motel;US;False;1;2026-08-24
texte;51 à 200 caractères;14740593769376451592;citizenM Copenhagen Rådhuspladsen;Europe;False;1;2026-08-13
texte;51 à 200 caractères;14825598912279374964;Chatham Sports Medicine & Physical Therapy;US;False;1;2026-08-18
texte;51 à 200 caractères;15382424972418370974;Good Night John Boy;US;False;1;2026-08-16
texte;51 à 200 caractères;16469337811496657191;Pointe Pest Control;US;True;1;2026-08-17
texte;51 à 200 caractères;1695214525620865262;Adobe Day Spa and Chiropractics;US;False;1;2026-08-23
texte;51 à 200 caractères;17160257379698395021;Michael R Martineau;US;False;1;2026-08-20
texte;51 à 200 caractères;17202679942767108315;ABC Home & Commercial Services;US;False;1;2026-08-16
texte;51 à 200 caractères;17208676867430563363;Good Night John Boy;US;False;1;2026-08-20
texte;51 à 200 caractères;17268827580324391692;Detailcar Larios;Europe;False;1;2026-08-20
texte;51 à 200 caractères;18371253483526610359;Bulwark Exterminating;US;True;1;2026-08-16
texte;51 à 200 caractères;2049285413475066406;Top Quality Roofing & Siding;US;False;1;2026-08-13
texte;51 à 200 caractères;2420138228954020213;Elite House Cleaning Mesa;US;False;1;2026-08-19
texte;51 à 200 caractères;2549079542246731788;MXO Rooftop;Europe;False;1;2026-08-18
texte;51 à 200 caractères;281176211676243797;Satanic Salem Walking Tours;US;False;1;2026-08-16
texte;51 à 200 caractères;2817059610110232751;Green Pest Services;US;False;1;2026-08-16
texte;51 à 200 caractères;3874911723232599474;ABC Home & Commercial Services;US;False;1;2026-08-23
texte;51 à 200 caractères;3881615387971294091;Spa Zuiver;Europe;False;1;2026-08-21
texte;51 à 200 caractères;5480379830228378813;Polo line - vacation rentals;Europe;False;1;2026-08-23
texte;51 à 200 caractères;5618672426900878761;Petfolk Veterinary & Urgent Care - Altamonte Springs;US;False;1;2026-08-16
texte;51 à 200 caractères;5686063649767011502;aBeauty Clinique Constanta;Europe;False;1;2026-08-15
texte;51 à 200 caractères;6208454101415437139;Cénica Porto Hotel, Curio Collection by Hilton;Europe;False;1;2026-08-20
texte;51 à 200 caractères;6220232788059998036;Heart and Vascular Care;US;False;1;2026-08-12
texte;51 à 200 caractères;6502091583801106713;AniCura Kiel;Europe;False;1;2026-08-13
texte;51 à 200 caractères;7542203160017780480;Eurodecars Automobielhandel;Europe;False;1;2026-08-15
texte;51 à 200 caractères;7626411052152447263;The Spa at Cedarbrook Lodge;US;False;1;2026-08-17
texte;51 à 200 caractères;8015064052260497255;Neoness;Europe;False;1;2026-08-14
texte;51 à 200 caractères;8282528182233977034;Cape Coral Boat Cruises;US;False;1;2026-08-16
texte;51 à 200 caractères;8864246763002325033;Nu Car Rental;US;False;1;2026-08-14
texte;51 à 200 caractères;9400441828486763598;Brick House Tavern and Tap;US;False;1;2026-08-13
texte;51 à 200 caractères;9773764681262796319;Fox Rent A Car Miami;US;False;1;2026-08-17
texte;51 à 200 caractères;9921186577906344541;A Plus Plumbing;US;False;1;2026-08-20
texte;plus de 200 caractères;2034461622997448093;Bulwark Exterminating;US;True;19;2026-08-13, 2026-08-16, 2026-08-17, 2026-08-19, 2026-08-21, 2026-08-23
texte;plus de 200 caractères;10505273405281271038;Cedar Park Overhead Doors;US;False;8;2026-08-13, 2026-08-15, 2026-08-16, 2026-08-17, 2026-08-19
texte;plus de 200 caractères;10789067178806450248;Fitness First Griesheim;Europe;False;7;2026-08-16, 2026-08-17, 2026-08-21
texte;plus de 200 caractères;16011688751403367255;Doral Toyota;US;False;7;2026-08-16, 2026-08-18, 2026-08-19, 2026-08-22
texte;plus de 200 caractères;7864325941761932328;Globales Maioris;Europe;False;7;2026-08-15, 2026-08-21, 2026-08-22
texte;plus de 200 caractères;6979673743686913152;EcoShield Pest Solutions;US;True;6;2026-08-12, 2026-08-16, 2026-08-17, 2026-08-22
texte;plus de 200 caractères;10746082602604012869;Insight Pest Solutions;US;True;5;2026-08-15, 2026-08-19, 2026-08-20, 2026-08-22, 2026-08-23
texte;plus de 200 caractères;10896163602322254565;Mumbai Masala Playa Paraíso;Europe;False;5;2026-08-16, 2026-08-18, 2026-08-21, 2026-08-24
texte;plus de 200 caractères;12466888218085323989;MedVet Cleveland;US;False;5;2026-08-12, 2026-08-16, 2026-08-17
texte;plus de 200 caractères;12653609458785639661;Delta Sonic Car Wash;US;False;5;2026-08-12, 2026-08-15, 2026-08-17, 2026-08-21, 2026-08-24
texte;plus de 200 caractères;1320861146435177408;Fox Rent A Car Denver;US;False;5;2026-08-13, 2026-08-17, 2026-08-22, 2026-08-23
texte;plus de 200 caractères;15702480480125668198;Fox Rent A Car;US;False;5;2026-08-23, 2026-08-24
texte;plus de 200 caractères;17251484945567213252;Globales Simar;Europe;False;5;2026-08-17, 2026-08-20, 2026-08-22
texte;plus de 200 caractères;17257425285318401586;Hipotels Barrosa Park;Europe;False;5;2026-08-18, 2026-08-19, 2026-08-20, 2026-08-23
texte;plus de 200 caractères;17461188179245106693;Bulwark Exterminating;US;True;5;2026-08-12, 2026-08-17
texte;plus de 200 caractères;17855870789663755598;Fox Rent A Car San Diego;US;False;5;2026-08-16, 2026-08-17
texte;plus de 200 caractères;13048717007599713286;Nu Car Rentals;US;False;4;2026-08-18, 2026-08-20, 2026-08-22
texte;plus de 200 caractères;13609296054599897306;AmeriVu Inn & Suites - Chisago City;US;False;4;2026-08-16, 2026-08-18, 2026-08-19, 2026-08-21
texte;plus de 200 caractères;17208676867430563363;Good Night John Boy;US;False;4;2026-08-18, 2026-08-19, 2026-08-20
texte;plus de 200 caractères;4479702789086504102;MedVet Columbus;US;False;4;2026-08-20, 2026-08-23
texte;plus de 200 caractères;8117786734318428670;Sunshine Ballooning;Europe;False;4;2026-08-16, 2026-08-17, 2026-08-18
texte;plus de 200 caractères;8173690169693600909;Fox Rent A Car;US;False;4;2026-08-18, 2026-08-19, 2026-08-20, 2026-08-22
texte;plus de 200 caractères;10121891181019347598;Fox Rent A Car;US;False;3;2026-08-16, 2026-08-20
texte;plus de 200 caractères;10907116412041709754;Pointe Pest Control;US;True;3;2026-08-18, 2026-08-19, 2026-08-20
texte;plus de 200 caractères;1170749740403083425;WestVet Boise;US;False;3;2026-08-16, 2026-08-19, 2026-08-23
texte;plus de 200 caractères;12523973092132012183;EcoShield Pest Solutions;US;True;3;2026-08-17, 2026-08-23
texte;plus de 200 caractères;12701978682932507204;Viva Day Spa and Med Spa;US;False;3;2026-08-16, 2026-08-21
texte;plus de 200 caractères;1697023132609060386;Ichiban Japanese Bistro;US;False;3;2026-08-12, 2026-08-16, 2026-08-20
texte;plus de 200 caractères;3595820309544267485;EcoShield Pest Solutions;US;True;3;2026-08-16, 2026-08-21
texte;plus de 200 caractères;4433090577107943247;EcoShield Pest Solutions;US;True;3;2026-08-17, 2026-08-19, 2026-08-21
texte;plus de 200 caractères;5618672426900878761;Petfolk Veterinary & Urgent Care - Altamonte Springs;US;False;3;2026-08-16, 2026-08-18, 2026-08-22
texte;plus de 200 caractères;7096371038011001168;Route 46 Chrysler Jeep Dodge;US;False;3;2026-08-18, 2026-08-19, 2026-08-21
texte;plus de 200 caractères;7478870134232076043;Rocky Mountain Balloon Adventures;US;False;3;2026-08-22
texte;plus de 200 caractères;7613905074252745810;EcoShield Pest Solutions;US;True;3;2026-08-13, 2026-08-16
texte;plus de 200 caractères;8115244571708845709;Cocoa Beach Catamaran;US;False;3;2026-08-13, 2026-08-16, 2026-08-20
texte;plus de 200 caractères;845684297895448830;Globales Apartamentos Montemar;Europe;False;3;2026-08-22, 2026-08-23
texte;plus de 200 caractères;9773764681262796319;Fox Rent A Car Miami;US;False;3;2026-08-16, 2026-08-17, 2026-08-18
texte;plus de 200 caractères;11121079175657752605;Ježevac Premium Camping Resort by Valamar;Europe;False;2;2026-08-21, 2026-08-22
texte;plus de 200 caractères;11183164932977516690;Insight Pest Solutions;US;True;2;2026-08-13, 2026-08-19
texte;plus de 200 caractères;11468972147098209639;Lash and Company Med Spa - Centennial;US;False;2;2026-08-24
texte;plus de 200 caractères;11979469692631411558;Cleys Waasmunster;Europe;False;2;2026-08-12, 2026-08-21
texte;plus de 200 caractères;12035238193368484759;Centro Veterinario Villalba IF;Europe;False;2;2026-08-20
texte;plus de 200 caractères;1487794017584324211;Neoness;Europe;False;2;2026-08-14, 2026-08-16
texte;plus de 200 caractères;15168756511886563707;Dermatology Affiliates;US;False;2;2026-08-20, 2026-08-21
texte;plus de 200 caractères;16191346811025563423;Calicéo Strasbourg;Europe;False;2;2026-08-17, 2026-08-18
texte;plus de 200 caractères;16385710373382858530;DKamping Village;Europe;False;2;2026-08-16, 2026-08-18
texte;plus de 200 caractères;16932179925125573715;Pointe Pest Control;US;True;2;2026-08-21
texte;plus de 200 caractères;17365787893692022098;Gîtes du Domaine des Bans;Europe;False;2;2026-08-12, 2026-08-17
texte;plus de 200 caractères;2054732589707793641;Globales Cala'n Bosch;Europe;False;2;2026-08-23
texte;plus de 200 caractères;2220821433190157995;Alannia Salou;Europe;False;2;2026-08-24
texte;plus de 200 caractères;2423693438449052039;Bulwark Exterminating;US;True;2;2026-08-16, 2026-08-17
texte;plus de 200 caractères;3203854443950401309;HT Fitness;US;False;2;2026-08-19, 2026-08-21
texte;plus de 200 caractères;3874911723232599474;ABC Home & Commercial Services;US;False;2;2026-08-17, 2026-08-20
texte;plus de 200 caractères;3932259871970128515;Alaska Fracture and Orthopedic Clinic;US;False;2;2026-08-16, 2026-08-20
texte;plus de 200 caractères;4350811955412203628;Streetside Classics;US;False;2;2026-08-22
texte;plus de 200 caractères;5049402211849837299;Cuisine Plus Saint Nazaire;Europe;False;2;2026-08-22
texte;plus de 200 caractères;5063341140303696786;Pointe Pest Control;US;True;2;2026-08-17, 2026-08-24
texte;plus de 200 caractères;5474549633975801069;OUTRIGGER Kauai Beach Resort & Spa;US;False;2;2026-08-15, 2026-08-20
texte;plus de 200 caractères;5767747242108722390;AIRE Ancient Baths Chicago;US;False;2;2026-08-19, 2026-08-22
texte;plus de 200 caractères;6220232788059998036;Heart and Vascular Care;US;False;2;2026-08-16
texte;plus de 200 caractères;6289730490558979524;Bulwark Exterminating;US;True;2;2026-08-19
texte;plus de 200 caractères;6665036569245004844;EcoShield Pest Solutions;US;True;2;2026-08-19, 2026-08-21
texte;plus de 200 caractères;7626411052152447263;The Spa at Cedarbrook Lodge;US;False;2;2026-08-16, 2026-08-19
texte;plus de 200 caractères;8592193049411979519;EcoShield Pest Solutions;US;True;2;2026-08-19, 2026-08-20
texte;plus de 200 caractères;8864246763002325033;Nu Car Rental;US;False;2;2026-08-20
texte;plus de 200 caractères;9124825751290696378;Loogman Aalsmeer;Europe;False;2;2026-08-15, 2026-08-16
texte;plus de 200 caractères;926727815049071482;sunshine cafe at Beebe;US;False;2;2026-08-12, 2026-08-16
texte;plus de 200 caractères;9330622820452187742;Club Erfurt;Europe;False;2;2026-08-12, 2026-08-17
texte;plus de 200 caractères;9921186577906344541;A Plus Plumbing;US;False;2;2026-08-19, 2026-08-24
texte;plus de 200 caractères;10211842138860800782;Renault Saint-Etienne - Groupe Thivolle;Europe;False;1;2026-08-21
texte;plus de 200 caractères;10346942689164695031;The Boxer Club;Europe;True;1;2026-08-14
texte;plus de 200 caractères;10442243421974187572;Camping Sandaya Etruria;Europe;False;1;2026-08-16
texte;plus de 200 caractères;10525843652337503574;Hotel Carris Porto Ribeira;Europe;False;1;2026-08-13
texte;plus de 200 caractères;10601184521827317877;Le Palme;Europe;False;1;2026-08-14
texte;plus de 200 caractères;10647645013357446509;Pointe Pest Control;US;True;1;2026-08-17
texte;plus de 200 caractères;11001368659838863228;Pointe Pest Control;US;True;1;2026-08-19
texte;plus de 200 caractères;11004380532876327499;Embassy Suites Seattle Downtown-Pioneer Square;US;False;1;2026-08-20
texte;plus de 200 caractères;11098111536113255078;Hotel Alunis Health Spa;Europe;False;1;2026-08-17
texte;plus de 200 caractères;11527874769595828404;Pointe Pest Control;US;True;1;2026-08-12
texte;plus de 200 caractères;11660062678522630526;Sierra Pacific Orthopedics;US;False;1;2026-08-18
texte;plus de 200 caractères;11746939377458501797;Green Pest Services;US;False;1;2026-08-22
texte;plus de 200 caractères;118597015968253014;EcoShield Pest Solutions Chicago East;US;False;1;2026-08-17
texte;plus de 200 caractères;11882525582487875452;Northwest Exterminating;US;False;1;2026-08-15
texte;plus de 200 caractères;12106990848959314672;Hotel Arc-en-ciel;Europe;False;1;2026-08-17
texte;plus de 200 caractères;12179770780704989290;Dojo Studio;US;False;1;2026-08-23
texte;plus de 200 caractères;12242899512208579596;Insight Pest Solutions;US;True;1;2026-08-16
texte;plus de 200 caractères;12257458818878449587;Carson's Ribs Prime Steaks & Famous Barbecue Chicago;US;False;1;2026-08-18
texte;plus de 200 caractères;12460969889495485623;VCA Westside Animal Hospital;US;False;1;2026-08-17
texte;plus de 200 caractères;12621991571583444125;SIXT rent a car LaGuardia airport;US;False;1;2026-08-12
texte;plus de 200 caractères;12785457364507400376;ABC Home & Commercial Services;US;False;1;2026-08-16
texte;plus de 200 caractères;12971538955295795353;West Shore Home;US;False;1;2026-08-22
texte;plus de 200 caractères;13142875894045715065;Green Pest Services;US;False;1;2026-08-21
texte;plus de 200 caractères;13151071491813197060;Technitoit Villefranche-sur-Saône;Europe;False;1;2026-08-16
texte;plus de 200 caractères;13454390046806476880;Hand and Stone Massage and Facial Spa;US;False;1;2026-08-23
texte;plus de 200 caractères;13462096640461798107;Precision Landscaping;US;False;1;2026-08-23
texte;plus de 200 caractères;13463525768309466593;Tip Top Garage Doors;US;False;1;2026-08-23
texte;plus de 200 caractères;13815055003457289004;Hospital Veterinario San Antón;Europe;False;1;2026-08-23
texte;plus de 200 caractères;13914529929637769875;Homemade Taqueria;US;False;1;2026-08-17
texte;plus de 200 caractères;14112705270114144342;Camping Capfun Vlinderloo;Europe;False;1;2026-08-16
texte;plus de 200 caractères;14362882724000770461;Cuisinella;Europe;False;1;2026-08-17
texte;plus de 200 caractères;14398824460040053889;Dermatology Affiliates;US;False;1;2026-08-12
texte;plus de 200 caractères;14437350526528134386;Claremont Motor Lodge;US;False;1;2026-08-16
texte;plus de 200 caractères;14451738291215002268;ProCare Collision;US;False;1;2026-08-12
texte;plus de 200 caractères;14651399241385512560;Insight Pest Solutions;US;True;1;2026-08-21
texte;plus de 200 caractères;14669269514609492336;P.J. Whelihan's Pub + Restaurant;US;False;1;2026-08-13
texte;plus de 200 caractères;14696288889803762717;Auto Bierschneider;Europe;False;1;2026-08-19
texte;plus de 200 caractères;14786803112747547126;Hotel Botanico;Europe;False;1;2026-08-20
texte;plus de 200 caractères;14825598912279374964;Chatham Sports Medicine & Physical Therapy;US;False;1;2026-08-21
texte;plus de 200 caractères;14869656164423820253;Mamajuana Cafe;US;False;1;2026-08-17
texte;plus de 200 caractères;15030713588446975167;EcoShield Pest Solutions;US;True;1;2026-08-24
texte;plus de 200 caractères;15338170984100166205;Planet Fitness;Europe;False;1;2026-08-20
texte;plus de 200 caractères;15425978298257012661;Body' Minute;Europe;False;1;2026-08-14
texte;plus de 200 caractères;15598913053706512115;Bedard Bros. Honda;US;False;1;2026-08-17
texte;plus de 200 caractères;15782623238310293347;AniCura Bergisch Gladbach;Europe;False;1;2026-08-19
texte;plus de 200 caractères;15855620533885071362;Auto Bierschneider;Europe;False;1;2026-08-12
texte;plus de 200 caractères;1588045585774572368;Istra Premium Camping Resort;Europe;False;1;2026-08-13
texte;plus de 200 caractères;15979917185231430356;A Plus Garage Door Repair;US;False;1;2026-08-23
texte;plus de 200 caractères;16130034264863182789;The Grand Hotel;US;False;1;2026-08-16
texte;plus de 200 caractères;16170338589303360167;The Bend RV Park;US;False;1;2026-08-19
texte;plus de 200 caractères;16463535090029643023;Old Town Pour House (freedom Commons - Naperville);US;False;1;2026-08-24
texte;plus de 200 caractères;16469337811496657191;Pointe Pest Control;US;True;1;2026-08-12
texte;plus de 200 caractères;16549891742331617014;Abilene Dermatology and Skin;US;False;1;2026-08-22
texte;plus de 200 caractères;17027544060444986973;Hipotels Bahía Grande;Europe;False;1;2026-08-20
texte;plus de 200 caractères;17160257379698395021;Michael R Martineau;US;False;1;2026-08-20
texte;plus de 200 caractères;17194856329662937823;Hotel Rural Carlos I;Europe;False;1;2026-08-19
texte;plus de 200 caractères;17297052927911918590;Hertz Autovermietung;Europe;False;1;2026-08-12
texte;plus de 200 caractères;178064072666686963;EcoShield Pest Solutions;US;True;1;2026-08-19
texte;plus de 200 caractères;18114601915347633250;Lee M. Angioletti;US;False;1;2026-08-17
texte;plus de 200 caractères;18132941267052248039;Just Refreshed Aesthetics;US;False;1;2026-08-18
texte;plus de 200 caractères;18143610989022699807;SkinSpirit Roslyn Heights;US;False;1;2026-08-17
texte;plus de 200 caractères;18160242326678368511;Northwest Motor Group;US;False;1;2026-08-15
texte;plus de 200 caractères;18250774199179914288;Slow Village Anduze;Europe;False;1;2026-08-14
texte;plus de 200 caractères;18371253483526610359;Bulwark Exterminating;US;True;1;2026-08-21
texte;plus de 200 caractères;1944574178176983755;Qargo Coffee;US;False;1;2026-08-17
texte;plus de 200 caractères;2281360171323098495;CareVet of Shoreline;US;False;1;2026-08-17
texte;plus de 200 caractères;246095253791495383;Halbite;Europe;False;1;2026-08-17
texte;plus de 200 caractères;2549079542246731788;MXO Rooftop;Europe;False;1;2026-08-21
texte;plus de 200 caractères;2680144292534599937;HT Fitness;US;False;1;2026-08-24
texte;plus de 200 caractères;2745747141372267109;Royal Charters Mallorca;Europe;False;1;2026-08-18
texte;plus de 200 caractères;2799040813008286606;Tipsy Tiki Fmb;US;False;1;2026-08-23
texte;plus de 200 caractères;3055526259022060684;Detailcar Aqua Multiespacio;Europe;False;1;2026-08-13
texte;plus de 200 caractères;3088388366389061829;Pointe Pest Control;US;True;1;2026-08-19
texte;plus de 200 caractères;316878406668790307;Adventure Dental;US;False;1;2026-08-20
texte;plus de 200 caractères;3187607110245052706;Denali Park Zipline;US;False;1;2026-08-18
texte;plus de 200 caractères;3204333037205289385;Cuisinella Val d'Europe;Europe;False;1;2026-08-14
texte;plus de 200 caractères;3478475095175863634;UNA Hotel Bologna;Europe;False;1;2026-08-24
texte;plus de 200 caractères;3548043799334044547;Anchor Inn Lodge;US;False;1;2026-08-18
texte;plus de 200 caractères;3705572903770911909;Other Place;US;False;1;2026-08-16
texte;plus de 200 caractères;3792836982665205875;Camping Les Sirènes - Campéole;Europe;False;1;2026-08-20
texte;plus de 200 caractères;3881615387971294091;Spa Zuiver;Europe;False;1;2026-08-16
texte;plus de 200 caractères;4009596460761180782;Crep'eat;Europe;False;1;2026-08-18
texte;plus de 200 caractères;4085625843546614708;Red Rocks Locksmith North Denver;US;False;1;2026-08-19
texte;plus de 200 caractères;4535259281716615882;EcoShield Pest Solutions;US;True;1;2026-08-16
texte;plus de 200 caractères;4924676720586514423;Mr. Clean Autopflege;Europe;False;1;2026-08-19
texte;plus de 200 caractères;5119810349067443765;Clarion Hotel The Hub;Europe;False;1;2026-08-13
texte;plus de 200 caractères;5493948664261571918;Minicamping en Theeschenkerij De Brinkhoeve;Europe;False;1;2026-08-18
texte;plus de 200 caractères;5644271922112783363;Vakantiepark Capfun - Het Winkel;Europe;False;1;2026-08-13
texte;plus de 200 caractères;587102981669669421;Vakantiepark Capfun De Rotonde;Europe;False;1;2026-08-14
texte;plus de 200 caractères;5999991654383813138;EcoShield Pest Solutions;US;True;1;2026-08-19
texte;plus de 200 caractères;6064403375455709139;Cuisinella;Europe;False;1;2026-08-21
texte;plus de 200 caractères;6453711745241527355;Premier Pest Control LLC;US;False;1;2026-08-21
texte;plus de 200 caractères;6595076367186224579;Darty;Europe;False;1;2026-08-20
texte;plus de 200 caractères;6832155753295535633;Insight Pest Solutions;US;True;1;2026-08-18
texte;plus de 200 caractères;6869486844088751364;Rosa Bonheur à l'Ouest;Europe;False;1;2026-08-19
texte;plus de 200 caractères;6974005517924331668;"Бирария ""Do Re Mi""";Europe;False;1;2026-08-17
texte;plus de 200 caractères;7071381681211698134;Grismer Tire and Auto Service Center;US;False;1;2026-08-19
texte;plus de 200 caractères;7651945305551643280;Chania Boat Tours;Europe;False;1;2026-08-22
texte;plus de 200 caractères;817498439303474635;EcoShield Pest Solutions;US;True;1;2026-08-12
texte;plus de 200 caractères;8264250907553977852;Carolina Ale House;US;False;1;2026-08-22
texte;plus de 200 caractères;8282528182233977034;Cape Coral Boat Cruises;US;False;1;2026-08-21
texte;plus de 200 caractères;8295483025098590212;Parker Cornea;US;False;1;2026-08-16
texte;plus de 200 caractères;8323898039823195571;Pointe Pest Control;US;True;1;2026-08-15
texte;plus de 200 caractères;8357807472690442969;Green Pest Services;US;False;1;2026-08-17
texte;plus de 200 caractères;8675258714044865202;Aqua Plumbing and Air;US;False;1;2026-08-19
texte;plus de 200 caractères;9026909565558195702;ABC Home & Commercial Services;US;False;1;2026-08-23
texte;plus de 200 caractères;915220753679008263;Fairway Lawns of Tulsa;US;False;1;2026-08-20
texte;plus de 200 caractères;9166889712521968380;Advantage Rent A Car;US;False;1;2026-08-18
texte;plus de 200 caractères;9202959950480882588;AIRE Ancient Baths;US;False;1;2026-08-20
texte;plus de 200 caractères;9284506857513497045;ABC Home & Commercial Services;US;False;1;2026-08-15
texte;plus de 200 caractères;9372823467771251065;Jalilo;Europe;False;1;2026-08-17
texte;plus de 200 caractères;9411249691461597325;Saltic Resort & Spa Leba;Europe;False;1;2026-08-18
texte;plus de 200 caractères;9951250439450898048;Abba San Sebastian;Europe;False;1;2026-08-17
texte;sans texte;10746082602604012869;Insight Pest Solutions;US;True;21;2026-08-12, 2026-08-16, 2026-08-17, 2026-08-18, 2026-08-19, 2026-08-20, 2026-08-21, 2026-08-22
texte;sans texte;10346942689164695031;The Boxer Club;Europe;True;15;2026-08-13, 2026-08-14, 2026-08-17, 2026-08-22, 2026-08-23
texte;sans texte;6864222717854006596;Insight Pest Solutions;US;True;11;2026-08-12, 2026-08-16, 2026-08-17, 2026-08-18, 2026-08-19, 2026-08-24
texte;sans texte;6832155753295535633;Insight Pest Solutions;US;True;10;2026-08-12, 2026-08-13, 2026-08-16, 2026-08-17, 2026-08-19, 2026-08-22, 2026-08-24
texte;sans texte;13357493140933391105;Insight Pest Solutions;US;True;8;2026-08-12, 2026-08-13, 2026-08-16, 2026-08-18, 2026-08-19, 2026-08-24
texte;sans texte;12319304188118263291;Pizza Hut Debrecen Plaza;Europe;False;7;2026-08-23
texte;sans texte;1943990090783039974;United Air Temp;US;False;7;2026-08-22, 2026-08-23
texte;sans texte;11183164932977516690;Insight Pest Solutions;US;True;6;2026-08-13, 2026-08-16, 2026-08-22
texte;sans texte;3595820309544267485;EcoShield Pest Solutions;US;True;6;2026-08-13, 2026-08-16, 2026-08-19, 2026-08-24
texte;sans texte;11752525017306549612;Insight Pest Solutions;US;True;5;2026-08-13, 2026-08-16, 2026-08-18, 2026-08-19, 2026-08-23
texte;sans texte;13149966690726534760;Green Pest Services;US;False;5;2026-08-16, 2026-08-21, 2026-08-22
texte;sans texte;16201181649805957681;Heart and Vascular Care;US;False;5;2026-08-16, 2026-08-20
texte;sans texte;16867174010602496547;Northwest Exterminating;US;False;5;2026-08-12, 2026-08-13, 2026-08-16, 2026-08-20, 2026-08-21
texte;sans texte;17251484945567213252;Globales Simar;Europe;False;5;2026-08-18, 2026-08-21, 2026-08-22, 2026-08-23
texte;sans texte;2680144292534599937;HT Fitness;US;False;5;2026-08-17, 2026-08-19, 2026-08-23
texte;sans texte;3464619508278537951;Chatham Orthopaedic Associates;US;False;5;2026-08-17, 2026-08-18, 2026-08-19, 2026-08-20
texte;sans texte;5119810349067443765;Clarion Hotel The Hub;Europe;False;5;2026-08-13
texte;sans texte;7864325941761932328;Globales Maioris;Europe;False;5;2026-08-21, 2026-08-22
texte;sans texte;8592193049411979519;EcoShield Pest Solutions;US;True;5;2026-08-16, 2026-08-19, 2026-08-20, 2026-08-21
texte;sans texte;10505273405281271038;Cedar Park Overhead Doors;US;False;4;2026-08-15, 2026-08-19, 2026-08-21
texte;sans texte;11527874769595828404;Pointe Pest Control;US;True;4;2026-08-12, 2026-08-16, 2026-08-17, 2026-08-20
texte;sans texte;118597015968253014;EcoShield Pest Solutions Chicago East;US;False;4;2026-08-16, 2026-08-17
texte;sans texte;11882525582487875452;Northwest Exterminating;US;False;4;2026-08-17, 2026-08-19, 2026-08-23
texte;sans texte;146333011060678538;Northwest Exterminating;US;False;4;2026-08-13, 2026-08-21, 2026-08-23
texte;sans texte;14825598912279374964;Chatham Sports Medicine & Physical Therapy;US;False;4;2026-08-13, 2026-08-16, 2026-08-17, 2026-08-18
texte;sans texte;16932179925125573715;Pointe Pest Control;US;True;4;2026-08-12, 2026-08-16, 2026-08-19
texte;sans texte;4433090577107943247;EcoShield Pest Solutions;US;True;4;2026-08-16, 2026-08-19, 2026-08-23
texte;sans texte;6220232788059998036;Heart and Vascular Care;US;False;4;2026-08-16, 2026-08-19, 2026-08-20
texte;sans texte;6979673743686913152;EcoShield Pest Solutions;US;True;4;2026-08-12, 2026-08-18, 2026-08-23
texte;sans texte;718178259547467488;Pointe Pest Control;US;True;4;2026-08-13, 2026-08-19, 2026-08-21, 2026-08-23
texte;sans texte;8272933981059498407;Heart and Vascular Care;US;False;4;2026-08-16, 2026-08-19, 2026-08-20, 2026-08-21
texte;sans texte;14933790454100186775;Pointe Pest Control;US;True;3;2026-08-16, 2026-08-19, 2026-08-21
texte;sans texte;15030713588446975167;EcoShield Pest Solutions;US;True;3;2026-08-20
texte;sans texte;16248341169641882523;Insight Pest Solutions;US;True;3;2026-08-12, 2026-08-16, 2026-08-21
texte;sans texte;3203854443950401309;HT Fitness;US;False;3;2026-08-12, 2026-08-17, 2026-08-19
texte;sans texte;3352767676680426036;Solve Pest Pros;US;False;3;2026-08-21, 2026-08-22
texte;sans texte;4535259281716615882;EcoShield Pest Solutions;US;True;3;2026-08-16, 2026-08-17, 2026-08-19
texte;sans texte;5063341140303696786;Pointe Pest Control;US;True;3;2026-08-12, 2026-08-19, 2026-08-21
texte;sans texte;6278096211291522244;Active Pest Control;US;False;3;2026-08-19, 2026-08-20
texte;sans texte;6665036569245004844;EcoShield Pest Solutions;US;True;3;2026-08-19, 2026-08-21
texte;sans texte;7645830286416566420;Pointe Pest Control;US;True;3;2026-08-16, 2026-08-20
texte;sans texte;7651945305551643280;Chania Boat Tours;Europe;False;3;2026-08-21, 2026-08-22
texte;sans texte;8514033496595338463;Chatham Orthopaedic Associates;US;False;3;2026-08-16, 2026-08-20, 2026-08-23
texte;sans texte;10647645013357446509;Pointe Pest Control;US;True;2;2026-08-16, 2026-08-17
texte;sans texte;10789067178806450248;Fitness First Griesheim;Europe;False;2;2026-08-17, 2026-08-21
texte;sans texte;10896163602322254565;Mumbai Masala Playa Paraíso;Europe;False;2;2026-08-20, 2026-08-22
texte;sans texte;11001368659838863228;Pointe Pest Control;US;True;2;2026-08-20, 2026-08-23
texte;sans texte;11660062678522630526;Sierra Pacific Orthopedics;US;False;2;2026-08-16, 2026-08-18
texte;sans texte;12242899512208579596;Insight Pest Solutions;US;True;2;2026-08-16
texte;sans texte;13142875894045715065;Green Pest Services;US;False;2;2026-08-21, 2026-08-22
texte;sans texte;14735899687559181627;SuperGreen Irrigation;US;False;2;2026-08-15, 2026-08-16
texte;sans texte;15083526705897946018;Heart and Vascular Care;US;False;2;2026-08-23
texte;sans texte;15168756511886563707;Dermatology Affiliates;US;False;2;2026-08-20, 2026-08-21
texte;sans texte;15705776624659968059;Fairway Lawns of Springdale;US;False;2;2026-08-18, 2026-08-24
texte;sans texte;15928859670822937545;Pointe Pest Control;US;True;2;2026-08-14, 2026-08-17
texte;sans texte;16385710373382858530;DKamping Village;Europe;False;2;2026-08-16
texte;sans texte;16469337811496657191;Pointe Pest Control;US;True;2;2026-08-12, 2026-08-16
texte;sans texte;16880400502719876773;Pointe Pest Control;US;True;2;2026-08-16, 2026-08-24
texte;sans texte;18087544658842131373;Pointe Pest Control;US;True;2;2026-08-21
texte;sans texte;3088388366389061829;Pointe Pest Control;US;True;2;2026-08-16, 2026-08-20
texte;sans texte;3164305209948048623;Pointe Pest Control;US;True;2;2026-08-17, 2026-08-24
texte;sans texte;5480379830228378813;Polo line - vacation rentals;Europe;False;2;2026-08-20, 2026-08-21
texte;sans texte;6360580975601342886;Carolina Ale House;US;False;2;2026-08-16
texte;sans texte;7478870134232076043;Rocky Mountain Balloon Adventures;US;False;2;2026-08-22, 2026-08-23
texte;sans texte;8115244571708845709;Cocoa Beach Catamaran;US;False;2;2026-08-16
texte;sans texte;817498439303474635;EcoShield Pest Solutions;US;True;2;2026-08-16
texte;sans texte;8323898039823195571;Pointe Pest Control;US;True;2;2026-08-16, 2026-08-23
texte;sans texte;8357807472690442969;Green Pest Services;US;False;2;2026-08-17, 2026-08-21
texte;sans texte;10121891181019347598;Fox Rent A Car;US;False;1;2026-08-16
texte;sans texte;11152419033877693945;Camping Campéole Le Coiroux;Europe;False;1;2026-08-13
texte;sans texte;11746939377458501797;Green Pest Services;US;False;1;2026-08-16
texte;sans texte;12399650223478194238;Schön Klinik Hamburg Eilbek;Europe;False;1;2026-08-13
texte;sans texte;12523973092132012183;EcoShield Pest Solutions;US;True;1;2026-08-17
texte;sans texte;12924136556389994153;ABC Home & Commercial Services;US;False;1;2026-08-16
texte;sans texte;1320861146435177408;Fox Rent A Car Denver;US;False;1;2026-08-16
texte;sans texte;13228969405843925211;Pointe Pest Control;US;True;1;2026-08-15
texte;sans texte;13259321554512244271;Massage & Spa;US;False;1;2026-08-12
texte;sans texte;13919628842978940702;Masajes Eróticos Alicante Eternal Massage;Europe;False;1;2026-08-23
texte;sans texte;14820991856221490337;Camping Les Pirons;Europe;False;1;2026-08-18
texte;sans texte;15428563441085278652;Relaxia Los Girasoles Bungalows;Europe;False;1;2026-08-24
texte;sans texte;15615984558165321771;Dermatology Affiliates (East Cobb);US;False;1;2026-08-16
texte;sans texte;16011688751403367255;Doral Toyota;US;False;1;2026-08-23
texte;sans texte;16054806172650950917;Abeauty Clinique Galati;Europe;False;1;2026-08-23
texte;sans texte;16491711330372966734;Mavericks Pizza Hangar;US;False;1;2026-08-16
texte;sans texte;1695214525620865262;Adobe Day Spa and Chiropractics;US;False;1;2026-08-22
texte;sans texte;1697023132609060386;Ichiban Japanese Bistro;US;False;1;2026-08-20
texte;sans texte;17021217626669606631;Black Hills Helicopters;US;False;1;2026-08-18
texte;sans texte;17202679942767108315;ABC Home & Commercial Services;US;False;1;2026-08-16
texte;sans texte;178064072666686963;EcoShield Pest Solutions;US;True;1;2026-08-18
texte;sans texte;17897632292626765009;AniCura Kleintierspezialisten Augsburg;Europe;False;1;2026-08-20
texte;sans texte;2220821433190157995;Alannia Salou;Europe;False;1;2026-08-24
texte;sans texte;2699950723330237401;Tanner Clinic;US;False;1;2026-08-17
texte;sans texte;2797183553179767293;Rocket Carwash;US;False;1;2026-08-19
texte;sans texte;3163466139043001754;Boutique The Boxer Club Dr Castelo;Europe;True;1;2026-08-15
texte;sans texte;319943520006464494;Speakeasy Fitness;US;False;1;2026-08-17
texte;sans texte;357179753298412712;Camping Adriatico;Europe;False;1;2026-08-16
texte;sans texte;3932259871970128515;Alaska Fracture and Orthopedic Clinic;US;False;1;2026-08-17
texte;sans texte;4397473550123468841;Adventure Dental, Vision and Orthodontics;US;False;1;2026-08-17
texte;sans texte;4479702789086504102;MedVet Columbus;US;False;1;2026-08-23
texte;sans texte;471022147629183520;Insight Pest Solutions;US;True;1;2026-08-12
texte;sans texte;4963556190372573154;Chéri;Europe;False;1;2026-08-15
texte;sans texte;5050554609943149474;Samesun Hollywood;US;False;1;2026-08-15
texte;sans texte;5088659347287832281;Elaya Hotel Stuttgart Boeblingen;Europe;False;1;2026-08-14
texte;sans texte;5291096098763143504;Pizza Hut Express;Europe;False;1;2026-08-19
texte;sans texte;6391557302667666156;Babe's Plumbing, Inc. & Fire Sprinklers;US;False;1;2026-08-23
texte;sans texte;7127113031759927143;Buchanan Classics;US;False;1;2026-08-22
texte;sans texte;7446569207813309645;Stadio Restaurants Herastrau;Europe;False;1;2026-08-20
texte;sans texte;7511492220568495848;Bonjour Tagungshotel Stuttgart Gerlingen;Europe;False;1;2026-08-21
texte;sans texte;8117786734318428670;Sunshine Ballooning;Europe;False;1;2026-08-18
texte;sans texte;8207176407898555793;Advantage Roofing Company;US;False;1;2026-08-23
texte;sans texte;8256016555611678921;Solve Pest Pros;US;False;1;2026-08-16
texte;sans texte;8303557791751296465;Insight Pest Solutions;US;True;1;2026-08-19
texte;sans texte;8662000526093675280;Comfort Hotel Porsgrunn;Europe;False;1;2026-08-19
texte;sans texte;8675258714044865202;Aqua Plumbing and Air;US;False;1;2026-08-16
texte;sans texte;9026909565558195702;ABC Home & Commercial Services;US;False;1;2026-08-23
texte;sans texte;9284506857513497045;ABC Home & Commercial Services;US;False;1;2026-08-15
texte;sans texte;9555804487296852186;Homemade Taqueria Meeker Ave;US;False;1;2026-08-20
texte;sans texte;9921186577906344541;A Plus Plumbing;US;False;1;2026-08-20
