age;habitude;reponse;cid;enseigne;region;taille;enseigne_signalee;suppressions;jours_de_suppression
8 à 30 jours;75 % ou moins;répondu avant le 11 août;10346942689164695031;The Boxer Club;Europe;large;True;72;2026-08-12, 2026-08-18, 2026-08-22, 2026-08-23
8 à 30 jours;75 % ou moins;répondu avant le 11 août;3163466139043001754;Boutique The Boxer Club Dr Castelo;Europe;large;True;57;2026-08-16, 2026-08-22, 2026-08-23
8 à 30 jours;75 % ou moins;répondu avant le 11 août;10505273405281271038;Cedar Park Overhead Doors;US;small;False;7;2026-08-12, 2026-08-13, 2026-08-16
8 à 30 jours;75 % ou moins;répondu avant le 11 août;6278096211291522244;Active Pest Control;US;large;False;5;2026-08-17
8 à 30 jours;75 % ou moins;répondu avant le 11 août;13454390046806476880;Hand and Stone Massage and Facial Spa;US;mono;False;4;2026-08-17, 2026-08-18
8 à 30 jours;75 % ou moins;répondu avant le 11 août;2581892313902237641;EcoShield Pest Solutions New York;US;large;False;3;2026-08-12, 2026-08-13
8 à 30 jours;75 % ou moins;répondu avant le 11 août;5050554609943149474;Samesun Hollywood;US;small;False;3;2026-08-13, 2026-08-16
8 à 30 jours;75 % ou moins;répondu avant le 11 août;1170032933570706895;Fitness 1440;US;large;False;1;2026-08-12
8 à 30 jours;75 % ou moins;répondu avant le 11 août;13682614441707672579;Active Pest Control;US;large;False;1;2026-08-12
8 à 30 jours;75 % ou moins;répondu avant le 11 août;14112705270114144342;Camping Capfun Vlinderloo;Europe;large;False;1;2026-08-13
8 à 30 jours;75 % ou moins;répondu avant le 11 août;16069512827606530358;Courtyard by Marriott Hanover Whippany;US;mono;False;1;2026-08-18
8 à 30 jours;75 % ou moins;répondu avant le 11 août;178064072666686963;EcoShield Pest Solutions;US;large;True;1;2026-08-12
8 à 30 jours;75 % ou moins;répondu avant le 11 août;2087225695153470438;Live On Air Fallsview Balloon Ride;US;mono;False;1;2026-08-12
8 à 30 jours;75 % ou moins;répondu avant le 11 août;7083299842212987279;Torches On The Hudson;US;mono;False;1;2026-08-19
8 à 30 jours;75 % ou moins;répondu avant le 11 août;8659221931591230635;Camping La Foret;Europe;large;False;1;2026-08-15
8 à 30 jours;75 % ou moins;sans réponse;3163466139043001754;Boutique The Boxer Club Dr Castelo;Europe;large;True;133;2026-08-13, 2026-08-16, 2026-08-17, 2026-08-22, 2026-08-23
8 à 30 jours;75 % ou moins;sans réponse;10346942689164695031;The Boxer Club;Europe;large;True;42;2026-08-12, 2026-08-17, 2026-08-18, 2026-08-22, 2026-08-23
8 à 30 jours;75 % ou moins;sans réponse;12242899512208579596;Insight Pest Solutions;US;large;True;28;2026-08-12, 2026-08-13, 2026-08-16
8 à 30 jours;75 % ou moins;sans réponse;817498439303474635;EcoShield Pest Solutions;US;large;True;20;2026-08-12, 2026-08-13, 2026-08-17
8 à 30 jours;75 % ou moins;sans réponse;7478870134232076043;Rocky Mountain Balloon Adventures;US;mono;False;13;2026-08-22, 2026-08-23
8 à 30 jours;75 % ou moins;sans réponse;10746082602604012869;Insight Pest Solutions;US;large;True;12;2026-08-12, 2026-08-16, 2026-08-17, 2026-08-23
8 à 30 jours;75 % ou moins;sans réponse;6229159286904412148;Stadio Unirii;Europe;small;False;12;2026-08-12, 2026-08-15
8 à 30 jours;75 % ou moins;sans réponse;3862407046066641134;Overhead Door Co Of Norwich;US;small;False;10;2026-08-12, 2026-08-13, 2026-08-18
8 à 30 jours;75 % ou moins;sans réponse;4535259281716615882;EcoShield Pest Solutions;US;large;True;7;2026-08-17
8 à 30 jours;75 % ou moins;sans réponse;8592193049411979519;EcoShield Pest Solutions;US;large;True;7;2026-08-17
8 à 30 jours;75 % ou moins;sans réponse;15702480480125668198;Fox Rent A Car;US;large;False;6;2026-08-24
8 à 30 jours;75 % ou moins;sans réponse;1697023132609060386;Ichiban Japanese Bistro;US;small;False;6;2026-08-12, 2026-08-14, 2026-08-22
8 à 30 jours;75 % ou moins;sans réponse;10789067178806450248;Fitness First Griesheim;Europe;small;False;5;2026-08-23
8 à 30 jours;75 % ou moins;sans réponse;13454390046806476880;Hand and Stone Massage and Facial Spa;US;mono;False;5;2026-08-16, 2026-08-17
8 à 30 jours;75 % ou moins;sans réponse;4433090577107943247;EcoShield Pest Solutions;US;large;True;5;2026-08-12, 2026-08-16, 2026-08-17
8 à 30 jours;75 % ou moins;sans réponse;8295483025098590212;Parker Cornea;US;mono;False;5;2026-08-12, 2026-08-13
8 à 30 jours;75 % ou moins;sans réponse;11660062678522630526;Sierra Pacific Orthopedics;US;small;False;4;2026-08-12, 2026-08-15, 2026-08-19
8 à 30 jours;75 % ou moins;sans réponse;178064072666686963;EcoShield Pest Solutions;US;large;True;4;2026-08-12, 2026-08-13
8 à 30 jours;75 % ou moins;sans réponse;11026334113574303649;Coast Fit Lab;Europe;mono;False;3;2026-08-15, 2026-08-20, 2026-08-23
8 à 30 jours;75 % ou moins;sans réponse;13801744141903121032;citizenM Paris Charles de Gaulle Airport Hôtel;Europe;large;False;3;2026-08-23
8 à 30 jours;75 % ou moins;sans réponse;15030713588446975167;EcoShield Pest Solutions;US;large;True;3;2026-08-16, 2026-08-17
8 à 30 jours;75 % ou moins;sans réponse;15988802449719167788;Gloobo Paseos y Publicidad en Globo;Europe;mono;False;3;2026-08-22, 2026-08-23
8 à 30 jours;75 % ou moins;sans réponse;16201181649805957681;Heart and Vascular Care;US;large;False;3;2026-08-12
8 à 30 jours;75 % ou moins;sans réponse;17855870789663755598;Fox Rent A Car San Diego;US;large;False;3;2026-08-16, 2026-08-17
8 à 30 jours;75 % ou moins;sans réponse;3808829296411201732;HDS Munich;Europe;small;False;3;2026-08-14
8 à 30 jours;75 % ou moins;sans réponse;6179693701913506861;citizenM Chicago Downtown;US;large;False;3;2026-08-12
8 à 30 jours;75 % ou moins;sans réponse;6665036569245004844;EcoShield Pest Solutions;US;large;True;3;2026-08-14, 2026-08-17
8 à 30 jours;75 % ou moins;sans réponse;7651945305551643280;Chania Boat Tours;Europe;mono;False;3;2026-08-18, 2026-08-22
8 à 30 jours;75 % ou moins;sans réponse;8173690169693600909;Fox Rent A Car;US;large;False;3;2026-08-12, 2026-08-15, 2026-08-21
8 à 30 jours;75 % ou moins;sans réponse;9026909565558195702;ABC Home & Commercial Services;US;large;False;3;2026-08-23
8 à 30 jours;75 % ou moins;sans réponse;118597015968253014;EcoShield Pest Solutions Chicago East;US;large;False;2;2026-08-12
8 à 30 jours;75 % ou moins;sans réponse;1320861146435177408;Fox Rent A Car Denver;US;large;False;2;2026-08-12, 2026-08-16
8 à 30 jours;75 % ou moins;sans réponse;13897763736459627580;Pizza Hut Budapest Király;Europe;large;False;2;2026-08-23, 2026-08-24
8 à 30 jours;75 % ou moins;sans réponse;15083526705897946018;Heart and Vascular Care;US;large;False;2;2026-08-16, 2026-08-17
8 à 30 jours;75 % ou moins;sans réponse;16002063853041743938;Club Hamburg Wandsbek;Europe;large;False;2;2026-08-23
8 à 30 jours;75 % ou moins;sans réponse;17386340099974746385;Wyndham Grand Orlando Resort Bonnet Creek;US;small;False;2;2026-08-24
8 à 30 jours;75 % ou moins;sans réponse;2680144292534599937;HT Fitness;US;small;False;2;2026-08-12, 2026-08-13
8 à 30 jours;75 % ou moins;sans réponse;3187607110245052706;Denali Park Zipline;US;mono;False;2;2026-08-17
8 à 30 jours;75 % ou moins;sans réponse;3203854443950401309;HT Fitness;US;small;False;2;2026-08-12
8 à 30 jours;75 % ou moins;sans réponse;4272684922168596772;Bulwark Exterminating Corporate;US;large;False;2;2026-08-17
8 à 30 jours;75 % ou moins;sans réponse;5050554609943149474;Samesun Hollywood;US;small;False;2;2026-08-13, 2026-08-16
8 à 30 jours;75 % ou moins;sans réponse;6438193657888648583;Stadio;Europe;small;False;2;2026-08-15, 2026-08-18
8 à 30 jours;75 % ou moins;sans réponse;10121891181019347598;Fox Rent A Car;US;large;False;1;2026-08-17
8 à 30 jours;75 % ou moins;sans réponse;10874432993910371509;Al Ponte;Europe;small;False;1;2026-08-17
8 à 30 jours;75 % ou moins;sans réponse;10896163602322254565;Mumbai Masala Playa Paraíso;Europe;mono;False;1;2026-08-23
8 à 30 jours;75 % ou moins;sans réponse;12128138791430243883;Publica Pub;Europe;mono;False;1;2026-08-19
8 à 30 jours;75 % ou moins;sans réponse;12179770780704989290;Dojo Studio;US;small;False;1;2026-08-12
8 à 30 jours;75 % ou moins;sans réponse;12361951514241394946;DAD's Appliance Repair;US;mono;False;1;2026-08-12
8 à 30 jours;75 % ou moins;sans réponse;13919628842978940702;Masajes Eróticos Alicante Eternal Massage;Europe;mono;False;1;2026-08-22
8 à 30 jours;75 % ou moins;sans réponse;14026434177734694218;Ichiban Japanese Steakhouse;US;small;False;1;2026-08-13
8 à 30 jours;75 % ou moins;sans réponse;14629049545530944872;Leopoldo Infante;Europe;small;False;1;2026-08-17
8 à 30 jours;75 % ou moins;sans réponse;14666919333940096096;Adventure Dental, Vision, and Orthodontics;US;large;False;1;2026-08-12
8 à 30 jours;75 % ou moins;sans réponse;14810856172621276659;SABA Soluzioni Casa;Europe;mono;False;1;2026-08-13
8 à 30 jours;75 % ou moins;sans réponse;15632864641332749609;EcoShield Pest Solutions;US;large;True;1;2026-08-22
8 à 30 jours;75 % ou moins;sans réponse;15651446065378702938;Pizza Hut;Europe;large;False;1;2026-08-14
8 à 30 jours;75 % ou moins;sans réponse;16011688751403367255;Doral Toyota;US;small;False;1;2026-08-16
8 à 30 jours;75 % ou moins;sans réponse;16549891742331617014;Abilene Dermatology and Skin;US;mono;False;1;2026-08-20
8 à 30 jours;75 % ou moins;sans réponse;17575909294763371635;Oli's Trolley Inc.;US;mono;False;1;2026-08-17
8 à 30 jours;75 % ou moins;sans réponse;17699857782641222447;Drive N-Motion Greeley;US;small;False;1;2026-08-23
8 à 30 jours;75 % ou moins;sans réponse;1775229174281721407;Clinica Reina Victoria;Europe;small;False;1;2026-08-15
8 à 30 jours;75 % ou moins;sans réponse;18077385796420396658;RZbandenservice BV;Europe;mono;False;1;2026-08-15
8 à 30 jours;75 % ou moins;sans réponse;18315521293115672019;South Cali Air Conditioning;US;mono;False;1;2026-08-14
8 à 30 jours;75 % ou moins;sans réponse;1989773721390893729;Camping Alyzia;Europe;mono;False;1;2026-08-22
8 à 30 jours;75 % ou moins;sans réponse;2101867464756467004;Curry Chevrolet;US;mono;False;1;2026-08-21
8 à 30 jours;75 % ou moins;sans réponse;2220821433190157995;Alannia Salou;Europe;small;False;1;2026-08-24
8 à 30 jours;75 % ou moins;sans réponse;2514272589170093395;Zrcę beach;Europe;mono;False;1;2026-08-14
8 à 30 jours;75 % ou moins;sans réponse;2526396418332727959;Far Horizons RV Park & Resort;US;large;False;1;2026-08-19
8 à 30 jours;75 % ou moins;sans réponse;2982711827784274142;Trattoria Al Galo;Europe;mono;False;1;2026-08-15
8 à 30 jours;75 % ou moins;sans réponse;3595820309544267485;EcoShield Pest Solutions;US;large;True;1;2026-08-12
8 à 30 jours;75 % ou moins;sans réponse;3707646942252676787;Signature Smiles;US;mono;False;1;2026-08-12
8 à 30 jours;75 % ou moins;sans réponse;3856632261014919795;Keyless Shop Locksmith;US;large;False;1;2026-08-12
8 à 30 jours;75 % ou moins;sans réponse;404595490627409683;Aus KUHOTEL by Rilano wird in Kürze elaya hotel steinplatte;Europe;large;False;1;2026-08-13
8 à 30 jours;75 % ou moins;sans réponse;5687797684349236333;Grismer Tire and Auto Service Center;US;large;False;1;2026-08-12
8 à 30 jours;75 % ou moins;sans réponse;6323770338399181453;Parque de Campismo Orbitur Angeiras;Europe;large;False;1;2026-08-12
8 à 30 jours;75 % ou moins;sans réponse;6502573362355139479;Dr. Mojtaba Ordobazari Tierarztliche Praxis;Europe;small;False;1;2026-08-13
8 à 30 jours;75 % ou moins;sans réponse;6979673743686913152;EcoShield Pest Solutions;US;large;True;1;2026-08-12
8 à 30 jours;75 % ou moins;sans réponse;750717149167132589;Moses Used Supercenter;US;small;False;1;2026-08-14
8 à 30 jours;75 % ou moins;sans réponse;8117786734318428670;Sunshine Ballooning;Europe;mono;False;1;2026-08-23
8 à 30 jours;75 % ou moins;sans réponse;8163064894124539750;The: Memphian Hotel;US;mono;False;1;2026-08-14
8 à 30 jours;75 % ou moins;sans réponse;8272933981059498407;Heart and Vascular Care;US;large;False;1;2026-08-12
8 à 30 jours;75 % ou moins;sans réponse;8847924381782242875;Chewy Vet Care;US;small;False;1;2026-08-12
8 à 30 jours;75 % ou moins;sans réponse;9680210707368849928;E-Z Rent A Car;US;large;False;1;2026-08-17
8 à 30 jours;75 % ou moins;sans réponse;9720659306086328370;El Charrito Mexican Grill;US;small;False;1;2026-08-14
8 à 30 jours;75 % ou moins;sans réponse;9773764681262796319;Fox Rent A Car Miami;US;large;False;1;2026-08-12
8 à 30 jours;plus de 75 %;répondu avant le 11 août;11683972207017833004;Empire Today;US;large;False;16;2026-08-12, 2026-08-13
8 à 30 jours;plus de 75 %;répondu avant le 11 août;15979917185231430356;A Plus Garage Door Repair;US;large;False;13;2026-08-12, 2026-08-16, 2026-08-17
8 à 30 jours;plus de 75 %;répondu avant le 11 août;9955525685526011894;Reno Massage Tree;US;mono;False;12;2026-08-16, 2026-08-17
8 à 30 jours;plus de 75 %;répondu avant le 11 août;3352767676680426036;Solve Pest Pros;US;small;False;10;2026-08-21, 2026-08-22
8 à 30 jours;plus de 75 %;répondu avant le 11 août;11381632064786343361;Bobcat Wildlife & Pest Management;US;mono;False;9;2026-08-16, 2026-08-17, 2026-08-18
8 à 30 jours;plus de 75 %;répondu avant le 11 août;17251484945567213252;Globales Simar;Europe;large;False;9;2026-08-19, 2026-08-22, 2026-08-23
8 à 30 jours;plus de 75 %;répondu avant le 11 août;8675258714044865202;Aqua Plumbing and Air;US;small;False;9;2026-08-12, 2026-08-13, 2026-08-16, 2026-08-17
8 à 30 jours;plus de 75 %;répondu avant le 11 août;11882525582487875452;Northwest Exterminating;US;small;False;8;2026-08-16, 2026-08-17
8 à 30 jours;plus de 75 %;répondu avant le 11 août;2034461622997448093;Bulwark Exterminating;US;large;True;8;2026-08-17, 2026-08-18
8 à 30 jours;plus de 75 %;répondu avant le 11 août;2423693438449052039;Bulwark Exterminating;US;large;True;8;2026-08-17, 2026-08-20
8 à 30 jours;plus de 75 %;répondu avant le 11 août;4350811955412203628;Streetside Classics;US;small;False;8;2026-08-22, 2026-08-23
8 à 30 jours;plus de 75 %;répondu avant le 11 août;4479702789086504102;MedVet Columbus;US;large;False;8;2026-08-20
8 à 30 jours;plus de 75 %;répondu avant le 11 août;6864222717854006596;Insight Pest Solutions;US;large;True;8;2026-08-12, 2026-08-18
8 à 30 jours;plus de 75 %;répondu avant le 11 août;16248341169641882523;Insight Pest Solutions;US;large;True;7;2026-08-12, 2026-08-16, 2026-08-23
8 à 30 jours;plus de 75 %;répondu avant le 11 août;1943990090783039974;United Air Temp;US;large;False;7;2026-08-22, 2026-08-23
8 à 30 jours;plus de 75 %;répondu avant le 11 août;13357493140933391105;Insight Pest Solutions;US;large;True;6;2026-08-12
8 à 30 jours;plus de 75 %;répondu avant le 11 août;13462096640461798107;Precision Landscaping;US;small;False;6;2026-08-17
8 à 30 jours;plus de 75 %;répondu avant le 11 août;2799040813008286606;Tipsy Tiki Fmb;US;mono;False;6;2026-08-13, 2026-08-16
8 à 30 jours;plus de 75 %;répondu avant le 11 août;11752525017306549612;Insight Pest Solutions;US;large;True;5;2026-08-12
8 à 30 jours;plus de 75 %;répondu avant le 11 août;146333011060678538;Northwest Exterminating;US;small;False;5;2026-08-12, 2026-08-17
8 à 30 jours;plus de 75 %;répondu avant le 11 août;15924571821224028773;The Boxer Club Puerta del Sol;Europe;large;False;5;2026-08-23
8 à 30 jours;plus de 75 %;répondu avant le 11 août;16894789784437684017;Delta Sonic Car Wash;US;large;False;5;2026-08-16, 2026-08-17
8 à 30 jours;plus de 75 %;répondu avant le 11 août;5474549633975801069;OUTRIGGER Kauai Beach Resort & Spa;US;large;False;5;2026-08-17
8 à 30 jours;plus de 75 %;répondu avant le 11 août;6832155753295535633;Insight Pest Solutions;US;large;True;5;2026-08-12
8 à 30 jours;plus de 75 %;répondu avant le 11 août;12924136556389994153;ABC Home & Commercial Services;US;large;False;4;2026-08-13, 2026-08-17
8 à 30 jours;plus de 75 %;répondu avant le 11 août;16054806172650950917;Abeauty Clinique Galati;Europe;small;False;4;2026-08-23, 2026-08-24
8 à 30 jours;plus de 75 %;répondu avant le 11 août;16932179925125573715;Pointe Pest Control;US;large;True;4;2026-08-12, 2026-08-16, 2026-08-17
8 à 30 jours;plus de 75 %;répondu avant le 11 août;5063341140303696786;Pointe Pest Control;US;large;True;4;2026-08-17
8 à 30 jours;plus de 75 %;répondu avant le 11 août;6289730490558979524;Bulwark Exterminating;US;large;True;4;2026-08-20
8 à 30 jours;plus de 75 %;répondu avant le 11 août;7626411052152447263;The Spa at Cedarbrook Lodge;US;small;False;4;2026-08-12, 2026-08-17
8 à 30 jours;plus de 75 %;répondu avant le 11 août;8256016555611678921;Solve Pest Pros;US;small;False;4;2026-08-17, 2026-08-18
8 à 30 jours;plus de 75 %;répondu avant le 11 août;8282528182233977034;Cape Coral Boat Cruises;US;mono;False;4;2026-08-12
8 à 30 jours;plus de 75 %;répondu avant le 11 août;9921186577906344541;A Plus Plumbing;US;mono;False;4;2026-08-12
8 à 30 jours;plus de 75 %;répondu avant le 11 août;14825598912279374964;Chatham Sports Medicine & Physical Therapy;US;small;False;3;2026-08-12, 2026-08-17
8 à 30 jours;plus de 75 %;répondu avant le 11 août;15615984558165321771;Dermatology Affiliates (East Cobb);US;small;False;3;2026-08-16, 2026-08-17
8 à 30 jours;plus de 75 %;répondu avant le 11 août;15928859670822937545;Pointe Pest Control;US;large;True;3;2026-08-14, 2026-08-16, 2026-08-17
8 à 30 jours;plus de 75 %;répondu avant le 11 août;18087544658842131373;Pointe Pest Control;US;large;True;3;2026-08-12, 2026-08-17
8 à 30 jours;plus de 75 %;répondu avant le 11 août;18371253483526610359;Bulwark Exterminating;US;large;True;3;2026-08-16, 2026-08-17
8 à 30 jours;plus de 75 %;répondu avant le 11 août;3874911723232599474;ABC Home & Commercial Services;US;large;False;3;2026-08-18, 2026-08-19
8 à 30 jours;plus de 75 %;répondu avant le 11 août;10211842138860800782;Renault Saint-Etienne - Groupe Thivolle;Europe;small;False;2;2026-08-23
8 à 30 jours;plus de 75 %;répondu avant le 11 août;11001368659838863228;Pointe Pest Control;US;large;True;2;2026-08-12
8 à 30 jours;plus de 75 %;répondu avant le 11 août;11183164932977516690;Insight Pest Solutions;US;large;True;2;2026-08-12
8 à 30 jours;plus de 75 %;répondu avant le 11 août;11468972147098209639;Lash and Company Med Spa - Centennial;US;large;False;2;2026-08-24
8 à 30 jours;plus de 75 %;répondu avant le 11 août;11527874769595828404;Pointe Pest Control;US;large;True;2;2026-08-16, 2026-08-17
8 à 30 jours;plus de 75 %;répondu avant le 11 août;12653609458785639661;Delta Sonic Car Wash;US;large;False;2;2026-08-13
8 à 30 jours;plus de 75 %;répondu avant le 11 août;13149966690726534760;Green Pest Services;US;small;False;2;2026-08-12
8 à 30 jours;plus de 75 %;répondu avant le 11 août;1371867670939055296;Pole Moto Passion;Europe;large;False;2;2026-08-18
8 à 30 jours;plus de 75 %;répondu avant le 11 août;14933790454100186775;Pointe Pest Control;US;large;True;2;2026-08-12, 2026-08-17
8 à 30 jours;plus de 75 %;répondu avant le 11 août;14995606665142571545;ABC Home and Commercial Services;US;large;False;2;2026-08-13
8 à 30 jours;plus de 75 %;répondu avant le 11 août;15168756511886563707;Dermatology Affiliates;US;small;False;2;2026-08-20
8 à 30 jours;plus de 75 %;répondu avant le 11 août;16867174010602496547;Northwest Exterminating;US;small;False;2;2026-08-12, 2026-08-17
8 à 30 jours;plus de 75 %;répondu avant le 11 août;17119033523327372186;AquaPools of Dallas-Fort Worth;US;small;False;2;2026-08-17
8 à 30 jours;plus de 75 %;répondu avant le 11 août;17169926741801059984;Olympic Hot Tub;US;small;False;2;2026-08-12, 2026-08-14
8 à 30 jours;plus de 75 %;répondu avant le 11 août;18135896731724490192;Coastal Heating and Cooling;US;mono;False;2;2026-08-12
8 à 30 jours;plus de 75 %;répondu avant le 11 août;3088388366389061829;Pointe Pest Control;US;large;True;2;2026-08-17
8 à 30 jours;plus de 75 %;répondu avant le 11 août;5049402211849837299;Cuisine Plus Saint Nazaire;Europe;large;False;2;2026-08-22
8 à 30 jours;plus de 75 %;répondu avant le 11 août;6099218902287832250;Ballenoil Albasanz;Europe;small;False;2;2026-08-22, 2026-08-23
8 à 30 jours;plus de 75 %;répondu avant le 11 août;6622258630771505951;Bulwark Exterminating;US;large;True;2;2026-08-22
8 à 30 jours;plus de 75 %;répondu avant le 11 août;718178259547467488;Pointe Pest Control;US;large;True;2;2026-08-16, 2026-08-17
8 à 30 jours;plus de 75 %;répondu avant le 11 août;7645830286416566420;Pointe Pest Control;US;large;True;2;2026-08-12, 2026-08-17
8 à 30 jours;plus de 75 %;répondu avant le 11 août;8115244571708845709;Cocoa Beach Catamaran;US;mono;False;2;2026-08-12
8 à 30 jours;plus de 75 %;répondu avant le 11 août;8514033496595338463;Chatham Orthopaedic Associates;US;small;False;2;2026-08-12
8 à 30 jours;plus de 75 %;répondu avant le 11 août;8864246763002325033;Nu Car Rental;US;small;False;2;2026-08-20
8 à 30 jours;plus de 75 %;répondu avant le 11 août;915220753679008263;Fairway Lawns of Tulsa;US;small;False;2;2026-08-20
8 à 30 jours;plus de 75 %;répondu avant le 11 août;10174734129288903543;Fairway Lawns of Augusta;US;small;False;1;2026-08-17
8 à 30 jours;plus de 75 %;répondu avant le 11 août;10292122388209667085;Empire Today;US;large;False;1;2026-08-23
8 à 30 jours;plus de 75 %;répondu avant le 11 août;10339471870628534604;Empire Today® - Cleveland, OH;US;large;False;1;2026-08-13
8 à 30 jours;plus de 75 %;répondu avant le 11 août;10647645013357446509;Pointe Pest Control;US;large;True;1;2026-08-17
8 à 30 jours;plus de 75 %;répondu avant le 11 août;10815087328676588371;Delta Sonic Car Wash;US;large;False;1;2026-08-16
8 à 30 jours;plus de 75 %;répondu avant le 11 août;10921805046871428741;Compagnie des Déboucheurs;Europe;large;False;1;2026-08-20
8 à 30 jours;plus de 75 %;répondu avant le 11 août;11031883745043768761;Els Prats Camping & Bungalow Park;Europe;small;False;1;2026-08-13
8 à 30 jours;plus de 75 %;répondu avant le 11 août;11260237229921996949;Carolina Ale House;US;large;False;1;2026-08-15
8 à 30 jours;plus de 75 %;répondu avant le 11 août;11324424339153707942;abba Burgos;Europe;large;False;1;2026-08-14
8 à 30 jours;plus de 75 %;répondu avant le 11 août;11351218021712746143;Fitness 1440 Mount Vernon;US;large;False;1;2026-08-18
8 à 30 jours;plus de 75 %;répondu avant le 11 août;1170749740403083425;WestVet Boise;US;large;False;1;2026-08-12
8 à 30 jours;plus de 75 %;répondu avant le 11 août;11786499344004685203;Italy and Wine by Italy and Tour Sas;Europe;mono;False;1;2026-08-22
8 à 30 jours;plus de 75 %;répondu avant le 11 août;1200910740632037570;Ourisman Chrysler Dodge Jeep Ram of Bowie;US;mono;False;1;2026-08-15
8 à 30 jours;plus de 75 %;répondu avant le 11 août;12106990848959314672;Hotel Arc-en-ciel;Europe;mono;False;1;2026-08-12
8 à 30 jours;plus de 75 %;répondu avant le 11 août;12162999256610465653;Pointe Pest Control;US;large;True;1;2026-08-17
8 à 30 jours;plus de 75 %;répondu avant le 11 août;12466888218085323989;MedVet Cleveland;US;large;False;1;2026-08-17
8 à 30 jours;plus de 75 %;répondu avant le 11 août;12971538955295795353;West Shore Home;US;large;False;1;2026-08-21
8 à 30 jours;plus de 75 %;répondu avant le 11 août;13048717007599713286;Nu Car Rentals;US;small;False;1;2026-08-12
8 à 30 jours;plus de 75 %;répondu avant le 11 août;13228969405843925211;Pointe Pest Control;US;large;True;1;2026-08-17
8 à 30 jours;plus de 75 %;répondu avant le 11 août;13770724684770011594;Boyd Chevrolet;US;small;False;1;2026-08-22
8 à 30 jours;plus de 75 %;répondu avant le 11 août;13814955983323469740;Doug's Hyundai;US;small;False;1;2026-08-17
8 à 30 jours;plus de 75 %;répondu avant le 11 août;13815055003457289004;Hospital Veterinario San Antón;Europe;small;False;1;2026-08-12
8 à 30 jours;plus de 75 %;répondu avant le 11 août;14073669801998149460;Bulwark Exterminating;US;large;True;1;2026-08-12
8 à 30 jours;plus de 75 %;répondu avant le 11 août;14365492306530390455;Zefiro Experience Tour in Catamarano - Sardegna;Europe;mono;False;1;2026-08-18
8 à 30 jours;plus de 75 %;répondu avant le 11 août;1454729067356532695;Studio Three Austin;US;small;False;1;2026-08-12
8 à 30 jours;plus de 75 %;répondu avant le 11 août;14605895092060332754;Petfolk Veterinary & Urgent Care - Allen;US;large;False;1;2026-08-19
8 à 30 jours;plus de 75 %;répondu avant le 11 août;15296863453028544260;Babe's Plumbing, Inc. & Fire Sprinklers;US;small;False;1;2026-08-20
8 à 30 jours;plus de 75 %;répondu avant le 11 août;15705776624659968059;Fairway Lawns of Springdale;US;small;False;1;2026-08-12
8 à 30 jours;plus de 75 %;répondu avant le 11 août;16469337811496657191;Pointe Pest Control;US;large;True;1;2026-08-16
8 à 30 jours;plus de 75 %;répondu avant le 11 août;17243573377530694208;Bludental - Biella;Europe;large;False;1;2026-08-23
8 à 30 jours;plus de 75 %;répondu avant le 11 août;1738085458446207751;L'Appart Fitness;Europe;large;False;1;2026-08-15
8 à 30 jours;plus de 75 %;répondu avant le 11 août;17952594547969496880;Auto Bierschneider;Europe;large;False;1;2026-08-12
8 à 30 jours;plus de 75 %;répondu avant le 11 août;18132451258111688327;RYOGA Trastevere;Europe;small;False;1;2026-08-14
8 à 30 jours;plus de 75 %;répondu avant le 11 août;2054732589707793641;Globales Cala'n Bosch;Europe;large;False;1;2026-08-24
8 à 30 jours;plus de 75 %;répondu avant le 11 août;3164305209948048623;Pointe Pest Control;US;large;True;1;2026-08-17
8 à 30 jours;plus de 75 %;répondu avant le 11 août;3932259871970128515;Alaska Fracture and Orthopedic Clinic;US;small;False;1;2026-08-12
8 à 30 jours;plus de 75 %;répondu avant le 11 août;4248327517826526110;Rocket Carwash;US;large;False;1;2026-08-23
8 à 30 jours;plus de 75 %;répondu avant le 11 août;4320666089103780640;Streetside Classics;US;small;False;1;2026-08-12
8 à 30 jours;plus de 75 %;répondu avant le 11 août;4397473550123468841;Adventure Dental, Vision and Orthodontics;US;large;False;1;2026-08-12
8 à 30 jours;plus de 75 %;répondu avant le 11 août;5119810349067443765;Clarion Hotel The Hub;Europe;large;False;1;2026-08-20
8 à 30 jours;plus de 75 %;répondu avant le 11 août;7096371038011001168;Route 46 Chrysler Jeep Dodge;US;mono;False;1;2026-08-13
8 à 30 jours;plus de 75 %;répondu avant le 11 août;7542203160017780480;Eurodecars Automobielhandel;Europe;mono;False;1;2026-08-24
8 à 30 jours;plus de 75 %;répondu avant le 11 août;7662944855115365082;Insight Pest Solutions;US;large;True;1;2026-08-12
8 à 30 jours;plus de 75 %;répondu avant le 11 août;7864325941761932328;Globales Maioris;Europe;large;False;1;2026-08-22
8 à 30 jours;plus de 75 %;répondu avant le 11 août;8028924830472516851;The Joint ...the chiropractic place;US;small;False;1;2026-08-13
8 à 30 jours;plus de 75 %;répondu avant le 11 août;8303557791751296465;Insight Pest Solutions;US;large;True;1;2026-08-12
8 à 30 jours;plus de 75 %;répondu avant le 11 août;8323898039823195571;Pointe Pest Control;US;large;True;1;2026-08-13
8 à 30 jours;plus de 75 %;répondu avant le 11 août;9152040258644601329;MedVet Salt Lake City;US;large;False;1;2026-08-13
8 à 30 jours;plus de 75 %;répondu avant le 11 août;936014774141576560;WestVet Meridian;US;large;False;1;2026-08-14
8 à 30 jours;plus de 75 %;répondu avant le 11 août;9804255581007149837;Irri Pros;Europe;small;False;1;2026-08-15
8 à 30 jours;plus de 75 %;sans réponse;11468972147098209639;Lash and Company Med Spa - Centennial;US;large;False;4;2026-08-24
8 à 30 jours;plus de 75 %;sans réponse;11683972207017833004;Empire Today;US;large;False;4;2026-08-12, 2026-08-13
8 à 30 jours;plus de 75 %;sans réponse;12466888218085323989;MedVet Cleveland;US;large;False;4;2026-08-17
8 à 30 jours;plus de 75 %;sans réponse;10211842138860800782;Renault Saint-Etienne - Groupe Thivolle;Europe;small;False;2;2026-08-23
8 à 30 jours;plus de 75 %;sans réponse;14427685908678870929;float Hannover;Europe;small;False;2;2026-08-20, 2026-08-23
8 à 30 jours;plus de 75 %;sans réponse;1695214525620865262;Adobe Day Spa and Chiropractics;US;mono;False;2;2026-08-12
8 à 30 jours;plus de 75 %;sans réponse;7626411052152447263;The Spa at Cedarbrook Lodge;US;small;False;2;2026-08-13, 2026-08-17
8 à 30 jours;plus de 75 %;sans réponse;11728769904081077174;Venice Beach;Europe;large;False;1;2026-08-19
8 à 30 jours;plus de 75 %;sans réponse;11786499344004685203;Italy and Wine by Italy and Tour Sas;Europe;mono;False;1;2026-08-23
8 à 30 jours;plus de 75 %;sans réponse;12924136556389994153;ABC Home & Commercial Services;US;large;False;1;2026-08-13
8 à 30 jours;plus de 75 %;sans réponse;13197914448513377771;TKE veterinary clinic Elversberg;Europe;small;False;1;2026-08-19
8 à 30 jours;plus de 75 %;sans réponse;13770724684770011594;Boyd Chevrolet;US;small;False;1;2026-08-12
8 à 30 jours;plus de 75 %;sans réponse;14069807742613630837;Carlyle Place;US;mono;False;1;2026-08-23
8 à 30 jours;plus de 75 %;sans réponse;14255030001293211796;Auto Bierschneider;Europe;large;False;1;2026-08-15
8 à 30 jours;plus de 75 %;sans réponse;14696288889803762717;Auto Bierschneider;Europe;large;False;1;2026-08-19
8 à 30 jours;plus de 75 %;sans réponse;17119033523327372186;AquaPools of Dallas-Fort Worth;US;small;False;1;2026-08-17
8 à 30 jours;plus de 75 %;sans réponse;17160257379698395021;Michael R Martineau;US;small;False;1;2026-08-12
8 à 30 jours;plus de 75 %;sans réponse;17251484945567213252;Globales Simar;Europe;large;False;1;2026-08-23
8 à 30 jours;plus de 75 %;sans réponse;17952594547969496880;Auto Bierschneider;Europe;large;False;1;2026-08-19
8 à 30 jours;plus de 75 %;sans réponse;2098649648037438573;Auto Bierschneider AUDI;Europe;large;False;1;2026-08-23
8 à 30 jours;plus de 75 %;sans réponse;2799040813008286606;Tipsy Tiki Fmb;US;mono;False;1;2026-08-16
8 à 30 jours;plus de 75 %;sans réponse;2853549249527884064;Auto Bierschneider;Europe;large;False;1;2026-08-21
8 à 30 jours;plus de 75 %;sans réponse;6068247606938754741;Luzi Chinese massage parlor;Europe;small;False;1;2026-08-23
8 à 30 jours;plus de 75 %;sans réponse;6838478785680970845;Art Renov;Europe;small;False;1;2026-08-12
8 à 30 jours;plus de 75 %;sans réponse;7061804313833943685;ABC Home & Commercial Services;US;large;False;1;2026-08-12
8 à 30 jours;plus de 75 %;sans réponse;7448001248995661197;ITH Mission Beach Backpacker Hostel;US;small;False;1;2026-08-18
8 à 30 jours;plus de 75 %;sans réponse;915220753679008263;Fairway Lawns of Tulsa;US;small;False;1;2026-08-20
31 à 90 jours;75 % ou moins;répondu avant le 11 août;10505273405281271038;Cedar Park Overhead Doors;US;small;False;26;2026-08-12, 2026-08-13, 2026-08-17, 2026-08-18, 2026-08-23
31 à 90 jours;75 % ou moins;répondu avant le 11 août;14727272453529875622;Active Pest Control;US;large;False;5;2026-08-13, 2026-08-18
31 à 90 jours;75 % ou moins;répondu avant le 11 août;13454390046806476880;Hand and Stone Massage and Facial Spa;US;mono;False;4;2026-08-17, 2026-08-23
31 à 90 jours;75 % ou moins;répondu avant le 11 août;2581892313902237641;EcoShield Pest Solutions New York;US;large;False;4;2026-08-13
31 à 90 jours;75 % ou moins;répondu avant le 11 août;12242899512208579596;Insight Pest Solutions;US;large;True;3;2026-08-12
31 à 90 jours;75 % ou moins;répondu avant le 11 août;13805956568530794072;Wellness Sport Club Lyon 7 Gambetta;Europe;small;False;2;2026-08-14, 2026-08-16
31 à 90 jours;75 % ou moins;répondu avant le 11 août;14298233888485556219;Club Berlin Prenzlauer Berg;Europe;large;False;1;2026-08-21
31 à 90 jours;75 % ou moins;répondu avant le 11 août;14748447432990314806;The Springs Car Wash;US;mono;False;1;2026-08-14
31 à 90 jours;75 % ou moins;répondu avant le 11 août;14934949875132319907;Chickie's and Pete's;US;large;False;1;2026-08-14
31 à 90 jours;75 % ou moins;répondu avant le 11 août;15713786149979891489;Club Bonn;Europe;large;False;1;2026-08-17
31 à 90 jours;75 % ou moins;répondu avant le 11 août;18143610989022699807;SkinSpirit Roslyn Heights;US;large;False;1;2026-08-20
31 à 90 jours;75 % ou moins;répondu avant le 11 août;6278096211291522244;Active Pest Control;US;large;False;1;2026-08-16
31 à 90 jours;75 % ou moins;répondu avant le 11 août;6913340128184882994;Wellness Sport Club;Europe;small;False;1;2026-08-18
31 à 90 jours;75 % ou moins;répondu avant le 11 août;9134717088122580915;ISULA Croisières;Europe;mono;False;1;2026-08-24
31 à 90 jours;75 % ou moins;répondu avant le 11 août;9556031260730438136;Joey's Pizza Berlin Mariendorf;Europe;large;False;1;2026-08-21
31 à 90 jours;75 % ou moins;sans réponse;8592193049411979519;EcoShield Pest Solutions;US;large;True;34;2026-08-16, 2026-08-17, 2026-08-18, 2026-08-20
31 à 90 jours;75 % ou moins;sans réponse;3862407046066641134;Overhead Door Co Of Norwich;US;small;False;18;2026-08-13
31 à 90 jours;75 % ou moins;sans réponse;817498439303474635;EcoShield Pest Solutions;US;large;True;18;2026-08-12, 2026-08-17, 2026-08-18
31 à 90 jours;75 % ou moins;sans réponse;178064072666686963;EcoShield Pest Solutions;US;large;True;10;2026-08-12, 2026-08-17, 2026-08-21
31 à 90 jours;75 % ou moins;sans réponse;15702480480125668198;Fox Rent A Car;US;large;False;9;2026-08-24
31 à 90 jours;75 % ou moins;sans réponse;7478870134232076043;Rocky Mountain Balloon Adventures;US;mono;False;9;2026-08-23, 2026-08-24
31 à 90 jours;75 % ou moins;sans réponse;10746082602604012869;Insight Pest Solutions;US;large;True;8;2026-08-12, 2026-08-13, 2026-08-15, 2026-08-22
31 à 90 jours;75 % ou moins;sans réponse;6179693701913506861;citizenM Chicago Downtown;US;large;False;5;2026-08-12, 2026-08-13
31 à 90 jours;75 % ou moins;sans réponse;8295483025098590212;Parker Cornea;US;mono;False;5;2026-08-13, 2026-08-20
31 à 90 jours;75 % ou moins;sans réponse;16549891742331617014;Abilene Dermatology and Skin;US;mono;False;4;2026-08-20, 2026-08-21, 2026-08-22
31 à 90 jours;75 % ou moins;sans réponse;1697023132609060386;Ichiban Japanese Bistro;US;small;False;4;2026-08-14, 2026-08-15, 2026-08-16, 2026-08-23
31 à 90 jours;75 % ou moins;sans réponse;16069512827606530358;Courtyard by Marriott Hanover Whippany;US;mono;False;3;2026-08-18
31 à 90 jours;75 % ou moins;sans réponse;8514078042456021906;Premier Mountain Healthcare;US;mono;False;3;2026-08-13
31 à 90 jours;75 % ou moins;sans réponse;10376466765804245271;Club Berlin Kreuzberg;Europe;large;False;2;2026-08-17, 2026-08-23
31 à 90 jours;75 % ou moins;sans réponse;12242899512208579596;Insight Pest Solutions;US;large;True;2;2026-08-16
31 à 90 jours;75 % ou moins;sans réponse;14651399241385512560;Insight Pest Solutions;US;large;True;2;2026-08-19, 2026-08-20
31 à 90 jours;75 % ou moins;sans réponse;15021678285380976596;Advanced Center for Cosmetic and Implant Dentistry;US;mono;False;2;2026-08-18
31 à 90 jours;75 % ou moins;sans réponse;2227356216214658119;Tjugo Bil AB;Europe;mono;False;2;2026-08-19, 2026-08-21
31 à 90 jours;75 % ou moins;sans réponse;9330622820452187742;Club Erfurt;Europe;large;False;2;2026-08-19
31 à 90 jours;75 % ou moins;sans réponse;10505273405281271038;Cedar Park Overhead Doors;US;small;False;1;2026-08-13
31 à 90 jours;75 % ou moins;sans réponse;11593746449727099110;Premier Eyecare;US;mono;False;1;2026-08-24
31 à 90 jours;75 % ou moins;sans réponse;11606668698898553446;Hyannis Whale Watcher Cruises;US;mono;False;1;2026-08-12
31 à 90 jours;75 % ou moins;sans réponse;11660062678522630526;Sierra Pacific Orthopedics;US;small;False;1;2026-08-17
31 à 90 jours;75 % ou moins;sans réponse;118597015968253014;EcoShield Pest Solutions Chicago East;US;large;False;1;2026-08-17
31 à 90 jours;75 % ou moins;sans réponse;12092417588761243506;Footy rooty Edinburg;US;large;False;1;2026-08-17
31 à 90 jours;75 % ou moins;sans réponse;13282009709348196868;Camping la Breteche 3 stars;Europe;small;False;1;2026-08-23
31 à 90 jours;75 % ou moins;sans réponse;13609296054599897306;AmeriVu Inn & Suites - Chisago City;US;small;False;1;2026-08-20
31 à 90 jours;75 % ou moins;sans réponse;13632416721289889370;Tiergesundheitszentrum Südharz;Europe;mono;False;1;2026-08-21
31 à 90 jours;75 % ou moins;sans réponse;13919628842978940702;Masajes Eróticos Alicante Eternal Massage;Europe;mono;False;1;2026-08-16
31 à 90 jours;75 % ou moins;sans réponse;14360101802950269377;Krave Gym - Ankeny;US;small;False;1;2026-08-12
31 à 90 jours;75 % ou moins;sans réponse;14382716570456292183;Dental Concepts & Orthodontics;US;small;False;1;2026-08-18
31 à 90 jours;75 % ou moins;sans réponse;14678428010353749194;Kohler Waters Spa in Kohler, Wisconsin;US;small;False;1;2026-08-14
31 à 90 jours;75 % ou moins;sans réponse;15371519773348653797;Double R Ranch;US;mono;False;1;2026-08-23
31 à 90 jours;75 % ou moins;sans réponse;15615883863625534210;Freibad Mylau;Europe;mono;False;1;2026-08-19
31 à 90 jours;75 % ou moins;sans réponse;15708082090445471212;ABC Home & Commercial Services - Landscaping Department;US;large;False;1;2026-08-17
31 à 90 jours;75 % ou moins;sans réponse;15866195064919816330;euro-optizins;Europe;small;False;1;2026-08-21
31 à 90 jours;75 % ou moins;sans réponse;16218777667362387982;Arnaud's Richelieu Room;US;small;False;1;2026-08-12
31 à 90 jours;75 % ou moins;sans réponse;16661712967835282541;SNAP Spay-Neuter and Animal Wellness Clinic;US;small;False;1;2026-08-22
31 à 90 jours;75 % ou moins;sans réponse;17904078022925828128;Camping Les Peupliers;Europe;small;False;1;2026-08-12
31 à 90 jours;75 % ou moins;sans réponse;17975141348738603870;Tacos Don Chente;US;mono;False;1;2026-08-22
31 à 90 jours;75 % ou moins;sans réponse;1939506920007129822;Peoples Organic Southdale;US;small;False;1;2026-08-13
31 à 90 jours;75 % ou moins;sans réponse;194977520700950183;Mikel Coffee;Europe;large;False;1;2026-08-19
31 à 90 jours;75 % ou moins;sans réponse;2050503371808889696;Wellness Sport Club Villeurbanne;Europe;small;False;1;2026-08-17
31 à 90 jours;75 % ou moins;sans réponse;2864865818992573904;Hermann Trolley Company;US;mono;False;1;2026-08-16
31 à 90 jours;75 % ou moins;sans réponse;2995976657785069834;AniCura Kongsvinger Veterinærklinikk;Europe;large;False;1;2026-08-14
31 à 90 jours;75 % ou moins;sans réponse;3203854443950401309;HT Fitness;US;small;False;1;2026-08-21
31 à 90 jours;75 % ou moins;sans réponse;3705572903770911909;Other Place;US;large;False;1;2026-08-17
31 à 90 jours;75 % ou moins;sans réponse;3803180817498333342;Grismer Tire and Auto Service Center;US;large;False;1;2026-08-16
31 à 90 jours;75 % ou moins;sans réponse;381217988904044681;Chicago Motor Credit;US;mono;False;1;2026-08-14
31 à 90 jours;75 % ou moins;sans réponse;424408639813763141;EcoShield Pest Solutions;US;large;True;1;2026-08-14
31 à 90 jours;75 % ou moins;sans réponse;4266925857548968341;ThrIVe Drip Spa;US;small;False;1;2026-08-22
31 à 90 jours;75 % ou moins;sans réponse;4433090577107943247;EcoShield Pest Solutions;US;large;True;1;2026-08-19
31 à 90 jours;75 % ou moins;sans réponse;5742159335084979264;Vladimir Dubiley;Europe;small;False;1;2026-08-13
31 à 90 jours;75 % ou moins;sans réponse;6229159286904412148;Stadio Unirii;Europe;small;False;1;2026-08-12
31 à 90 jours;75 % ou moins;sans réponse;6438193657888648583;Stadio;Europe;small;False;1;2026-08-15
31 à 90 jours;75 % ou moins;sans réponse;6665036569245004844;EcoShield Pest Solutions;US;large;True;1;2026-08-15
31 à 90 jours;75 % ou moins;sans réponse;7115184936098988369;Fitness Level Freigericht;Europe;small;False;1;2026-08-23
31 à 90 jours;75 % ou moins;sans réponse;758758450125883918;Bischoff Touristik KG Busreisen;Europe;mono;False;1;2026-08-15
31 à 90 jours;75 % ou moins;sans réponse;7752215322864100574;Akanthus | Athens;Europe;small;False;1;2026-08-15
31 à 90 jours;75 % ou moins;sans réponse;7934834538760571162;Elase Med Spa formerly known as Images Med Spa;US;large;False;1;2026-08-16
31 à 90 jours;75 % ou moins;sans réponse;8750706693526348157;Schlüsseldienst Open4u;Europe;small;False;1;2026-08-14
31 à 90 jours;75 % ou moins;sans réponse;9026909565558195702;ABC Home & Commercial Services;US;large;False;1;2026-08-23
31 à 90 jours;75 % ou moins;sans réponse;9124825751290696378;Loogman Aalsmeer;Europe;small;False;1;2026-08-17
31 à 90 jours;75 % ou moins;sans réponse;9134717088122580915;ISULA Croisières;Europe;mono;False;1;2026-08-20
31 à 90 jours;75 % ou moins;sans réponse;9491775241003131847;Nalu;Europe;small;False;1;2026-08-15
31 à 90 jours;plus de 75 %;répondu avant le 11 août;4350811955412203628;Streetside Classics;US;small;False;12;2026-08-21, 2026-08-22, 2026-08-23
31 à 90 jours;plus de 75 %;répondu avant le 11 août;8256016555611678921;Solve Pest Pros;US;small;False;12;2026-08-16, 2026-08-18, 2026-08-20, 2026-08-21, 2026-08-23
31 à 90 jours;plus de 75 %;répondu avant le 11 août;18135896731724490192;Coastal Heating and Cooling;US;mono;False;11;2026-08-12, 2026-08-13
31 à 90 jours;plus de 75 %;répondu avant le 11 août;3352767676680426036;Solve Pest Pros;US;small;False;9;2026-08-21, 2026-08-22, 2026-08-23
31 à 90 jours;plus de 75 %;répondu avant le 11 août;8282528182233977034;Cape Coral Boat Cruises;US;mono;False;7;2026-08-12, 2026-08-13
31 à 90 jours;plus de 75 %;répondu avant le 11 août;5474549633975801069;OUTRIGGER Kauai Beach Resort & Spa;US;large;False;5;2026-08-17
31 à 90 jours;plus de 75 %;répondu avant le 11 août;8953367631311330150;Envi Adventures;US;mono;False;5;2026-08-20
31 à 90 jours;plus de 75 %;répondu avant le 11 août;9955525685526011894;Reno Massage Tree;US;mono;False;4;2026-08-17
31 à 90 jours;plus de 75 %;répondu avant le 11 août;17119033523327372186;AquaPools of Dallas-Fort Worth;US;small;False;3;2026-08-17
31 à 90 jours;plus de 75 %;répondu avant le 11 août;3874911723232599474;ABC Home & Commercial Services;US;large;False;3;2026-08-18, 2026-08-24
31 à 90 jours;plus de 75 %;répondu avant le 11 août;6622258630771505951;Bulwark Exterminating;US;large;True;3;2026-08-22
31 à 90 jours;plus de 75 %;répondu avant le 11 août;9654059427809994128;Carolina Ale House - Greenville-Woodruff;US;large;False;3;2026-08-23
31 à 90 jours;plus de 75 %;répondu avant le 11 août;9921186577906344541;A Plus Plumbing;US;mono;False;3;2026-08-13
31 à 90 jours;plus de 75 %;répondu avant le 11 août;146333011060678538;Northwest Exterminating;US;small;False;2;2026-08-18, 2026-08-24
31 à 90 jours;plus de 75 %;répondu avant le 11 août;15168756511886563707;Dermatology Affiliates;US;small;False;2;2026-08-20
31 à 90 jours;plus de 75 %;répondu avant le 11 août;2423693438449052039;Bulwark Exterminating;US;large;True;2;2026-08-17
31 à 90 jours;plus de 75 %;répondu avant le 11 août;4397473550123468841;Adventure Dental, Vision and Orthodontics;US;large;False;2;2026-08-13, 2026-08-14
31 à 90 jours;plus de 75 %;répondu avant le 11 août;7265758352712091926;Neoness;Europe;large;False;2;2026-08-13, 2026-08-20
31 à 90 jours;plus de 75 %;répondu avant le 11 août;8015064052260497255;Neoness;Europe;large;False;2;2026-08-13, 2026-08-17
31 à 90 jours;plus de 75 %;répondu avant le 11 août;8115244571708845709;Cocoa Beach Catamaran;US;mono;False;2;2026-08-17, 2026-08-23
31 à 90 jours;plus de 75 %;répondu avant le 11 août;8675258714044865202;Aqua Plumbing and Air;US;small;False;2;2026-08-15, 2026-08-22
31 à 90 jours;plus de 75 %;répondu avant le 11 août;10095463888353501543;AniCura Fachtierärztliches Zentrum für Kleintiere;Europe;large;False;1;2026-08-14
31 à 90 jours;plus de 75 %;répondu avant le 11 août;10271238275484232155;MNK Motorsports;US;mono;False;1;2026-08-22
31 à 90 jours;plus de 75 %;répondu avant le 11 août;10354265959518177368;Green Pest Services;US;small;False;1;2026-08-16
31 à 90 jours;plus de 75 %;répondu avant le 11 août;11031883745043768761;Els Prats Camping & Bungalow Park;Europe;small;False;1;2026-08-18
31 à 90 jours;plus de 75 %;répondu avant le 11 août;12129838380129254386;Nuvia Dental Implant Center;US;large;False;1;2026-08-21
31 à 90 jours;plus de 75 %;répondu avant le 11 août;12289068231535832524;Advance Appliance;US;mono;False;1;2026-08-18
31 à 90 jours;plus de 75 %;répondu avant le 11 août;12965565989386284704;ITH Santa Barbara Beach Hostel;US;small;False;1;2026-08-23
31 à 90 jours;plus de 75 %;répondu avant le 11 août;12986326219479165233;Azur Service 06;Europe;small;False;1;2026-08-20
31 à 90 jours;plus de 75 %;répondu avant le 11 août;13317878771786742836;Bludental - Perugia;Europe;large;False;1;2026-08-23
31 à 90 jours;plus de 75 %;répondu avant le 11 août;13357493140933391105;Insight Pest Solutions;US;large;True;1;2026-08-23
31 à 90 jours;plus de 75 %;répondu avant le 11 août;14237408272253303150;Carolina Ale House;US;large;False;1;2026-08-21
31 à 90 jours;plus de 75 %;répondu avant le 11 août;15565833427326243791;Relaxia Olivina;Europe;small;False;1;2026-08-21
31 à 90 jours;plus de 75 %;répondu avant le 11 août;16867174010602496547;Northwest Exterminating;US;small;False;1;2026-08-16
31 à 90 jours;plus de 75 %;répondu avant le 11 août;17243573377530694208;Bludental - Biella;Europe;large;False;1;2026-08-24
31 à 90 jours;plus de 75 %;répondu avant le 11 août;17355573133068136270;Lash and Company - Johnstown;US;large;False;1;2026-08-12
31 à 90 jours;plus de 75 %;répondu avant le 11 août;17984169706982631363;Auto Bierschneider;Europe;large;False;1;2026-08-15
31 à 90 jours;plus de 75 %;répondu avant le 11 août;2034461622997448093;Bulwark Exterminating;US;large;True;1;2026-08-19
31 à 90 jours;plus de 75 %;répondu avant le 11 août;2151571184973839025;MEDA Gute Küchen;Europe;small;False;1;2026-08-19
31 à 90 jours;plus de 75 %;répondu avant le 11 août;3274891443999828364;Elevate Fitness;US;small;False;1;2026-08-22
31 à 90 jours;plus de 75 %;répondu avant le 11 août;3370426944289089570;Home2 Suites by Hilton Ankeny;US;large;False;1;2026-08-12
31 à 90 jours;plus de 75 %;répondu avant le 11 août;3375047587326764395;Rookies All American Pub & Grill;US;large;False;1;2026-08-22
31 à 90 jours;plus de 75 %;répondu avant le 11 août;3548043799334044547;Anchor Inn Lodge;US;mono;False;1;2026-08-12
31 à 90 jours;plus de 75 %;répondu avant le 11 août;3908824544135415884;Delta Sonic Car Wash;US;large;False;1;2026-08-15
31 à 90 jours;plus de 75 %;répondu avant le 11 août;4157712007825970173;MedVet Commerce;US;large;False;1;2026-08-16
31 à 90 jours;plus de 75 %;répondu avant le 11 août;4479702789086504102;MedVet Columbus;US;large;False;1;2026-08-20
31 à 90 jours;plus de 75 %;répondu avant le 11 août;4811466056390068392;Seaside Sailing Excursions;US;mono;False;1;2026-08-22
31 à 90 jours;plus de 75 %;répondu avant le 11 août;49335103477407846;Delta Sonic Car Wash;US;large;False;1;2026-08-13
31 à 90 jours;plus de 75 %;répondu avant le 11 août;5686063649767011502;aBeauty Clinique Constanta;Europe;small;False;1;2026-08-14
31 à 90 jours;plus de 75 %;répondu avant le 11 août;6099218902287832250;Ballenoil Albasanz;Europe;small;False;1;2026-08-17
31 à 90 jours;plus de 75 %;répondu avant le 11 août;7193688789019529895;Body Sculpting Spa LLC;US;mono;False;1;2026-08-13
31 à 90 jours;plus de 75 %;répondu avant le 11 août;7323321349510347047;DKM Experts;Europe;mono;False;1;2026-08-19
31 à 90 jours;plus de 75 %;répondu avant le 11 août;9733546717104311646;Annexx;Europe;small;False;1;2026-08-12
31 à 90 jours;plus de 75 %;répondu avant le 11 août;9757162359114863037;Brick House Tavern + Tap;US;large;False;1;2026-08-13
31 à 90 jours;plus de 75 %;sans réponse;13197914448513377771;TKE veterinary clinic Elversberg;Europe;small;False;6;2026-08-19
31 à 90 jours;plus de 75 %;sans réponse;14825598912279374964;Chatham Sports Medicine & Physical Therapy;US;small;False;2;2026-08-16, 2026-08-22
31 à 90 jours;plus de 75 %;sans réponse;2420138228954020213;Elite House Cleaning Mesa;US;small;False;2;2026-08-13
31 à 90 jours;plus de 75 %;sans réponse;3274891443999828364;Elevate Fitness;US;small;False;2;2026-08-22, 2026-08-23
31 à 90 jours;plus de 75 %;sans réponse;10292122388209667085;Empire Today;US;large;False;1;2026-08-13
31 à 90 jours;plus de 75 %;sans réponse;10607350820941552036;Streetside Classics;US;small;False;1;2026-08-15
31 à 90 jours;plus de 75 %;sans réponse;11056066570459298898;A Plus Garage Door Repair;US;large;False;1;2026-08-14
31 à 90 jours;plus de 75 %;sans réponse;11638070547796619330;Signorvino;Europe;large;False;1;2026-08-23
31 à 90 jours;plus de 75 %;sans réponse;16248341169641882523;Insight Pest Solutions;US;large;True;1;2026-08-15
31 à 90 jours;plus de 75 %;sans réponse;6168449182371789388;MedVet Cincinnati;US;large;False;1;2026-08-17
31 à 90 jours;plus de 75 %;sans réponse;9654059427809994128;Carolina Ale House - Greenville-Woodruff;US;large;False;1;2026-08-23
91 à 365 jours;75 % ou moins;répondu avant le 11 août;13454390046806476880;Hand and Stone Massage and Facial Spa;US;mono;False;8;2026-08-16, 2026-08-17, 2026-08-23
91 à 365 jours;75 % ou moins;répondu avant le 11 août;14727272453529875622;Active Pest Control;US;large;False;4;2026-08-13, 2026-08-18, 2026-08-23
91 à 365 jours;75 % ou moins;répondu avant le 11 août;6278096211291522244;Active Pest Control;US;large;False;4;2026-08-16, 2026-08-17
91 à 365 jours;75 % ou moins;répondu avant le 11 août;11253624861875245129;EcoShield Pest Solutions;US;large;True;2;2026-08-15, 2026-08-24
91 à 365 jours;75 % ou moins;répondu avant le 11 août;12242899512208579596;Insight Pest Solutions;US;large;True;2;2026-08-12, 2026-08-17
91 à 365 jours;75 % ou moins;répondu avant le 11 août;9284506857513497045;ABC Home & Commercial Services;US;large;False;2;2026-08-15, 2026-08-18
91 à 365 jours;75 % ou moins;répondu avant le 11 août;10376466765804245271;Club Berlin Kreuzberg;Europe;large;False;1;2026-08-14
91 à 365 jours;75 % ou moins;répondu avant le 11 août;10789067178806450248;Fitness First Griesheim;Europe;small;False;1;2026-08-19
91 à 365 jours;75 % ou moins;répondu avant le 11 août;11244106783564826397;Club Kiel Altstadt;Europe;large;False;1;2026-08-19
91 à 365 jours;75 % ou moins;répondu avant le 11 août;13278239044570035358;Abaden Dentistas;Europe;small;False;1;2026-08-23
91 à 365 jours;75 % ou moins;répondu avant le 11 août;13464631525318348002;AniCura Tierklinik Neandertal GmbH;Europe;large;False;1;2026-08-15
91 à 365 jours;75 % ou moins;répondu avant le 11 août;14298233888485556219;Club Berlin Prenzlauer Berg;Europe;large;False;1;2026-08-23
91 à 365 jours;75 % ou moins;répondu avant le 11 août;15404298441898724538;Manta Ray Dives of Hawaii;US;mono;False;1;2026-08-14
91 à 365 jours;75 % ou moins;répondu avant le 11 août;16002063853041743938;Club Hamburg Wandsbek;Europe;large;False;1;2026-08-23
91 à 365 jours;75 % ou moins;répondu avant le 11 août;16606747006192265097;Dakota Tex Mex;Europe;small;False;1;2026-08-24
91 à 365 jours;75 % ou moins;répondu avant le 11 août;178064072666686963;EcoShield Pest Solutions;US;large;True;1;2026-08-15
91 à 365 jours;75 % ou moins;répondu avant le 11 août;2050503371808889696;Wellness Sport Club Villeurbanne;Europe;small;False;1;2026-08-23
91 à 365 jours;75 % ou moins;répondu avant le 11 août;3061989190889588715;Pizza Hut;Europe;large;False;1;2026-08-13
91 à 365 jours;75 % ou moins;répondu avant le 11 août;3096229344236711706;Planet Fitness;Europe;small;False;1;2026-08-22
91 à 365 jours;75 % ou moins;répondu avant le 11 août;3171881406442480015;Club Berlin Friedrichshain;Europe;large;False;1;2026-08-13
91 à 365 jours;75 % ou moins;répondu avant le 11 août;3311011992907686127;Planet Fitness;Europe;small;False;1;2026-08-18
91 à 365 jours;75 % ou moins;répondu avant le 11 août;6105401712141282729;Elaya Hotel;Europe;large;False;1;2026-08-21
91 à 365 jours;75 % ou moins;répondu avant le 11 août;6455848504406053103;Axiom Fitness;US;small;False;1;2026-08-15
91 à 365 jours;75 % ou moins;répondu avant le 11 août;6877234864048972604;Club Erlangen;Europe;large;False;1;2026-08-22
91 à 365 jours;75 % ou moins;répondu avant le 11 août;7573674174256860664;Neoness;Europe;large;False;1;2026-08-15
91 à 365 jours;75 % ou moins;répondu avant le 11 août;8114128720382389588;Pizza Hut;Europe;large;False;1;2026-08-15
91 à 365 jours;75 % ou moins;répondu avant le 11 août;817498439303474635;EcoShield Pest Solutions;US;large;True;1;2026-08-19
91 à 365 jours;75 % ou moins;répondu avant le 11 août;819899524517032922;Fox Rent A Car;US;large;False;1;2026-08-24
91 à 365 jours;75 % ou moins;répondu avant le 11 août;845684297895448830;Globales Apartamentos Montemar;Europe;large;False;1;2026-08-22
91 à 365 jours;75 % ou moins;répondu avant le 11 août;8592193049411979519;EcoShield Pest Solutions;US;large;True;1;2026-08-20
91 à 365 jours;75 % ou moins;sans réponse;758758450125883918;Bischoff Touristik KG Busreisen;Europe;mono;False;8;2026-08-15, 2026-08-16, 2026-08-22
91 à 365 jours;75 % ou moins;sans réponse;8592193049411979519;EcoShield Pest Solutions;US;large;True;7;2026-08-16, 2026-08-17, 2026-08-19, 2026-08-20, 2026-08-22, 2026-08-23
91 à 365 jours;75 % ou moins;sans réponse;178064072666686963;EcoShield Pest Solutions;US;large;True;4;2026-08-12, 2026-08-13, 2026-08-17, 2026-08-21
91 à 365 jours;75 % ou moins;sans réponse;10746082602604012869;Insight Pest Solutions;US;large;True;3;2026-08-12, 2026-08-16, 2026-08-19
91 à 365 jours;75 % ou moins;sans réponse;11253624861875245129;EcoShield Pest Solutions;US;large;True;3;2026-08-17, 2026-08-19, 2026-08-24
91 à 365 jours;75 % ou moins;sans réponse;16201181649805957681;Heart and Vascular Care;US;large;False;3;2026-08-16, 2026-08-19
91 à 365 jours;75 % ou moins;sans réponse;3862407046066641134;Overhead Door Co Of Norwich;US;small;False;3;2026-08-13, 2026-08-17
91 à 365 jours;75 % ou moins;sans réponse;4433090577107943247;EcoShield Pest Solutions;US;large;True;3;2026-08-15, 2026-08-16, 2026-08-24
91 à 365 jours;75 % ou moins;sans réponse;6220232788059998036;Heart and Vascular Care;US;large;False;3;2026-08-16, 2026-08-21
91 à 365 jours;75 % ou moins;sans réponse;6665036569245004844;EcoShield Pest Solutions;US;large;True;3;2026-08-16, 2026-08-17, 2026-08-20
91 à 365 jours;75 % ou moins;sans réponse;8272933981059498407;Heart and Vascular Care;US;large;False;3;2026-08-22, 2026-08-23, 2026-08-24
91 à 365 jours;75 % ou moins;sans réponse;8295483025098590212;Parker Cornea;US;mono;False;3;2026-08-13
91 à 365 jours;75 % ou moins;sans réponse;1174481771535392160;Fitness 1440 Burnet;US;large;False;2;2026-08-20
91 à 365 jours;75 % ou moins;sans réponse;13609296054599897306;AmeriVu Inn & Suites - Chisago City;US;small;False;2;2026-08-20
91 à 365 jours;75 % ou moins;sans réponse;15021678285380976596;Advanced Center for Cosmetic and Implant Dentistry;US;mono;False;2;2026-08-17, 2026-08-18
91 à 365 jours;75 % ou moins;sans réponse;17091292904098231006;EcoShield Pest Solutions;US;large;True;2;2026-08-19, 2026-08-20
91 à 365 jours;75 % ou moins;sans réponse;3171881406442480015;Club Berlin Friedrichshain;Europe;large;False;2;2026-08-14, 2026-08-23
91 à 365 jours;75 % ou moins;sans réponse;3595820309544267485;EcoShield Pest Solutions;US;large;True;2;2026-08-18, 2026-08-19
91 à 365 jours;75 % ou moins;sans réponse;4272684922168596772;Bulwark Exterminating Corporate;US;large;False;2;2026-08-17, 2026-08-22
91 à 365 jours;75 % ou moins;sans réponse;817498439303474635;EcoShield Pest Solutions;US;large;True;2;2026-08-16, 2026-08-17
91 à 365 jours;75 % ou moins;sans réponse;9539344236412584881;Club Moers;Europe;large;False;2;2026-08-13
91 à 365 jours;75 % ou moins;sans réponse;10306301904391170961;A+ Foot Massage;US;small;False;1;2026-08-15
91 à 365 jours;75 % ou moins;sans réponse;10358734888114183766;Ostello Campo Imperatore;Europe;mono;False;1;2026-08-23
91 à 365 jours;75 % ou moins;sans réponse;10432860078527617293;Speakeasy Fitness - Los Angeles;US;small;False;1;2026-08-21
91 à 365 jours;75 % ou moins;sans réponse;10866581757464278630;Club Essen Rüttenscheid;Europe;large;False;1;2026-08-23
91 à 365 jours;75 % ou moins;sans réponse;11026334113574303649;Coast Fit Lab;Europe;mono;False;1;2026-08-13
91 à 365 jours;75 % ou moins;sans réponse;11306931454900536039;Club Dortmund Gartenstadt;Europe;large;False;1;2026-08-19
91 à 365 jours;75 % ou moins;sans réponse;11334857026754763198;Restaurant Destille Bernie's Keller;Europe;mono;False;1;2026-08-17
91 à 365 jours;75 % ou moins;sans réponse;11660062678522630526;Sierra Pacific Orthopedics;US;small;False;1;2026-08-15
91 à 365 jours;75 % ou moins;sans réponse;11704494948758527677;Tip Top Roofing and Construction;US;mono;False;1;2026-08-17
91 à 365 jours;75 % ou moins;sans réponse;11777366497671958007;Subaru of Port Richey;US;small;False;1;2026-08-17
91 à 365 jours;75 % ou moins;sans réponse;11975822384362330441;Cafe Baeckerei Konditorei Kundlatsch;Europe;mono;False;1;2026-08-18
91 à 365 jours;75 % ou moins;sans réponse;12201393894709934481;Avalon Transportation;US;mono;False;1;2026-08-12
91 à 365 jours;75 % ou moins;sans réponse;12787269538340339712;Bandanas Bar-B-Q and Catering;US;large;False;1;2026-08-12
91 à 365 jours;75 % ou moins;sans réponse;12826556167678669456;Case Study Coffee;US;small;False;1;2026-08-24
91 à 365 jours;75 % ou moins;sans réponse;1314428225741617041;Studentist Utrecht;Europe;small;False;1;2026-08-18
91 à 365 jours;75 % ou moins;sans réponse;13454390046806476880;Hand and Stone Massage and Facial Spa;US;mono;False;1;2026-08-17
91 à 365 jours;75 % ou moins;sans réponse;13906915783797995310;Cha Cha Matcha;US;small;False;1;2026-08-18
91 à 365 jours;75 % ou moins;sans réponse;14026434177734694218;Ichiban Japanese Steakhouse;US;small;False;1;2026-08-19
91 à 365 jours;75 % ou moins;sans réponse;140714329459600171;Bell Dental;US;mono;False;1;2026-08-24
91 à 365 jours;75 % ou moins;sans réponse;14268662735815633789;Proxiserve;Europe;large;False;1;2026-08-21
91 à 365 jours;75 % ou moins;sans réponse;14298233888485556219;Club Berlin Prenzlauer Berg;Europe;large;False;1;2026-08-21
91 à 365 jours;75 % ou moins;sans réponse;14410256140217573657;Sushi Lin Park Slope;US;small;False;1;2026-08-14
91 à 365 jours;75 % ou moins;sans réponse;14544498122515840038;Anami asiakitchen & bar;Europe;small;False;1;2026-08-23
91 à 365 jours;75 % ou moins;sans réponse;1463384179203564129;Club Linz;Europe;large;False;1;2026-08-20
91 à 365 jours;75 % ou moins;sans réponse;14651399241385512560;Insight Pest Solutions;US;large;True;1;2026-08-16
91 à 365 jours;75 % ou moins;sans réponse;14669771815910615986;Crêp'eat;Europe;large;False;1;2026-08-23
91 à 365 jours;75 % ou moins;sans réponse;15030713588446975167;EcoShield Pest Solutions;US;large;True;1;2026-08-20
91 à 365 jours;75 % ou moins;sans réponse;15598913053706512115;Bedard Bros. Honda;US;mono;False;1;2026-08-12
91 à 365 jours;75 % ou moins;sans réponse;15729059731048819376;EcoShield Pest Solutions;US;large;True;1;2026-08-24
91 à 365 jours;75 % ou moins;sans réponse;16292587188784289489;Crep'eat Ares;Europe;large;False;1;2026-08-18
91 à 365 jours;75 % ou moins;sans réponse;16455370445229869851;citizenM Los Angeles Downtown;US;large;False;1;2026-08-14
91 à 365 jours;75 % ou moins;sans réponse;16549891742331617014;Abilene Dermatology and Skin;US;mono;False;1;2026-08-20
91 à 365 jours;75 % ou moins;sans réponse;16662765184504364729;Gezer Spa;Europe;small;False;1;2026-08-19
91 à 365 jours;75 % ou moins;sans réponse;16808764777660977617;Top Nails;US;small;False;1;2026-08-21
91 à 365 jours;75 % ou moins;sans réponse;17003363374396944320;Café Siboney;Europe;small;False;1;2026-08-17
91 à 365 jours;75 % ou moins;sans réponse;17131730794815694602;Ćićko Komerc;Europe;mono;False;1;2026-08-16
91 à 365 jours;75 % ou moins;sans réponse;17364030290527801415;Blauer Elefant;Europe;small;False;1;2026-08-20
91 à 365 jours;75 % ou moins;sans réponse;1775229174281721407;Clinica Reina Victoria;Europe;small;False;1;2026-08-19
91 à 365 jours;75 % ou moins;sans réponse;18069456573096405919;Club Düsseldorf Bilk;Europe;large;False;1;2026-08-18
91 à 365 jours;75 % ou moins;sans réponse;18077385796420396658;RZbandenservice BV;Europe;mono;False;1;2026-08-24
91 à 365 jours;75 % ou moins;sans réponse;18160242326678368511;Northwest Motor Group;US;mono;False;1;2026-08-12
91 à 365 jours;75 % ou moins;sans réponse;18289652224721845159;Slascicarna Renata;Europe;mono;False;1;2026-08-20
91 à 365 jours;75 % ou moins;sans réponse;1831097215118000235;Blankert Shortlease;Europe;mono;False;1;2026-08-20
91 à 365 jours;75 % ou moins;sans réponse;2148947061455884883;CitizenM Geneva Centre;Europe;large;False;1;2026-08-19
91 à 365 jours;75 % ou moins;sans réponse;2227356216214658119;Tjugo Bil AB;Europe;mono;False;1;2026-08-20
91 à 365 jours;75 % ou moins;sans réponse;2570404804359852659;La maison du Tui Na;Europe;small;False;1;2026-08-17
91 à 365 jours;75 % ou moins;sans réponse;2786679854623584616;Burger Boutique Klagenfurt;Europe;small;False;1;2026-08-20
91 à 365 jours;75 % ou moins;sans réponse;3305787388704568490;Valhalla Gym Club Salou;Europe;mono;False;1;2026-08-18
91 à 365 jours;75 % ou moins;sans réponse;3556969407373473621;Autonoleggio e autolavaggio Minerva;Europe;mono;False;1;2026-08-18
91 à 365 jours;75 % ou moins;sans réponse;3597932619057576281;Chickie's and Pete's Terminal D;US;large;False;1;2026-08-18
91 à 365 jours;75 % ou moins;sans réponse;381217988904044681;Chicago Motor Credit;US;mono;False;1;2026-08-14
91 à 365 jours;75 % ou moins;sans réponse;3881615387971294091;Spa Zuiver;Europe;small;False;1;2026-08-15
91 à 365 jours;75 % ou moins;sans réponse;3929894296930998003;Sushi Lin SoHo;US;small;False;1;2026-08-22
91 à 365 jours;75 % ou moins;sans réponse;4085625843546614708;Red Rocks Locksmith North Denver;US;small;False;1;2026-08-18
91 à 365 jours;75 % ou moins;sans réponse;4535259281716615882;EcoShield Pest Solutions;US;large;True;1;2026-08-17
91 à 365 jours;75 % ou moins;sans réponse;4695493560929371813;Quecke Reisen;Europe;mono;False;1;2026-08-23
91 à 365 jours;75 % ou moins;sans réponse;4976669384732193579;Mon Reve Ecogreen Resort;Europe;mono;False;1;2026-08-12
91 à 365 jours;75 % ou moins;sans réponse;5057368069402798167;Club Wien Schwedenplatz;Europe;large;False;1;2026-08-16
91 à 365 jours;75 % ou moins;sans réponse;507991477414169147;E Star Motors;US;mono;False;1;2026-08-18
91 à 365 jours;75 % ou moins;sans réponse;5247971981139397931;Insight Pest Solutions;US;large;True;1;2026-08-23
91 à 365 jours;75 % ou moins;sans réponse;6112980651961861144;Nervous Dog Coffee Bar;US;small;False;1;2026-08-13
91 à 365 jours;75 % ou moins;sans réponse;6382124139232483673;SkinSpirit Plano;US;large;False;1;2026-08-16
91 à 365 jours;75 % ou moins;sans réponse;6399448762395193625;Samesun Venice Beach;US;small;False;1;2026-08-13
91 à 365 jours;75 % ou moins;sans réponse;6553547423530933620;Velodrome Coffee Company;US;small;False;1;2026-08-20
91 à 365 jours;75 % ou moins;sans réponse;6652535382562740070;Life Maid Simple;US;mono;False;1;2026-08-12
91 à 365 jours;75 % ou moins;sans réponse;6822388799238660285;autop;Europe;small;False;1;2026-08-19
91 à 365 jours;75 % ou moins;sans réponse;6877234864048972604;Club Erlangen;Europe;large;False;1;2026-08-15
91 à 365 jours;75 % ou moins;sans réponse;689819550752917157;Beautyfluff;US;mono;False;1;2026-08-14
91 à 365 jours;75 % ou moins;sans réponse;7096408937821973133;Elbgym;Europe;small;False;1;2026-08-23
91 à 365 jours;75 % ou moins;sans réponse;730478242196086435;Jersey Shore Pirates;US;mono;False;1;2026-08-17
91 à 365 jours;75 % ou moins;sans réponse;8173690169693600909;Fox Rent A Car;US;large;False;1;2026-08-13
91 à 365 jours;75 % ou moins;sans réponse;8546087388068866027;EcoShield Pest Solutions Houston;US;large;False;1;2026-08-13
91 à 365 jours;75 % ou moins;sans réponse;8952225727425921152;East Naples Physical Therapy;US;small;False;1;2026-08-17
91 à 365 jours;75 % ou moins;sans réponse;9063424070959391537;Närakut Järva;Europe;small;False;1;2026-08-20
91 à 365 jours;75 % ou moins;sans réponse;9491775241003131847;Nalu;Europe;small;False;1;2026-08-19
91 à 365 jours;75 % ou moins;sans réponse;9671646188137500976;Fitness1440;US;large;False;1;2026-08-19
91 à 365 jours;75 % ou moins;sans réponse;9724660860275016826;Chickie's & Pete's;US;large;False;1;2026-08-19
91 à 365 jours;plus de 75 %;répondu avant le 11 août;8256016555611678921;Solve Pest Pros;US;small;False;12;2026-08-16, 2026-08-17, 2026-08-18, 2026-08-20, 2026-08-24
91 à 365 jours;plus de 75 %;répondu avant le 11 août;3352767676680426036;Solve Pest Pros;US;small;False;10;2026-08-17, 2026-08-21, 2026-08-22
91 à 365 jours;plus de 75 %;répondu avant le 11 août;8303557791751296465;Insight Pest Solutions;US;large;True;8;2026-08-12, 2026-08-15, 2026-08-16, 2026-08-17, 2026-08-19, 2026-08-23
91 à 365 jours;plus de 75 %;répondu avant le 11 août;18135896731724490192;Coastal Heating and Cooling;US;mono;False;5;2026-08-12, 2026-08-13, 2026-08-16
91 à 365 jours;plus de 75 %;répondu avant le 11 août;18371253483526610359;Bulwark Exterminating;US;large;True;5;2026-08-16, 2026-08-17, 2026-08-19
91 à 365 jours;plus de 75 %;répondu avant le 11 août;6622258630771505951;Bulwark Exterminating;US;large;True;4;2026-08-19, 2026-08-21, 2026-08-22
91 à 365 jours;plus de 75 %;répondu avant le 11 août;11183164932977516690;Insight Pest Solutions;US;large;True;3;2026-08-15, 2026-08-16, 2026-08-20
91 à 365 jours;plus de 75 %;répondu avant le 11 août;2034461622997448093;Bulwark Exterminating;US;large;True;3;2026-08-16, 2026-08-17, 2026-08-23
91 à 365 jours;plus de 75 %;répondu avant le 11 août;3932259871970128515;Alaska Fracture and Orthopedic Clinic;US;small;False;3;2026-08-15, 2026-08-18, 2026-08-23
91 à 365 jours;plus de 75 %;répondu avant le 11 août;9955525685526011894;Reno Massage Tree;US;mono;False;3;2026-08-14, 2026-08-17, 2026-08-19
91 à 365 jours;plus de 75 %;répondu avant le 11 août;11882525582487875452;Northwest Exterminating;US;small;False;2;2026-08-17, 2026-08-19
91 à 365 jours;plus de 75 %;répondu avant le 11 août;13149966690726534760;Green Pest Services;US;small;False;2;2026-08-12, 2026-08-15
91 à 365 jours;plus de 75 %;répondu avant le 11 août;13357493140933391105;Insight Pest Solutions;US;large;True;2;2026-08-12, 2026-08-15
91 à 365 jours;plus de 75 %;répondu avant le 11 août;13814955983323469740;Doug's Hyundai;US;small;False;2;2026-08-17, 2026-08-19
91 à 365 jours;plus de 75 %;répondu avant le 11 août;14299127777839665974;Neoness;Europe;large;False;2;2026-08-21, 2026-08-23
91 à 365 jours;plus de 75 %;répondu avant le 11 août;17974656075232027016;A Plus Garage Door Repair;US;large;False;2;2026-08-12, 2026-08-24
91 à 365 jours;plus de 75 %;répondu avant le 11 août;3908824544135415884;Delta Sonic Car Wash;US;large;False;2;2026-08-13, 2026-08-24
91 à 365 jours;plus de 75 %;répondu avant le 11 août;6289730490558979524;Bulwark Exterminating;US;large;True;2;2026-08-14, 2026-08-19
91 à 365 jours;plus de 75 %;répondu avant le 11 août;6832155753295535633;Insight Pest Solutions;US;large;True;2;2026-08-15, 2026-08-18
91 à 365 jours;plus de 75 %;répondu avant le 11 août;7662944855115365082;Insight Pest Solutions;US;large;True;2;2026-08-16, 2026-08-24
91 à 365 jours;plus de 75 %;répondu avant le 11 août;10090302202222272008;NordGlass;Europe;small;False;1;2026-08-17
91 à 365 jours;plus de 75 %;répondu avant le 11 août;10098697139125916530;Delta Sonic;US;large;False;1;2026-08-20
91 à 365 jours;plus de 75 %;répondu avant le 11 août;10330873477402384990;Delizie di Mare - All You Can Eat;Europe;mono;False;1;2026-08-13
91 à 365 jours;plus de 75 %;répondu avant le 11 août;1049058162612560778;Speedfitness Wasserburg;Europe;small;False;1;2026-08-22
91 à 365 jours;plus de 75 %;répondu avant le 11 août;10743272237481243364;Delta Sonic Car Wash & Oil Change;US;large;False;1;2026-08-18
91 à 365 jours;plus de 75 %;répondu avant le 11 août;11004380532876327499;Embassy Suites Seattle Downtown-Pioneer Square;US;small;False;1;2026-08-16
91 à 365 jours;plus de 75 %;répondu avant le 11 août;11056066570459298898;A Plus Garage Door Repair;US;large;False;1;2026-08-12
91 à 365 jours;plus de 75 %;répondu avant le 11 août;11260237229921996949;Carolina Ale House;US;large;False;1;2026-08-23
91 à 365 jours;plus de 75 %;répondu avant le 11 août;11297439376762926367;Abba Granada Hotel;Europe;large;False;1;2026-08-14
91 à 365 jours;plus de 75 %;répondu avant le 11 août;11361708813600866105;1050 Lenox Park Gym;US;mono;False;1;2026-08-14
91 à 365 jours;plus de 75 %;répondu avant le 11 août;11502022073018421447;Hurricane Express Wash;US;large;False;1;2026-08-18
91 à 365 jours;plus de 75 %;répondu avant le 11 août;11979469692631411558;Cleys Waasmunster;Europe;mono;False;1;2026-08-19
91 à 365 jours;plus de 75 %;répondu avant le 11 août;12005420889664569147;Efficient Power & Light, LLC;US;mono;False;1;2026-08-18
91 à 365 jours;plus de 75 %;répondu avant le 11 août;12010469576073923096;Carolina Ale House;US;large;False;1;2026-08-19
91 à 365 jours;plus de 75 %;répondu avant le 11 août;12035238193368484759;Centro Veterinario Villalba IF;Europe;mono;False;1;2026-08-22
91 à 365 jours;plus de 75 %;répondu avant le 11 août;12121418554969116063;Bandana's Bar-B-Q;US;large;False;1;2026-08-16
91 à 365 jours;plus de 75 %;répondu avant le 11 août;12183094189969790667;Ninkasi Rouen;Europe;large;False;1;2026-08-12
91 à 365 jours;plus de 75 %;répondu avant le 11 août;12233598995435142344;Talia Espresso West Jefferson;US;small;False;1;2026-08-23
91 à 365 jours;plus de 75 %;répondu avant le 11 août;12653609458785639661;Delta Sonic Car Wash;US;large;False;1;2026-08-23
91 à 365 jours;plus de 75 %;répondu avant le 11 août;12785457364507400376;ABC Home & Commercial Services;US;large;False;1;2026-08-19
91 à 365 jours;plus de 75 %;répondu avant le 11 août;13169096102099484082;Veterinario Guadalix;Europe;mono;False;1;2026-08-14
91 à 365 jours;plus de 75 %;répondu avant le 11 août;13228969405843925211;Pointe Pest Control;US;large;True;1;2026-08-20
91 à 365 jours;plus de 75 %;répondu avant le 11 août;13288029802825955964;Shine Shop Carwash;US;large;False;1;2026-08-22
91 à 365 jours;plus de 75 %;répondu avant le 11 août;13339477756742124017;Carolina Ale House;US;large;False;1;2026-08-13
91 à 365 jours;plus de 75 %;répondu avant le 11 août;13798814135958642526;Bandana's Bar-B-Q;US;large;False;1;2026-08-16
91 à 365 jours;plus de 75 %;répondu avant le 11 août;14164500804080551070;Adventure Dental and Vision;US;large;False;1;2026-08-12
91 à 365 jours;plus de 75 %;répondu avant le 11 août;14216629449616423721;Brioni Sunny Camping by Valamar;Europe;large;False;1;2026-08-16
91 à 365 jours;plus de 75 %;répondu avant le 11 août;14373532843473146773;A Plus Garage Door Repair;US;large;False;1;2026-08-12
91 à 365 jours;plus de 75 %;répondu avant le 11 août;1473687679119913481;SureStay by Best Western Charlotte Matthews;US;mono;False;1;2026-08-23
91 à 365 jours;plus de 75 %;répondu avant le 11 août;15327492528373681610;Calicéo Perpignan;Europe;small;False;1;2026-08-24
91 à 365 jours;plus de 75 %;répondu avant le 11 août;15382424972418370974;Good Night John Boy;US;small;False;1;2026-08-18
91 à 365 jours;plus de 75 %;répondu avant le 11 août;15615984558165321771;Dermatology Affiliates (East Cobb);US;small;False;1;2026-08-15
91 à 365 jours;plus de 75 %;répondu avant le 11 août;16058781222542913209;Bayberry RV Park;US;small;False;1;2026-08-23
91 à 365 jours;plus de 75 %;répondu avant le 11 août;16117159235674070955;Nuvia Dental Implant Center;US;large;False;1;2026-08-16
91 à 365 jours;plus de 75 %;répondu avant le 11 août;16132763487693899415;Ninkasi Brignais;Europe;large;False;1;2026-08-13
91 à 365 jours;plus de 75 %;répondu avant le 11 août;1615736528235487924;Hipotels Barrosa Garden;Europe;large;False;1;2026-08-12
91 à 365 jours;plus de 75 %;répondu avant le 11 août;16239963990365261611;P.j. Whelihan's Pub + Restaurant - Lawrence Park;US;large;False;1;2026-08-18
91 à 365 jours;plus de 75 %;répondu avant le 11 août;16248341169641882523;Insight Pest Solutions;US;large;True;1;2026-08-24
91 à 365 jours;plus de 75 %;répondu avant le 11 août;16597569586248484073;MedVet Silicon Valley;US;large;False;1;2026-08-23
91 à 365 jours;plus de 75 %;répondu avant le 11 août;16612385493823253879;A Plus Garage Door Repair;US;large;False;1;2026-08-12
91 à 365 jours;plus de 75 %;répondu avant le 11 août;16822713850870195837;Bludental - San Giuliano Milanese;Europe;large;False;1;2026-08-23
91 à 365 jours;plus de 75 %;répondu avant le 11 août;16867174010602496547;Northwest Exterminating;US;small;False;1;2026-08-16
91 à 365 jours;plus de 75 %;répondu avant le 11 août;16894789784437684017;Delta Sonic Car Wash;US;large;False;1;2026-08-18
91 à 365 jours;plus de 75 %;répondu avant le 11 août;16932179925125573715;Pointe Pest Control;US;large;True;1;2026-08-24
91 à 365 jours;plus de 75 %;répondu avant le 11 août;17242247313955629242;Sunshine Pediatrics of Lutz;US;small;False;1;2026-08-19
91 à 365 jours;plus de 75 %;répondu avant le 11 août;17281437621329588406;AniCura Recklinghausen - Tierärztliche Klinik für Kleintiere;Europe;large;False;1;2026-08-12
91 à 365 jours;plus de 75 %;répondu avant le 11 août;17508038941666529215;Crep'Eat Saint Genis 2;Europe;large;False;1;2026-08-23
91 à 365 jours;plus de 75 %;répondu avant le 11 août;17730348332042478384;Bludental Clinique;Europe;large;False;1;2026-08-22
91 à 365 jours;plus de 75 %;répondu avant le 11 août;18087544658842131373;Pointe Pest Control;US;large;True;1;2026-08-15
91 à 365 jours;plus de 75 %;répondu avant le 11 août;18111772053869063472;Bludental Clinique;Europe;large;False;1;2026-08-23
91 à 365 jours;plus de 75 %;répondu avant le 11 août;18178015682874024510;Bludental Clinique;Europe;large;False;1;2026-08-13
91 à 365 jours;plus de 75 %;répondu avant le 11 août;1943990090783039974;United Air Temp;US;large;False;1;2026-08-24
91 à 365 jours;plus de 75 %;répondu avant le 11 août;2071615184249883557;Nuvia Dental Implant Center;US;large;False;1;2026-08-23
91 à 365 jours;plus de 75 %;répondu avant le 11 août;2145894648200160415;Cuisine Plus;Europe;large;False;1;2026-08-20
91 à 365 jours;plus de 75 %;répondu avant le 11 août;2423693438449052039;Bulwark Exterminating;US;large;True;1;2026-08-22
91 à 365 jours;plus de 75 %;répondu avant le 11 août;2699950723330237401;Tanner Clinic;US;small;False;1;2026-08-15
91 à 365 jours;plus de 75 %;répondu avant le 11 août;3079766421690498907;Instituts Odontològics - Clínica Dental Vilanova i la Geltrú;Europe;large;False;1;2026-08-16
91 à 365 jours;plus de 75 %;répondu avant le 11 août;316781490911675520;Hurricane Express Wash;US;large;False;1;2026-08-23
91 à 365 jours;plus de 75 %;répondu avant le 11 août;316878406668790307;Adventure Dental;US;large;False;1;2026-08-18
91 à 365 jours;plus de 75 %;répondu avant le 11 août;3600464801278446343;Flight Club Houston;US;small;False;1;2026-08-12
91 à 365 jours;plus de 75 %;répondu avant le 11 août;3781294482129613031;Clinique Vétérinaire des Docteurs Glatard et Tabardel;Europe;small;False;1;2026-08-16
91 à 365 jours;plus de 75 %;répondu avant le 11 août;3874911723232599474;ABC Home & Commercial Services;US;large;False;1;2026-08-19
91 à 365 jours;plus de 75 %;répondu avant le 11 août;4279075190424215586;AZUR Camping Altmühltal in Bayern;Europe;small;False;1;2026-08-15
91 à 365 jours;plus de 75 %;répondu avant le 11 août;4479702789086504102;MedVet Columbus;US;large;False;1;2026-08-20
91 à 365 jours;plus de 75 %;répondu avant le 11 août;4653529780579342274;Luminare Aesthetics & Wellness;US;small;False;1;2026-08-15
91 à 365 jours;plus de 75 %;répondu avant le 11 août;5293349568823805641;Carolina Ale House;US;large;False;1;2026-08-19
91 à 365 jours;plus de 75 %;répondu avant le 11 août;5462438059738924151;Home2 Suites by Hilton Charlotte I-77 South;US;large;False;1;2026-08-17
91 à 365 jours;plus de 75 %;répondu avant le 11 août;5525824012557246585;A Plus Garage Door Repair;US;large;False;1;2026-08-12
91 à 365 jours;plus de 75 %;répondu avant le 11 août;5643395061886170817;Bludental Clinique;Europe;large;False;1;2026-08-12
91 à 365 jours;plus de 75 %;répondu avant le 11 août;6186680504068610079;P.J. Whelihan's Pub + Restaurant;US;large;False;1;2026-08-17
91 à 365 jours;plus de 75 %;répondu avant le 11 août;6320061476609597807;Nuvia Dental Implant Center;US;large;False;1;2026-08-19
91 à 365 jours;plus de 75 %;répondu avant le 11 août;6981109676280185119;BEST WESTERN Plus Sugar Land Houston;US;mono;False;1;2026-08-23
91 à 365 jours;plus de 75 %;répondu avant le 11 août;7061804313833943685;ABC Home & Commercial Services;US;large;False;1;2026-08-23
91 à 365 jours;plus de 75 %;répondu avant le 11 août;7096371038011001168;Route 46 Chrysler Jeep Dodge;US;mono;False;1;2026-08-13
91 à 365 jours;plus de 75 %;répondu avant le 11 août;7495503299708694320;Orthodontic Specialists of Florida;US;large;False;1;2026-08-13
91 à 365 jours;plus de 75 %;répondu avant le 11 août;7571872526739045011;Hekkan Burger;Europe;small;False;1;2026-08-14
91 à 365 jours;plus de 75 %;répondu avant le 11 août;7763249281847596762;Nuvia Dental Implant Center;US;large;False;1;2026-08-16
91 à 365 jours;plus de 75 %;répondu avant le 11 août;7903806739932122359;Bludental Clinique Prati Fiscali;Europe;large;False;1;2026-08-23
91 à 365 jours;plus de 75 %;répondu avant le 11 août;791442415345605027;aBeauty clinique Brasov;Europe;small;False;1;2026-08-23
91 à 365 jours;plus de 75 %;répondu avant le 11 août;7993333670751914535;Speedfitness Bruckmühl;Europe;small;False;1;2026-08-24
91 à 365 jours;plus de 75 %;répondu avant le 11 août;8015064052260497255;Neoness;Europe;large;False;1;2026-08-12
91 à 365 jours;plus de 75 %;répondu avant le 11 août;8238249337582442116;Indiana Caverns;US;mono;False;1;2026-08-22
91 à 365 jours;plus de 75 %;répondu avant le 11 août;8299236336334780743;abba Sants Hotel;Europe;large;False;1;2026-08-24
91 à 365 jours;plus de 75 %;répondu avant le 11 août;8357807472690442969;Green Pest Services;US;small;False;1;2026-08-23
91 à 365 jours;plus de 75 %;répondu avant le 11 août;8597504776508843677;Neoness;Europe;large;False;1;2026-08-16
91 à 365 jours;plus de 75 %;répondu avant le 11 août;8675258714044865202;Aqua Plumbing and Air;US;small;False;1;2026-08-12
91 à 365 jours;plus de 75 %;répondu avant le 11 août;8993735432049328833;Bludental Clinique;Europe;large;False;1;2026-08-18
91 à 365 jours;plus de 75 %;répondu avant le 11 août;905780091127160689;Windmillhopper;Europe;mono;False;1;2026-08-14
91 à 365 jours;plus de 75 %;répondu avant le 11 août;9191966140153997266;Air Max HVAC, Inc.;US;small;False;1;2026-08-13
91 à 365 jours;plus de 75 %;répondu avant le 11 août;9644624167118109403;Neoness;Europe;large;False;1;2026-08-21
91 à 365 jours;plus de 75 %;répondu avant le 11 août;9921186577906344541;A Plus Plumbing;US;mono;False;1;2026-08-12
91 à 365 jours;plus de 75 %;sans réponse;14825598912279374964;Chatham Sports Medicine & Physical Therapy;US;small;False;2;2026-08-15, 2026-08-22
91 à 365 jours;plus de 75 %;sans réponse;4911298185241598109;Zimmermann Sanitäts- und Orthopädiehaus GmbH;Europe;mono;False;2;2026-08-21
91 à 365 jours;plus de 75 %;sans réponse;11149779472677540868;Mister Toiture Brest;Europe;small;False;1;2026-08-15
91 à 365 jours;plus de 75 %;sans réponse;11183164932977516690;Insight Pest Solutions;US;large;True;1;2026-08-18
91 à 365 jours;plus de 75 %;sans réponse;11582395264457206340;Flying Frog Car Wash;US;small;False;1;2026-08-24
91 à 365 jours;plus de 75 %;sans réponse;13048717007599713286;Nu Car Rentals;US;small;False;1;2026-08-22
91 à 365 jours;plus de 75 %;sans réponse;13197914448513377771;TKE veterinary clinic Elversberg;Europe;small;False;1;2026-08-19
91 à 365 jours;plus de 75 %;sans réponse;13462368340818962632;Wellness Sport Club;Europe;small;False;1;2026-08-19
91 à 365 jours;plus de 75 %;sans réponse;14628176107878290666;4Ever Young Med Spa & Wellness Center - Arvada;US;mono;False;1;2026-08-22
91 à 365 jours;plus de 75 %;sans réponse;14696288889803762717;Auto Bierschneider;Europe;large;False;1;2026-08-20
91 à 365 jours;plus de 75 %;sans réponse;14995606665142571545;ABC Home and Commercial Services;US;large;False;1;2026-08-24
91 à 365 jours;plus de 75 %;sans réponse;16451284815773184861;Nuvia Dental Implant Center;US;large;False;1;2026-08-15
91 à 365 jours;plus de 75 %;sans réponse;17119033523327372186;AquaPools of Dallas-Fort Worth;US;small;False;1;2026-08-22
91 à 365 jours;plus de 75 %;sans réponse;17202679942767108315;ABC Home & Commercial Services;US;large;False;1;2026-08-15
91 à 365 jours;plus de 75 %;sans réponse;3600405071299124452;Shine Shop Carwash;US;large;False;1;2026-08-14
91 à 365 jours;plus de 75 %;sans réponse;3874911723232599474;ABC Home & Commercial Services;US;large;False;1;2026-08-18
91 à 365 jours;plus de 75 %;sans réponse;761220842598467411;The Shine Shop;US;mono;False;1;2026-08-23
91 à 365 jours;plus de 75 %;sans réponse;8701247524360116112;Mister Toiture Vendée;Europe;small;False;1;2026-08-13
plus d'un an;75 % ou moins;répondu avant le 11 août;11244106783564826397;Club Kiel Altstadt;Europe;large;False;2;2026-08-13, 2026-08-15
plus d'un an;75 % ou moins;répondu avant le 11 août;13211158517900588610;Inacua Antonio Prieto;Europe;small;False;2;2026-08-16, 2026-08-23
plus d'un an;75 % ou moins;répondu avant le 11 août;16292587188784289489;Crep'eat Ares;Europe;large;False;2;2026-08-13, 2026-08-24
plus d'un an;75 % ou moins;répondu avant le 11 août;3163466139043001754;Boutique The Boxer Club Dr Castelo;Europe;large;True;2;2026-08-17, 2026-08-23
plus d'un an;75 % ou moins;répondu avant le 11 août;6278096211291522244;Active Pest Control;US;large;False;2;2026-08-18, 2026-08-23
plus d'un an;75 % ou moins;répondu avant le 11 août;10035115190962299601;Bright Star Automotive;US;large;False;1;2026-08-18
plus d'un an;75 % ou moins;répondu avant le 11 août;10376466765804245271;Club Berlin Kreuzberg;Europe;large;False;1;2026-08-19
plus d'un an;75 % ou moins;répondu avant le 11 août;10505273405281271038;Cedar Park Overhead Doors;US;small;False;1;2026-08-22
plus d'un an;75 % ou moins;répondu avant le 11 août;10872351812526374649;O Feugo;Europe;mono;False;1;2026-08-15
plus d'un an;75 % ou moins;répondu avant le 11 août;10923011767881632746;Cafe Vivaldi;Europe;large;False;1;2026-08-13
plus d'un an;75 % ou moins;répondu avant le 11 août;11069659097637049598;Ressia & Compiani Pneumatici e Autofficina;Europe;mono;False;1;2026-08-13
plus d'un an;75 % ou moins;répondu avant le 11 août;11133012813713719456;Globales Binimar;Europe;large;False;1;2026-08-23
plus d'un an;75 % ou moins;répondu avant le 11 août;11405315049972903980;We Mount Things;US;mono;False;1;2026-08-23
plus d'un an;75 % ou moins;répondu avant le 11 août;11466047640980566323;Globales Condes de Alcudia;Europe;large;False;1;2026-08-15
plus d'un an;75 % ou moins;répondu avant le 11 août;11488857673888033204;Blue Planet Tours;US;mono;False;1;2026-08-14
plus d'un an;75 % ou moins;répondu avant le 11 août;11516114048315496084;AniCura Kleintiermedizinisches Zentrum Hüttig;Europe;large;False;1;2026-08-15
plus d'un an;75 % ou moins;répondu avant le 11 août;11713092955665814582;Fitnessfabrik Darmstadt Hauptbahnhof;Europe;small;False;1;2026-08-21
plus d'un an;75 % ou moins;répondu avant le 11 août;11730326832890411737;Devils Thumb Ranch Resort & Spa;US;small;False;1;2026-08-14
plus d'un an;75 % ou moins;répondu avant le 11 août;11854687678587368722;SAPWASH;Europe;mono;False;1;2026-08-22
plus d'un an;75 % ou moins;répondu avant le 11 août;12253063653387947833;Key West Car Wash;US;small;False;1;2026-08-20
plus d'un an;75 % ou moins;répondu avant le 11 août;12360096089404091512;elaya hotel kleve;Europe;large;False;1;2026-08-23
plus d'un an;75 % ou moins;répondu avant le 11 août;12433788782142605324;The Pierpont Inn;US;small;False;1;2026-08-18
plus d'un an;75 % ou moins;répondu avant le 11 août;12533095787731249146;Tuscana Resort Orlando by Aston;US;mono;False;1;2026-08-17
plus d'un an;75 % ou moins;répondu avant le 11 août;12540450234092660355;Azores Whale Watching TERRA AZUL;Europe;mono;False;1;2026-08-19
plus d'un an;75 % ou moins;répondu avant le 11 août;13055305431448601035;Blue rent;Europe;mono;False;1;2026-08-23
plus d'un an;75 % ou moins;répondu avant le 11 août;13186263684885640735;Fox Rent A Car Las Vegas;US;large;False;1;2026-08-24
plus d'un an;75 % ou moins;répondu avant le 11 août;13464631525318348002;AniCura Tierklinik Neandertal GmbH;Europe;large;False;1;2026-08-23
plus d'un an;75 % ou moins;répondu avant le 11 août;13476102255471701997;Clean Car Autowaschanlagen;Europe;large;False;1;2026-08-15
plus d'un an;75 % ou moins;répondu avant le 11 août;13519662305736008278;Aisha's salon;US;small;False;1;2026-08-18
plus d'un an;75 % ou moins;répondu avant le 11 août;13897763736459627580;Pizza Hut Budapest Király;Europe;large;False;1;2026-08-14
plus d'un an;75 % ou moins;répondu avant le 11 août;14036412642878656107;Fitness First Darmstadt Eschollbrücker Straße;Europe;small;False;1;2026-08-12
plus d'un an;75 % ou moins;répondu avant le 11 août;14239226703344219233;Elbgym;Europe;small;False;1;2026-08-20
plus d'un an;75 % ou moins;répondu avant le 11 août;14651399241385512560;Insight Pest Solutions;US;large;True;1;2026-08-16
plus d'un an;75 % ou moins;répondu avant le 11 août;14727272453529875622;Active Pest Control;US;large;False;1;2026-08-22
plus d'un an;75 % ou moins;répondu avant le 11 août;14934949875132319907;Chickie's and Pete's;US;large;False;1;2026-08-15
plus d'un an;75 % ou moins;répondu avant le 11 août;15691485723016187399;The Inn at Death Valley;US;small;False;1;2026-08-16
plus d'un an;75 % ou moins;répondu avant le 11 août;15702480480125668198;Fox Rent A Car;US;large;False;1;2026-08-17
plus d'un an;75 % ou moins;répondu avant le 11 août;15961585317714102255;Fox Rent A Car;US;large;False;1;2026-08-13
plus d'un an;75 % ou moins;répondu avant le 11 août;17150089404530335850;Snack Tour & Taxis;Europe;mono;False;1;2026-08-13
plus d'un an;75 % ou moins;répondu avant le 11 août;17462277601822099590;Pizza Hut Budapest Üllői;Europe;large;False;1;2026-08-20
plus d'un an;75 % ou moins;répondu avant le 11 août;1802107282303698256;EcoShield Pest Solutions Seattle;US;large;False;1;2026-08-17
plus d'un an;75 % ou moins;répondu avant le 11 août;18129991329867595516;RHG Bau & Garten Wurzen;Europe;small;False;1;2026-08-23
plus d'un an;75 % ou moins;répondu avant le 11 août;18217891276831513644;Parque de Campismo da Vagueira;Europe;large;False;1;2026-08-16
plus d'un an;75 % ou moins;répondu avant le 11 août;18260155493222478427;Sachi Massage and Wellness;US;mono;False;1;2026-08-19
plus d'un an;75 % ou moins;répondu avant le 11 août;2096774497021291114;Play2;US;large;False;1;2026-08-14
plus d'un an;75 % ou moins;répondu avant le 11 août;3041101590869767932;Carolina Ale House - Fort Mill;US;large;False;1;2026-08-18
plus d'un an;75 % ou moins;répondu avant le 11 août;3072672056637097147;Hand & Stone;US;mono;False;1;2026-08-17
plus d'un an;75 % ou moins;répondu avant le 11 août;3171834702734452882;Noli's Pizzeria;US;small;False;1;2026-08-16
plus d'un an;75 % ou moins;répondu avant le 11 août;3755254770851909101;Fox Rent A Car;US;large;False;1;2026-08-23
plus d'un an;75 % ou moins;répondu avant le 11 août;3797434712829554023;Grand Hotel Vanvitelli;Europe;small;False;1;2026-08-23
plus d'un an;75 % ou moins;répondu avant le 11 août;3958096962742277224;Moxie Wood Fire Grill;US;mono;False;1;2026-08-13
plus d'un an;75 % ou moins;répondu avant le 11 août;4130567824211809390;Evancy Hardelot – Equihen;Europe;small;False;1;2026-08-18
plus d'un an;75 % ou moins;répondu avant le 11 août;4197479918269694878;Carolina Ale House;US;large;False;1;2026-08-17
plus d'un an;75 % ou moins;répondu avant le 11 août;424408639813763141;EcoShield Pest Solutions;US;large;True;1;2026-08-20
plus d'un an;75 % ou moins;répondu avant le 11 août;4841352581887204568;El Patio Vertical;Europe;small;False;1;2026-08-22
plus d'un an;75 % ou moins;répondu avant le 11 août;5225060487792937874;Austin Heli Tours;US;mono;False;1;2026-08-23
plus d'un an;75 % ou moins;répondu avant le 11 août;5248041387924962342;040FIT Geldrop;Europe;small;False;1;2026-08-19
plus d'un an;75 % ou moins;répondu avant le 11 août;5451561497986218110;Idle Isle Cafe;US;mono;False;1;2026-08-23
plus d'un an;75 % ou moins;répondu avant le 11 août;5465932794113661925;O'Fallon YMCA - Illinois;US;large;False;1;2026-08-13
plus d'un an;75 % ou moins;répondu avant le 11 août;5779496948809287184;Maryville Small Animal Medical Center;US;mono;False;1;2026-08-21
plus d'un an;75 % ou moins;répondu avant le 11 août;5848415706627196772;Black Bear Inn;US;mono;False;1;2026-08-17
plus d'un an;75 % ou moins;répondu avant le 11 août;6763361579864088286;Animal Care Hospital of Waterford;US;small;False;1;2026-08-13
plus d'un an;75 % ou moins;répondu avant le 11 août;6766260821143777291;citizenM Boston North Station;US;large;False;1;2026-08-12
plus d'un an;75 % ou moins;répondu avant le 11 août;6877234864048972604;Club Erlangen;Europe;large;False;1;2026-08-18
plus d'un an;75 % ou moins;répondu avant le 11 août;6913340128184882994;Wellness Sport Club;Europe;small;False;1;2026-08-14
plus d'un an;75 % ou moins;répondu avant le 11 août;6944965026130965577;Fritz Berger Freizeitmarkt;Europe;small;False;1;2026-08-24
plus d'un an;75 % ou moins;répondu avant le 11 août;7053055614556611354;Club Düsseldorf Arcaden;Europe;large;False;1;2026-08-23
plus d'un an;75 % ou moins;répondu avant le 11 août;7292039379952712442;The Pub;Europe;small;False;1;2026-08-18
plus d'un an;75 % ou moins;répondu avant le 11 août;7695101475524646881;BEST WESTERN Plus Glen Allen Inn;US;mono;False;1;2026-08-23
plus d'un an;75 % ou moins;répondu avant le 11 août;817498439303474635;EcoShield Pest Solutions;US;large;True;1;2026-08-20
plus d'un an;75 % ou moins;répondu avant le 11 août;8346608655513514854;Chickie's and Pete's;US;large;False;1;2026-08-14
plus d'un an;75 % ou moins;répondu avant le 11 août;8354474672359197678;Itza La Pyramide;Europe;small;False;1;2026-08-20
plus d'un an;75 % ou moins;répondu avant le 11 août;836560503657555797;Aus The Rilano Hotel wird in Kürze elaya hotel hamburg finkenwerder;Europe;large;False;1;2026-08-19
plus d'un an;75 % ou moins;répondu avant le 11 août;8481046460283011703;Camping Orbitur de Valado;Europe;large;False;1;2026-08-17
plus d'un an;75 % ou moins;répondu avant le 11 août;8592193049411979519;EcoShield Pest Solutions;US;large;True;1;2026-08-24
plus d'un an;75 % ou moins;répondu avant le 11 août;864933244105337590;Fitness 1440;US;large;False;1;2026-08-21
plus d'un an;75 % ou moins;répondu avant le 11 août;8704217641975570674;Krave Gym West Des Moines;US;small;False;1;2026-08-24
plus d'un an;75 % ou moins;répondu avant le 11 août;874651835356138210;Au Fût et à Mesure;Europe;large;False;1;2026-08-16
plus d'un an;75 % ou moins;répondu avant le 11 août;9232548444713997534;FNAC Mar Shopping;Europe;large;False;1;2026-08-20
plus d'un an;75 % ou moins;répondu avant le 11 août;9411249691461597325;Saltic Resort & Spa Leba;Europe;small;False;1;2026-08-21
plus d'un an;75 % ou moins;répondu avant le 11 août;9427028362298009358;Pfitzenmeier Resorts & Clubs;Europe;large;False;1;2026-08-13
plus d'un an;75 % ou moins;répondu avant le 11 août;9451547408821148495;Honey Moon Coffee Newburgh;US;small;False;1;2026-08-16
plus d'un an;75 % ou moins;répondu avant le 11 août;9889982127312659581;Covewood - Mission Bay Resort;US;small;False;1;2026-08-12
plus d'un an;75 % ou moins;sans réponse;758758450125883918;Bischoff Touristik KG Busreisen;Europe;mono;False;36;2026-08-15, 2026-08-16, 2026-08-19, 2026-08-22
plus d'un an;75 % ou moins;sans réponse;6979673743686913152;EcoShield Pest Solutions;US;large;True;4;2026-08-12, 2026-08-13, 2026-08-14
plus d'un an;75 % ou moins;sans réponse;13438999848552992789;RISA Chicken;Europe;small;False;3;2026-08-12, 2026-08-17, 2026-08-21
plus d'un an;75 % ou moins;sans réponse;16011688751403367255;Doral Toyota;US;small;False;3;2026-08-14, 2026-08-19, 2026-08-23
plus d'un an;75 % ou moins;sans réponse;178064072666686963;EcoShield Pest Solutions;US;large;True;3;2026-08-14, 2026-08-15, 2026-08-22
plus d'un an;75 % ou moins;sans réponse;4051193014394832353;Speakeasy Fitness;US;small;False;3;2026-08-14, 2026-08-18, 2026-08-19
plus d'un an;75 % ou moins;sans réponse;4535259281716615882;EcoShield Pest Solutions;US;large;True;3;2026-08-21, 2026-08-23
plus d'un an;75 % ou moins;sans réponse;10121891181019347598;Fox Rent A Car;US;large;False;2;2026-08-17, 2026-08-23
plus d'un an;75 % ou moins;sans réponse;10746082602604012869;Insight Pest Solutions;US;large;True;2;2026-08-21, 2026-08-23
plus d'un an;75 % ou moins;sans réponse;11713092955665814582;Fitnessfabrik Darmstadt Hauptbahnhof;Europe;small;False;2;2026-08-20, 2026-08-23
plus d'un an;75 % ou moins;sans réponse;13033190431525139747;Habaneros Mexican Grill;US;small;False;2;2026-08-13, 2026-08-20
plus d'un an;75 % ou moins;sans réponse;13435872703723637457;Thai London Therapy;Europe;mono;False;2;2026-08-12, 2026-08-19
plus d'un an;75 % ou moins;sans réponse;13508590893587478912;Sunny Smiles for Kids;US;small;False;2;2026-08-13, 2026-08-16
plus d'un an;75 % ou moins;sans réponse;13801744141903121032;citizenM Paris Charles de Gaulle Airport Hôtel;Europe;large;False;2;2026-08-19, 2026-08-24
plus d'un an;75 % ou moins;sans réponse;14480382855388711513;HT Fitness;US;small;False;2;2026-08-18, 2026-08-20
plus d'un an;75 % ou moins;sans réponse;15030713588446975167;EcoShield Pest Solutions;US;large;True;2;2026-08-13, 2026-08-23
plus d'un an;75 % ou moins;sans réponse;15598913053706512115;Bedard Bros. Honda;US;mono;False;2;2026-08-12, 2026-08-20
plus d'un an;75 % ou moins;sans réponse;1651633795632789163;EcoShield Pest Solutions Chicago Central;US;large;False;2;2026-08-19, 2026-08-22
plus d'un an;75 % ou moins;sans réponse;17402978982963720629;San Jose Restaurante Mexicano;US;large;False;2;2026-08-13, 2026-08-23
plus d'un an;75 % ou moins;sans réponse;2680144292534599937;HT Fitness;US;small;False;2;2026-08-17, 2026-08-19
plus d'un an;75 % ou moins;sans réponse;3200607506836993550;Toasted Mango Cafe;US;small;False;2;2026-08-13, 2026-08-24
plus d'un an;75 % ou moins;sans réponse;3958881143206645279;Eagle Bay Airboat Rides;US;mono;False;2;2026-08-14, 2026-08-17
plus d'un an;75 % ou moins;sans réponse;6822388799238660285;autop;Europe;small;False;2;2026-08-12, 2026-08-20
plus d'un an;75 % ou moins;sans réponse;6869486844088751364;Rosa Bonheur à l'Ouest;Europe;small;False;2;2026-08-13, 2026-08-23
plus d'un an;75 % ou moins;sans réponse;7505876094483552901;Grismer Tire & Auto Service Center;US;large;False;2;2026-08-17, 2026-08-23
plus d'un an;75 % ou moins;sans réponse;8436833237783297878;Ichiban Japanese Steakhouse Ann Arbor;US;small;False;2;2026-08-13, 2026-08-18
plus d'un an;75 % ou moins;sans réponse;9491775241003131847;Nalu;Europe;small;False;2;2026-08-15, 2026-08-16
plus d'un an;75 % ou moins;sans réponse;10118503994963762104;ThrIVe Drip Spa;US;small;False;1;2026-08-17
plus d'un an;75 % ou moins;sans réponse;10147200891462325625;Restaurant Mythos;Europe;mono;False;1;2026-08-21
plus d'un an;75 % ou moins;sans réponse;10258162109096166464;Yelloh Village - Aluna Vacances;Europe;small;False;1;2026-08-15
plus d'un an;75 % ou moins;sans réponse;10432860078527617293;Speakeasy Fitness - Los Angeles;US;small;False;1;2026-08-17
plus d'un an;75 % ou moins;sans réponse;10573647741397493330;Insight Pest Solutions;US;large;True;1;2026-08-17
plus d'un an;75 % ou moins;sans réponse;10632515952226228914;Ristorante al Castagneto;Europe;small;False;1;2026-08-19
plus d'un an;75 % ou moins;sans réponse;10643486914898928431;Cosy Wash;Europe;large;False;1;2026-08-23
plus d'un an;75 % ou moins;sans réponse;10829236436560691235;ThrIVe Drip Spa;US;small;False;1;2026-08-23
plus d'un an;75 % ou moins;sans réponse;10866581757464278630;Club Essen Rüttenscheid;Europe;large;False;1;2026-08-19
plus d'un an;75 % ou moins;sans réponse;10978343027584020696;"Camping naturiste ""domaine des Lauzons""";Europe;small;False;1;2026-08-24
plus d'un an;75 % ou moins;sans réponse;11105772411890418354;Terme Dobrna;Europe;small;False;1;2026-08-23
plus d'un an;75 % ou moins;sans réponse;11296537730684546364;Club Budapest;Europe;large;False;1;2026-08-17
plus d'un an;75 % ou moins;sans réponse;11306931454900536039;Club Dortmund Gartenstadt;Europe;large;False;1;2026-08-17
plus d'un an;75 % ou moins;sans réponse;11334857026754763198;Restaurant Destille Bernie's Keller;Europe;mono;False;1;2026-08-24
plus d'un an;75 % ou moins;sans réponse;11374265226309701088;La Baita Boario;Europe;mono;False;1;2026-08-23
plus d'un an;75 % ou moins;sans réponse;11730326832890411737;Devils Thumb Ranch Resort & Spa;US;small;False;1;2026-08-16
plus d'un an;75 % ou moins;sans réponse;11773003214402383331;Marco Beach Ocean Resort;US;small;False;1;2026-08-23
plus d'un an;75 % ou moins;sans réponse;11829339363939885381;Alfred Coffee;US;large;False;1;2026-08-12
plus d'un an;75 % ou moins;sans réponse;11893719273052722747;Tretze;Europe;mono;False;1;2026-08-24
plus d'un an;75 % ou moins;sans réponse;12083688140463453093;Certus CrossFit;US;mono;False;1;2026-08-17
plus d'un an;75 % ou moins;sans réponse;12093002348209467436;Au Fût Reims;Europe;large;False;1;2026-08-24
plus d'un an;75 % ou moins;sans réponse;12279583943591546375;Columbus Greek's Pizzeria;US;large;False;1;2026-08-13
plus d'un an;75 % ou moins;sans réponse;12287327330982192880;Hesehotelli;Europe;large;False;1;2026-08-23
plus d'un an;75 % ou moins;sans réponse;1238166857023340846;The PUB Praha 6;Europe;small;False;1;2026-08-23
plus d'un an;75 % ou moins;sans réponse;12407120102480777634;Cosy-Wasch;Europe;large;False;1;2026-08-24
plus d'un an;75 % ou moins;sans réponse;12439938034061373012;Maggiore Rent;Europe;large;False;1;2026-08-12
plus d'un an;75 % ou moins;sans réponse;12505969464702670930;Eléphant Bleu;Europe;large;False;1;2026-08-12
plus d'un an;75 % ou moins;sans réponse;1261762196134063715;Otto Fitness Center;US;small;False;1;2026-08-14
plus d'un an;75 % ou moins;sans réponse;12626378853423357754;Fitin Easy 24h;Europe;mono;False;1;2026-08-22
plus d'un an;75 % ou moins;sans réponse;13105129105573193120;Truck’s Place Restaurant Birnamwood;US;mono;False;1;2026-08-16
plus d'un an;75 % ou moins;sans réponse;13184537269468624364;Pastimes Pub and Grill;US;small;False;1;2026-08-13
plus d'un an;75 % ou moins;sans réponse;13186263684885640735;Fox Rent A Car Las Vegas;US;large;False;1;2026-08-21
plus d'un an;75 % ou moins;sans réponse;13282373642949928571;Pinocchio mercadona;Europe;small;False;1;2026-08-13
plus d'un an;75 % ou moins;sans réponse;13300902881138438417;ウェスティン カアナパリ オーシャン リゾート ヴィラ / The Westin Ka'anapali Ocean Resort Villas;US;small;False;1;2026-08-23
plus d'un an;75 % ou moins;sans réponse;13511795360329767787;Comfort Hotel Bergen;Europe;large;False;1;2026-08-14
plus d'un an;75 % ou moins;sans réponse;13543269502103500420;Mehul Bhatt, M.d.;US;large;False;1;2026-08-23
plus d'un an;75 % ou moins;sans réponse;1359708818504969356;Madeira Sea Emotions | Whale & Dolphin Watching and Boat Tours;Europe;mono;False;1;2026-08-23
plus d'un an;75 % ou moins;sans réponse;13729045321029806005;Cervecería La Sureña;Europe;small;False;1;2026-08-16
plus d'un an;75 % ou moins;sans réponse;13861978089857267997;Pizza Hut Budapest Arany;Europe;large;False;1;2026-08-20
plus d'un an;75 % ou moins;sans réponse;13904055126061268440;Cold Beers & Cheeseburgers;US;large;False;1;2026-08-16
plus d'un an;75 % ou moins;sans réponse;13977611835152300454;Clean Car Autowaschanlagen;Europe;large;False;1;2026-08-24
plus d'un an;75 % ou moins;sans réponse;14015924314379694185;Cafe Paris;US;small;False;1;2026-08-23
plus d'un an;75 % ou moins;sans réponse;14038201235633057679;Jackrabbit Java;US;mono;False;1;2026-08-23
plus d'un an;75 % ou moins;sans réponse;14054836830134044042;La Baia del Forte - Controvento;Europe;small;False;1;2026-08-16
plus d'un an;75 % ou moins;sans réponse;14059617457634966398;Hesburger Pori Toripaviljonki;Europe;large;False;1;2026-08-14
plus d'un an;75 % ou moins;sans réponse;140714329459600171;Bell Dental;US;mono;False;1;2026-08-24
plus d'un an;75 % ou moins;sans réponse;1409912745468724404;Spa by Sothys;Europe;mono;False;1;2026-08-12
plus d'un an;75 % ou moins;sans réponse;14169535171968066423;SNAP Animal Clinic;US;small;False;1;2026-08-14
plus d'un an;75 % ou moins;sans réponse;14202470221152348851;Sun Life Resort;US;large;False;1;2026-08-15
plus d'un an;75 % ou moins;sans réponse;14289986138709808039;Camping Campeole ABAYA;Europe;large;False;1;2026-08-12
plus d'un an;75 % ou moins;sans réponse;14382716570456292183;Dental Concepts & Orthodontics;US;small;False;1;2026-08-13
plus d'un an;75 % ou moins;sans réponse;14647467035876047205;Cold Beers & Cheeseburgers;US;large;False;1;2026-08-23
plus d'un an;75 % ou moins;sans réponse;14733441156464536748;Vakantiepark Capfun - De Wâldsang;Europe;large;False;1;2026-08-23
plus d'un an;75 % ou moins;sans réponse;14850105745282876897;Garage Autoflex;Europe;mono;False;1;2026-08-19
plus d'un an;75 % ou moins;sans réponse;14924962764878924571;Cafe Vivaldi;Europe;large;False;1;2026-08-14
plus d'un an;75 % ou moins;sans réponse;14948262723337606818;Downtown Hartford YMCA;US;small;False;1;2026-08-23
plus d'un an;75 % ou moins;sans réponse;14964631432010695731;EcoShield Pest Solutions Detroit East;US;large;False;1;2026-08-20
plus d'un an;75 % ou moins;sans réponse;15010309103640463975;Lappland;Europe;small;False;1;2026-08-20
plus d'un an;75 % ou moins;sans réponse;15083526705897946018;Heart and Vascular Care;US;large;False;1;2026-08-23
plus d'un an;75 % ou moins;sans réponse;15124454518798082809;Mulligans Irish Pub;Europe;large;False;1;2026-08-18
plus d'un an;75 % ou moins;sans réponse;15136018977057130314;Tacos El Tio;US;small;False;1;2026-08-18
plus d'un an;75 % ou moins;sans réponse;15284962400732825067;De Drie Linden;Europe;mono;False;1;2026-08-12
plus d'un an;75 % ou moins;sans réponse;15371519773348653797;Double R Ranch;US;mono;False;1;2026-08-23
plus d'un an;75 % ou moins;sans réponse;15507122002556281649;Fitness 360 Palm Harbor;US;small;False;1;2026-08-23
plus d'un an;75 % ou moins;sans réponse;15603650297179665473;Cold Beers & Cheeseburgers;US;large;False;1;2026-08-19
plus d'un an;75 % ou moins;sans réponse;15632864641332749609;EcoShield Pest Solutions;US;large;True;1;2026-08-14
plus d'un an;75 % ou moins;sans réponse;15725841142473937872;Fitness Park Verwaltungs GmbH;Europe;large;False;1;2026-08-24
plus d'un an;75 % ou moins;sans réponse;15856364606369874768;Nakyoung Ju DDS;US;mono;False;1;2026-08-23
plus d'un an;75 % ou moins;sans réponse;15961585317714102255;Fox Rent A Car;US;large;False;1;2026-08-13
plus d'un an;75 % ou moins;sans réponse;16049682387535495248;citizenM New York Times Square Hotel;US;large;False;1;2026-08-14
plus d'un an;75 % ou moins;sans réponse;1622875543510795915;Pizza Mood;US;mono;False;1;2026-08-16
plus d'un an;75 % ou moins;sans réponse;16266683297039892102;Lake Express High-Speed Ferry;US;mono;False;1;2026-08-18
plus d'un an;75 % ou moins;sans réponse;16301020427746212077;Cafe Vivaldi;Europe;large;False;1;2026-08-19
plus d'un an;75 % ou moins;sans réponse;16320278636443987827;Proxiserve;Europe;large;False;1;2026-08-17
plus d'un an;75 % ou moins;sans réponse;16347352345389671430;Gutscheine Thai Massage Uhingen Online Shop;Europe;small;False;1;2026-08-20
plus d'un an;75 % ou moins;sans réponse;16451904208120598483;Speedfitness Gunzenhausen;Europe;small;False;1;2026-08-23
plus d'un an;75 % ou moins;sans réponse;16483262064005269282;citizenM hotels;US;large;False;1;2026-08-20
plus d'un an;75 % ou moins;sans réponse;16724483756607174172;Khải Hoàn Restaurant;US;mono;False;1;2026-08-18
plus d'un an;75 % ou moins;sans réponse;16872091162442899415;BOLT Schlüsseldienst Essen;Europe;small;False;1;2026-08-23
plus d'un an;75 % ou moins;sans réponse;1697023132609060386;Ichiban Japanese Bistro;US;small;False;1;2026-08-14
plus d'un an;75 % ou moins;sans réponse;17021217626669606631;Black Hills Helicopters;US;mono;False;1;2026-08-12
plus d'un an;75 % ou moins;sans réponse;17091292904098231006;EcoShield Pest Solutions;US;large;True;1;2026-08-15
plus d'un an;75 % ou moins;sans réponse;17101890136882260160;Hipotels Mercedes Aparthotel;Europe;large;False;1;2026-08-23
plus d'un an;75 % ou moins;sans réponse;17137637734641962384;Cervecería La Sureña;Europe;small;False;1;2026-08-21
plus d'un an;75 % ou moins;sans réponse;17150089404530335850;Snack Tour & Taxis;Europe;mono;False;1;2026-08-12
plus d'un an;75 % ou moins;sans réponse;1729168193937436412;Thermes d'Amelie-les-Bains;Europe;large;False;1;2026-08-12
plus d'un an;75 % ou moins;sans réponse;17385656714480159927;Pilates by Mandy;Europe;small;False;1;2026-08-20
plus d'un an;75 % ou moins;sans réponse;17595879448310686439;Spritzzeria Bari;Europe;small;False;1;2026-08-13
plus d'un an;75 % ou moins;sans réponse;17650577117706558893;Dakota Tex Mex;Europe;small;False;1;2026-08-19
plus d'un an;75 % ou moins;sans réponse;17651668101977090673;AniCura Tiergesundheitszentrum Monchengladbach-Venn;Europe;large;False;1;2026-08-18
plus d'un an;75 % ou moins;sans réponse;17688968957770593213;Laco sportcentrum Zierikzee;Europe;large;False;1;2026-08-19
plus d'un an;75 % ou moins;sans réponse;17967578011633900843;A Better Way Wholesale Autos;US;mono;False;1;2026-08-22
plus d'un an;75 % ou moins;sans réponse;18035350017249985181;Mt. Washington Auto Road;US;mono;False;1;2026-08-23
plus d'un an;75 % ou moins;sans réponse;18039740134458108848;Busa;Europe;mono;False;1;2026-08-13
plus d'un an;75 % ou moins;sans réponse;18047376486297237360;Cafateria Sevillano;Europe;mono;False;1;2026-08-23
plus d'un an;75 % ou moins;sans réponse;18077090396345278971;Cold Beers & Cheeseburgers;US;large;False;1;2026-08-17
plus d'un an;75 % ou moins;sans réponse;18280747029407178942;Cleanline carwash;Europe;small;False;1;2026-08-13
plus d'un an;75 % ou moins;sans réponse;18340982624306046373;Eni Service Station;Europe;small;False;1;2026-08-15
plus d'un an;75 % ou moins;sans réponse;1887028520810657678;Kekäle;Europe;small;False;1;2026-08-24
plus d'un an;75 % ou moins;sans réponse;1941489334271517764;Izgrev Beach Bar;Europe;small;False;1;2026-08-23
plus d'un an;75 % ou moins;sans réponse;2029618969272605655;Loogman Carwash Heerhugowaard;Europe;small;False;1;2026-08-22
plus d'un an;75 % ou moins;sans réponse;2096774497021291114;Play2;US;large;False;1;2026-08-19
plus d'un an;75 % ou moins;sans réponse;2167474835967081249;Tierärzte AniCura;Europe;large;False;1;2026-08-12
plus d'un an;75 % ou moins;sans réponse;2190884604217322786;Soya Sos;Europe;small;False;1;2026-08-24
plus d'un an;75 % ou moins;sans réponse;2196558163206998818;Grismer Tire & Auto Service Center;US;large;False;1;2026-08-16
plus d'un an;75 % ou moins;sans réponse;2220821433190157995;Alannia Salou;Europe;small;False;1;2026-08-16
plus d'un an;75 % ou moins;sans réponse;2227356216214658119;Tjugo Bil AB;Europe;mono;False;1;2026-08-16
plus d'un an;75 % ou moins;sans réponse;2284071252006715424;Muddy Jake's Sports Grill & Pub;US;mono;False;1;2026-08-20
plus d'un an;75 % ou moins;sans réponse;2369939285766060498;MedAix Training;Europe;small;False;1;2026-08-21
plus d'un an;75 % ou moins;sans réponse;2404577743341477507;Gustaggio Pizzathek Pastaria & Bar;Europe;small;False;1;2026-08-13
plus d'un an;75 % ou moins;sans réponse;2419013027999807825;Trapp Family Lodge;US;small;False;1;2026-08-23
plus d'un an;75 % ou moins;sans réponse;246095253791495383;Halbite;Europe;small;False;1;2026-08-16
plus d'un an;75 % ou moins;sans réponse;2465497108457602761;Parasailing Palm Beach;US;mono;False;1;2026-08-15
plus d'un an;75 % ou moins;sans réponse;2474325862983293399;The Center for Animal Health & Welfare;US;mono;False;1;2026-08-21
plus d'un an;75 % ou moins;sans réponse;2514272589170093395;Zrcę beach;Europe;mono;False;1;2026-08-20
plus d'un an;75 % ou moins;sans réponse;261260947259387073;Saxapahaw General Store;US;mono;False;1;2026-08-23
plus d'un an;75 % ou moins;sans réponse;2990659711825723039;Shoshone Inn;US;small;False;1;2026-08-15
plus d'un an;75 % ou moins;sans réponse;3041101590869767932;Carolina Ale House - Fort Mill;US;large;False;1;2026-08-16
plus d'un an;75 % ou moins;sans réponse;3159209838688456546;Gustaggio;Europe;small;False;1;2026-08-24
plus d'un an;75 % ou moins;sans réponse;3231643024316986062;Grand Hotel Excelsior;Europe;small;False;1;2026-08-21
plus d'un an;75 % ou moins;sans réponse;3265130282588045633;UGI Heating, Cooling & Plumbing;US;small;False;1;2026-08-15
plus d'un an;75 % ou moins;sans réponse;3304126301589097138;Guntersville State Park Campground;US;large;False;1;2026-08-17
plus d'un an;75 % ou moins;sans réponse;3534878001363428326;CAFFEINE;Europe;small;False;1;2026-08-20
plus d'un an;75 % ou moins;sans réponse;3564314697758526529;Au Fut et a Mesure;Europe;large;False;1;2026-08-15
plus d'un an;75 % ou moins;sans réponse;3582780430809955282;Centrevet C.B.;Europe;mono;False;1;2026-08-20
plus d'un an;75 % ou moins;sans réponse;3591533907263292081;Theraqua.Med. Institut für Gesundheitssport Institut für Gesundheit;Europe;mono;False;1;2026-08-13
plus d'un an;75 % ou moins;sans réponse;3685830225093989329;P2O Hot Pilates & Fitness;US;mono;False;1;2026-08-13
plus d'un an;75 % ou moins;sans réponse;3718110983974901570;My Dierenkliniek The mare;Europe;small;False;1;2026-08-14
plus d'un an;75 % ou moins;sans réponse;3862407046066641134;Overhead Door Co Of Norwich;US;small;False;1;2026-08-24
plus d'un an;75 % ou moins;sans réponse;3883668363712470692;Vakantiepark Capfun - De Sprookjescamping;Europe;large;False;1;2026-08-22
plus d'un an;75 % ou moins;sans réponse;3935784562336305544;Shelby Urgent Care;US;mono;False;1;2026-08-18
plus d'un an;75 % ou moins;sans réponse;4023608679818748974;HT Fitness;US;small;False;1;2026-08-17
plus d'un an;75 % ou moins;sans réponse;4026416103943347065;Pupusas Express y Mexican Food;US;mono;False;1;2026-08-15
plus d'un an;75 % ou moins;sans réponse;408218802273117307;Stroud's;US;small;False;1;2026-08-16
plus d'un an;75 % ou moins;sans réponse;4172271927494145202;EcoShield Pest Solutions;US;large;True;1;2026-08-13
plus d'un an;75 % ou moins;sans réponse;424408639813763141;EcoShield Pest Solutions;US;large;True;1;2026-08-17
plus d'un an;75 % ou moins;sans réponse;431459973589343180;Les Thermes Du Soleil Lamalou Les Bains;Europe;large;False;1;2026-08-24
plus d'un an;75 % ou moins;sans réponse;4484120574160799166;DJH Jugendherberge Reken;Europe;small;False;1;2026-08-12
plus d'un an;75 % ou moins;sans réponse;4497820484044388484;Fedelos Pizza;US;mono;False;1;2026-08-23
plus d'un an;75 % ou moins;sans réponse;4560227971909703988;China Dynasty;US;mono;False;1;2026-08-23
plus d'un an;75 % ou moins;sans réponse;4577485901777502628;IPPA Cafe;Europe;small;False;1;2026-08-15
plus d'un an;75 % ou moins;sans réponse;458083596771664228;Salomo - Schlüssel und Sicherheitstechnik;Europe;mono;False;1;2026-08-12
plus d'un an;75 % ou moins;sans réponse;4616919215009787604;Memorial Park Recreation Center;US;small;False;1;2026-08-24
plus d'un an;75 % ou moins;sans réponse;4662568864035634645;Reizen Verhoeven;Europe;mono;False;1;2026-08-18
plus d'un an;75 % ou moins;sans réponse;4676833212319568761;Tacos El Tio;US;small;False;1;2026-08-24
plus d'un an;75 % ou moins;sans réponse;5085368858202557426;ÖGK Mein Zahngesundheitszentrum Hernals - Österreichische Gesundheitskasse;Europe;small;False;1;2026-08-20
plus d'un an;75 % ou moins;sans réponse;5140064318616842970;Dove Family Dentistry;US;small;False;1;2026-08-12
plus d'un an;75 % ou moins;sans réponse;5224596813594616689;HOTWORX - La Verne, CA;US;mono;False;1;2026-08-18
plus d'un an;75 % ou moins;sans réponse;5387366906694249516;Honey Moon Coffee Co.;US;small;False;1;2026-08-18
plus d'un an;75 % ou moins;sans réponse;5394185019158796120;Pepenero;Europe;small;False;1;2026-08-15
plus d'un an;75 % ou moins;sans réponse;5415164241542570052;ThrIVe Drip Spa;US;small;False;1;2026-08-12
plus d'un an;75 % ou moins;sans réponse;5451561497986218110;Idle Isle Cafe;US;mono;False;1;2026-08-19
plus d'un an;75 % ou moins;sans réponse;5644271922112783363;Vakantiepark Capfun - Het Winkel;Europe;large;False;1;2026-08-23
plus d'un an;75 % ou moins;sans réponse;5674656290239513056;Grismer Tire & Auto Service Center;US;large;False;1;2026-08-16
plus d'un an;75 % ou moins;sans réponse;5728129625601524626;PalestraEnergy Club;Europe;mono;False;1;2026-08-24
plus d'un an;75 % ou moins;sans réponse;5840554387186856980;EcoShield Pest Solutions Los Angeles;US;large;False;1;2026-08-18
plus d'un an;75 % ou moins;sans réponse;6034258015735098842;Pitcher's;Europe;large;False;1;2026-08-17
plus d'un an;75 % ou moins;sans réponse;6121783115556617646;ICONA Diamond Beach;US;small;False;1;2026-08-24
plus d'un an;75 % ou moins;sans réponse;6190954925495582344;Windy City Hand Car Wash;US;small;False;1;2026-08-18
plus d'un an;75 % ou moins;sans réponse;6214115630196438065;Samesun Hotel;US;small;False;1;2026-08-23
plus d'un an;75 % ou moins;sans réponse;6229159286904412148;Stadio Unirii;Europe;small;False;1;2026-08-17
plus d'un an;75 % ou moins;sans réponse;6323770338399181453;Parque de Campismo Orbitur Angeiras;Europe;large;False;1;2026-08-16
plus d'un an;75 % ou moins;sans réponse;6502573362355139479;Dr. Mojtaba Ordobazari Tierarztliche Praxis;Europe;small;False;1;2026-08-14
plus d'un an;75 % ou moins;sans réponse;6553547423530933620;Velodrome Coffee Company;US;small;False;1;2026-08-19
plus d'un an;75 % ou moins;sans réponse;6557818690522103227;Fnac Café;Europe;large;False;1;2026-08-20
plus d'un an;75 % ou moins;sans réponse;6662112894837013400;Cabinet vétérinaire Daoudia;Europe;mono;False;1;2026-08-15
plus d'un an;75 % ou moins;sans réponse;6665036569245004844;EcoShield Pest Solutions;US;large;True;1;2026-08-23
plus d'un an;75 % ou moins;sans réponse;6748788238520036681;Cabinet de Radiologie et d'Échographie du Marquenterre;Europe;mono;False;1;2026-08-13
plus d'un an;75 % ou moins;sans réponse;6775686681748713330;Pastelaria Delícia;Europe;mono;False;1;2026-08-18
plus d'un an;75 % ou moins;sans réponse;6908130218029146384;First Chance Whale Watch;US;mono;False;1;2026-08-13
plus d'un an;75 % ou moins;sans réponse;6945583259616515523;Embarcadère des Écluses de Bazoin;Europe;mono;False;1;2026-08-15
plus d'un an;75 % ou moins;sans réponse;7020058017617539217;Nervous Dog Coffee Bar;US;small;False;1;2026-08-18
plus d'un an;75 % ou moins;sans réponse;7124218797410307542;Dental Smiles 4 Kids;US;small;False;1;2026-08-19
plus d'un an;75 % ou moins;sans réponse;7228734889084239000;Pho Voorhees;US;mono;False;1;2026-08-18
plus d'un an;75 % ou moins;sans réponse;7286580375977899583;Point Chaud;Europe;small;False;1;2026-08-21
plus d'un an;75 % ou moins;sans réponse;7446569207813309645;Stadio Restaurants Herastrau;Europe;small;False;1;2026-08-13
plus d'un an;75 % ou moins;sans réponse;7546793041648082509;Pijalnia Czekolady i Kawy Mount Blanc;Europe;small;False;1;2026-08-17
plus d'un an;75 % ou moins;sans réponse;7624780555548074714;Les Chiens Fous;Europe;small;False;1;2026-08-21
plus d'un an;75 % ou moins;sans réponse;7671213967669097928;Fox Rent A Car;US;large;False;1;2026-08-17
plus d'un an;75 % ou moins;sans réponse;7793181114353132360;Dagwood's Deli & Sports Bar;US;small;False;1;2026-08-17
plus d'un an;75 % ou moins;sans réponse;7842264924727576825;Los Barqueros;Europe;mono;False;1;2026-08-20
plus d'un an;75 % ou moins;sans réponse;7872771655149122629;Rosa Bonheur sur Seine;Europe;small;False;1;2026-08-21
plus d'un an;75 % ou moins;sans réponse;7996364090361877751;SkinSpirit Seattle;US;large;False;1;2026-08-18
plus d'un an;75 % ou moins;sans réponse;807610703900891584;Au Fût et à mesure;Europe;large;False;1;2026-08-12
plus d'un an;75 % ou moins;sans réponse;8115674382268336175;The Graham Georgetown;US;small;False;1;2026-08-21
plus d'un an;75 % ou moins;sans réponse;817498439303474635;EcoShield Pest Solutions;US;large;True;1;2026-08-14
plus d'un an;75 % ou moins;sans réponse;8191249487892833403;Gene's Root Beer and Hot Dogs;US;large;False;1;2026-08-23
plus d'un an;75 % ou moins;sans réponse;819899524517032922;Fox Rent A Car;US;large;False;1;2026-08-17
plus d'un an;75 % ou moins;sans réponse;8207646310130583427;Orthodontic Specialists of Florida: North Tampa Location;US;large;False;1;2026-08-23
plus d'un an;75 % ou moins;sans réponse;8225190830114929959;EcoShield Pest Solutions;US;large;True;1;2026-08-24
plus d'un an;75 % ou moins;sans réponse;8299681493187640332;Piscine L'isle D'abeau;Europe;mono;False;1;2026-08-16
plus d'un an;75 % ou moins;sans réponse;8353698062989577308;Mijn Dierenkliniek - Leiden;Europe;small;False;1;2026-08-14
plus d'un an;75 % ou moins;sans réponse;8398405776683759573;Bronx Pizza;US;small;False;1;2026-08-19
plus d'un an;75 % ou moins;sans réponse;8592193049411979519;EcoShield Pest Solutions;US;large;True;1;2026-08-13
plus d'un an;75 % ou moins;sans réponse;8714266543487608550;Cafe Vivaldi;Europe;large;False;1;2026-08-14
plus d'un an;75 % ou moins;sans réponse;8971033815978686634;Autop Volketswil;Europe;small;False;1;2026-08-21
plus d'un an;75 % ou moins;sans réponse;9063424070959391537;Närakut Järva;Europe;small;False;1;2026-08-19
plus d'un an;75 % ou moins;sans réponse;9064400892948543053;Drive N-Motion;US;small;False;1;2026-08-14
plus d'un an;75 % ou moins;sans réponse;9101075212922912460;Taconic Dental;US;mono;False;1;2026-08-16
plus d'un an;75 % ou moins;sans réponse;9172721348159210314;Children Dental World;US;small;False;1;2026-08-21
plus d'un an;75 % ou moins;sans réponse;9284506857513497045;ABC Home & Commercial Services;US;large;False;1;2026-08-16
plus d'un an;75 % ou moins;sans réponse;9342912905018133048;EcoShield Pest Solutions NJ;US;large;False;1;2026-08-17
plus d'un an;75 % ou moins;sans réponse;9372246548237268326;Mr. Clean Erfurt;Europe;small;False;1;2026-08-23
plus d'un an;75 % ou moins;sans réponse;9449540729407393753;Clean Car;Europe;large;False;1;2026-08-17
plus d'un an;75 % ou moins;sans réponse;9508112934780419728;Pickles Cafe;US;mono;False;1;2026-08-14
plus d'un an;75 % ou moins;sans réponse;9520786090647944355;Seehotel Antrifttal;Europe;mono;False;1;2026-08-17
plus d'un an;75 % ou moins;sans réponse;9553501110632647704;Children Dental World;US;small;False;1;2026-08-18
plus d'un an;75 % ou moins;sans réponse;9939370976766380597;Rosa Bonheur;Europe;small;False;1;2026-08-18
plus d'un an;plus de 75 %;répondu avant le 11 août;14933790454100186775;Pointe Pest Control;US;large;True;4;2026-08-12, 2026-08-23
plus d'un an;plus de 75 %;répondu avant le 11 août;8256016555611678921;Solve Pest Pros;US;small;False;4;2026-08-19, 2026-08-20, 2026-08-24
plus d'un an;plus de 75 %;répondu avant le 11 août;11183164932977516690;Insight Pest Solutions;US;large;True;3;2026-08-16, 2026-08-17, 2026-08-20
plus d'un an;plus de 75 %;répondu avant le 11 août;14595555071421856066;Krk Premium Camping Resort;Europe;large;False;3;2026-08-13, 2026-08-24
plus d'un an;plus de 75 %;répondu avant le 11 août;14995606665142571545;ABC Home and Commercial Services;US;large;False;3;2026-08-14, 2026-08-15, 2026-08-24
plus d'un an;plus de 75 %;répondu avant le 11 août;6260582073994729904;Lanterna Premium Camping Resort;Europe;large;False;3;2026-08-17, 2026-08-20, 2026-08-22
plus d'un an;plus de 75 %;répondu avant le 11 août;8264250907553977852;Carolina Ale House;US;large;False;3;2026-08-18, 2026-08-23
plus d'un an;plus de 75 %;répondu avant le 11 août;10155296874289892028;Wash Hounds Express Car Wash;US;small;False;2;2026-08-12, 2026-08-14
plus d'un an;plus de 75 %;répondu avant le 11 août;11031883745043768761;Els Prats Camping & Bungalow Park;Europe;small;False;2;2026-08-16, 2026-08-24
plus d'un an;plus de 75 %;répondu avant le 11 août;11121079175657752605;Ježevac Premium Camping Resort by Valamar;Europe;large;False;2;2026-08-14, 2026-08-19
plus d'un an;plus de 75 %;répondu avant le 11 août;11527874769595828404;Pointe Pest Control;US;large;True;2;2026-08-13, 2026-08-18
plus d'un an;plus de 75 %;répondu avant le 11 août;1160519290315754365;Medima Giulesti;Europe;small;False;2;2026-08-17, 2026-08-18
plus d'un an;plus de 75 %;répondu avant le 11 août;14205065794558665635;The Farmhouse Gambrills;US;mono;False;2;2026-08-22, 2026-08-23
plus d'un an;plus de 75 %;répondu avant le 11 août;14891807288409730927;Marketplace Chevrolet;US;mono;False;2;2026-08-12
plus d'un an;plus de 75 %;répondu avant le 11 août;15226702699962666432;Carolina Ale House - North Raleigh;US;large;False;2;2026-08-15, 2026-08-22
plus d'un an;plus de 75 %;répondu avant le 11 août;15615984558165321771;Dermatology Affiliates (East Cobb);US;small;False;2;2026-08-23
plus d'un an;plus de 75 %;répondu avant le 11 août;16458086470741173423;Mg Motors;Europe;large;False;2;2026-08-15, 2026-08-22
plus d'un an;plus de 75 %;répondu avant le 11 août;17382208186886361273;Allen Pools & Spas;US;mono;False;2;2026-08-16, 2026-08-22
plus d'un an;plus de 75 %;répondu avant le 11 août;1773776135407322067;Super Star Car Wash;US;small;False;2;2026-08-20, 2026-08-21
plus d'un an;plus de 75 %;répondu avant le 11 août;17819397083452796343;Delta Sonic Car Wash;US;large;False;2;2026-08-23, 2026-08-24
plus d'un an;plus de 75 %;répondu avant le 11 août;18135896731724490192;Coastal Heating and Cooling;US;mono;False;2;2026-08-13, 2026-08-19
plus d'un an;plus de 75 %;répondu avant le 11 août;2428222000924479108;Nuvia Dental Implant Center;US;large;False;2;2026-08-19, 2026-08-21
plus d'un an;plus de 75 %;répondu avant le 11 août;2699950723330237401;Tanner Clinic;US;small;False;2;2026-08-12, 2026-08-17
plus d'un an;plus de 75 %;répondu avant le 11 août;3391263237472595352;MedVet Hilliard;US;large;False;2;2026-08-18, 2026-08-19
plus d'un an;plus de 75 %;répondu avant le 11 août;4479702789086504102;MedVet Columbus;US;large;False;2;2026-08-20
plus d'un an;plus de 75 %;répondu avant le 11 août;6913754171499522012;Luminare Aesthetics & Wellness, LLC;US;small;False;2;2026-08-23
plus d'un an;plus de 75 %;répondu avant le 11 août;7781055719402500178;Relaxia Lanzasur Club;Europe;small;False;2;2026-08-15, 2026-08-18
plus d'un an;plus de 75 %;répondu avant le 11 août;8323898039823195571;Pointe Pest Control;US;large;True;2;2026-08-12, 2026-08-13
plus d'un an;plus de 75 %;répondu avant le 11 août;924386397864621995;Signorvino Milano;Europe;large;False;2;2026-08-14, 2026-08-15
plus d'un an;plus de 75 %;répondu avant le 11 août;9754160596931808656;Ninkasi OL Vallée;Europe;large;False;2;2026-08-13, 2026-08-22
plus d'un an;plus de 75 %;répondu avant le 11 août;10174734129288903543;Fairway Lawns of Augusta;US;small;False;1;2026-08-19
plus d'un an;plus de 75 %;répondu avant le 11 août;10470481505404483210;AutoCenters Nissan;US;mono;False;1;2026-08-16
plus d'un an;plus de 75 %;répondu avant le 11 août;10565763688966098166;Chiropraktiker München | Chiropraktik Christian Waier;Europe;small;False;1;2026-08-22
plus d'un an;plus de 75 %;répondu avant le 11 août;10610742591992367926;Bludental - Brescia;Europe;large;False;1;2026-08-17
plus d'un an;plus de 75 %;répondu avant le 11 août;10647645013357446509;Pointe Pest Control;US;large;True;1;2026-08-18
plus d'un an;plus de 75 %;répondu avant le 11 août;10815087328676588371;Delta Sonic Car Wash;US;large;False;1;2026-08-19
plus d'un an;plus de 75 %;répondu avant le 11 août;10899184166182999210;Oasis Tires & Wheels;US;small;False;1;2026-08-23
plus d'un an;plus de 75 %;répondu avant le 11 août;11063743009018562102;Bulwark Exterminating;US;large;True;1;2026-08-12
plus d'un an;plus de 75 %;répondu avant le 11 août;11093392041595438951;Neoness;Europe;large;False;1;2026-08-23
plus d'un an;plus de 75 %;répondu avant le 11 août;11096077419411289172;Ninkasi;Europe;large;False;1;2026-08-17
plus d'un an;plus de 75 %;répondu avant le 11 août;1124577886776068436;Four Seasons Heating & Cooling;US;mono;False;1;2026-08-17
plus d'un an;plus de 75 %;répondu avant le 11 août;11314860238417771327;Rodia Beach Bar;Europe;mono;False;1;2026-08-14
plus d'un an;plus de 75 %;répondu avant le 11 août;11502022073018421447;Hurricane Express Wash;US;large;False;1;2026-08-18
plus d'un an;plus de 75 %;répondu avant le 11 août;11582395264457206340;Flying Frog Car Wash;US;small;False;1;2026-08-16
plus d'un an;plus de 75 %;répondu avant le 11 août;11625843009261400183;Alannia Guardamar;Europe;small;False;1;2026-08-18
plus d'un an;plus de 75 %;répondu avant le 11 août;11638070547796619330;Signorvino;Europe;large;False;1;2026-08-19
plus d'un an;plus de 75 %;répondu avant le 11 août;11738508805505749845;The Aesthetic Journey;US;mono;False;1;2026-08-18
plus d'un an;plus de 75 %;répondu avant le 11 août;1200910740632037570;Ourisman Chrysler Dodge Jeep Ram of Bowie;US;mono;False;1;2026-08-14
plus d'un an;plus de 75 %;répondu avant le 11 août;12010469576073923096;Carolina Ale House;US;large;False;1;2026-08-18
plus d'un an;plus de 75 %;répondu avant le 11 août;12082981569990362805;Zen Addict;Europe;mono;False;1;2026-08-24
plus d'un an;plus de 75 %;répondu avant le 11 août;12129838380129254386;Nuvia Dental Implant Center;US;large;False;1;2026-08-14
plus d'un an;plus de 75 %;répondu avant le 11 août;12329402290032231320;Crêp'Eat Mérignac;Europe;large;False;1;2026-08-23
plus d'un an;plus de 75 %;répondu avant le 11 août;12399530594629968736;P.J. Whelihan's Pub and Restaurant;US;large;False;1;2026-08-18
plus d'un an;plus de 75 %;répondu avant le 11 août;12653609458785639661;Delta Sonic Car Wash;US;large;False;1;2026-08-12
plus d'un an;plus de 75 %;répondu avant le 11 août;12800242043118376364;Alternative Earthcare;US;small;False;1;2026-08-18
plus d'un an;plus de 75 %;répondu avant le 11 août;12924136556389994153;ABC Home & Commercial Services;US;large;False;1;2026-08-23
plus d'un an;plus de 75 %;répondu avant le 11 août;12937939131301218020;Hipotels Playa de Palma Palace;Europe;large;False;1;2026-08-15
plus d'un an;plus de 75 %;répondu avant le 11 août;12986326219479165233;Azur Service 06;Europe;small;False;1;2026-08-19
plus d'un an;plus de 75 %;répondu avant le 11 août;13006921476587108387;Autofficina Midas;Europe;large;False;1;2026-08-18
plus d'un an;plus de 75 %;répondu avant le 11 août;130548770389221223;Azur Camping;Europe;small;False;1;2026-08-16
plus d'un an;plus de 75 %;répondu avant le 11 août;13241120391558682163;Globales Acuario;Europe;large;False;1;2026-08-16
plus d'un an;plus de 75 %;répondu avant le 11 août;13280844261784593465;Elase Medical Spas;US;large;False;1;2026-08-20
plus d'un an;plus de 75 %;répondu avant le 11 août;13317878771786742836;Bludental - Perugia;Europe;large;False;1;2026-08-15
plus d'un an;plus de 75 %;répondu avant le 11 août;13339477756742124017;Carolina Ale House;US;large;False;1;2026-08-15
plus d'un an;plus de 75 %;répondu avant le 11 août;13390657133885207607;Somos Psicología y Formación;Europe;small;False;1;2026-08-15
plus d'un an;plus de 75 %;répondu avant le 11 août;13459854165498348271;Hill Country Vision Center;US;mono;False;1;2026-08-17
plus d'un an;plus de 75 %;répondu avant le 11 août;13498840883989830968;Carolina Ale House;US;large;False;1;2026-08-21
plus d'un an;plus de 75 %;répondu avant le 11 août;13603563371674711960;Holiday Inn Club Vacations;US;large;False;1;2026-08-18
plus d'un an;plus de 75 %;répondu avant le 11 août;13808215084690825864;Cheney Dental Care;US;mono;False;1;2026-08-23
plus d'un an;plus de 75 %;répondu avant le 11 août;13814955983323469740;Doug's Hyundai;US;small;False;1;2026-08-17
plus d'un an;plus de 75 %;répondu avant le 11 août;13936940651558818084;Delta Sonic Car Wash and Oil Change;US;large;False;1;2026-08-15
plus d'un an;plus de 75 %;répondu avant le 11 août;13938028850807525668;Super Star Car Wash;US;small;False;1;2026-08-23
plus d'un an;plus de 75 %;répondu avant le 11 août;14199043116086778118;Tankersley Chiropractic;US;mono;False;1;2026-08-24
plus d'un an;plus de 75 %;répondu avant le 11 août;14576133356967569423;Carolina Ale House;US;large;False;1;2026-08-18
plus d'un an;plus de 75 %;répondu avant le 11 août;14686510142922410898;Candelari's Italiano;US;small;False;1;2026-08-12
plus d'un an;plus de 75 %;répondu avant le 11 août;14708618175607022417;Au fût et à mesure;Europe;large;False;1;2026-08-12
plus d'un an;plus de 75 %;répondu avant le 11 août;14739322314113568853;Auto Bierschneider;Europe;large;False;1;2026-08-17
plus d'un an;plus de 75 %;répondu avant le 11 août;14743315629607473753;Aqua Plumbing & Air - Downtown Sarasota;US;small;False;1;2026-08-19
plus d'un an;plus de 75 %;répondu avant le 11 août;14794450140898776208;Newman Veterinary Center;US;small;False;1;2026-08-18
plus d'un an;plus de 75 %;répondu avant le 11 août;14820991856221490337;Camping Les Pirons;Europe;mono;False;1;2026-08-17
plus d'un an;plus de 75 %;répondu avant le 11 août;15168756511886563707;Dermatology Affiliates;US;small;False;1;2026-08-20
plus d'un an;plus de 75 %;répondu avant le 11 août;15313130771735760417;Fabrizio Telesca - FT Studio;Europe;mono;False;1;2026-08-24
plus d'un an;plus de 75 %;répondu avant le 11 août;1532293880861691251;Clínica DaVinci By Dr Merlo - Centro Médico Estético;Europe;small;False;1;2026-08-13
plus d'un an;plus de 75 %;répondu avant le 11 août;15382954967615195662;Willowbend Fitness Center;US;mono;False;1;2026-08-23
plus d'un an;plus de 75 %;répondu avant le 11 août;15663344649007062969;Bill Howe Plumbing, Heating & Air, Restoration & Flood Services;US;small;False;1;2026-08-23
plus d'un an;plus de 75 %;répondu avant le 11 août;15705776624659968059;Fairway Lawns of Springdale;US;small;False;1;2026-08-19
plus d'un an;plus de 75 %;répondu avant le 11 août;15733955887172986694;Heidjer Vets Hermannsburg;Europe;small;False;1;2026-08-23
plus d'un an;plus de 75 %;répondu avant le 11 août;15808728659304495954;Neoness;Europe;large;False;1;2026-08-17
plus d'un an;plus de 75 %;répondu avant le 11 août;15928859670822937545;Pointe Pest Control;US;large;True;1;2026-08-23
plus d'un an;plus de 75 %;répondu avant le 11 août;16058706799977626558;Maison Prana, Spécialiste De La Peau, Accompagnement Déséquilibre De Peau, Concept Store,;Europe;mono;False;1;2026-08-22
plus d'un an;plus de 75 %;répondu avant le 11 août;16132763487693899415;Ninkasi Brignais;Europe;large;False;1;2026-08-22
plus d'un an;plus de 75 %;répondu avant le 11 août;16147212265871065321;Embassy Suites by Hilton San Antonio Landmark;US;small;False;1;2026-08-16
plus d'un an;plus de 75 %;répondu avant le 11 août;16469337811496657191;Pointe Pest Control;US;large;True;1;2026-08-16
plus d'un an;plus de 75 %;répondu avant le 11 août;1663944832379959118;University Radiology;US;small;False;1;2026-08-21
plus d'un an;plus de 75 %;répondu avant le 11 août;16789604954258963923;Hurricane Express Wash - Greenville SC;US;large;False;1;2026-08-21
plus d'un an;plus de 75 %;répondu avant le 11 août;1681769253964489367;Outrigger Reef Waikiki Resort;US;large;False;1;2026-08-13
plus d'un an;plus de 75 %;répondu avant le 11 août;16880400502719876773;Pointe Pest Control;US;large;True;1;2026-08-23
plus d'un an;plus de 75 %;répondu avant le 11 août;16887612499912329160;Embassy Suites by Hilton Charlotte Uptown;US;small;False;1;2026-08-16
plus d'un an;plus de 75 %;répondu avant le 11 août;16932179925125573715;Pointe Pest Control;US;large;True;1;2026-08-13
plus d'un an;plus de 75 %;répondu avant le 11 août;16955557399246611985;Essence Of Serenity Massage Therapy and Wellness Center;US;mono;False;1;2026-08-24
plus d'un an;plus de 75 %;répondu avant le 11 août;17028935133395189849;Hotel Abba Euskalduna;Europe;large;False;1;2026-08-18
plus d'un an;plus de 75 %;répondu avant le 11 août;17033600657096423751;Nuvia Dental Implant Center;US;large;False;1;2026-08-14
plus d'un an;plus de 75 %;répondu avant le 11 août;17052975678767082784;Detailcar Heron City;Europe;large;False;1;2026-08-16
plus d'un an;plus de 75 %;répondu avant le 11 août;17135556189541672218;Nassau Shores Auto Repair;US;small;False;1;2026-08-16
plus d'un an;plus de 75 %;répondu avant le 11 août;17210907821777811496;Éléphant Bleu Saumur;Europe;large;False;1;2026-08-17
plus d'un an;plus de 75 %;répondu avant le 11 août;17281437621329588406;AniCura Recklinghausen - Tierärztliche Klinik für Kleintiere;Europe;large;False;1;2026-08-23
plus d'un an;plus de 75 %;répondu avant le 11 août;17297052927911918590;Hertz Autovermietung;Europe;small;False;1;2026-08-19
plus d'un an;plus de 75 %;répondu avant le 11 août;1738894063431073293;Wedo Massage Santa Catarina;Europe;small;False;1;2026-08-19
plus d'un an;plus de 75 %;répondu avant le 11 août;1760347079156995407;Fahrzeug Paul;Europe;mono;False;1;2026-08-23
plus d'un an;plus de 75 %;répondu avant le 11 août;17730348332042478384;Bludental Clinique;Europe;large;False;1;2026-08-16
plus d'un an;plus de 75 %;répondu avant le 11 août;17761153248899962136;Ron Lewis Chrysler Dodge Jeep Ram Fiat;US;mono;False;1;2026-08-22
plus d'un an;plus de 75 %;répondu avant le 11 août;17871838900794276242;Bludental - Parma;Europe;large;False;1;2026-08-24
plus d'un an;plus de 75 %;répondu avant le 11 août;17939577718812997884;Nuvia Dental Implant Center;US;large;False;1;2026-08-16
plus d'un an;plus de 75 %;répondu avant le 11 août;18087544658842131373;Pointe Pest Control;US;large;True;1;2026-08-13
plus d'un an;plus de 75 %;répondu avant le 11 août;18161937216849651667;The Paw House Inn & Dog Friendly Cottages;US;mono;False;1;2026-08-18
plus d'un an;plus de 75 %;répondu avant le 11 août;18421299742805120774;Compagnie des Déboucheurs;Europe;large;False;1;2026-08-17
plus d'un an;plus de 75 %;répondu avant le 11 août;1900776265152923115;Nuvia Dental Implant Center;US;large;False;1;2026-08-19
plus d'un an;plus de 75 %;répondu avant le 11 août;1903647878387178313;Foster Plumbing & Heating;US;mono;False;1;2026-08-16
plus d'un an;plus de 75 %;répondu avant le 11 août;1944574178176983755;Qargo Coffee;US;small;False;1;2026-08-16
plus d'un an;plus de 75 %;répondu avant le 11 août;197807462411575023;Roe Motors;US;small;False;1;2026-08-23
plus d'un an;plus de 75 %;répondu avant le 11 août;2071615184249883557;Nuvia Dental Implant Center;US;large;False;1;2026-08-24
plus d'un an;plus de 75 %;répondu avant le 11 août;2098649648037438573;Auto Bierschneider AUDI;Europe;large;False;1;2026-08-13
plus d'un an;plus de 75 %;répondu avant le 11 août;2145017321911180517;P.J. Whelihan's Pub and Restaurant - Downingtown;US;large;False;1;2026-08-23
plus d'un an;plus de 75 %;répondu avant le 11 août;2279558210597417466;Institutos Odontológicos;Europe;large;False;1;2026-08-23
plus d'un an;plus de 75 %;répondu avant le 11 août;2352750165935623369;Kids Dental Place & Teen Dental Place;US;large;False;1;2026-08-14
plus d'un an;plus de 75 %;répondu avant le 11 août;2423693438449052039;Bulwark Exterminating;US;large;True;1;2026-08-20
plus d'un an;plus de 75 %;répondu avant le 11 août;2464840997052464046;Ninkasi;Europe;large;False;1;2026-08-20
plus d'un an;plus de 75 %;répondu avant le 11 août;2616626309713222402;Empire Today - Indianapolis, IN;US;large;False;1;2026-08-23
plus d'un an;plus de 75 %;répondu avant le 11 août;2813968132102955850;Toledo Auto Care;US;small;False;1;2026-08-21
plus d'un an;plus de 75 %;répondu avant le 11 août;282006750775139757;Buena Vista Fitnessclub GmbH Lemgo;Europe;mono;False;1;2026-08-20
plus d'un an;plus de 75 %;répondu avant le 11 août;2880542490723954951;Ciocca Chrysler Jeep Dodge Ram of Flemington;US;mono;False;1;2026-08-12
plus d'un an;plus de 75 %;répondu avant le 11 août;2889281563314976003;Adventure Dental;US;large;False;1;2026-08-16
plus d'un an;plus de 75 %;répondu avant le 11 août;2923549611307654467;The Hot Tub Store;US;small;False;1;2026-08-23
plus d'un an;plus de 75 %;répondu avant le 11 août;3007865082037888641;Neoness;Europe;large;False;1;2026-08-23
plus d'un an;plus de 75 %;répondu avant le 11 août;3029550321829057135;Neoness;Europe;large;False;1;2026-08-23
plus d'un an;plus de 75 %;répondu avant le 11 août;3079766421690498907;Instituts Odontològics - Clínica Dental Vilanova i la Geltrú;Europe;large;False;1;2026-08-21
plus d'un an;plus de 75 %;répondu avant le 11 août;316781490911675520;Hurricane Express Wash;US;large;False;1;2026-08-18
plus d'un an;plus de 75 %;répondu avant le 11 août;3179300554938801732;ITH Hostels;US;small;False;1;2026-08-18
plus d'un an;plus de 75 %;répondu avant le 11 août;3352767676680426036;Solve Pest Pros;US;small;False;1;2026-08-21
plus d'un an;plus de 75 %;répondu avant le 11 août;3442119792439123312;P.J. Whelihan's Pub and Restaurant;US;large;False;1;2026-08-23
plus d'un an;plus de 75 %;répondu avant le 11 août;3674267807340965646;Crêp'eat;Europe;large;False;1;2026-08-21
plus d'un an;plus de 75 %;répondu avant le 11 août;3687551337655777490;Instituts Odontològics - Clínica Dental Gavà;Europe;large;False;1;2026-08-22
plus d'un an;plus de 75 %;répondu avant le 11 août;3805872669926247170;AniCura Kleintierklinik Hannover;Europe;large;False;1;2026-08-12
plus d'un an;plus de 75 %;répondu avant le 11 août;3831434267061934154;Delta Sonic Car Wash;US;large;False;1;2026-08-12
plus d'un an;plus de 75 %;répondu avant le 11 août;3908824544135415884;Delta Sonic Car Wash;US;large;False;1;2026-08-15
plus d'un an;plus de 75 %;répondu avant le 11 août;3965610841936225020;Kai Kanani Sailing;US;mono;False;1;2026-08-23
plus d'un an;plus de 75 %;répondu avant le 11 août;4233872452273245087;Chattanooga Tongue Tie Center;US;mono;False;1;2026-08-18
plus d'un an;plus de 75 %;répondu avant le 11 août;4320438721787508549;Clinica Miramar;Europe;mono;False;1;2026-08-23
plus d'un an;plus de 75 %;répondu avant le 11 août;4646329026897735795;Fremont Hills Dental Centre;US;mono;False;1;2026-08-16
plus d'un an;plus de 75 %;répondu avant le 11 août;4646402734061821755;Kensington Inn & Suites;US;mono;False;1;2026-08-16
plus d'un an;plus de 75 %;répondu avant le 11 août;4676377504118384266;University Radiology Group;US;small;False;1;2026-08-23
plus d'un an;plus de 75 %;répondu avant le 11 août;4708620187305511000;Cryotera Pôle de Cryothérapie Nice;Europe;small;False;1;2026-08-22
plus d'un an;plus de 75 %;répondu avant le 11 août;4745430838459722324;Air Pros Hollywood;US;small;False;1;2026-08-15
plus d'un an;plus de 75 %;répondu avant le 11 août;4881404450257233945;Antler Log Cabins - Brown County Cabins Nashville Cabin Rentals;US;mono;False;1;2026-08-14
plus d'un an;plus de 75 %;répondu avant le 11 août;5101721788897113445;Nuvia Dental Implant Center;US;large;False;1;2026-08-23
plus d'un an;plus de 75 %;répondu avant le 11 août;5125248847484598159;Bludental - Lodi;Europe;large;False;1;2026-08-19
plus d'un an;plus de 75 %;répondu avant le 11 août;5240294148662776055;Pediatric Dental Group and Adventure Vision;US;large;False;1;2026-08-12
plus d'un an;plus de 75 %;répondu avant le 11 août;5367362995804318404;Ban Thai Massage - Prachatice;Europe;small;False;1;2026-08-14
plus d'un an;plus de 75 %;répondu avant le 11 août;5422890961706407530;United Air Temp;US;large;False;1;2026-08-24
plus d'un an;plus de 75 %;répondu avant le 11 août;5568849727449827652;abba Madrid hotel ****S;Europe;large;False;1;2026-08-18
plus d'un an;plus de 75 %;répondu avant le 11 août;564118306069899776;Cuisinella;Europe;large;False;1;2026-08-19
plus d'un an;plus de 75 %;répondu avant le 11 août;5686063649767011502;aBeauty Clinique Constanta;Europe;small;False;1;2026-08-23
plus d'un an;plus de 75 %;répondu avant le 11 août;5767747242108722390;AIRE Ancient Baths Chicago;US;small;False;1;2026-08-14
plus d'un an;plus de 75 %;répondu avant le 11 août;5904289552713349285;Sunrise Tire & Auto Center - Seaford;US;small;False;1;2026-08-21
plus d'un an;plus de 75 %;répondu avant le 11 août;5924880961298011125;P.j. Whelihan's Pub + Restaurant - Oaks;US;large;False;1;2026-08-16
plus d'un an;plus de 75 %;répondu avant le 11 août;5955189577133552937;Randall Orchard Crossing Animal Hospital;US;mono;False;1;2026-08-20
plus d'un an;plus de 75 %;répondu avant le 11 août;6303796825523196064;P.j. Whelihan's Pub + Restaurant - Harrisburg;US;large;False;1;2026-08-24
plus d'un an;plus de 75 %;répondu avant le 11 août;6342423208082412811;Cryotera Grenoble;Europe;small;False;1;2026-08-14
plus d'un an;plus de 75 %;répondu avant le 11 août;6561628377451461140;Luminous Electric;US;small;False;1;2026-08-15
plus d'un an;plus de 75 %;répondu avant le 11 août;6571482370928614810;Tramway Touristique de l'Aisne;Europe;mono;False;1;2026-08-18
plus d'un an;plus de 75 %;répondu avant le 11 août;6622258630771505951;Bulwark Exterminating;US;large;True;1;2026-08-22
plus d'un an;plus de 75 %;répondu avant le 11 août;669204166321054529;Camping Orsera;Europe;large;False;1;2026-08-14
plus d'un an;plus de 75 %;répondu avant le 11 août;670647489125116674;Neoness;Europe;large;False;1;2026-08-15
plus d'un an;plus de 75 %;répondu avant le 11 août;6832155753295535633;Insight Pest Solutions;US;large;True;1;2026-08-20
plus d'un an;plus de 75 %;répondu avant le 11 août;6864222717854006596;Insight Pest Solutions;US;large;True;1;2026-08-23
plus d'un an;plus de 75 %;répondu avant le 11 août;7010609789026452809;Bandana's Bar-b-q Sunset Hills;US;large;False;1;2026-08-20
plus d'un an;plus de 75 %;répondu avant le 11 août;7033592660270605060;Fair Doctors - Zahnarzt in Oberhausen-Zentrum;Europe;large;False;1;2026-08-14
plus d'un an;plus de 75 %;répondu avant le 11 août;7061804313833943685;ABC Home & Commercial Services;US;large;False;1;2026-08-24
plus d'un an;plus de 75 %;répondu avant le 11 août;7157732050058394363;Michael H. Freedland, MD;US;mono;False;1;2026-08-19
plus d'un an;plus de 75 %;répondu avant le 11 août;7162585244385326466;MedVet Dayton;US;large;False;1;2026-08-23
plus d'un an;plus de 75 %;répondu avant le 11 août;7218355136947220732;AniCura Dyreklinikken Telemark;Europe;large;False;1;2026-08-19
plus d'un an;plus de 75 %;répondu avant le 11 août;747245578229163604;Ninkasi Part-Dieu;Europe;large;False;1;2026-08-12
plus d'un an;plus de 75 %;répondu avant le 11 août;749970780307098360;DLV Roofing Systems, Inc.;US;mono;False;1;2026-08-17
plus d'un an;plus de 75 %;répondu avant le 11 août;7645830286416566420;Pointe Pest Control;US;large;True;1;2026-08-22
plus d'un an;plus de 75 %;répondu avant le 11 août;7653452920427533171;Outrigger Hotels and Resorts;US;large;False;1;2026-08-24
plus d'un an;plus de 75 %;répondu avant le 11 août;7763412697711365280;Hurricane Express Wash;US;large;False;1;2026-08-20
plus d'un an;plus de 75 %;répondu avant le 11 août;7943168066293718086;Mariam's Aesthetic Clinic;US;mono;False;1;2026-08-13
plus d'un an;plus de 75 %;répondu avant le 11 août;7944598435763541384;NonStop Gym;Europe;large;False;1;2026-08-24
plus d'un an;plus de 75 %;répondu avant le 11 août;794812571197040040;Ninkasi Gorge De Loup;Europe;large;False;1;2026-08-22
plus d'un an;plus de 75 %;répondu avant le 11 août;8115244571708845709;Cocoa Beach Catamaran;US;mono;False;1;2026-08-17
plus d'un an;plus de 75 %;répondu avant le 11 août;8280880334856818240;Flight Club Denver;US;small;False;1;2026-08-12
plus d'un an;plus de 75 %;répondu avant le 11 août;8299236336334780743;abba Sants Hotel;Europe;large;False;1;2026-08-17
plus d'un an;plus de 75 %;répondu avant le 11 août;8319905239993359244;Ninkasi Besancon;Europe;large;False;1;2026-08-24
plus d'un an;plus de 75 %;répondu avant le 11 août;8440563413016325413;Active Family Chiropractic & Acupuncture;US;small;False;1;2026-08-13
plus d'un an;plus de 75 %;répondu avant le 11 août;8514033496595338463;Chatham Orthopaedic Associates;US;small;False;1;2026-08-17
plus d'un an;plus de 75 %;répondu avant le 11 août;88709110733680511;Picciolo Etna Golf Resort & Spa, Curio Collection by Hilton;Europe;small;False;1;2026-08-15
plus d'un an;plus de 75 %;répondu avant le 11 août;9064466342793657553;Adventure Dental and Vision;US;large;False;1;2026-08-16
plus d'un an;plus de 75 %;répondu avant le 11 août;9077023294044024003;Good Night John Boy;US;small;False;1;2026-08-14
plus d'un an;plus de 75 %;répondu avant le 11 août;9152040258644601329;MedVet Salt Lake City;US;large;False;1;2026-08-23
plus d'un an;plus de 75 %;répondu avant le 11 août;9161561140106192134;Cardinale Volkswagen;US;mono;False;1;2026-08-13
plus d'un an;plus de 75 %;répondu avant le 11 août;9172816922749453230;Podoactiva Salamanca;Europe;large;False;1;2026-08-23
plus d'un an;plus de 75 %;répondu avant le 11 août;918105391657341436;Isonor fermetures;Europe;mono;False;1;2026-08-18
plus d'un an;plus de 75 %;répondu avant le 11 août;9494375248531743916;P.J. Whelihan's Pub and Restaurant;US;large;False;1;2026-08-23
plus d'un an;plus de 75 %;répondu avant le 11 août;9592296944037946224;Bludental Clinique;Europe;large;False;1;2026-08-16
plus d'un an;plus de 75 %;répondu avant le 11 août;9608825716188167823;Crep'eat;Europe;large;False;1;2026-08-20
plus d'un an;plus de 75 %;répondu avant le 11 août;9654059427809994128;Carolina Ale House - Greenville-Woodruff;US;large;False;1;2026-08-16
plus d'un an;plus de 75 %;répondu avant le 11 août;967864936141351090;Holiday Inn Club Vacations Smoky Mountain Resort;US;large;False;1;2026-08-21
plus d'un an;plus de 75 %;répondu avant le 11 août;9772198828953950708;Gourmet Food Parlour Santry;Europe;small;False;1;2026-08-17
plus d'un an;plus de 75 %;répondu avant le 11 août;9916397676889190567;Petfolk;US;large;False;1;2026-08-16
plus d'un an;plus de 75 %;sans réponse;14427685908678870929;float Hannover;Europe;small;False;6;2026-08-23
plus d'un an;plus de 75 %;sans réponse;4911298185241598109;Zimmermann Sanitäts- und Orthopädiehaus GmbH;Europe;mono;False;3;2026-08-21
plus d'un an;plus de 75 %;sans réponse;8602973240877742557;Stahl Bikers ONLY;Europe;small;False;3;2026-08-22
plus d'un an;plus de 75 %;sans réponse;10203796165281790325;Campingplatz Stover Strand International Kloodt OHG;Europe;small;False;2;2026-08-17, 2026-08-23
plus d'un an;plus de 75 %;sans réponse;10354265959518177368;Green Pest Services;US;small;False;2;2026-08-17, 2026-08-23
plus d'un an;plus de 75 %;sans réponse;11031883745043768761;Els Prats Camping & Bungalow Park;Europe;small;False;2;2026-08-19, 2026-08-24
plus d'un an;plus de 75 %;sans réponse;13077092507426058584;Lake Travis Zipline Adventures;US;mono;False;2;2026-08-19, 2026-08-23
plus d'un an;plus de 75 %;sans réponse;13434656752698496878;Hotel Abba Huesca;Europe;large;False;2;2026-08-13, 2026-08-14
plus d'un an;plus de 75 %;sans réponse;13836410191197096365;Best Western Plus Plaza Almere;Europe;large;False;2;2026-08-12, 2026-08-22
plus d'un an;plus de 75 %;sans réponse;2951464077965952484;Margaritaville Beach Hotel;US;mono;False;2;2026-08-16, 2026-08-23
plus d'un an;plus de 75 %;sans réponse;4820723791081994989;Makisu - Bailli;Europe;small;False;2;2026-08-22, 2026-08-23
plus d'un an;plus de 75 %;sans réponse;5560357663866525473;Au Fût Angers;Europe;large;False;2;2026-08-24
plus d'un an;plus de 75 %;sans réponse;8879650042478005279;Evolve Chiropractic of Naperville;US;large;False;2;2026-08-13, 2026-08-16
plus d'un an;plus de 75 %;sans réponse;10163231124370645567;Caressa Animal Hospital Rotterdam;Europe;small;False;1;2026-08-20
plus d'un an;plus de 75 %;sans réponse;10452877589506309787;Best Western Plus Amedia Wien;Europe;large;False;1;2026-08-23
plus d'un an;plus de 75 %;sans réponse;10470481505404483210;AutoCenters Nissan;US;mono;False;1;2026-08-13
plus d'un an;plus de 75 %;sans réponse;10974924994085968348;Brick House Tavern + Tap;US;large;False;1;2026-08-24
plus d'un an;plus de 75 %;sans réponse;10982350528940642497;Oak Heart Veterinary Hospital and Emergency at South Saunders;US;small;False;1;2026-08-19
plus d'un an;plus de 75 %;sans réponse;11549800624603289795;Evolve Chiropractic of Barrington;US;large;False;1;2026-08-22
plus d'un an;plus de 75 %;sans réponse;12144090023864182723;Bulwark Exterminating;US;large;True;1;2026-08-23
plus d'un an;plus de 75 %;sans réponse;12276315552963217293;Newman Vets of Deltona;US;small;False;1;2026-08-23
plus d'un an;plus de 75 %;sans réponse;12392642934376244703;Ninkasi La Doua;Europe;large;False;1;2026-08-22
plus d'un an;plus de 75 %;sans réponse;12462631854475696824;Rocket Carwash;US;large;False;1;2026-08-24
plus d'un an;plus de 75 %;sans réponse;1261411849858659924;Radiance Medspa;US;mono;False;1;2026-08-18
plus d'un an;plus de 75 %;sans réponse;1263474390517931461;CareVet of Middletown;US;large;False;1;2026-08-16
plus d'un an;plus de 75 %;sans réponse;12713512789525496119;SkinSpirit;US;large;False;1;2026-08-14
plus d'un an;plus de 75 %;sans réponse;12716184874737977211;Flirt Spa & Brow Bar;US;mono;False;1;2026-08-17
plus d'un an;plus de 75 %;sans réponse;12876310868528497676;Pizanos Pizza;US;small;False;1;2026-08-24
plus d'un an;plus de 75 %;sans réponse;12907668817430027304;Saturn Fitness Gorzów;Europe;small;False;1;2026-08-21
plus d'un an;plus de 75 %;sans réponse;12947348675490493632;Honda Of Serramonte;US;mono;False;1;2026-08-18
plus d'un an;plus de 75 %;sans réponse;13372451385583380082;Leopoldo Infante S.r.l.;Europe;small;False;1;2026-08-12
plus d'un an;plus de 75 %;sans réponse;13583841941305225320;Instituts Odontològics - Clínica Dental Barcelona Paral·lel;Europe;large;False;1;2026-08-12
plus d'un an;plus de 75 %;sans réponse;13603563371674711960;Holiday Inn Club Vacations;US;large;False;1;2026-08-17
plus d'un an;plus de 75 %;sans réponse;13931524316971114860;PLAZA INN Köln Pulheim;Europe;large;False;1;2026-08-19
plus d'un an;plus de 75 %;sans réponse;1443313011051351793;Home2 Suites by Hilton Pittsburgh McCandless;US;large;False;1;2026-08-14
plus d'un an;plus de 75 %;sans réponse;14810369328871258033;Body Minute;Europe;small;False;1;2026-08-13
plus d'un an;plus de 75 %;sans réponse;14820991856221490337;Camping Les Pirons;Europe;mono;False;1;2026-08-16
plus d'un an;plus de 75 %;sans réponse;15382424972418370974;Good Night John Boy;US;small;False;1;2026-08-23
plus d'un an;plus de 75 %;sans réponse;15615984558165321771;Dermatology Affiliates (East Cobb);US;small;False;1;2026-08-12
plus d'un an;plus de 75 %;sans réponse;15808728659304495954;Neoness;Europe;large;False;1;2026-08-19
plus d'un an;plus de 75 %;sans réponse;16567215776036419118;James Sammarco, MD;US;large;False;1;2026-08-16
plus d'un an;plus de 75 %;sans réponse;16692376219688049070;AS Hoteles Porta de Barcelona;Europe;mono;False;1;2026-08-23
plus d'un an;plus de 75 %;sans réponse;17311311762887750557;Home2 Suites by Hilton;US;large;False;1;2026-08-16
plus d'un an;plus de 75 %;sans réponse;1732419375017315913;Nu Car Rentals;US;small;False;1;2026-08-12
plus d'un an;plus de 75 %;sans réponse;17727242929228764255;Hurricane Express Wash;US;large;False;1;2026-08-14
plus d'un an;plus de 75 %;sans réponse;1781454226384216608;Garage BMW Mercedes Smart - Mannes;Europe;small;False;1;2026-08-19
plus d'un an;plus de 75 %;sans réponse;17927604918696817653;Holiday Inn Club Vacations Galveston Seaside Resort;US;large;False;1;2026-08-15
plus d'un an;plus de 75 %;sans réponse;1897020662891729578;Neoness;Europe;large;False;1;2026-08-23
plus d'un an;plus de 75 %;sans réponse;2034461622997448093;Bulwark Exterminating;US;large;True;1;2026-08-13
plus d'un an;plus de 75 %;sans réponse;2195689790896904188;Fix-it 24/7 Plumbing, Heating, Air & Electric;US;small;False;1;2026-08-19
plus d'un an;plus de 75 %;sans réponse;2767401247684746011;Skywalker Roofing Company;US;small;False;1;2026-08-19
plus d'un an;plus de 75 %;sans réponse;282006750775139757;Buena Vista Fitnessclub GmbH Lemgo;Europe;mono;False;1;2026-08-23
plus d'un an;plus de 75 %;sans réponse;2889281563314976003;Adventure Dental;US;large;False;1;2026-08-13
plus d'un an;plus de 75 %;sans réponse;3029550321829057135;Neoness;Europe;large;False;1;2026-08-17
plus d'un an;plus de 75 %;sans réponse;320016790683646635;Coach's Corner;US;small;False;1;2026-08-18
plus d'un an;plus de 75 %;sans réponse;3227109177096445431;Hotel Restaurante Malaga Airport;Europe;mono;False;1;2026-08-14
plus d'un an;plus de 75 %;sans réponse;3537112620024730260;B-Quik;US;small;False;1;2026-08-18
plus d'un an;plus de 75 %;sans réponse;3930435424217269455;PROCARE COLLISION -SW MILITARY;US;large;False;1;2026-08-24
plus d'un an;plus de 75 %;sans réponse;4420554553755657709;Hipotels Barrosa Palace;Europe;large;False;1;2026-08-18
plus d'un an;plus de 75 %;sans réponse;4692572163226666906;La Finca Resort;Europe;mono;False;1;2026-08-20
plus d'un an;plus de 75 %;sans réponse;4971514679483864592;AniCura Københavns Dyrehospital;Europe;large;False;1;2026-08-19
plus d'un an;plus de 75 %;sans réponse;5314570406455836078;Freedom Wash;US;small;False;1;2026-08-20
plus d'un an;plus de 75 %;sans réponse;5322781895303092880;Bulwark Exterminating;US;large;True;1;2026-08-20
plus d'un an;plus de 75 %;sans réponse;5447155538553208852;Stars exterminator inc;US;mono;False;1;2026-08-13
plus d'un an;plus de 75 %;sans réponse;5707920414338393652;PetVax Complete Care Centers Midtown;US;small;False;1;2026-08-18
plus d'un an;plus de 75 %;sans réponse;6190689382545763815;MedVet Akron;US;large;False;1;2026-08-13
plus d'un an;plus de 75 %;sans réponse;6307277307821183025;Fitnessstudio Pfitzenmeier Premium Club Heidelberg;Europe;large;False;1;2026-08-15
plus d'un an;plus de 75 %;sans réponse;6535206328573237763;Bandanas BBQ;US;large;False;1;2026-08-18
plus d'un an;plus de 75 %;sans réponse;6742960250329742702;Iatropolis Athinon S.A.;Europe;small;False;1;2026-08-22
plus d'un an;plus de 75 %;sans réponse;7099990178297343095;Saturn Fitness;Europe;small;False;1;2026-08-22
plus d'un an;plus de 75 %;sans réponse;7139107833146033204;AniCura Kleintierzentrum Neckarwiesen;Europe;large;False;1;2026-08-17
plus d'un an;plus de 75 %;sans réponse;7535706878802591319;BUGCO Pest Control Houston;US;small;False;1;2026-08-21
plus d'un an;plus de 75 %;sans réponse;7545684560412136603;L di Leopoldo Infante;Europe;small;False;1;2026-08-23
plus d'un an;plus de 75 %;sans réponse;7868713708357852976;ScrubaDub Car Wash;US;large;False;1;2026-08-13
plus d'un an;plus de 75 %;sans réponse;8073995387102752134;King Pub;Europe;small;False;1;2026-08-14
plus d'un an;plus de 75 %;sans réponse;8225755834212532549;Costadoro Coffee Lab Diamond;Europe;small;False;1;2026-08-23
plus d'un an;plus de 75 %;sans réponse;8240905713245591103;Carolina Ale House;US;large;False;1;2026-08-15
plus d'un an;plus de 75 %;sans réponse;8275042971823519159;Cadillac Express Car Wash Bingle Rd.;US;small;False;1;2026-08-15
plus d'un an;plus de 75 %;sans réponse;8597504776508843677;Neoness;Europe;large;False;1;2026-08-23
plus d'un an;plus de 75 %;sans réponse;86492137560361025;Home2 Suites by Hilton;US;large;False;1;2026-08-20
plus d'un an;plus de 75 %;sans réponse;8888669961514167325;Evolve Chiropractic of Schaumburg;US;large;False;1;2026-08-18
plus d'un an;plus de 75 %;sans réponse;9157194467013171449;Mr. Pickwick Pub Zug;Europe;small;False;1;2026-08-24
plus d'un an;plus de 75 %;sans réponse;9218178370182715723;Homewood Suites by Hilton Bel Air;US;mono;False;1;2026-08-23
plus d'un an;plus de 75 %;sans réponse;9524431339926513192;BodyConcept Saldanha;Europe;small;False;1;2026-08-13
plus d'un an;plus de 75 %;sans réponse;9565863715263679472;Ninkasi;Europe;large;False;1;2026-08-21
plus d'un an;plus de 75 %;sans réponse;9644624167118109403;Neoness;Europe;large;False;1;2026-08-23
plus d'un an;plus de 75 %;sans réponse;977748999230243294;Texas State Optical;US;mono;False;1;2026-08-14
plus d'un an;plus de 75 %;sans réponse;9895781671385058057;Delta Sonic Car Wash;US;large;False;1;2026-08-14
